============================================================
 ARTCHO NODE — MODE=L3 — NODE_ID=A
============================================================
 Bucket duration : 2.0s
 TEST_EPOCH      : 1776803214.0
 BUCKET_EPOCH    : 1776785214.0
 sim offset      : 18000s  (5.00h)
 Use blacklist   : True
 Detect enabled  : True
 Dual radio      : True
============================================================

[WAIT] sleeping 15.8s until TEST_EPOCH...
[INIT] L3 cold-start (bucket=9000):
       active  wlan0 -> ch10 (2457 MHz)
       bg      wlan1 -> ch4 (2427 MHz)
       confirmed blacklist: []
[INIT] L3 cold-start complete.

[TX  ->  *] bucket=9000 L3 active=wlan0 ch10  BL=[]
[RX  <- B] bucket=9000  peer_BL=[]  my_BL=[]
[22:26:56] HOP bucket=9001 L3 active=wlan1 ch4  | prep wlan0 ch9  | BL=[]
[TX  ->  *] bucket=9001 L3 active=wlan1 ch4  BL=[]
[RX  <- B] bucket=9001  peer_BL=[]  my_BL=[]
[22:26:58] HOP bucket=9002 L3 active=wlan0 ch9  | prep wlan1 ch11  | BL=[]
[TX  ->  *] bucket=9002 L3 active=wlan0 ch9  BL=[]
[RX  <- B] bucket=9002  peer_BL=[]  my_BL=[]
[22:27:00] HOP bucket=9003 L3 active=wlan1 ch11  | prep wlan0 ch11  | BL=[]
[RX  <- B] bucket=9003  peer_BL=[]  my_BL=[]
[TX  ->  *] bucket=9003 L3 active=wlan1 ch11  BL=[]
[22:27:02] HOP bucket=9004 L3 active=wlan0 ch11  | prep wlan1 ch6  | BL=[]
[RX  <- B] bucket=9004  peer_BL=[]  my_BL=[]
[TX  ->  *] bucket=9004 L3 active=wlan0 ch11  BL=[]
[22:27:04] HOP bucket=9005 L3 active=wlan1 ch6  | prep wlan0 ch6  | BL=[]
[TX  ->  *] bucket=9005 L3 active=wlan1 ch6  BL=[]
[RX  <- B] bucket=9005  peer_BL=[]  my_BL=[]
[22:27:06] HOP bucket=9006 L3 active=wlan0 ch6  | prep wlan1 ch9  | BL=[]
[TX  ->  *] bucket=9006 L3 active=wlan0 ch6  BL=[]
[RX  <- B] bucket=9006  peer_BL=[]  my_BL=[]
[22:27:08] HOP bucket=9007 L3 active=wlan1 ch9  | prep wlan0 ch9  | BL=[]
[TX  ->  *] bucket=9007 L3 active=wlan1 ch9  BL=[]
[RX  <- B] bucket=9007  peer_BL=[]  my_BL=[]
[22:27:10] HOP bucket=9008 L3 active=wlan0 ch9  | prep wlan1 ch7  | BL=[]
[RX  <- B] bucket=9008  peer_BL=[]  my_BL=[]
[TX  ->  *] bucket=9008 L3 active=wlan0 ch9  BL=[]
[22:27:12] HOP bucket=9009 L3 active=wlan1 ch7  | prep wlan0 ch10  | BL=[]
[RX  <- B] bucket=9009  peer_BL=[]  my_BL=[]
[TX  ->  *] bucket=9009 L3 active=wlan1 ch7  BL=[]
[22:27:14] HOP bucket=9010 L3 active=wlan0 ch10  | prep wlan1 ch3  | BL=[]
[TX  ->  *] bucket=9010 L3 active=wlan0 ch10  BL=[]
[RX  <- B] bucket=9010  peer_BL=[]  my_BL=[]
[22:27:16] HOP bucket=9011 L3 active=wlan1 ch3  | prep wlan0 ch6  | BL=[]
[RX  <- B] bucket=9011  peer_BL=[]  my_BL=[]
[TX  ->  *] bucket=9011 L3 active=wlan1 ch3  BL=[]
[22:27:18] HOP bucket=9012 L3 active=wlan0 ch6  | prep wlan1 ch8  | BL=[]
[RX  <- B] bucket=9012  peer_BL=[]  my_BL=[]
[TX  ->  *] bucket=9012 L3 active=wlan0 ch6  BL=[]
[22:27:20] HOP bucket=9013 L3 active=wlan1 ch8  | prep wlan0 ch4  | BL=[]
[RX  <- B] bucket=9013  peer_BL=[]  my_BL=[]
[TX  ->  *] bucket=9013 L3 active=wlan1 ch8  BL=[]
[22:27:22] HOP bucket=9014 L3 active=wlan0 ch4  | prep wlan1 ch11  | BL=[]
[RX  <- B] bucket=9014  peer_BL=[]  my_BL=[]
[TX  ->  *] bucket=9014 L3 active=wlan0 ch4  BL=[]
[22:27:24] HOP bucket=9015 L3 active=wlan1 ch11  | prep wlan0 ch4  | BL=[]
[RX  <- B] bucket=9015  peer_BL=[]  my_BL=[]
[TX  ->  *] bucket=9015 L3 active=wlan1 ch11  BL=[]
[22:27:26] HOP bucket=9016 L3 active=wlan0 ch4  | prep wlan1 ch6  | BL=[]
[RX  <- B] bucket=9016  peer_BL=[]  my_BL=[]
[TX  ->  *] bucket=9016 L3 active=wlan0 ch4  BL=[]
[22:27:28] HOP bucket=9017 L3 active=wlan1 ch6  | prep wlan0 ch6  | BL=[]
[TX  ->  *] bucket=9017 L3 active=wlan1 ch6  BL=[]
[RX  <- B] bucket=9017  peer_BL=[]  my_BL=[]
[22:27:30] HOP bucket=9018 L3 active=wlan0 ch6  | prep wlan1 ch4  | BL=[]
[TX  ->  *] bucket=9018 L3 active=wlan0 ch6  BL=[]
[RX  <- B] bucket=9018  peer_BL=[]  my_BL=[]
[22:27:32] HOP bucket=9019 L3 active=wlan1 ch4  | prep wlan0 ch6  | BL=[]
[RX  <- B] bucket=9019  peer_BL=[]  my_BL=[]
[TX  ->  *] bucket=9019 L3 active=wlan1 ch4  BL=[]
[22:27:34] HOP bucket=9020 L3 active=wlan0 ch6  | prep wlan1 ch7  | BL=[]
[RX  <- B] bucket=9020  peer_BL=[]  my_BL=[]
[TX  ->  *] bucket=9020 L3 active=wlan0 ch6  BL=[]
[22:27:36] HOP bucket=9021 L3 active=wlan1 ch7  | prep wlan0 ch3  | BL=[]
[RX  <- B] bucket=9021  peer_BL=[]  my_BL=[]
[TX  ->  *] bucket=9021 L3 active=wlan1 ch7  BL=[]
[22:27:38] HOP bucket=9022 L3 active=wlan0 ch3  | prep wlan1 ch3  | BL=[]
[TX  ->  *] bucket=9022 L3 active=wlan0 ch3  BL=[]
[RX  <- B] bucket=9022  peer_BL=[]  my_BL=[]
[22:27:40] HOP bucket=9023 L3 active=wlan1 ch3  | prep wlan0 ch7  | BL=[]
[TX  ->  *] bucket=9023 L3 active=wlan1 ch3  BL=[]
[RX  <- B] bucket=9023  peer_BL=[]  my_BL=[]
[22:27:42] HOP bucket=9024 L3 active=wlan0 ch7  | prep wlan1 ch11  | BL=[]
[TX  ->  *] bucket=9024 L3 active=wlan0 ch7  BL=[]
[RX  <- B] bucket=9024  peer_BL=[]  my_BL=[]
[22:27:44] HOP bucket=9025 L3 active=wlan1 ch11  | prep wlan0 ch4  | BL=[]
[RX  <- B] bucket=9025  peer_BL=[]  my_BL=[]
[TX  ->  *] bucket=9025 L3 active=wlan1 ch11  BL=[]
[22:27:46] HOP bucket=9026 L3 active=wlan0 ch4  | prep wlan1 ch10  | BL=[]
[TX  ->  *] bucket=9026 L3 active=wlan0 ch4  BL=[]
[RX  <- B] bucket=9026  peer_BL=[]  my_BL=[]
[22:27:48] HOP bucket=9027 L3 active=wlan1 ch10  | prep wlan0 ch3  | BL=[]
[TX  ->  *] bucket=9027 L3 active=wlan1 ch10  BL=[]
[RX  <- B] bucket=9027  peer_BL=[]  my_BL=[]
[22:27:50] HOP bucket=9028 L3 active=wlan0 ch3  | prep wlan1 ch6  | BL=[]
[TX  ->  *] bucket=9028 L3 active=wlan0 ch3  BL=[]
[RX  <- B] bucket=9028  peer_BL=[]  my_BL=[]
[22:27:52] HOP bucket=9029 L3 active=wlan1 ch6  | prep wlan0 ch10  | BL=[]
[TX  ->  *] bucket=9029 L3 active=wlan1 ch6  BL=[]
[RX  <- B] bucket=9029  peer_BL=[]  my_BL=[]
[22:27:54] HOP bucket=9030 L3 active=wlan0 ch10  | prep wlan1 ch10  | BL=[]
[TX  ->  *] bucket=9030 L3 active=wlan0 ch10  BL=[]
[RX  <- B] bucket=9030  peer_BL=[]  my_BL=[]
[22:27:56] HOP bucket=9031 L3 active=wlan1 ch10  | prep wlan0 ch3  | BL=[]
[RX  <- B] bucket=9031  peer_BL=[]  my_BL=[]
[TX  ->  *] bucket=9031 L3 active=wlan1 ch10  BL=[]
[22:27:58] HOP bucket=9032 L3 active=wlan0 ch3  | prep wlan1 ch5  | BL=[]
[TX  ->  *] bucket=9032 L3 active=wlan0 ch3  BL=[]
[RX  <- B] bucket=9032  peer_BL=[]  my_BL=[]
[22:28:00] HOP bucket=9033 L3 active=wlan1 ch5  | prep wlan0 ch6  | BL=[]
[RX  <- B] bucket=9033  peer_BL=[]  my_BL=[]
[TX  ->  *] bucket=9033 L3 active=wlan1 ch5  BL=[]
[22:28:02] HOP bucket=9034 L3 active=wlan0 ch6  | prep wlan1 ch3  | BL=[]
[TX  ->  *] bucket=9034 L3 active=wlan0 ch6  BL=[]
[!! JAMMED  ] bucket=9034 L3 active=wlan0 ch6  silent + egress_drops=38  -> BL until bucket=9064  BL=['6']
[22:28:04] HOP bucket=9035 L3 active=wlan1 ch3  | prep wlan0 ch10  | BL=['6']
[RX  <- B] bucket=9035  peer_BL=['6']  my_BL=['6']
[TX  ->  *] bucket=9035 L3 active=wlan1 ch3  BL=['6']
[22:28:06] HOP bucket=9036 L3 active=wlan0 ch10  | prep wlan1 ch7  | BL=['6']
[RX  <- B] bucket=9036  peer_BL=['6']  my_BL=['6']
[TX  ->  *] bucket=9036 L3 active=wlan0 ch10  BL=['6']
[22:28:08] HOP bucket=9037 L3 active=wlan1 ch7  | prep wlan0 ch4  | BL=['6']
[RX  <- B] bucket=9037  peer_BL=['6']  my_BL=['6']
[TX  ->  *] bucket=9037 L3 active=wlan1 ch7  BL=['6']
[22:28:10] HOP bucket=9038 L3 active=wlan0 ch4  | prep wlan1 ch5  | BL=['6']
[TX  ->  *] bucket=9038 L3 active=wlan0 ch4  BL=['6']
[RX  <- B] bucket=9038  peer_BL=['6']  my_BL=['6']
[22:28:12] HOP bucket=9039 L3 active=wlan1 ch5  | prep wlan0 ch11  | BL=['6']
[RX  <- B] bucket=9039  peer_BL=['6']  my_BL=['6']
[TX  ->  *] bucket=9039 L3 active=wlan1 ch5  BL=['6']
[22:28:14] HOP bucket=9040 L3 active=wlan0 ch11  | prep wlan1 ch10  | BL=['6']
[RX  <- B] bucket=9040  peer_BL=['6']  my_BL=['6']
[TX  ->  *] bucket=9040 L3 active=wlan0 ch11  BL=['6']
[22:28:16] HOP bucket=9041 L3 active=wlan1 ch10  | prep wlan0 ch8  | BL=['6']
[RX  <- B] bucket=9041  peer_BL=['6']  my_BL=['6']
[TX  ->  *] bucket=9041 L3 active=wlan1 ch10  BL=['6']
[22:28:18] HOP bucket=9042 L3 active=wlan0 ch8  | prep wlan1 ch9  | BL=['6']
[TX  ->  *] bucket=9042 L3 active=wlan0 ch8  BL=['6']
[RX  <- B] bucket=9042  peer_BL=['6']  my_BL=['6']
[22:28:20] HOP bucket=9043 L3 active=wlan1 ch9  | prep wlan0 ch11  | BL=['6']
[TX  ->  *] bucket=9043 L3 active=wlan1 ch9  BL=['6']
[RX  <- B] bucket=9043  peer_BL=['6']  my_BL=['6']
[22:28:22] HOP bucket=9044 L3 active=wlan0 ch11  | prep wlan1 ch11  | BL=['6']
[TX  ->  *] bucket=9044 L3 active=wlan0 ch11  BL=['6']
[RX  <- B] bucket=9044  peer_BL=['6']  my_BL=['6']
[22:28:24] HOP bucket=9045 L3 active=wlan1 ch11  | prep wlan0 ch5  | BL=['6']
[TX  ->  *] bucket=9045 L3 active=wlan1 ch11  BL=['6']
[RX  <- B] bucket=9045  peer_BL=['6']  my_BL=['6']
[22:28:26] HOP bucket=9046 L3 active=wlan0 ch5  | prep wlan1 ch4  | BL=['6']
[RX  <- B] bucket=9046  peer_BL=['6']  my_BL=['6']
[TX  ->  *] bucket=9046 L3 active=wlan0 ch5  BL=['6']
[22:28:28] HOP bucket=9047 L3 active=wlan1 ch4  | prep wlan0 ch4  | BL=['6']
[RX  <- B] bucket=9047  peer_BL=['6']  my_BL=['6']
[TX  ->  *] bucket=9047 L3 active=wlan1 ch4  BL=['6']
[22:28:30] HOP bucket=9048 L3 active=wlan0 ch4  | prep wlan1 ch11  | BL=['6']
[RX  <- B] bucket=9048  peer_BL=['6']  my_BL=['6']
[TX  ->  *] bucket=9048 L3 active=wlan0 ch4  BL=['6']
[22:28:32] HOP bucket=9049 L3 active=wlan1 ch11  | prep wlan0 ch3  | BL=['6']
[RX  <- B] bucket=9049  peer_BL=['6']  my_BL=['6']
[TX  ->  *] bucket=9049 L3 active=wlan1 ch11  BL=['6']
[22:28:34] HOP bucket=9050 L3 active=wlan0 ch3  | prep wlan1 ch8  | BL=['6']
[TX  ->  *] bucket=9050 L3 active=wlan0 ch3  BL=['6']
[RX  <- B] bucket=9050  peer_BL=['6']  my_BL=['6']
[22:28:36] HOP bucket=9051 L3 active=wlan1 ch8  | prep wlan0 ch9  | BL=['6']
[RX  <- B] bucket=9051  peer_BL=['6']  my_BL=['6']
[TX  ->  *] bucket=9051 L3 active=wlan1 ch8  BL=['6']
[22:28:38] HOP bucket=9052 L3 active=wlan0 ch9  | prep wlan1 ch7  | BL=['6']
[TX  ->  *] bucket=9052 L3 active=wlan0 ch9  BL=['6']
[RX  <- B] bucket=9052  peer_BL=['6']  my_BL=['6']
[22:28:40] HOP bucket=9053 L3 active=wlan1 ch7  | prep wlan0 ch8  | BL=['6']
[TX  ->  *] bucket=9053 L3 active=wlan1 ch7  BL=['6']
[RX  <- B] bucket=9053  peer_BL=['6']  my_BL=['6']
[22:28:42] HOP bucket=9054 L3 active=wlan0 ch8  | prep wlan1 ch3  | BL=['6']
[RX  <- B] bucket=9054  peer_BL=['6']  my_BL=['6']
[TX  ->  *] bucket=9054 L3 active=wlan0 ch8  BL=['6']
[22:28:44] HOP bucket=9055 L3 active=wlan1 ch3  | prep wlan0 ch5  | BL=['6']
[TX  ->  *] bucket=9055 L3 active=wlan1 ch3  BL=['6']
[RX  <- B] bucket=9055  peer_BL=['6']  my_BL=['6']
[22:28:46] HOP bucket=9056 L3 active=wlan0 ch5  | prep wlan1 ch11  | BL=['6']
[RX  <- B] bucket=9056  peer_BL=['6']  my_BL=['6']
[TX  ->  *] bucket=9056 L3 active=wlan0 ch5  BL=['6']
[22:28:48] HOP bucket=9057 L3 active=wlan1 ch11  | prep wlan0 ch3  | BL=['6']
[TX  ->  *] bucket=9057 L3 active=wlan1 ch11  BL=['6']
[RX  <- B] bucket=9057  peer_BL=['6']  my_BL=['6']
[22:28:50] HOP bucket=9058 L3 active=wlan0 ch3  | prep wlan1 ch7  | BL=['6']
[TX  ->  *] bucket=9058 L3 active=wlan0 ch3  BL=['6']
[RX  <- B] bucket=9058  peer_BL=['6']  my_BL=['6']
[22:28:52] HOP bucket=9059 L3 active=wlan1 ch7  | prep wlan0 ch7  | BL=['6']
[RX  <- B] bucket=9059  peer_BL=['6']  my_BL=['6']
[TX  ->  *] bucket=9059 L3 active=wlan1 ch7  BL=['6']
[22:28:54] HOP bucket=9060 L3 active=wlan0 ch7  | prep wlan1 ch11  | BL=['6']
[RX  <- B] bucket=9060  peer_BL=['6']  my_BL=['6']
[TX  ->  *] bucket=9060 L3 active=wlan0 ch7  BL=['6']
[22:28:56] HOP bucket=9061 L3 active=wlan1 ch11  | prep wlan0 ch3  | BL=['6']
[TX  ->  *] bucket=9061 L3 active=wlan1 ch11  BL=['6']
[RX  <- B] bucket=9061  peer_BL=['6']  my_BL=['6']
[22:28:58] HOP bucket=9062 L3 active=wlan0 ch3  | prep wlan1 ch7  | BL=['6']
[RX  <- B] bucket=9062  peer_BL=['6']  my_BL=['6']
[TX  ->  *] bucket=9062 L3 active=wlan0 ch3  BL=['6']
[22:29:00] HOP bucket=9063 L3 active=wlan1 ch7  | prep wlan0 ch5  | BL=['6']
[RX  <- B] bucket=9063  peer_BL=['6']  my_BL=['6']
[TX  ->  *] bucket=9063 L3 active=wlan1 ch7  BL=['6']
[22:29:02] HOP bucket=9064 L3 active=wlan0 ch5  | prep wlan1 ch10  | BL=[]
[TX  ->  *] bucket=9064 L3 active=wlan0 ch5  BL=[]
[RX  <- B] bucket=9064  peer_BL=[]  my_BL=[]
[22:29:04] HOP bucket=9065 L3 active=wlan1 ch10  | prep wlan0 ch6  | BL=[]
[TX  ->  *] bucket=9065 L3 active=wlan1 ch10  BL=[]
[RX  <- B] bucket=9065  peer_BL=[]  my_BL=[]
[22:29:06] HOP bucket=9066 L3 active=wlan0 ch6  | prep wlan1 ch8  | BL=[]
[TX  ->  *] bucket=9066 L3 active=wlan0 ch6  BL=[]
[!! JAMMED  ] bucket=9066 L3 active=wlan0 ch6  silent + egress_drops=38  -> BL until bucket=9096  BL=['6']
[22:29:08] HOP bucket=9067 L3 active=wlan1 ch8  | prep wlan0 ch7  | BL=['6']
[RX  <- B] bucket=9067  peer_BL=['6']  my_BL=['6']
[TX  ->  *] bucket=9067 L3 active=wlan1 ch8  BL=['6']
[22:29:10] HOP bucket=9068 L3 active=wlan0 ch7  | prep wlan1 ch5  | BL=['6']
[RX  <- B] bucket=9068  peer_BL=['6']  my_BL=['6']
[TX  ->  *] bucket=9068 L3 active=wlan0 ch7  BL=['6']
[22:29:12] HOP bucket=9069 L3 active=wlan1 ch5  | prep wlan0 ch4  | BL=['6']
[RX  <- B] bucket=9069  peer_BL=['6']  my_BL=['6']
[TX  ->  *] bucket=9069 L3 active=wlan1 ch5  BL=['6']
[22:29:14] HOP bucket=9070 L3 active=wlan0 ch4  | prep wlan1 ch3  | BL=['6']
[TX  ->  *] bucket=9070 L3 active=wlan0 ch4  BL=['6']
[RX  <- B] bucket=9070  peer_BL=['6']  my_BL=['6']
[22:29:16] HOP bucket=9071 L3 active=wlan1 ch3  | prep wlan0 ch8  | BL=['6']
[TX  ->  *] bucket=9071 L3 active=wlan1 ch3  BL=['6']
[RX  <- B] bucket=9071  peer_BL=['6']  my_BL=['6']
[22:29:18] HOP bucket=9072 L3 active=wlan0 ch8  | prep wlan1 ch3  | BL=['6']
[RX  <- B] bucket=9072  peer_BL=['6']  my_BL=['6']
[TX  ->  *] bucket=9072 L3 active=wlan0 ch8  BL=['6']
[22:29:20] HOP bucket=9073 L3 active=wlan1 ch3  | prep wlan0 ch7  | BL=['6']
[TX  ->  *] bucket=9073 L3 active=wlan1 ch3  BL=['6']
[RX  <- B] bucket=9073  peer_BL=['6']  my_BL=['6']
[22:29:22] HOP bucket=9074 L3 active=wlan0 ch7  | prep wlan1 ch3  | BL=['6']
[TX  ->  *] bucket=9074 L3 active=wlan0 ch7  BL=['6']
[RX  <- B] bucket=9074  peer_BL=['6']  my_BL=['6']
[22:29:24] HOP bucket=9075 L3 active=wlan1 ch3  | prep wlan0 ch8  | BL=['6']
[TX  ->  *] bucket=9075 L3 active=wlan1 ch3  BL=['6']
[RX  <- B] bucket=9075  peer_BL=['6']  my_BL=['6']
[22:29:26] HOP bucket=9076 L3 active=wlan0 ch8  | prep wlan1 ch9  | BL=['6']
[TX  ->  *] bucket=9076 L3 active=wlan0 ch8  BL=['6']
[RX  <- B] bucket=9076  peer_BL=['6']  my_BL=['6']
[22:29:28] HOP bucket=9077 L3 active=wlan1 ch9  | prep wlan0 ch8  | BL=['6']
[TX  ->  *] bucket=9077 L3 active=wlan1 ch9  BL=['6']
[RX  <- B] bucket=9077  peer_BL=['6']  my_BL=['6']
[22:29:30] HOP bucket=9078 L3 active=wlan0 ch8  | prep wlan1 ch7  | BL=['6']
[TX  ->  *] bucket=9078 L3 active=wlan0 ch8  BL=['6']
[RX  <- B] bucket=9078  peer_BL=['6']  my_BL=['6']
[22:29:32] HOP bucket=9079 L3 active=wlan1 ch7  | prep wlan0 ch9  | BL=['6']
[RX  <- B] bucket=9079  peer_BL=['6']  my_BL=['6']
[TX  ->  *] bucket=9079 L3 active=wlan1 ch7  BL=['6']
[22:29:34] HOP bucket=9080 L3 active=wlan0 ch9  | prep wlan1 ch9  | BL=['6']
[TX  ->  *] bucket=9080 L3 active=wlan0 ch9  BL=['6']
[RX  <- B] bucket=9080  peer_BL=['6']  my_BL=['6']
[22:29:36] HOP bucket=9081 L3 active=wlan1 ch9  | prep wlan0 ch9  | BL=['6']
[TX  ->  *] bucket=9081 L3 active=wlan1 ch9  BL=['6']
[RX  <- B] bucket=9081  peer_BL=['6']  my_BL=['6']
[22:29:38] HOP bucket=9082 L3 active=wlan0 ch9  | prep wlan1 ch3  | BL=['6']
[RX  <- B] bucket=9082  peer_BL=['6']  my_BL=['6']
[TX  ->  *] bucket=9082 L3 active=wlan0 ch9  BL=['6']
[22:29:40] HOP bucket=9083 L3 active=wlan1 ch3  | prep wlan0 ch4  | BL=['6']
[RX  <- B] bucket=9083  peer_BL=['6']  my_BL=['6']
[TX  ->  *] bucket=9083 L3 active=wlan1 ch3  BL=['6']
[22:29:42] HOP bucket=9084 L3 active=wlan0 ch4  | prep wlan1 ch11  | BL=['6']
[RX  <- B] bucket=9084  peer_BL=['6']  my_BL=['6']
[TX  ->  *] bucket=9084 L3 active=wlan0 ch4  BL=['6']
[22:29:44] HOP bucket=9085 L3 active=wlan1 ch11  | prep wlan0 ch8  | BL=['6']
[RX  <- B] bucket=9085  peer_BL=['6']  my_BL=['6']
[TX  ->  *] bucket=9085 L3 active=wlan1 ch11  BL=['6']
[22:29:46] HOP bucket=9086 L3 active=wlan0 ch8  | prep wlan1 ch5  | BL=['6']
[RX  <- B] bucket=9086  peer_BL=['6']  my_BL=['6']
[TX  ->  *] bucket=9086 L3 active=wlan0 ch8  BL=['6']
[22:29:48] HOP bucket=9087 L3 active=wlan1 ch5  | prep wlan0 ch7  | BL=['6']
[RX  <- B] bucket=9087  peer_BL=['6']  my_BL=['6']
[TX  ->  *] bucket=9087 L3 active=wlan1 ch5  BL=['6']
[22:29:50] HOP bucket=9088 L3 active=wlan0 ch7  | prep wlan1 ch4  | BL=['6']
[TX  ->  *] bucket=9088 L3 active=wlan0 ch7  BL=['6']
[RX  <- B] bucket=9088  peer_BL=['6']  my_BL=['6']
[22:29:52] HOP bucket=9089 L3 active=wlan1 ch4  | prep wlan0 ch7  | BL=['6']
[RX  <- B] bucket=9089  peer_BL=['6']  my_BL=['6']
[TX  ->  *] bucket=9089 L3 active=wlan1 ch4  BL=['6']
[22:29:54] HOP bucket=9090 L3 active=wlan0 ch7  | prep wlan1 ch5  | BL=['6']
[TX  ->  *] bucket=9090 L3 active=wlan0 ch7  BL=['6']
[!! JAMMED  ] bucket=9090 L3 active=wlan0 ch7  silent + egress_drops=72  -> BL until bucket=9120  BL=['6', '7']
[22:29:56] HOP bucket=9091 L3 active=wlan1 ch5  | prep wlan0 ch9  | BL=['6', '7']
[TX  ->  *] bucket=9091 L3 active=wlan1 ch5  BL=['6', '7']
[RX  <- B] bucket=9091  peer_BL=['6', '7']  my_BL=['6', '7']
[22:29:58] HOP bucket=9092 L3 active=wlan0 ch9  | prep wlan1 ch4  | BL=['6', '7']
[RX  <- B] bucket=9092  peer_BL=['6', '7']  my_BL=['6', '7']
[TX  ->  *] bucket=9092 L3 active=wlan0 ch9  BL=['6', '7']
[22:30:00] HOP bucket=9093 L3 active=wlan1 ch4  | prep wlan0 ch8  | BL=['6', '7']
[TX  ->  *] bucket=9093 L3 active=wlan1 ch4  BL=['6', '7']
[RX  <- B] bucket=9093  peer_BL=['6', '7']  my_BL=['6', '7']
[22:30:02] HOP bucket=9094 L3 active=wlan0 ch8  | prep wlan1 ch5  | BL=['6', '7']
[TX  ->  *] bucket=9094 L3 active=wlan0 ch8  BL=['6', '7']
[RX  <- B] bucket=9094  peer_BL=['6', '7']  my_BL=['6', '7']
[22:30:04] HOP bucket=9095 L3 active=wlan1 ch5  | prep wlan0 ch9  | BL=['6', '7']
[TX  ->  *] bucket=9095 L3 active=wlan1 ch5  BL=['6', '7']
[RX  <- B] bucket=9095  peer_BL=['6', '7']  my_BL=['6', '7']
[22:30:06] HOP bucket=9096 L3 active=wlan0 ch9  | prep wlan1 ch8  | BL=['7']
[TX  ->  *] bucket=9096 L3 active=wlan0 ch9  BL=['7']
[RX  <- B] bucket=9096  peer_BL=['7']  my_BL=['7']
[22:30:08] HOP bucket=9097 L3 active=wlan1 ch8  | prep wlan0 ch5  | BL=['7']
[TX  ->  *] bucket=9097 L3 active=wlan1 ch8  BL=['7']
[RX  <- B] bucket=9097  peer_BL=['7']  my_BL=['7']
[22:30:10] HOP bucket=9098 L3 active=wlan0 ch5  | prep wlan1 ch6  | BL=['7']
[TX  ->  *] bucket=9098 L3 active=wlan0 ch5  BL=['7']
[RX  <- B] bucket=9098  peer_BL=['7']  my_BL=['7']
[22:30:12] HOP bucket=9099 L3 active=wlan1 ch6  | prep wlan0 ch3  | BL=['7']
[TX  ->  *] bucket=9099 L3 active=wlan1 ch6  BL=['7']
[!! JAMMED  ] bucket=9099 L3 active=wlan1 ch6  silent + egress_drops=39  -> BL until bucket=9129  BL=['6', '7']
[22:30:14] HOP bucket=9100 L3 active=wlan0 ch3  | prep wlan1 ch8  | BL=['6', '7']
[TX  ->  *] bucket=9100 L3 active=wlan0 ch3  BL=['6', '7']
[RX  <- B] bucket=9100  peer_BL=['7', '6']  my_BL=['6', '7']
[22:30:16] HOP bucket=9101 L3 active=wlan1 ch8  | prep wlan0 ch4  | BL=['6', '7']
[TX  ->  *] bucket=9101 L3 active=wlan1 ch8  BL=['6', '7']
[RX  <- B] bucket=9101  peer_BL=['7', '6']  my_BL=['6', '7']
[22:30:18] HOP bucket=9102 L3 active=wlan0 ch4  | prep wlan1 ch3  | BL=['6', '7']
[TX  ->  *] bucket=9102 L3 active=wlan0 ch4  BL=['6', '7']
[RX  <- B] bucket=9102  peer_BL=['7', '6']  my_BL=['6', '7']
[22:30:20] HOP bucket=9103 L3 active=wlan1 ch3  | prep wlan0 ch5  | BL=['6', '7']
[TX  ->  *] bucket=9103 L3 active=wlan1 ch3  BL=['6', '7']
[RX  <- B] bucket=9103  peer_BL=['7', '6']  my_BL=['6', '7']
[22:30:22] HOP bucket=9104 L3 active=wlan0 ch5  | prep wlan1 ch8  | BL=['6', '7']
[TX  ->  *] bucket=9104 L3 active=wlan0 ch5  BL=['6', '7']
[RX  <- B] bucket=9104  peer_BL=['7', '6']  my_BL=['6', '7']
[22:30:24] HOP bucket=9105 L3 active=wlan1 ch8  | prep wlan0 ch4  | BL=['6', '7']
[TX  ->  *] bucket=9105 L3 active=wlan1 ch8  BL=['6', '7']
[RX  <- B] bucket=9105  peer_BL=['7', '6']  my_BL=['6', '7']
[22:30:26] HOP bucket=9106 L3 active=wlan0 ch4  | prep wlan1 ch4  | BL=['6', '7']
[TX  ->  *] bucket=9106 L3 active=wlan0 ch4  BL=['6', '7']
[RX  <- B] bucket=9106  peer_BL=['7', '6']  my_BL=['6', '7']
[22:30:28] HOP bucket=9107 L3 active=wlan1 ch4  | prep wlan0 ch8  | BL=['6', '7']
[TX  ->  *] bucket=9107 L3 active=wlan1 ch4  BL=['6', '7']
[RX  <- B] bucket=9107  peer_BL=['7', '6']  my_BL=['6', '7']
[22:30:30] HOP bucket=9108 L3 active=wlan0 ch8  | prep wlan1 ch8  | BL=['6', '7']
[TX  ->  *] bucket=9108 L3 active=wlan0 ch8  BL=['6', '7']
[RX  <- B] bucket=9108  peer_BL=['7', '6']  my_BL=['6', '7']
[22:30:32] HOP bucket=9109 L3 active=wlan1 ch8  | prep wlan0 ch4  | BL=['6', '7']
[TX  ->  *] bucket=9109 L3 active=wlan1 ch8  BL=['6', '7']
[RX  <- B] bucket=9109  peer_BL=['7', '6']  my_BL=['6', '7']
[22:30:34] HOP bucket=9110 L3 active=wlan0 ch4  | prep wlan1 ch4  | BL=['6', '7']
[TX  ->  *] bucket=9110 L3 active=wlan0 ch4  BL=['6', '7']
[RX  <- B] bucket=9110  peer_BL=['7', '6']  my_BL=['6', '7']
[22:30:36] HOP bucket=9111 L3 active=wlan1 ch4  | prep wlan0 ch11  | BL=['6', '7']
[RX  <- B] bucket=9111  peer_BL=['7', '6']  my_BL=['6', '7']
[TX  ->  *] bucket=9111 L3 active=wlan1 ch4  BL=['6', '7']
[22:30:38] HOP bucket=9112 L3 active=wlan0 ch11  | prep wlan1 ch4  | BL=['6', '7']
[TX  ->  *] bucket=9112 L3 active=wlan0 ch11  BL=['6', '7']
[RX  <- B] bucket=9112  peer_BL=['7', '6']  my_BL=['6', '7']
[22:30:40] HOP bucket=9113 L3 active=wlan1 ch4  | prep wlan0 ch10  | BL=['6', '7']
[RX  <- B] bucket=9113  peer_BL=['7', '6']  my_BL=['6', '7']
[TX  ->  *] bucket=9113 L3 active=wlan1 ch4  BL=['6', '7']
[22:30:42] HOP bucket=9114 L3 active=wlan0 ch10  | prep wlan1 ch5  | BL=['6', '7']
[RX  <- B] bucket=9114  peer_BL=['7', '6']  my_BL=['6', '7']
[TX  ->  *] bucket=9114 L3 active=wlan0 ch10  BL=['6', '7']
[22:30:44] HOP bucket=9115 L3 active=wlan1 ch5  | prep wlan0 ch5  | BL=['6', '7']
[TX  ->  *] bucket=9115 L3 active=wlan1 ch5  BL=['6', '7']
[RX  <- B] bucket=9115  peer_BL=['7', '6']  my_BL=['6', '7']
[22:30:46] HOP bucket=9116 L3 active=wlan0 ch5  | prep wlan1 ch8  | BL=['6', '7']
[RX  <- B] bucket=9116  peer_BL=['7', '6']  my_BL=['6', '7']
[TX  ->  *] bucket=9116 L3 active=wlan0 ch5  BL=['6', '7']
[22:30:48] HOP bucket=9117 L3 active=wlan1 ch8  | prep wlan0 ch8  | BL=['6', '7']
[TX  ->  *] bucket=9117 L3 active=wlan1 ch8  BL=['6', '7']
[RX  <- B] bucket=9117  peer_BL=['7', '6']  my_BL=['6', '7']
[22:30:50] HOP bucket=9118 L3 active=wlan0 ch8  | prep wlan1 ch4  | BL=['6', '7']
[RX  <- B] bucket=9118  peer_BL=['7', '6']  my_BL=['6', '7']
[TX  ->  *] bucket=9118 L3 active=wlan0 ch8  BL=['6', '7']
[22:30:52] HOP bucket=9119 L3 active=wlan1 ch4  | prep wlan0 ch3  | BL=['6', '7']
[RX  <- B] bucket=9119  peer_BL=['7', '6']  my_BL=['6', '7']
[TX  ->  *] bucket=9119 L3 active=wlan1 ch4  BL=['6', '7']
[22:30:54] HOP bucket=9120 L3 active=wlan0 ch3  | prep wlan1 ch7  | BL=['6']
[RX  <- B] bucket=9120  peer_BL=['6']  my_BL=['6']
[TX  ->  *] bucket=9120 L3 active=wlan0 ch3  BL=['6']
[22:30:56] HOP bucket=9121 L3 active=wlan1 ch7  | prep wlan0 ch8  | BL=['6']
[TX  ->  *] bucket=9121 L3 active=wlan1 ch7  BL=['6']
[!! JAMMED  ] bucket=9121 L3 active=wlan1 ch7  silent + egress_drops=38  -> BL until bucket=9151  BL=['6', '7']
[22:30:58] HOP bucket=9122 L3 active=wlan0 ch8  | prep wlan1 ch10  | BL=['6', '7']
[RX  <- B] bucket=9122  peer_BL=['6', '7']  my_BL=['6', '7']
[TX  ->  *] bucket=9122 L3 active=wlan0 ch8  BL=['6', '7']
[22:31:00] HOP bucket=9123 L3 active=wlan1 ch10  | prep wlan0 ch8  | BL=['6', '7']
[TX  ->  *] bucket=9123 L3 active=wlan1 ch10  BL=['6', '7']
[RX  <- B] bucket=9123  peer_BL=['6', '7']  my_BL=['6', '7']
[22:31:02] HOP bucket=9124 L3 active=wlan0 ch8  | prep wlan1 ch5  | BL=['6', '7']
[TX  ->  *] bucket=9124 L3 active=wlan0 ch8  BL=['6', '7']
[RX  <- B] bucket=9124  peer_BL=['6', '7']  my_BL=['6', '7']
[22:31:04] HOP bucket=9125 L3 active=wlan1 ch5  | prep wlan0 ch8  | BL=['6', '7']
[RX  <- B] bucket=9125  peer_BL=['6', '7']  my_BL=['6', '7']
[TX  ->  *] bucket=9125 L3 active=wlan1 ch5  BL=['6', '7']
[22:31:06] HOP bucket=9126 L3 active=wlan0 ch8  | prep wlan1 ch4  | BL=['6', '7']
[RX  <- B] bucket=9126  peer_BL=['6', '7']  my_BL=['6', '7']
[TX  ->  *] bucket=9126 L3 active=wlan0 ch8  BL=['6', '7']
[22:31:08] HOP bucket=9127 L3 active=wlan1 ch4  | prep wlan0 ch8  | BL=['6', '7']
[TX  ->  *] bucket=9127 L3 active=wlan1 ch4  BL=['6', '7']
[RX  <- B] bucket=9127  peer_BL=['6', '7']  my_BL=['6', '7']
[22:31:10] HOP bucket=9128 L3 active=wlan0 ch8  | prep wlan1 ch9  | BL=['6', '7']
[TX  ->  *] bucket=9128 L3 active=wlan0 ch8  BL=['6', '7']
[RX  <- B] bucket=9128  peer_BL=['6', '7']  my_BL=['6', '7']
[22:31:12] HOP bucket=9129 L3 active=wlan1 ch9  | prep wlan0 ch3  | BL=['7']
[RX  <- B] bucket=9129  peer_BL=['7']  my_BL=['7']
[TX  ->  *] bucket=9129 L3 active=wlan1 ch9  BL=['7']
[22:31:14] HOP bucket=9130 L3 active=wlan0 ch3  | prep wlan1 ch8  | BL=['7']
[TX  ->  *] bucket=9130 L3 active=wlan0 ch3  BL=['7']
[RX  <- B] bucket=9130  peer_BL=['7']  my_BL=['7']
[22:31:16] HOP bucket=9131 L3 active=wlan1 ch8  | prep wlan0 ch10  | BL=['7']
[RX  <- B] bucket=9131  peer_BL=['7']  my_BL=['7']
[TX  ->  *] bucket=9131 L3 active=wlan1 ch8  BL=['7']
[22:31:18] HOP bucket=9132 L3 active=wlan0 ch10  | prep wlan1 ch8  | BL=['7']
[TX  ->  *] bucket=9132 L3 active=wlan0 ch10  BL=['7']
[RX  <- B] bucket=9132  peer_BL=['7']  my_BL=['7']
[22:31:20] HOP bucket=9133 L3 active=wlan1 ch8  | prep wlan0 ch11  | BL=['7']
[TX  ->  *] bucket=9133 L3 active=wlan1 ch8  BL=['7']
[RX  <- B] bucket=9133  peer_BL=['7']  my_BL=['7']
[22:31:22] HOP bucket=9134 L3 active=wlan0 ch11  | prep wlan1 ch10  | BL=['7']
[RX  <- B] bucket=9134  peer_BL=['7']  my_BL=['7']
[TX  ->  *] bucket=9134 L3 active=wlan0 ch11  BL=['7']
[22:31:24] HOP bucket=9135 L3 active=wlan1 ch10  | prep wlan0 ch4  | BL=['7']
[TX  ->  *] bucket=9135 L3 active=wlan1 ch10  BL=['7']
[RX  <- B] bucket=9135  peer_BL=['7']  my_BL=['7']
[22:31:26] HOP bucket=9136 L3 active=wlan0 ch4  | prep wlan1 ch4  | BL=['7']
[TX  ->  *] bucket=9136 L3 active=wlan0 ch4  BL=['7']
[RX  <- B] bucket=9136  peer_BL=['7']  my_BL=['7']
[22:31:28] HOP bucket=9137 L3 active=wlan1 ch4  | prep wlan0 ch8  | BL=['7']
[RX  <- B] bucket=9137  peer_BL=['7']  my_BL=['7']
[TX  ->  *] bucket=9137 L3 active=wlan1 ch4  BL=['7']
[22:31:30] HOP bucket=9138 L3 active=wlan0 ch8  | prep wlan1 ch6  | BL=['7']
[TX  ->  *] bucket=9138 L3 active=wlan0 ch8  BL=['7']
[RX  <- B] bucket=9138  peer_BL=['7']  my_BL=['7']
[22:31:32] HOP bucket=9139 L3 active=wlan1 ch6  | prep wlan0 ch10  | BL=['7']
[TX  ->  *] bucket=9139 L3 active=wlan1 ch6  BL=['7']
[!! JAMMED  ] bucket=9139 L3 active=wlan1 ch6  silent + egress_drops=38  -> BL until bucket=9169  BL=['6', '7']
[22:31:34] HOP bucket=9140 L3 active=wlan0 ch10  | prep wlan1 ch9  | BL=['6', '7']
[RX  <- B] bucket=9140  peer_BL=['7', '6']  my_BL=['6', '7']
[TX  ->  *] bucket=9140 L3 active=wlan0 ch10  BL=['6', '7']
[22:31:36] HOP bucket=9141 L3 active=wlan1 ch9  | prep wlan0 ch11  | BL=['6', '7']
[TX  ->  *] bucket=9141 L3 active=wlan1 ch9  BL=['6', '7']
[RX  <- B] bucket=9141  peer_BL=['7', '6']  my_BL=['6', '7']
[22:31:38] HOP bucket=9142 L3 active=wlan0 ch11  | prep wlan1 ch9  | BL=['6', '7']
[RX  <- B] bucket=9142  peer_BL=['7', '6']  my_BL=['6', '7']
[TX  ->  *] bucket=9142 L3 active=wlan0 ch11  BL=['6', '7']
[22:31:40] HOP bucket=9143 L3 active=wlan1 ch9  | prep wlan0 ch4  | BL=['6', '7']
[RX  <- B] bucket=9143  peer_BL=['7', '6']  my_BL=['6', '7']
[TX  ->  *] bucket=9143 L3 active=wlan1 ch9  BL=['6', '7']
[22:31:42] HOP bucket=9144 L3 active=wlan0 ch4  | prep wlan1 ch5  | BL=['6', '7']
[RX  <- B] bucket=9144  peer_BL=['7', '6']  my_BL=['6', '7']
[TX  ->  *] bucket=9144 L3 active=wlan0 ch4  BL=['6', '7']
[22:31:44] HOP bucket=9145 L3 active=wlan1 ch5  | prep wlan0 ch10  | BL=['6', '7']
[TX  ->  *] bucket=9145 L3 active=wlan1 ch5  BL=['6', '7']
[RX  <- B] bucket=9145  peer_BL=['7', '6']  my_BL=['6', '7']
[22:31:46] HOP bucket=9146 L3 active=wlan0 ch10  | prep wlan1 ch8  | BL=['6', '7']
[RX  <- B] bucket=9146  peer_BL=['7', '6']  my_BL=['6', '7']
[TX  ->  *] bucket=9146 L3 active=wlan0 ch10  BL=['6', '7']
[22:31:48] HOP bucket=9147 L3 active=wlan1 ch8  | prep wlan0 ch8  | BL=['6', '7']
[RX  <- B] bucket=9147  peer_BL=['7', '6']  my_BL=['6', '7']
[TX  ->  *] bucket=9147 L3 active=wlan1 ch8  BL=['6', '7']
[22:31:50] HOP bucket=9148 L3 active=wlan0 ch8  | prep wlan1 ch9  | BL=['6', '7']
[RX  <- B] bucket=9148  peer_BL=['7', '6']  my_BL=['6', '7']
[TX  ->  *] bucket=9148 L3 active=wlan0 ch8  BL=['6', '7']
[22:31:52] HOP bucket=9149 L3 active=wlan1 ch9  | prep wlan0 ch11  | BL=['6', '7']
[RX  <- B] bucket=9149  peer_BL=['7', '6']  my_BL=['6', '7']
[TX  ->  *] bucket=9149 L3 active=wlan1 ch9  BL=['6', '7']
[22:31:54] HOP bucket=9150 L3 active=wlan0 ch11  | prep wlan1 ch9  | BL=['6', '7']
[RX  <- B] bucket=9150  peer_BL=['7', '6']  my_BL=['6', '7']
[TX  ->  *] bucket=9150 L3 active=wlan0 ch11  BL=['6', '7']
[22:31:56] HOP bucket=9151 L3 active=wlan1 ch9  | prep wlan0 ch7  | BL=['6']
[RX  <- B] bucket=9151  peer_BL=['6']  my_BL=['6']
[TX  ->  *] bucket=9151 L3 active=wlan1 ch9  BL=['6']
[22:31:58] HOP bucket=9152 L3 active=wlan0 ch7  | prep wlan1 ch10  | BL=['6']
[TX  ->  *] bucket=9152 L3 active=wlan0 ch7  BL=['6']
[!! JAMMED  ] bucket=9152 L3 active=wlan0 ch7  silent + egress_drops=38  -> BL until bucket=9182  BL=['6', '7']
[22:32:00] HOP bucket=9153 L3 active=wlan1 ch10  | prep wlan0 ch5  | BL=['6', '7']
[TX  ->  *] bucket=9153 L3 active=wlan1 ch10  BL=['6', '7']
[RX  <- B] bucket=9153  peer_BL=['6', '7']  my_BL=['6', '7']
[22:32:02] HOP bucket=9154 L3 active=wlan0 ch5  | prep wlan1 ch5  | BL=['6', '7']
[TX  ->  *] bucket=9154 L3 active=wlan0 ch5  BL=['6', '7']
[RX  <- B] bucket=9154  peer_BL=['6', '7']  my_BL=['6', '7']
[22:32:04] HOP bucket=9155 L3 active=wlan1 ch5  | prep wlan0 ch8  | BL=['6', '7']
[TX  ->  *] bucket=9155 L3 active=wlan1 ch5  BL=['6', '7']
[RX  <- B] bucket=9155  peer_BL=['6', '7']  my_BL=['6', '7']
[22:32:06] HOP bucket=9156 L3 active=wlan0 ch8  | prep wlan1 ch8  | BL=['6', '7']
[TX  ->  *] bucket=9156 L3 active=wlan0 ch8  BL=['6', '7']
[RX  <- B] bucket=9156  peer_BL=['6', '7']  my_BL=['6', '7']
[22:32:08] HOP bucket=9157 L3 active=wlan1 ch8  | prep wlan0 ch8  | BL=['6', '7']
[TX  ->  *] bucket=9157 L3 active=wlan1 ch8  BL=['6', '7']
[RX  <- B] bucket=9157  peer_BL=['6', '7']  my_BL=['6', '7']
[22:32:10] HOP bucket=9158 L3 active=wlan0 ch8  | prep wlan1 ch9  | BL=['6', '7']
[RX  <- B] bucket=9158  peer_BL=['6', '7']  my_BL=['6', '7']
[TX  ->  *] bucket=9158 L3 active=wlan0 ch8  BL=['6', '7']
[22:32:12] HOP bucket=9159 L3 active=wlan1 ch9  | prep wlan0 ch8  | BL=['6', '7']
[TX  ->  *] bucket=9159 L3 active=wlan1 ch9  BL=['6', '7']
[RX  <- B] bucket=9159  peer_BL=['6', '7']  my_BL=['6', '7']
[22:32:14] HOP bucket=9160 L3 active=wlan0 ch8  | prep wlan1 ch4  | BL=['6', '7']
[TX  ->  *] bucket=9160 L3 active=wlan0 ch8  BL=['6', '7']
[RX  <- B] bucket=9160  peer_BL=['6', '7']  my_BL=['6', '7']
[22:32:16] HOP bucket=9161 L3 active=wlan1 ch4  | prep wlan0 ch9  | BL=['6', '7']
[RX  <- B] bucket=9161  peer_BL=['6', '7']  my_BL=['6', '7']
[TX  ->  *] bucket=9161 L3 active=wlan1 ch4  BL=['6', '7']
[22:32:18] HOP bucket=9162 L3 active=wlan0 ch9  | prep wlan1 ch8  | BL=['6', '7']
[RX  <- B] bucket=9162  peer_BL=['6', '7']  my_BL=['6', '7']
[TX  ->  *] bucket=9162 L3 active=wlan0 ch9  BL=['6', '7']
[22:32:20] HOP bucket=9163 L3 active=wlan1 ch8  | prep wlan0 ch3  | BL=['6', '7']
[RX  <- B] bucket=9163  peer_BL=['6', '7']  my_BL=['6', '7']
[TX  ->  *] bucket=9163 L3 active=wlan1 ch8  BL=['6', '7']
[22:32:22] HOP bucket=9164 L3 active=wlan0 ch3  | prep wlan1 ch9  | BL=['6', '7']
[TX  ->  *] bucket=9164 L3 active=wlan0 ch3  BL=['6', '7']
[RX  <- B] bucket=9164  peer_BL=['6', '7']  my_BL=['6', '7']
[22:32:24] HOP bucket=9165 L3 active=wlan1 ch9  | prep wlan0 ch8  | BL=['6', '7']
[TX  ->  *] bucket=9165 L3 active=wlan1 ch9  BL=['6', '7']
[RX  <- B] bucket=9165  peer_BL=['6', '7']  my_BL=['6', '7']
[22:32:26] HOP bucket=9166 L3 active=wlan0 ch8  | prep wlan1 ch11  | BL=['6', '7']
[TX  ->  *] bucket=9166 L3 active=wlan0 ch8  BL=['6', '7']
[RX  <- B] bucket=9166  peer_BL=['6', '7']  my_BL=['6', '7']
[22:32:28] HOP bucket=9167 L3 active=wlan1 ch11  | prep wlan0 ch3  | BL=['6', '7']
[TX  ->  *] bucket=9167 L3 active=wlan1 ch11  BL=['6', '7']
[RX  <- B] bucket=9167  peer_BL=['6', '7']  my_BL=['6', '7']
[22:32:30] HOP bucket=9168 L3 active=wlan0 ch3  | prep wlan1 ch3  | BL=['6', '7']
[TX  ->  *] bucket=9168 L3 active=wlan0 ch3  BL=['6', '7']
[RX  <- B] bucket=9168  peer_BL=['6', '7']  my_BL=['6', '7']
[22:32:32] HOP bucket=9169 L3 active=wlan1 ch3  | prep wlan0 ch8  | BL=['7']
[TX  ->  *] bucket=9169 L3 active=wlan1 ch3  BL=['7']
[RX  <- B] bucket=9169  peer_BL=['7']  my_BL=['7']
[22:32:34] HOP bucket=9170 L3 active=wlan0 ch8  | prep wlan1 ch8  | BL=['7']
[RX  <- B] bucket=9170  peer_BL=['7']  my_BL=['7']
[TX  ->  *] bucket=9170 L3 active=wlan0 ch8  BL=['7']
[22:32:36] HOP bucket=9171 L3 active=wlan1 ch8  | prep wlan0 ch5  | BL=['7']
[RX  <- B] bucket=9171  peer_BL=['7']  my_BL=['7']
[TX  ->  *] bucket=9171 L3 active=wlan1 ch8  BL=['7']
[22:32:38] HOP bucket=9172 L3 active=wlan0 ch5  | prep wlan1 ch4  | BL=['7']
[TX  ->  *] bucket=9172 L3 active=wlan0 ch5  BL=['7']
[RX  <- B] bucket=9172  peer_BL=['7']  my_BL=['7']
[22:32:40] HOP bucket=9173 L3 active=wlan1 ch4  | prep wlan0 ch8  | BL=['7']
[TX  ->  *] bucket=9173 L3 active=wlan1 ch4  BL=['7']
[RX  <- B] bucket=9173  peer_BL=['7']  my_BL=['7']
[22:32:42] HOP bucket=9174 L3 active=wlan0 ch8  | prep wlan1 ch3  | BL=['7']
[TX  ->  *] bucket=9174 L3 active=wlan0 ch8  BL=['7']
[RX  <- B] bucket=9174  peer_BL=['7']  my_BL=['7']
[22:32:44] HOP bucket=9175 L3 active=wlan1 ch3  | prep wlan0 ch4  | BL=['7']
[TX  ->  *] bucket=9175 L3 active=wlan1 ch3  BL=['7']
[RX  <- B] bucket=9175  peer_BL=['7']  my_BL=['7']
[22:32:46] HOP bucket=9176 L3 active=wlan0 ch4  | prep wlan1 ch8  | BL=['7']
[TX  ->  *] bucket=9176 L3 active=wlan0 ch4  BL=['7']
[RX  <- B] bucket=9176  peer_BL=['7']  my_BL=['7']
[22:32:48] HOP bucket=9177 L3 active=wlan1 ch8  | prep wlan0 ch11  | BL=['7']
[TX  ->  *] bucket=9177 L3 active=wlan1 ch8  BL=['7']
[RX  <- B] bucket=9177  peer_BL=['7']  my_BL=['7']
[22:32:50] HOP bucket=9178 L3 active=wlan0 ch11  | prep wlan1 ch6  | BL=['7']
[TX  ->  *] bucket=9178 L3 active=wlan0 ch11  BL=['7']
[RX  <- B] bucket=9178  peer_BL=['7']  my_BL=['7']
[22:32:52] HOP bucket=9179 L3 active=wlan1 ch6  | prep wlan0 ch8  | BL=['7']
[TX  ->  *] bucket=9179 L3 active=wlan1 ch6  BL=['7']
[RX  <- B] bucket=9179  peer_BL=['7']  my_BL=['7']
[22:32:54] HOP bucket=9180 L3 active=wlan0 ch8  | prep wlan1 ch8  | BL=['7']
[RX  <- B] bucket=9180  peer_BL=['7']  my_BL=['7']
[TX  ->  *] bucket=9180 L3 active=wlan0 ch8  BL=['7']
[22:32:56] HOP bucket=9181 L3 active=wlan1 ch8  | prep wlan0 ch6  | BL=['7']
[TX  ->  *] bucket=9181 L3 active=wlan1 ch8  BL=['7']
[RX  <- B] bucket=9181  peer_BL=['7']  my_BL=['7']
[22:32:58] HOP bucket=9182 L3 active=wlan0 ch6  | prep wlan1 ch5  | BL=[]
[TX  ->  *] bucket=9182 L3 active=wlan0 ch6  BL=[]
[RX  <- B] bucket=9182  peer_BL=[]  my_BL=[]
[22:33:00] HOP bucket=9183 L3 active=wlan1 ch5  | prep wlan0 ch4  | BL=[]
[TX  ->  *] bucket=9183 L3 active=wlan1 ch5  BL=[]
[RX  <- B] bucket=9183  peer_BL=[]  my_BL=[]
[22:33:02] HOP bucket=9184 L3 active=wlan0 ch4  | prep wlan1 ch3  | BL=[]
[TX  ->  *] bucket=9184 L3 active=wlan0 ch4  BL=[]
[RX  <- B] bucket=9184  peer_BL=[]  my_BL=[]
[22:33:04] HOP bucket=9185 L3 active=wlan1 ch3  | prep wlan0 ch3  | BL=[]
[RX  <- B] bucket=9185  peer_BL=[]  my_BL=[]
[TX  ->  *] bucket=9185 L3 active=wlan1 ch3  BL=[]
[22:33:06] HOP bucket=9186 L3 active=wlan0 ch3  | prep wlan1 ch4  | BL=[]
[RX  <- B] bucket=9186  peer_BL=[]  my_BL=[]
[TX  ->  *] bucket=9186 L3 active=wlan0 ch3  BL=[]
[22:33:08] HOP bucket=9187 L3 active=wlan1 ch4  | prep wlan0 ch3  | BL=[]
[RX  <- B] bucket=9187  peer_BL=[]  my_BL=[]
[TX  ->  *] bucket=9187 L3 active=wlan1 ch4  BL=[]
[22:33:10] HOP bucket=9188 L3 active=wlan0 ch3  | prep wlan1 ch9  | BL=[]
[RX  <- B] bucket=9188  peer_BL=[]  my_BL=[]
[TX  ->  *] bucket=9188 L3 active=wlan0 ch3  BL=[]
[22:33:12] HOP bucket=9189 L3 active=wlan1 ch9  | prep wlan0 ch5  | BL=[]
[RX  <- B] bucket=9189  peer_BL=[]  my_BL=[]
[TX  ->  *] bucket=9189 L3 active=wlan1 ch9  BL=[]
[22:33:14] HOP bucket=9190 L3 active=wlan0 ch5  | prep wlan1 ch8  | BL=[]
[RX  <- B] bucket=9190  peer_BL=[]  my_BL=[]
[TX  ->  *] bucket=9190 L3 active=wlan0 ch5  BL=[]
[22:33:16] HOP bucket=9191 L3 active=wlan1 ch8  | prep wlan0 ch4  | BL=[]
[TX  ->  *] bucket=9191 L3 active=wlan1 ch8  BL=[]
[RX  <- B] bucket=9191  peer_BL=[]  my_BL=[]
[22:33:18] HOP bucket=9192 L3 active=wlan0 ch4  | prep wlan1 ch7  | BL=[]
[TX  ->  *] bucket=9192 L3 active=wlan0 ch4  BL=[]
[RX  <- B] bucket=9192  peer_BL=[]  my_BL=[]
[22:33:20] HOP bucket=9193 L3 active=wlan1 ch7  | prep wlan0 ch5  | BL=[]
[TX  ->  *] bucket=9193 L3 active=wlan1 ch7  BL=[]
[!! JAMMED  ] bucket=9193 L3 active=wlan1 ch7  silent + egress_drops=38  -> BL until bucket=9223  BL=['7']
[22:33:22] HOP bucket=9194 L3 active=wlan0 ch5  | prep wlan1 ch5  | BL=['7']
[RX  <- B] bucket=9194  peer_BL=['7']  my_BL=['7']
[TX  ->  *] bucket=9194 L3 active=wlan0 ch5  BL=['7']
[22:33:24] HOP bucket=9195 L3 active=wlan1 ch5  | prep wlan0 ch8  | BL=['7']
[RX  <- B] bucket=9195  peer_BL=['7']  my_BL=['7']
[TX  ->  *] bucket=9195 L3 active=wlan1 ch5  BL=['7']
[22:33:26] HOP bucket=9196 L3 active=wlan0 ch8  | prep wlan1 ch5  | BL=['7']
[RX  <- B] bucket=9196  peer_BL=['7']  my_BL=['7']
[TX  ->  *] bucket=9196 L3 active=wlan0 ch8  BL=['7']
[22:33:28] HOP bucket=9197 L3 active=wlan1 ch5  | prep wlan0 ch5  | BL=['7']
[RX  <- B] bucket=9197  peer_BL=['7']  my_BL=['7']
[TX  ->  *] bucket=9197 L3 active=wlan1 ch5  BL=['7']
[22:33:30] HOP bucket=9198 L3 active=wlan0 ch5  | prep wlan1 ch10  | BL=['7']
[TX  ->  *] bucket=9198 L3 active=wlan0 ch5  BL=['7']
[RX  <- B] bucket=9198  peer_BL=['7']  my_BL=['7']
[22:33:32] HOP bucket=9199 L3 active=wlan1 ch10  | prep wlan0 ch8  | BL=['7']
[RX  <- B] bucket=9199  peer_BL=['7']  my_BL=['7']
[TX  ->  *] bucket=9199 L3 active=wlan1 ch10  BL=['7']
[22:33:34] HOP bucket=9200 L3 active=wlan0 ch8  | prep wlan1 ch5  | BL=['7']
[TX  ->  *] bucket=9200 L3 active=wlan0 ch8  BL=['7']
[RX  <- B] bucket=9200  peer_BL=['7']  my_BL=['7']
[22:33:36] HOP bucket=9201 L3 active=wlan1 ch5  | prep wlan0 ch3  | BL=['7']
[TX  ->  *] bucket=9201 L3 active=wlan1 ch5  BL=['7']
[RX  <- B] bucket=9201  peer_BL=['7']  my_BL=['7']
[22:33:38] HOP bucket=9202 L3 active=wlan0 ch3  | prep wlan1 ch4  | BL=['7']
[TX  ->  *] bucket=9202 L3 active=wlan0 ch3  BL=['7']
[RX  <- B] bucket=9202  peer_BL=['7']  my_BL=['7']
[22:33:40] HOP bucket=9203 L3 active=wlan1 ch4  | prep wlan0 ch5  | BL=['7']
[TX  ->  *] bucket=9203 L3 active=wlan1 ch4  BL=['7']
[RX  <- B] bucket=9203  peer_BL=['7']  my_BL=['7']
[22:33:42] HOP bucket=9204 L3 active=wlan0 ch5  | prep wlan1 ch8  | BL=['7']
[TX  ->  *] bucket=9204 L3 active=wlan0 ch5  BL=['7']
[RX  <- B] bucket=9204  peer_BL=['7']  my_BL=['7']
[22:33:44] HOP bucket=9205 L3 active=wlan1 ch8  | prep wlan0 ch9  | BL=['7']
[TX  ->  *] bucket=9205 L3 active=wlan1 ch8  BL=['7']
[RX  <- B] bucket=9205  peer_BL=['7']  my_BL=['7']
[22:33:46] HOP bucket=9206 L3 active=wlan0 ch9  | prep wlan1 ch5  | BL=['7']
[TX  ->  *] bucket=9206 L3 active=wlan0 ch9  BL=['7']
[RX  <- B] bucket=9206  peer_BL=['7']  my_BL=['7']
[22:33:48] HOP bucket=9207 L3 active=wlan1 ch5  | prep wlan0 ch4  | BL=['7']
[RX  <- B] bucket=9207  peer_BL=['7']  my_BL=['7']
[TX  ->  *] bucket=9207 L3 active=wlan1 ch5  BL=['7']
[22:33:50] HOP bucket=9208 L3 active=wlan0 ch4  | prep wlan1 ch8  | BL=['7']
[TX  ->  *] bucket=9208 L3 active=wlan0 ch4  BL=['7']
[RX  <- B] bucket=9208  peer_BL=['7']  my_BL=['7']
[22:33:52] HOP bucket=9209 L3 active=wlan1 ch8  | prep wlan0 ch3  | BL=['7']
[TX  ->  *] bucket=9209 L3 active=wlan1 ch8  BL=['7']
[RX  <- B] bucket=9209  peer_BL=['7']  my_BL=['7']
[22:33:54] HOP bucket=9210 L3 active=wlan0 ch3  | prep wlan1 ch8  | BL=['7']
[TX  ->  *] bucket=9210 L3 active=wlan0 ch3  BL=['7']
[RX  <- B] bucket=9210  peer_BL=['7']  my_BL=['7']
[22:33:56] HOP bucket=9211 L3 active=wlan1 ch8  | prep wlan0 ch10  | BL=['7']
[TX  ->  *] bucket=9211 L3 active=wlan1 ch8  BL=['7']
[!! JAMMED  ] bucket=9211 L3 active=wlan1 ch8  silent + egress_drops=38  -> BL until bucket=9241  BL=['7', '8']
[22:33:58] HOP bucket=9212 L3 active=wlan0 ch10  | prep wlan1 ch9  | BL=['7', '8']
[RX  <- B] bucket=9212  peer_BL=['7', '8']  my_BL=['7', '8']
[TX  ->  *] bucket=9212 L3 active=wlan0 ch10  BL=['7', '8']
[22:34:00] HOP bucket=9213 L3 active=wlan1 ch9  | prep wlan0 ch9  | BL=['7', '8']
[RX  <- B] bucket=9213  peer_BL=['7', '8']  my_BL=['7', '8']
[TX  ->  *] bucket=9213 L3 active=wlan1 ch9  BL=['7', '8']
[22:34:02] HOP bucket=9214 L3 active=wlan0 ch9  | prep wlan1 ch11  | BL=['7', '8']
[RX  <- B] bucket=9214  peer_BL=['7', '8']  my_BL=['7', '8']
[TX  ->  *] bucket=9214 L3 active=wlan0 ch9  BL=['7', '8']
[22:34:04] HOP bucket=9215 L3 active=wlan1 ch11  | prep wlan0 ch3  | BL=['7', '8']
[RX  <- B] bucket=9215  peer_BL=['7', '8']  my_BL=['7', '8']
[TX  ->  *] bucket=9215 L3 active=wlan1 ch11  BL=['7', '8']
[22:34:06] HOP bucket=9216 L3 active=wlan0 ch3  | prep wlan1 ch9  | BL=['7', '8']
[TX  ->  *] bucket=9216 L3 active=wlan0 ch3  BL=['7', '8']
[RX  <- B] bucket=9216  peer_BL=['7', '8']  my_BL=['7', '8']
[22:34:08] HOP bucket=9217 L3 active=wlan1 ch9  | prep wlan0 ch9  | BL=['7', '8']
[TX  ->  *] bucket=9217 L3 active=wlan1 ch9  BL=['7', '8']
[RX  <- B] bucket=9217  peer_BL=['7', '8']  my_BL=['7', '8']
[22:34:10] HOP bucket=9218 L3 active=wlan0 ch9  | prep wlan1 ch5  | BL=['7', '8']
[RX  <- B] bucket=9218  peer_BL=['7', '8']  my_BL=['7', '8']
[TX  ->  *] bucket=9218 L3 active=wlan0 ch9  BL=['7', '8']
[22:34:12] HOP bucket=9219 L3 active=wlan1 ch5  | prep wlan0 ch10  | BL=['7', '8']
[TX  ->  *] bucket=9219 L3 active=wlan1 ch5  BL=['7', '8']
[!! JAMMED  ] bucket=9219 L3 active=wlan1 ch5  silent + egress_drops=38  -> BL until bucket=9249  BL=['5', '7', '8']
[22:34:14] HOP bucket=9220 L3 active=wlan0 ch10  | prep wlan1 ch9  | BL=['5', '7', '8']
[RX  <- B] bucket=9220  peer_BL=['7', '8', '5']  my_BL=['5', '7', '8']
[TX  ->  *] bucket=9220 L3 active=wlan0 ch10  BL=['5', '7', '8']
[22:34:16] HOP bucket=9221 L3 active=wlan1 ch9  | prep wlan0 ch9  | BL=['5', '7', '8']
[RX  <- B] bucket=9221  peer_BL=['7', '8', '5']  my_BL=['5', '7', '8']
[TX  ->  *] bucket=9221 L3 active=wlan1 ch9  BL=['5', '7', '8']
[22:34:18] HOP bucket=9222 L3 active=wlan0 ch9  | prep wlan1 ch4  | BL=['5', '7', '8']
[TX  ->  *] bucket=9222 L3 active=wlan0 ch9  BL=['5', '7', '8']
[RX  <- B] bucket=9222  peer_BL=['7', '8', '5']  my_BL=['5', '7', '8']
[22:34:20] HOP bucket=9223 L3 active=wlan1 ch4  | prep wlan0 ch10  | BL=['5', '8']
[TX  ->  *] bucket=9223 L3 active=wlan1 ch4  BL=['5', '8']
[RX  <- B] bucket=9223  peer_BL=['8', '5']  my_BL=['5', '8']
[22:34:22] HOP bucket=9224 L3 active=wlan0 ch10  | prep wlan1 ch9  | BL=['5', '8']
[RX  <- B] bucket=9224  peer_BL=['8', '5']  my_BL=['5', '8']
[TX  ->  *] bucket=9224 L3 active=wlan0 ch10  BL=['5', '8']
[22:34:24] HOP bucket=9225 L3 active=wlan1 ch9  | prep wlan0 ch7  | BL=['5', '8']
[TX  ->  *] bucket=9225 L3 active=wlan1 ch9  BL=['5', '8']
[RX  <- B] bucket=9225  peer_BL=['8', '5']  my_BL=['5', '8']
[22:34:26] HOP bucket=9226 L3 active=wlan0 ch7  | prep wlan1 ch7  | BL=['5', '8']
[TX  ->  *] bucket=9226 L3 active=wlan0 ch7  BL=['5', '8']
[!! JAMMED  ] bucket=9226 L3 active=wlan0 ch7  silent + egress_drops=38  -> BL until bucket=9256  BL=['5', '7', '8']
[22:34:28] HOP bucket=9227 L3 active=wlan1 ch7  (LAG: totp_says=ch9, physical=ch7)  | prep wlan0 ch10  | BL=['5', '7', '8']
[TX  ->  *] bucket=9227 L3 active=wlan1 ch7  BL=['5', '7', '8']
[22:34:30] HOP bucket=9228 L3 active=wlan0 ch10  | prep wlan1 ch4  | BL=['5', '7', '8']
[TX  ->  *] bucket=9228 L3 active=wlan0 ch10  BL=['5', '7', '8']
[RX  <- B] bucket=9228  peer_BL=['8', '5', '7']  my_BL=['5', '7', '8']
[22:34:32] HOP bucket=9229 L3 active=wlan1 ch4  | prep wlan0 ch11  | BL=['5', '7', '8']
[TX  ->  *] bucket=9229 L3 active=wlan1 ch4  BL=['5', '7', '8']
[RX  <- B] bucket=9229  peer_BL=['8', '5', '7']  my_BL=['5', '7', '8']
[22:34:34] HOP bucket=9230 L3 active=wlan0 ch11  | prep wlan1 ch9  | BL=['5', '7', '8']
[TX  ->  *] bucket=9230 L3 active=wlan0 ch11  BL=['5', '7', '8']
[RX  <- B] bucket=9230  peer_BL=['8', '5', '7']  my_BL=['5', '7', '8']
[22:34:36] HOP bucket=9231 L3 active=wlan1 ch9  | prep wlan0 ch6  | BL=['5', '7', '8']
[TX  ->  *] bucket=9231 L3 active=wlan1 ch9  BL=['5', '7', '8']
[RX  <- B] bucket=9231  peer_BL=['8', '5', '7']  my_BL=['5', '7', '8']
[22:34:38] HOP bucket=9232 L3 active=wlan0 ch6  | prep wlan1 ch9  | BL=['5', '7', '8']
[TX  ->  *] bucket=9232 L3 active=wlan0 ch6  BL=['5', '7', '8']
[RX  <- B] bucket=9232  peer_BL=['8', '5', '7']  my_BL=['5', '7', '8']
[22:34:40] HOP bucket=9233 L3 active=wlan1 ch9  | prep wlan0 ch9  | BL=['5', '7', '8']
[TX  ->  *] bucket=9233 L3 active=wlan1 ch9  BL=['5', '7', '8']
[RX  <- B] bucket=9233  peer_BL=['8', '5', '7']  my_BL=['5', '7', '8']
[22:34:42] HOP bucket=9234 L3 active=wlan0 ch9  | prep wlan1 ch11  | BL=['5', '7', '8']
[RX  <- B] bucket=9234  peer_BL=['8', '5', '7']  my_BL=['5', '7', '8']
[TX  ->  *] bucket=9234 L3 active=wlan0 ch9  BL=['5', '7', '8']
[22:34:44] HOP bucket=9235 L3 active=wlan1 ch11  | prep wlan0 ch9  | BL=['5', '7', '8']
[TX  ->  *] bucket=9235 L3 active=wlan1 ch11  BL=['5', '7', '8']
[RX  <- B] bucket=9235  peer_BL=['8', '5', '7']  my_BL=['5', '7', '8']
[22:34:46] HOP bucket=9236 L3 active=wlan0 ch9  | prep wlan1 ch11  | BL=['5', '7', '8']
[RX  <- B] bucket=9236  peer_BL=['8', '5', '7']  my_BL=['5', '7', '8']
[TX  ->  *] bucket=9236 L3 active=wlan0 ch9  BL=['5', '7', '8']
[22:34:48] HOP bucket=9237 L3 active=wlan1 ch11  | prep wlan0 ch6  | BL=['5', '7', '8']
[TX  ->  *] bucket=9237 L3 active=wlan1 ch11  BL=['5', '7', '8']
[RX  <- B] bucket=9237  peer_BL=['8', '5', '7']  my_BL=['5', '7', '8']
[22:34:50] HOP bucket=9238 L3 active=wlan0 ch6  | prep wlan1 ch6  | BL=['5', '7', '8']
[RX  <- B] bucket=9238  peer_BL=['8', '5', '7']  my_BL=['5', '7', '8']
[TX  ->  *] bucket=9238 L3 active=wlan0 ch6  BL=['5', '7', '8']
[22:34:52] HOP bucket=9239 L3 active=wlan1 ch6  | prep wlan0 ch6  | BL=['5', '7', '8']
[RX  <- B] bucket=9239  peer_BL=['8', '5', '7']  my_BL=['5', '7', '8']
[TX  ->  *] bucket=9239 L3 active=wlan1 ch6  BL=['5', '7', '8']
[22:34:54] HOP bucket=9240 L3 active=wlan0 ch6  | prep wlan1 ch6  | BL=['5', '7', '8']
[TX  ->  *] bucket=9240 L3 active=wlan0 ch6  BL=['5', '7', '8']
[RX  <- B] bucket=9240  peer_BL=['8', '5', '7']  my_BL=['5', '7', '8']
[22:34:56] HOP bucket=9241 L3 active=wlan1 ch6  | prep wlan0 ch4  | BL=['5', '7']
[TX  ->  *] bucket=9241 L3 active=wlan1 ch6  BL=['5', '7']
[RX  <- B] bucket=9241  peer_BL=['5', '7']  my_BL=['5', '7']
[22:34:58] HOP bucket=9242 L3 active=wlan0 ch4  | prep wlan1 ch4  | BL=['5', '7']
[TX  ->  *] bucket=9242 L3 active=wlan0 ch4  BL=['5', '7']
[RX  <- B] bucket=9242  peer_BL=['5', '7']  my_BL=['5', '7']
[22:35:00] HOP bucket=9243 L3 active=wlan1 ch4  | prep wlan0 ch9  | BL=['5', '7']
[TX  ->  *] bucket=9243 L3 active=wlan1 ch4  BL=['5', '7']
[RX  <- B] bucket=9243  peer_BL=['5', '7']  my_BL=['5', '7']
[22:35:02] HOP bucket=9244 L3 active=wlan0 ch9  | prep wlan1 ch8  | BL=['5', '7']
[TX  ->  *] bucket=9244 L3 active=wlan0 ch9  BL=['5', '7']
[RX  <- B] bucket=9244  peer_BL=['5', '7']  my_BL=['5', '7']
[22:35:04] HOP bucket=9245 L3 active=wlan1 ch8  | prep wlan0 ch6  | BL=['5', '7']
[TX  ->  *] bucket=9245 L3 active=wlan1 ch8  BL=['5', '7']
[!! JAMMED  ] bucket=9245 L3 active=wlan1 ch8  silent + egress_drops=39  -> BL until bucket=9275  BL=['5', '7', '8']
[22:35:06] HOP bucket=9246 L3 active=wlan0 ch6  | prep wlan1 ch9  | BL=['5', '7', '8']
[RX  <- B] bucket=9246  peer_BL=['5', '7', '8']  my_BL=['5', '7', '8']
[TX  ->  *] bucket=9246 L3 active=wlan0 ch6  BL=['5', '7', '8']
[22:35:08] HOP bucket=9247 L3 active=wlan1 ch9  | prep wlan0 ch9  | BL=['5', '7', '8']
[RX  <- B] bucket=9247  peer_BL=['5', '7', '8']  my_BL=['5', '7', '8']
[TX  ->  *] bucket=9247 L3 active=wlan1 ch9  BL=['5', '7', '8']
[22:35:10] HOP bucket=9248 L3 active=wlan0 ch9  | prep wlan1 ch6  | BL=['5', '7', '8']
[TX  ->  *] bucket=9248 L3 active=wlan0 ch9  BL=['5', '7', '8']
[RX  <- B] bucket=9248  peer_BL=['5', '7', '8']  my_BL=['5', '7', '8']
[22:35:12] HOP bucket=9249 L3 active=wlan1 ch6  | prep wlan0 ch5  | BL=['7', '8']
[TX  ->  *] bucket=9249 L3 active=wlan1 ch6  BL=['7', '8']
[RX  <- B] bucket=9249  peer_BL=['7', '8']  my_BL=['7', '8']
[22:35:14] HOP bucket=9250 L3 active=wlan0 ch5  | prep wlan1 ch9  | BL=['7', '8']
[TX  ->  *] bucket=9250 L3 active=wlan0 ch5  BL=['7', '8']
[!! JAMMED  ] bucket=9250 L3 active=wlan0 ch5  silent + egress_drops=38  -> BL until bucket=9280  BL=['5', '7', '8']
[22:35:16] HOP bucket=9251 L3 active=wlan1 ch9  | prep wlan0 ch9  | BL=['5', '7', '8']
[TX  ->  *] bucket=9251 L3 active=wlan1 ch9  BL=['5', '7', '8']
[RX  <- B] bucket=9251  peer_BL=['7', '8', '5']  my_BL=['5', '7', '8']
[22:35:18] HOP bucket=9252 L3 active=wlan0 ch9  | prep wlan1 ch9  | BL=['5', '7', '8']
[RX  <- B] bucket=9252  peer_BL=['7', '8', '5']  my_BL=['5', '7', '8']
[TX  ->  *] bucket=9252 L3 active=wlan0 ch9  BL=['5', '7', '8']
[22:35:20] HOP bucket=9253 L3 active=wlan1 ch9  | prep wlan0 ch4  | BL=['5', '7', '8']
[RX  <- B] bucket=9253  peer_BL=['7', '8', '5']  my_BL=['5', '7', '8']
[TX  ->  *] bucket=9253 L3 active=wlan1 ch9  BL=['5', '7', '8']
[22:35:22] HOP bucket=9254 L3 active=wlan0 ch4  | prep wlan1 ch9  | BL=['5', '7', '8']
[TX  ->  *] bucket=9254 L3 active=wlan0 ch4  BL=['5', '7', '8']
[RX  <- B] bucket=9254  peer_BL=['7', '8', '5']  my_BL=['5', '7', '8']
[22:35:24] HOP bucket=9255 L3 active=wlan1 ch9  | prep wlan0 ch10  | BL=['5', '7', '8']
[TX  ->  *] bucket=9255 L3 active=wlan1 ch9  BL=['5', '7', '8']
[RX  <- B] bucket=9255  peer_BL=['7', '8', '5']  my_BL=['5', '7', '8']
[22:35:26] HOP bucket=9256 L3 active=wlan0 ch10  | prep wlan1 ch7  | BL=['5', '8']
[RX  <- B] bucket=9256  peer_BL=['8', '5']  my_BL=['5', '8']
[TX  ->  *] bucket=9256 L3 active=wlan0 ch10  BL=['5', '8']
[22:35:28] HOP bucket=9257 L3 active=wlan1 ch7  | prep wlan0 ch6  | BL=['5', '8']
[TX  ->  *] bucket=9257 L3 active=wlan1 ch7  BL=['5', '8']
[!! JAMMED  ] bucket=9257 L3 active=wlan1 ch7  silent + egress_drops=38  -> BL until bucket=9287  BL=['5', '7', '8']
[22:35:30] HOP bucket=9258 L3 active=wlan0 ch6  | prep wlan1 ch10  | BL=['5', '7', '8']
[RX  <- B] bucket=9258  peer_BL=['8', '5', '7']  my_BL=['5', '7', '8']
[TX  ->  *] bucket=9258 L3 active=wlan0 ch6  BL=['5', '7', '8']
[22:35:32] HOP bucket=9259 L3 active=wlan1 ch10  | prep wlan0 ch4  | BL=['5', '7', '8']
[RX  <- B] bucket=9259  peer_BL=['8', '5', '7']  my_BL=['5', '7', '8']
[TX  ->  *] bucket=9259 L3 active=wlan1 ch10  BL=['5', '7', '8']
[22:35:34] HOP bucket=9260 L3 active=wlan0 ch4  | prep wlan1 ch9  | BL=['5', '7', '8']
[TX  ->  *] bucket=9260 L3 active=wlan0 ch4  BL=['5', '7', '8']
[RX  <- B] bucket=9260  peer_BL=['8', '5', '7']  my_BL=['5', '7', '8']
[22:35:36] HOP bucket=9261 L3 active=wlan1 ch9  | prep wlan0 ch3  | BL=['5', '7', '8']
[TX  ->  *] bucket=9261 L3 active=wlan1 ch9  BL=['5', '7', '8']
[RX  <- B] bucket=9261  peer_BL=['8', '5', '7']  my_BL=['5', '7', '8']
[22:35:38] HOP bucket=9262 L3 active=wlan0 ch3  | prep wlan1 ch3  | BL=['5', '7', '8']
[TX  ->  *] bucket=9262 L3 active=wlan0 ch3  BL=['5', '7', '8']
[RX  <- B] bucket=9262  peer_BL=['8', '5', '7']  my_BL=['5', '7', '8']
[22:35:40] HOP bucket=9263 L3 active=wlan1 ch3  | prep wlan0 ch9  | BL=['5', '7', '8']
[TX  ->  *] bucket=9263 L3 active=wlan1 ch3  BL=['5', '7', '8']
[RX  <- B] bucket=9263  peer_BL=['8', '5', '7']  my_BL=['5', '7', '8']
[22:35:42] HOP bucket=9264 L3 active=wlan0 ch9  | prep wlan1 ch9  | BL=['5', '7', '8']
[TX  ->  *] bucket=9264 L3 active=wlan0 ch9  BL=['5', '7', '8']
[RX  <- B] bucket=9264  peer_BL=['8', '5', '7']  my_BL=['5', '7', '8']
[22:35:44] HOP bucket=9265 L3 active=wlan1 ch9  | prep wlan0 ch6  | BL=['5', '7', '8']
[TX  ->  *] bucket=9265 L3 active=wlan1 ch9  BL=['5', '7', '8']
[RX  <- B] bucket=9265  peer_BL=['8', '5', '7']  my_BL=['5', '7', '8']
[22:35:46] HOP bucket=9266 L3 active=wlan0 ch6  | prep wlan1 ch9  | BL=['5', '7', '8']
[TX  ->  *] bucket=9266 L3 active=wlan0 ch6  BL=['5', '7', '8']
[RX  <- B] bucket=9266  peer_BL=['8', '5', '7']  my_BL=['5', '7', '8']
[22:35:48] HOP bucket=9267 L3 active=wlan1 ch9  | prep wlan0 ch9  | BL=['5', '7', '8']
[RX  <- B] bucket=9267  peer_BL=['8', '5', '7']  my_BL=['5', '7', '8']
[TX  ->  *] bucket=9267 L3 active=wlan1 ch9  BL=['5', '7', '8']
[22:35:50] HOP bucket=9268 L3 active=wlan0 ch9  | prep wlan1 ch4  | BL=['5', '7', '8']
[RX  <- B] bucket=9268  peer_BL=['8', '5', '7']  my_BL=['5', '7', '8']
[TX  ->  *] bucket=9268 L3 active=wlan0 ch9  BL=['5', '7', '8']
[22:35:52] HOP bucket=9269 L3 active=wlan1 ch4  | prep wlan0 ch9  | BL=['5', '7', '8']
[RX  <- B] bucket=9269  peer_BL=['8', '5', '7']  my_BL=['5', '7', '8']
[TX  ->  *] bucket=9269 L3 active=wlan1 ch4  BL=['5', '7', '8']
[22:35:54] HOP bucket=9270 L3 active=wlan0 ch9  | prep wlan1 ch9  | BL=['5', '7', '8']
[TX  ->  *] bucket=9270 L3 active=wlan0 ch9  BL=['5', '7', '8']
[RX  <- B] bucket=9270  peer_BL=['8', '5', '7']  my_BL=['5', '7', '8']
[22:35:56] HOP bucket=9271 L3 active=wlan1 ch9  | prep wlan0 ch3  | BL=['5', '7', '8']
[TX  ->  *] bucket=9271 L3 active=wlan1 ch9  BL=['5', '7', '8']
[RX  <- B] bucket=9271  peer_BL=['8', '5', '7']  my_BL=['5', '7', '8']
[22:35:58] HOP bucket=9272 L3 active=wlan0 ch3  | prep wlan1 ch9  | BL=['5', '7', '8']
[RX  <- B] bucket=9272  peer_BL=['8', '5', '7']  my_BL=['5', '7', '8']
[TX  ->  *] bucket=9272 L3 active=wlan0 ch3  BL=['5', '7', '8']
[22:36:00] HOP bucket=9273 L3 active=wlan1 ch9  | prep wlan0 ch4  | BL=['5', '7', '8']
[RX  <- B] bucket=9273  peer_BL=['8', '5', '7']  my_BL=['5', '7', '8']
[TX  ->  *] bucket=9273 L3 active=wlan1 ch9  BL=['5', '7', '8']
[22:36:02] HOP bucket=9274 L3 active=wlan0 ch4  | prep wlan1 ch6  | BL=['5', '7', '8']
[TX  ->  *] bucket=9274 L3 active=wlan0 ch4  BL=['5', '7', '8']
[RX  <- B] bucket=9274  peer_BL=['8', '5', '7']  my_BL=['5', '7', '8']
[22:36:04] HOP bucket=9275 L3 active=wlan1 ch6  | prep wlan0 ch10  | BL=['5', '7']
[RX  <- B] bucket=9275  peer_BL=['5', '7']  my_BL=['5', '7']
[TX  ->  *] bucket=9275 L3 active=wlan1 ch6  BL=['5', '7']
[22:36:06] HOP bucket=9276 L3 active=wlan0 ch10  | prep wlan1 ch10  | BL=['5', '7']
[TX  ->  *] bucket=9276 L3 active=wlan0 ch10  BL=['5', '7']
[RX  <- B] bucket=9276  peer_BL=['5', '7']  my_BL=['5', '7']
[22:36:08] HOP bucket=9277 L3 active=wlan1 ch10  | prep wlan0 ch10  | BL=['5', '7']
[TX  ->  *] bucket=9277 L3 active=wlan1 ch10  BL=['5', '7']
[RX  <- B] bucket=9277  peer_BL=['5', '7']  my_BL=['5', '7']
[22:36:10] HOP bucket=9278 L3 active=wlan0 ch10  | prep wlan1 ch6  | BL=['5', '7']
[RX  <- B] bucket=9278  peer_BL=['5', '7']  my_BL=['5', '7']
[TX  ->  *] bucket=9278 L3 active=wlan0 ch10  BL=['5', '7']
[22:36:12] HOP bucket=9279 L3 active=wlan1 ch6  | prep wlan0 ch11  | BL=['5', '7']
[RX  <- B] bucket=9279  peer_BL=['5', '7']  my_BL=['5', '7']
[TX  ->  *] bucket=9279 L3 active=wlan1 ch6  BL=['5', '7']
[22:36:14] HOP bucket=9280 L3 active=wlan0 ch11  | prep wlan1 ch8  | BL=['7']
[TX  ->  *] bucket=9280 L3 active=wlan0 ch11  BL=['7']
[RX  <- B] bucket=9280  peer_BL=['7']  my_BL=['7']
[22:36:16] HOP bucket=9281 L3 active=wlan1 ch8  | prep wlan0 ch11  | BL=['7']
[RX  <- B] bucket=9281  peer_BL=['7']  my_BL=['7']
[TX  ->  *] bucket=9281 L3 active=wlan1 ch8  BL=['7']
[22:36:18] HOP bucket=9282 L3 active=wlan0 ch11  | prep wlan1 ch10  | BL=['7']
[TX  ->  *] bucket=9282 L3 active=wlan0 ch11  BL=['7']
[RX  <- B] bucket=9282  peer_BL=['7']  my_BL=['7']
[22:36:20] HOP bucket=9283 L3 active=wlan1 ch10  | prep wlan0 ch6  | BL=['7']
[TX  ->  *] bucket=9283 L3 active=wlan1 ch10  BL=['7']
[RX  <- B] bucket=9283  peer_BL=['7']  my_BL=['7']
[22:36:22] HOP bucket=9284 L3 active=wlan0 ch6  | prep wlan1 ch8  | BL=['7']
[TX  ->  *] bucket=9284 L3 active=wlan0 ch6  BL=['7']
[RX  <- B] bucket=9284  peer_BL=['7']  my_BL=['7']
[22:36:24] HOP bucket=9285 L3 active=wlan1 ch8  | prep wlan0 ch11  | BL=['7']
[TX  ->  *] bucket=9285 L3 active=wlan1 ch8  BL=['7']
[RX  <- B] bucket=9285  peer_BL=['7']  my_BL=['7']
[22:36:26] HOP bucket=9286 L3 active=wlan0 ch11  | prep wlan1 ch6  | BL=['7']
[TX  ->  *] bucket=9286 L3 active=wlan0 ch11  BL=['7']
[RX  <- B] bucket=9286  peer_BL=['7']  my_BL=['7']
[22:36:28] HOP bucket=9287 L3 active=wlan1 ch6  | prep wlan0 ch11  | BL=[]
[TX  ->  *] bucket=9287 L3 active=wlan1 ch6  BL=[]
[RX  <- B] bucket=9287  peer_BL=[]  my_BL=[]
[22:36:30] HOP bucket=9288 L3 active=wlan0 ch11  | prep wlan1 ch6  | BL=[]
[TX  ->  *] bucket=9288 L3 active=wlan0 ch11  BL=[]
[RX  <- B] bucket=9288  peer_BL=[]  my_BL=[]
[22:36:32] HOP bucket=9289 L3 active=wlan1 ch6  | prep wlan0 ch3  | BL=[]
[TX  ->  *] bucket=9289 L3 active=wlan1 ch6  BL=[]
[RX  <- B] bucket=9289  peer_BL=[]  my_BL=[]
[22:36:34] HOP bucket=9290 L3 active=wlan0 ch3  | prep wlan1 ch6  | BL=[]
[TX  ->  *] bucket=9290 L3 active=wlan0 ch3  BL=[]
[RX  <- B] bucket=9290  peer_BL=[]  my_BL=[]
[22:36:36] HOP bucket=9291 L3 active=wlan1 ch6  | prep wlan0 ch9  | BL=[]
[RX  <- B] bucket=9291  peer_BL=[]  my_BL=[]
[TX  ->  *] bucket=9291 L3 active=wlan1 ch6  BL=[]
[22:36:38] HOP bucket=9292 L3 active=wlan0 ch9  | prep wlan1 ch8  | BL=[]
[RX  <- B] bucket=9292  peer_BL=[]  my_BL=[]
[TX  ->  *] bucket=9292 L3 active=wlan0 ch9  BL=[]
[22:36:40] HOP bucket=9293 L3 active=wlan1 ch8  | prep wlan0 ch11  | BL=[]
[RX  <- B] bucket=9293  peer_BL=[]  my_BL=[]
[TX  ->  *] bucket=9293 L3 active=wlan1 ch8  BL=[]
[22:36:42] HOP bucket=9294 L3 active=wlan0 ch11  | prep wlan1 ch4  | BL=[]
[RX  <- B] bucket=9294  peer_BL=[]  my_BL=[]
[TX  ->  *] bucket=9294 L3 active=wlan0 ch11  BL=[]
[22:36:44] HOP bucket=9295 L3 active=wlan1 ch4  | prep wlan0 ch5  | BL=[]
[RX  <- B] bucket=9295  peer_BL=[]  my_BL=[]
[TX  ->  *] bucket=9295 L3 active=wlan1 ch4  BL=[]
[22:36:46] HOP bucket=9296 L3 active=wlan0 ch5  | prep wlan1 ch6  | BL=[]
[TX  ->  *] bucket=9296 L3 active=wlan0 ch5  BL=[]
[RX  <- B] bucket=9296  peer_BL=[]  my_BL=[]
[22:36:48] HOP bucket=9297 L3 active=wlan1 ch6  | prep wlan0 ch11  | BL=[]
[TX  ->  *] bucket=9297 L3 active=wlan1 ch6  BL=[]
[RX  <- B] bucket=9297  peer_BL=[]  my_BL=[]
[22:36:50] HOP bucket=9298 L3 active=wlan0 ch11  | prep wlan1 ch4  | BL=[]
[TX  ->  *] bucket=9298 L3 active=wlan0 ch11  BL=[]
[RX  <- B] bucket=9298  peer_BL=[]  my_BL=[]
[22:36:52] HOP bucket=9299 L3 active=wlan1 ch4  | prep wlan0 ch9  | BL=[]
[TX  ->  *] bucket=9299 L3 active=wlan1 ch4  BL=[]
[RX  <- B] bucket=9299  peer_BL=[]  my_BL=[]
[22:36:54] HOP bucket=9300 L3 active=wlan0 ch9  | prep wlan1 ch6  | BL=[]
[RX  <- B] bucket=9300  peer_BL=[]  my_BL=[]
[TX  ->  *] bucket=9300 L3 active=wlan0 ch9  BL=[]
[22:36:56] HOP bucket=9301 L3 active=wlan1 ch6  | prep wlan0 ch5  | BL=[]
[TX  ->  *] bucket=9301 L3 active=wlan1 ch6  BL=[]
[RX  <- B] bucket=9301  peer_BL=[]  my_BL=[]
[22:36:58] HOP bucket=9302 L3 active=wlan0 ch5  | prep wlan1 ch10  | BL=[]
[TX  ->  *] bucket=9302 L3 active=wlan0 ch5  BL=[]
[RX  <- B] bucket=9302  peer_BL=[]  my_BL=[]
[22:37:00] HOP bucket=9303 L3 active=wlan1 ch10  | prep wlan0 ch4  | BL=[]
[TX  ->  *] bucket=9303 L3 active=wlan1 ch10  BL=[]
[RX  <- B] bucket=9303  peer_BL=[]  my_BL=[]
[22:37:02] HOP bucket=9304 L3 active=wlan0 ch4  | prep wlan1 ch6  | BL=[]
[TX  ->  *] bucket=9304 L3 active=wlan0 ch4  BL=[]
[RX  <- B] bucket=9304  peer_BL=[]  my_BL=[]
[22:37:04] HOP bucket=9305 L3 active=wlan1 ch6  | prep wlan0 ch10  | BL=[]
[TX  ->  *] bucket=9305 L3 active=wlan1 ch6  BL=[]
[RX  <- B] bucket=9305  peer_BL=[]  my_BL=[]
[22:37:06] HOP bucket=9306 L3 active=wlan0 ch10  | prep wlan1 ch4  | BL=[]
[TX  ->  *] bucket=9306 L3 active=wlan0 ch10  BL=[]
[RX  <- B] bucket=9306  peer_BL=[]  my_BL=[]
[22:37:08] HOP bucket=9307 L3 active=wlan1 ch4  | prep wlan0 ch3  | BL=[]
[TX  ->  *] bucket=9307 L3 active=wlan1 ch4  BL=[]
[RX  <- B] bucket=9307  peer_BL=[]  my_BL=[]
[22:37:10] HOP bucket=9308 L3 active=wlan0 ch3  | prep wlan1 ch5  | BL=[]
[TX  ->  *] bucket=9308 L3 active=wlan0 ch3  BL=[]
[!! JAMMED  ] bucket=9308 L3 active=wlan0 ch3  silent + egress_drops=38  -> BL until bucket=9338  BL=['3']
[22:37:12] HOP bucket=9309 L3 active=wlan1 ch5  | prep wlan0 ch5  | BL=['3']
[RX  <- B] bucket=9309  peer_BL=['3']  my_BL=['3']
[TX  ->  *] bucket=9309 L3 active=wlan1 ch5  BL=['3']
[22:37:14] HOP bucket=9310 L3 active=wlan0 ch5  | prep wlan1 ch7  | BL=['3']
[RX  <- B] bucket=9310  peer_BL=['3']  my_BL=['3']
[TX  ->  *] bucket=9310 L3 active=wlan0 ch5  BL=['3']
[22:37:16] HOP bucket=9311 L3 active=wlan1 ch7  | prep wlan0 ch7  | BL=['3']
[RX  <- B] bucket=9311  peer_BL=['3']  my_BL=['3']
[TX  ->  *] bucket=9311 L3 active=wlan1 ch7  BL=['3']
[22:37:18] HOP bucket=9312 L3 active=wlan0 ch7  | prep wlan1 ch9  | BL=['3']
[TX  ->  *] bucket=9312 L3 active=wlan0 ch7  BL=['3']
[RX  <- B] bucket=9312  peer_BL=['3']  my_BL=['3']
[22:37:20] HOP bucket=9313 L3 active=wlan1 ch9  | prep wlan0 ch8  | BL=['3']
[TX  ->  *] bucket=9313 L3 active=wlan1 ch9  BL=['3']
[RX  <- B] bucket=9313  peer_BL=['3']  my_BL=['3']
[22:37:22] HOP bucket=9314 L3 active=wlan0 ch8  | prep wlan1 ch8  | BL=['3']
[RX  <- B] bucket=9314  peer_BL=['3']  my_BL=['3']
[TX  ->  *] bucket=9314 L3 active=wlan0 ch8  BL=['3']
[22:37:24] HOP bucket=9315 L3 active=wlan1 ch8  | prep wlan0 ch4  | BL=['3']
[RX  <- B] bucket=9315  peer_BL=['3']  my_BL=['3']
[TX  ->  *] bucket=9315 L3 active=wlan1 ch8  BL=['3']
[22:37:26] HOP bucket=9316 L3 active=wlan0 ch4  | prep wlan1 ch10  | BL=['3']
[TX  ->  *] bucket=9316 L3 active=wlan0 ch4  BL=['3']
[RX  <- B] bucket=9316  peer_BL=['3']  my_BL=['3']
[22:37:28] HOP bucket=9317 L3 active=wlan1 ch10  | prep wlan0 ch5  | BL=['3']
[RX  <- B] bucket=9317  peer_BL=['3']  my_BL=['3']
[TX  ->  *] bucket=9317 L3 active=wlan1 ch10  BL=['3']
[22:37:30] HOP bucket=9318 L3 active=wlan0 ch5  | prep wlan1 ch7  | BL=['3']
[TX  ->  *] bucket=9318 L3 active=wlan0 ch5  BL=['3']
[RX  <- B] bucket=9318  peer_BL=['3']  my_BL=['3']
[22:37:32] HOP bucket=9319 L3 active=wlan1 ch7  | prep wlan0 ch8  | BL=['3']
[TX  ->  *] bucket=9319 L3 active=wlan1 ch7  BL=['3']
[RX  <- B] bucket=9319  peer_BL=['3']  my_BL=['3']
[22:37:34] HOP bucket=9320 L3 active=wlan0 ch8  | prep wlan1 ch11  | BL=['3']
[TX  ->  *] bucket=9320 L3 active=wlan0 ch8  BL=['3']
[RX  <- B] bucket=9320  peer_BL=['3']  my_BL=['3']
[22:37:36] HOP bucket=9321 L3 active=wlan1 ch11  | prep wlan0 ch5  | BL=['3']
[TX  ->  *] bucket=9321 L3 active=wlan1 ch11  BL=['3']
[RX  <- B] bucket=9321  peer_BL=['3']  my_BL=['3']
[22:37:38] HOP bucket=9322 L3 active=wlan0 ch5  | prep wlan1 ch8  | BL=['3']
[TX  ->  *] bucket=9322 L3 active=wlan0 ch5  BL=['3']
[RX  <- B] bucket=9322  peer_BL=['3']  my_BL=['3']
[22:37:40] HOP bucket=9323 L3 active=wlan1 ch8  | prep wlan0 ch5  | BL=['3']
[TX  ->  *] bucket=9323 L3 active=wlan1 ch8  BL=['3']
[RX  <- B] bucket=9323  peer_BL=['3']  my_BL=['3']
[22:37:42] HOP bucket=9324 L3 active=wlan0 ch5  | prep wlan1 ch9  | BL=['3']
[TX  ->  *] bucket=9324 L3 active=wlan0 ch5  BL=['3']
[RX  <- B] bucket=9324  peer_BL=['3']  my_BL=['3']
[22:37:44] HOP bucket=9325 L3 active=wlan1 ch9  | prep wlan0 ch8  | BL=['3']
[TX  ->  *] bucket=9325 L3 active=wlan1 ch9  BL=['3']
[RX  <- B] bucket=9325  peer_BL=['3']  my_BL=['3']
[22:37:46] HOP bucket=9326 L3 active=wlan0 ch8  | prep wlan1 ch10  | BL=['3']
[RX  <- B] bucket=9326  peer_BL=['3']  my_BL=['3']
[TX  ->  *] bucket=9326 L3 active=wlan0 ch8  BL=['3']
[22:37:48] HOP bucket=9327 L3 active=wlan1 ch10  | prep wlan0 ch9  | BL=['3']
[RX  <- B] bucket=9327  peer_BL=['3']  my_BL=['3']
[TX  ->  *] bucket=9327 L3 active=wlan1 ch10  BL=['3']
[22:37:50] HOP bucket=9328 L3 active=wlan0 ch9  | prep wlan1 ch5  | BL=['3']
[TX  ->  *] bucket=9328 L3 active=wlan0 ch9  BL=['3']
[RX  <- B] bucket=9328  peer_BL=['3']  my_BL=['3']
[22:37:52] HOP bucket=9329 L3 active=wlan1 ch5  | prep wlan0 ch6  | BL=['3']
[RX  <- B] bucket=9329  peer_BL=['3']  my_BL=['3']
[TX  ->  *] bucket=9329 L3 active=wlan1 ch5  BL=['3']
[22:37:54] HOP bucket=9330 L3 active=wlan0 ch6  | prep wlan1 ch8  | BL=['3']
[RX  <- B] bucket=9330  peer_BL=['3']  my_BL=['3']
[TX  ->  *] bucket=9330 L3 active=wlan0 ch6  BL=['3']
[22:37:56] HOP bucket=9331 L3 active=wlan1 ch8  | prep wlan0 ch10  | BL=['3']
[TX  ->  *] bucket=9331 L3 active=wlan1 ch8  BL=['3']
[RX  <- B] bucket=9331  peer_BL=['3']  my_BL=['3']
[22:37:58] HOP bucket=9332 L3 active=wlan0 ch10  | prep wlan1 ch4  | BL=['3']
[TX  ->  *] bucket=9332 L3 active=wlan0 ch10  BL=['3']
[RX  <- B] bucket=9332  peer_BL=['3']  my_BL=['3']
[22:38:00] HOP bucket=9333 L3 active=wlan1 ch4  | prep wlan0 ch10  | BL=['3']
[TX  ->  *] bucket=9333 L3 active=wlan1 ch4  BL=['3']
[!! JAMMED  ] bucket=9333 L3 active=wlan1 ch4  silent + egress_drops=38  -> BL until bucket=9363  BL=['3', '4']
[22:38:02] HOP bucket=9334 L3 active=wlan0 ch10  | prep wlan1 ch5  | BL=['3', '4']
[TX  ->  *] bucket=9334 L3 active=wlan0 ch10  BL=['3', '4']
[RX  <- B] bucket=9334  peer_BL=['3', '4']  my_BL=['3', '4']
[22:38:04] HOP bucket=9335 L3 active=wlan1 ch5  | prep wlan0 ch10  | BL=['3', '4']
[TX  ->  *] bucket=9335 L3 active=wlan1 ch5  BL=['3', '4']
[RX  <- B] bucket=9335  peer_BL=['3', '4']  my_BL=['3', '4']
[22:38:06] HOP bucket=9336 L3 active=wlan0 ch10  | prep wlan1 ch9  | BL=['3', '4']
[TX  ->  *] bucket=9336 L3 active=wlan0 ch10  BL=['3', '4']
[RX  <- B] bucket=9336  peer_BL=['3', '4']  my_BL=['3', '4']
[22:38:08] HOP bucket=9337 L3 active=wlan1 ch9  | prep wlan0 ch7  | BL=['3', '4']
[RX  <- B] bucket=9337  peer_BL=['3', '4']  my_BL=['3', '4']
[TX  ->  *] bucket=9337 L3 active=wlan1 ch9  BL=['3', '4']
[22:38:10] HOP bucket=9338 L3 active=wlan0 ch7  | prep wlan1 ch8  | BL=['4']
[TX  ->  *] bucket=9338 L3 active=wlan0 ch7  BL=['4']
[RX  <- B] bucket=9338  peer_BL=['4']  my_BL=['4']
[22:38:12] HOP bucket=9339 L3 active=wlan1 ch8  | prep wlan0 ch8  | BL=['4']
[RX  <- B] bucket=9339  peer_BL=['4']  my_BL=['4']
[TX  ->  *] bucket=9339 L3 active=wlan1 ch8  BL=['4']
[22:38:14] HOP bucket=9340 L3 active=wlan0 ch8  | prep wlan1 ch11  | BL=['4']
[RX  <- B] bucket=9340  peer_BL=['4']  my_BL=['4']
[TX  ->  *] bucket=9340 L3 active=wlan0 ch8  BL=['4']
[22:38:16] HOP bucket=9341 L3 active=wlan1 ch11  | prep wlan0 ch8  | BL=['4']
[TX  ->  *] bucket=9341 L3 active=wlan1 ch11  BL=['4']
[RX  <- B] bucket=9341  peer_BL=['4']  my_BL=['4']
[22:38:18] HOP bucket=9342 L3 active=wlan0 ch8  | prep wlan1 ch7  | BL=['4']
[RX  <- B] bucket=9342  peer_BL=['4']  my_BL=['4']
[TX  ->  *] bucket=9342 L3 active=wlan0 ch8  BL=['4']
[22:38:20] HOP bucket=9343 L3 active=wlan1 ch7  | prep wlan0 ch3  | BL=['4']
[TX  ->  *] bucket=9343 L3 active=wlan1 ch7  BL=['4']
[RX  <- B] bucket=9343  peer_BL=['4']  my_BL=['4']
[22:38:22] HOP bucket=9344 L3 active=wlan0 ch3  | prep wlan1 ch6  | BL=['4']
[TX  ->  *] bucket=9344 L3 active=wlan0 ch3  BL=['4']
[!! JAMMED  ] bucket=9344 L3 active=wlan0 ch3  silent + egress_drops=39  -> BL until bucket=9374  BL=['3', '4']
[22:38:24] HOP bucket=9345 L3 active=wlan1 ch6  | prep wlan0 ch5  | BL=['3', '4']
[RX  <- B] bucket=9345  peer_BL=['4', '3']  my_BL=['3', '4']
[TX  ->  *] bucket=9345 L3 active=wlan1 ch6  BL=['3', '4']
[22:38:26] HOP bucket=9346 L3 active=wlan0 ch5  | prep wlan1 ch11  | BL=['3', '4']
[RX  <- B] bucket=9346  peer_BL=['4', '3']  my_BL=['3', '4']
[TX  ->  *] bucket=9346 L3 active=wlan0 ch5  BL=['3', '4']
[22:38:28] HOP bucket=9347 L3 active=wlan1 ch11  | prep wlan0 ch5  | BL=['3', '4']
[TX  ->  *] bucket=9347 L3 active=wlan1 ch11  BL=['3', '4']
[RX  <- B] bucket=9347  peer_BL=['4', '3']  my_BL=['3', '4']
[22:38:30] HOP bucket=9348 L3 active=wlan0 ch5  | prep wlan1 ch9  | BL=['3', '4']
[TX  ->  *] bucket=9348 L3 active=wlan0 ch5  BL=['3', '4']
[RX  <- B] bucket=9348  peer_BL=['4', '3']  my_BL=['3', '4']
[22:38:32] HOP bucket=9349 L3 active=wlan1 ch9  | prep wlan0 ch7  | BL=['3', '4']
[RX  <- B] bucket=9349  peer_BL=['4', '3']  my_BL=['3', '4']
[TX  ->  *] bucket=9349 L3 active=wlan1 ch9  BL=['3', '4']
[22:38:34] HOP bucket=9350 L3 active=wlan0 ch7  | prep wlan1 ch9  | BL=['3', '4']
[RX  <- B] bucket=9350  peer_BL=['4', '3']  my_BL=['3', '4']
[TX  ->  *] bucket=9350 L3 active=wlan0 ch7  BL=['3', '4']
[22:38:36] HOP bucket=9351 L3 active=wlan1 ch9  | prep wlan0 ch6  | BL=['3', '4']
[TX  ->  *] bucket=9351 L3 active=wlan1 ch9  BL=['3', '4']
[RX  <- B] bucket=9351  peer_BL=['4', '3']  my_BL=['3', '4']
[22:38:38] HOP bucket=9352 L3 active=wlan0 ch6  | prep wlan1 ch5  | BL=['3', '4']
[RX  <- B] bucket=9352  peer_BL=['4', '3']  my_BL=['3', '4']
[TX  ->  *] bucket=9352 L3 active=wlan0 ch6  BL=['3', '4']
[22:38:40] HOP bucket=9353 L3 active=wlan1 ch5  | prep wlan0 ch8  | BL=['3', '4']
[TX  ->  *] bucket=9353 L3 active=wlan1 ch5  BL=['3', '4']
[RX  <- B] bucket=9353  peer_BL=['4', '3']  my_BL=['3', '4']
[22:38:42] HOP bucket=9354 L3 active=wlan0 ch8  | prep wlan1 ch6  | BL=['3', '4']
[TX  ->  *] bucket=9354 L3 active=wlan0 ch8  BL=['3', '4']
[RX  <- B] bucket=9354  peer_BL=['4', '3']  my_BL=['3', '4']
[22:38:44] HOP bucket=9355 L3 active=wlan1 ch6  | prep wlan0 ch5  | BL=['3', '4']
[RX  <- B] bucket=9355  peer_BL=['4', '3']  my_BL=['3', '4']
[TX  ->  *] bucket=9355 L3 active=wlan1 ch6  BL=['3', '4']
[22:38:46] HOP bucket=9356 L3 active=wlan0 ch5  | prep wlan1 ch5  | BL=['3', '4']
[TX  ->  *] bucket=9356 L3 active=wlan0 ch5  BL=['3', '4']
[RX  <- B] bucket=9356  peer_BL=['4', '3']  my_BL=['3', '4']
[22:38:48] HOP bucket=9357 L3 active=wlan1 ch5  | prep wlan0 ch9  | BL=['3', '4']
[TX  ->  *] bucket=9357 L3 active=wlan1 ch5  BL=['3', '4']
[RX  <- B] bucket=9357  peer_BL=['4', '3']  my_BL=['3', '4']
[22:38:50] HOP bucket=9358 L3 active=wlan0 ch9  | prep wlan1 ch10  | BL=['3', '4']
[TX  ->  *] bucket=9358 L3 active=wlan0 ch9  BL=['3', '4']
[RX  <- B] bucket=9358  peer_BL=['4', '3']  my_BL=['3', '4']
[22:38:52] HOP bucket=9359 L3 active=wlan1 ch10  | prep wlan0 ch6  | BL=['3', '4']
[TX  ->  *] bucket=9359 L3 active=wlan1 ch10  BL=['3', '4']
[RX  <- B] bucket=9359  peer_BL=['4', '3']  my_BL=['3', '4']
[22:38:54] HOP bucket=9360 L3 active=wlan0 ch6  | prep wlan1 ch9  | BL=['3', '4']
[TX  ->  *] bucket=9360 L3 active=wlan0 ch6  BL=['3', '4']
[!! JAMMED  ] bucket=9360 L3 active=wlan0 ch6  silent + egress_drops=37  -> BL until bucket=9390  BL=['3', '4', '6']
[22:38:56] HOP bucket=9361 L3 active=wlan1 ch9  | prep wlan0 ch9  | BL=['3', '4', '6']
[RX  <- B] bucket=9361  peer_BL=['4', '3', '6']  my_BL=['3', '4', '6']
[TX  ->  *] bucket=9361 L3 active=wlan1 ch9  BL=['3', '4', '6']
[22:38:58] HOP bucket=9362 L3 active=wlan0 ch9  | prep wlan1 ch5  | BL=['3', '4', '6']
[TX  ->  *] bucket=9362 L3 active=wlan0 ch9  BL=['3', '4', '6']
[RX  <- B] bucket=9362  peer_BL=['4', '3', '6']  my_BL=['3', '4', '6']
[22:39:00] HOP bucket=9363 L3 active=wlan1 ch5  (LAG: totp_says=ch4, physical=ch5)  | prep wlan0 ch10  | BL=['3', '6']
[TX  ->  *] bucket=9363 L3 active=wlan1 ch5  BL=['3', '6']
[!! JAMMED  ] bucket=9363 L3 active=wlan1 ch5  silent + egress_drops=39  -> BL until bucket=9393  BL=['3', '5', '6']
[22:39:02] HOP bucket=9364 L3 active=wlan0 ch10  | prep wlan1 ch7  | BL=['3', '5', '6']
[TX  ->  *] bucket=9364 L3 active=wlan0 ch10  BL=['3', '5', '6']
[RX  <- B] bucket=9364  peer_BL=['3', '6', '5']  my_BL=['3', '5', '6']
[22:39:04] HOP bucket=9365 L3 active=wlan1 ch7  | prep wlan0 ch4  | BL=['3', '5', '6']
[RX  <- B] bucket=9365  peer_BL=['3', '6', '5']  my_BL=['3', '5', '6']
[TX  ->  *] bucket=9365 L3 active=wlan1 ch7  BL=['3', '5', '6']
[22:39:06] HOP bucket=9366 L3 active=wlan0 ch4  | prep wlan1 ch10  | BL=['3', '5', '6']
[TX  ->  *] bucket=9366 L3 active=wlan0 ch4  BL=['3', '5', '6']
[!! JAMMED  ] bucket=9366 L3 active=wlan0 ch4  silent + egress_drops=39  -> BL until bucket=9396  BL=['3', '4', '5', '6']
[22:39:08] HOP bucket=9367 L3 active=wlan1 ch10  | prep wlan0 ch7  | BL=['3', '4', '5', '6']
[RX  <- B] bucket=9367  peer_BL=['3', '6', '5', '4']  my_BL=['3', '4', '5', '6']
[TX  ->  *] bucket=9367 L3 active=wlan1 ch10  BL=['3', '4', '5', '6']
[22:39:10] HOP bucket=9368 L3 active=wlan0 ch7  | prep wlan1 ch7  | BL=['3', '4', '5', '6']
[TX  ->  *] bucket=9368 L3 active=wlan0 ch7  BL=['3', '4', '5', '6']
[RX  <- B] bucket=9368  peer_BL=['3', '6', '5', '4']  my_BL=['3', '4', '5', '6']
[22:39:12] HOP bucket=9369 L3 active=wlan1 ch7  | prep wlan0 ch7  | BL=['3', '4', '5', '6']
[RX  <- B] bucket=9369  peer_BL=['3', '6', '5', '4']  my_BL=['3', '4', '5', '6']
[TX  ->  *] bucket=9369 L3 active=wlan1 ch7  BL=['3', '4', '5', '6']
[22:39:14] HOP bucket=9370 L3 active=wlan0 ch7  | prep wlan1 ch7  | BL=['3', '4', '5', '6']
[TX  ->  *] bucket=9370 L3 active=wlan0 ch7  BL=['3', '4', '5', '6']
[RX  <- B] bucket=9370  peer_BL=['3', '6', '5', '4']  my_BL=['3', '4', '5', '6']
[22:39:16] HOP bucket=9371 L3 active=wlan1 ch7  | prep wlan0 ch7  | BL=['3', '4', '5', '6']
[TX  ->  *] bucket=9371 L3 active=wlan1 ch7  BL=['3', '4', '5', '6']
[RX  <- B] bucket=9371  peer_BL=['3', '6', '5', '4']  my_BL=['3', '4', '5', '6']
[22:39:18] HOP bucket=9372 L3 active=wlan0 ch7  | prep wlan1 ch7  | BL=['3', '4', '5', '6']
[RX  <- B] bucket=9372  peer_BL=['3', '6', '5', '4']  my_BL=['3', '4', '5', '6']
[TX  ->  *] bucket=9372 L3 active=wlan0 ch7  BL=['3', '4', '5', '6']
[22:39:20] HOP bucket=9373 L3 active=wlan1 ch7  | prep wlan0 ch7  | BL=['3', '4', '5', '6']
[RX  <- B] bucket=9373  peer_BL=['3', '6', '5', '4']  my_BL=['3', '4', '5', '6']
[TX  ->  *] bucket=9373 L3 active=wlan1 ch7  BL=['3', '4', '5', '6']
[22:39:22] HOP bucket=9374 L3 active=wlan0 ch7  | prep wlan1 ch10  | BL=['4', '5', '6']
[TX  ->  *] bucket=9374 L3 active=wlan0 ch7  BL=['4', '5', '6']
[RX  <- B] bucket=9374  peer_BL=['6', '5', '4']  my_BL=['4', '5', '6']
[22:39:24] HOP bucket=9375 L3 active=wlan1 ch10  | prep wlan0 ch3  | BL=['4', '5', '6']
[TX  ->  *] bucket=9375 L3 active=wlan1 ch10  BL=['4', '5', '6']
[RX  <- B] bucket=9375  peer_BL=['6', '5', '4']  my_BL=['4', '5', '6']
[22:39:26] HOP bucket=9376 L3 active=wlan0 ch3  | prep wlan1 ch7  | BL=['4', '5', '6']
[TX  ->  *] bucket=9376 L3 active=wlan0 ch3  BL=['4', '5', '6']
[RX  <- B] bucket=9376  peer_BL=['6', '5', '4']  my_BL=['4', '5', '6']
[22:39:28] HOP bucket=9377 L3 active=wlan1 ch7  | prep wlan0 ch9  | BL=['4', '5', '6']
[TX  ->  *] bucket=9377 L3 active=wlan1 ch7  BL=['4', '5', '6']
[RX  <- B] bucket=9377  peer_BL=['6', '5', '4']  my_BL=['4', '5', '6']
[22:39:30] HOP bucket=9378 L3 active=wlan0 ch9  | prep wlan1 ch7  | BL=['4', '5', '6']
[TX  ->  *] bucket=9378 L3 active=wlan0 ch9  BL=['4', '5', '6']
[RX  <- B] bucket=9378  peer_BL=['6', '5', '4']  my_BL=['4', '5', '6']
[22:39:32] HOP bucket=9379 L3 active=wlan1 ch7  | prep wlan0 ch7  | BL=['4', '5', '6']
[TX  ->  *] bucket=9379 L3 active=wlan1 ch7  BL=['4', '5', '6']
[RX  <- B] bucket=9379  peer_BL=['6', '5', '4']  my_BL=['4', '5', '6']
[22:39:34] HOP bucket=9380 L3 active=wlan0 ch7  | prep wlan1 ch7  | BL=['4', '5', '6']
[RX  <- B] bucket=9380  peer_BL=['6', '5', '4']  my_BL=['4', '5', '6']
[TX  ->  *] bucket=9380 L3 active=wlan0 ch7  BL=['4', '5', '6']
[22:39:36] HOP bucket=9381 L3 active=wlan1 ch7  | prep wlan0 ch9  | BL=['4', '5', '6']
[TX  ->  *] bucket=9381 L3 active=wlan1 ch7  BL=['4', '5', '6']
[RX  <- B] bucket=9381  peer_BL=['6', '5', '4']  my_BL=['4', '5', '6']
[22:39:38] HOP bucket=9382 L3 active=wlan0 ch9  | prep wlan1 ch9  | BL=['4', '5', '6']
[RX  <- B] bucket=9382  peer_BL=['6', '5', '4']  my_BL=['4', '5', '6']
[TX  ->  *] bucket=9382 L3 active=wlan0 ch9  BL=['4', '5', '6']
[22:39:40] HOP bucket=9383 L3 active=wlan1 ch9  | prep wlan0 ch7  | BL=['4', '5', '6']
[RX  <- B] bucket=9383  peer_BL=['6', '5', '4']  my_BL=['4', '5', '6']
[TX  ->  *] bucket=9383 L3 active=wlan1 ch9  BL=['4', '5', '6']
[22:39:42] HOP bucket=9384 L3 active=wlan0 ch7  | prep wlan1 ch7  | BL=['4', '5', '6']
[TX  ->  *] bucket=9384 L3 active=wlan0 ch7  BL=['4', '5', '6']
[RX  <- B] bucket=9384  peer_BL=['6', '5', '4']  my_BL=['4', '5', '6']
[22:39:44] HOP bucket=9385 L3 active=wlan1 ch7  | prep wlan0 ch7  | BL=['4', '5', '6']
[RX  <- B] bucket=9385  peer_BL=['6', '5', '4']  my_BL=['4', '5', '6']
[TX  ->  *] bucket=9385 L3 active=wlan1 ch7  BL=['4', '5', '6']
[22:39:46] HOP bucket=9386 L3 active=wlan0 ch7  | prep wlan1 ch11  | BL=['4', '5', '6']
[RX  <- B] bucket=9386  peer_BL=['6', '5', '4']  my_BL=['4', '5', '6']
[TX  ->  *] bucket=9386 L3 active=wlan0 ch7  BL=['4', '5', '6']
[22:39:48] HOP bucket=9387 L3 active=wlan1 ch11  | prep wlan0 ch11  | BL=['4', '5', '6']
[TX  ->  *] bucket=9387 L3 active=wlan1 ch11  BL=['4', '5', '6']
[RX  <- B] bucket=9387  peer_BL=['6', '5', '4']  my_BL=['4', '5', '6']
[22:39:50] HOP bucket=9388 L3 active=wlan0 ch11  | prep wlan1 ch7  | BL=['4', '5', '6']
[RX  <- B] bucket=9388  peer_BL=['6', '5', '4']  my_BL=['4', '5', '6']
[TX  ->  *] bucket=9388 L3 active=wlan0 ch11  BL=['4', '5', '6']
[22:39:52] HOP bucket=9389 L3 active=wlan1 ch7  | prep wlan0 ch8  | BL=['4', '5', '6']
[RX  <- B] bucket=9389  peer_BL=['6', '5', '4']  my_BL=['4', '5', '6']
[TX  ->  *] bucket=9389 L3 active=wlan1 ch7  BL=['4', '5', '6']
[22:39:54] HOP bucket=9390 L3 active=wlan0 ch8  | prep wlan1 ch8  | BL=['4', '5']
[TX  ->  *] bucket=9390 L3 active=wlan0 ch8  BL=['4', '5']
[RX  <- B] bucket=9390  peer_BL=['5', '4']  my_BL=['4', '5']
[22:39:56] HOP bucket=9391 L3 active=wlan1 ch8  | prep wlan0 ch9  | BL=['4', '5']
[TX  ->  *] bucket=9391 L3 active=wlan1 ch8  BL=['4', '5']
[RX  <- B] bucket=9391  peer_BL=['5', '4']  my_BL=['4', '5']
[22:39:58] HOP bucket=9392 L3 active=wlan0 ch9  | prep wlan1 ch11  | BL=['4', '5']
[RX  <- B] bucket=9392  peer_BL=['5', '4']  my_BL=['4', '5']
[TX  ->  *] bucket=9392 L3 active=wlan0 ch9  BL=['4', '5']
[22:40:00] HOP bucket=9393 L3 active=wlan1 ch11  | prep wlan0 ch3  | BL=['4']
[RX  <- B] bucket=9393  peer_BL=['4']  my_BL=['4']
[TX  ->  *] bucket=9393 L3 active=wlan1 ch11  BL=['4']
[22:40:02] HOP bucket=9394 L3 active=wlan0 ch3  | prep wlan1 ch10  | BL=['4']
[TX  ->  *] bucket=9394 L3 active=wlan0 ch3  BL=['4']
[RX  <- B] bucket=9394  peer_BL=['4']  my_BL=['4']
[22:40:04] HOP bucket=9395 L3 active=wlan1 ch10  | prep wlan0 ch9  | BL=['4']
[RX  <- B] bucket=9395  peer_BL=['4']  my_BL=['4']
[TX  ->  *] bucket=9395 L3 active=wlan1 ch10  BL=['4']
[22:40:06] HOP bucket=9396 L3 active=wlan0 ch9  | prep wlan1 ch7  | BL=[]
[RX  <- B] bucket=9396  peer_BL=[]  my_BL=[]
[TX  ->  *] bucket=9396 L3 active=wlan0 ch9  BL=[]
[22:40:08] HOP bucket=9397 L3 active=wlan1 ch7  | prep wlan0 ch4  | BL=[]
[TX  ->  *] bucket=9397 L3 active=wlan1 ch7  BL=[]
[!! JAMMED  ] bucket=9397 L3 active=wlan1 ch7  silent + egress_drops=39  -> BL until bucket=9427  BL=['7']
[22:40:10] HOP bucket=9398 L3 active=wlan0 ch4  | prep wlan1 ch10  | BL=['7']
[TX  ->  *] bucket=9398 L3 active=wlan0 ch4  BL=['7']
[!! JAMMED  ] bucket=9398 L3 active=wlan0 ch4  silent + egress_drops=39  -> BL until bucket=9428  BL=['4', '7']
[22:40:12] HOP bucket=9399 L3 active=wlan1 ch10  | prep wlan0 ch5  | BL=['4', '7']
[TX  ->  *] bucket=9399 L3 active=wlan1 ch10  BL=['4', '7']
[RX  <- B] bucket=9399  peer_BL=['7', '4']  my_BL=['4', '7']
[22:40:14] HOP bucket=9400 L3 active=wlan0 ch5  | prep wlan1 ch10  | BL=['4', '7']
[TX  ->  *] bucket=9400 L3 active=wlan0 ch5  BL=['4', '7']
[!! JAMMED  ] bucket=9400 L3 active=wlan0 ch5  silent + egress_drops=78  -> BL until bucket=9430  BL=['4', '5', '7']
[22:40:16] HOP bucket=9401 L3 active=wlan1 ch10  | prep wlan0 ch9  | BL=['4', '5', '7']
[TX  ->  *] bucket=9401 L3 active=wlan1 ch10  BL=['4', '5', '7']
[RX  <- B] bucket=9401  peer_BL=['7', '4', '5']  my_BL=['4', '5', '7']
[22:40:18] HOP bucket=9402 L3 active=wlan0 ch9  | prep wlan1 ch10  | BL=['4', '5', '7']
[TX  ->  *] bucket=9402 L3 active=wlan0 ch9  BL=['4', '5', '7']
[RX  <- B] bucket=9402  peer_BL=['7', '4', '5']  my_BL=['4', '5', '7']
[22:40:20] HOP bucket=9403 L3 active=wlan1 ch10  | prep wlan0 ch8  | BL=['4', '5', '7']
[TX  ->  *] bucket=9403 L3 active=wlan1 ch10  BL=['4', '5', '7']
[RX  <- B] bucket=9403  peer_BL=['7', '4', '5']  my_BL=['4', '5', '7']
[22:40:22] HOP bucket=9404 L3 active=wlan0 ch8  | prep wlan1 ch8  | BL=['4', '5', '7']
[TX  ->  *] bucket=9404 L3 active=wlan0 ch8  BL=['4', '5', '7']
[RX  <- B] bucket=9404  peer_BL=['7', '4', '5']  my_BL=['4', '5', '7']
[22:40:24] HOP bucket=9405 L3 active=wlan1 ch8  | prep wlan0 ch10  | BL=['4', '5', '7']
[RX  <- B] bucket=9405  peer_BL=['7', '4', '5']  my_BL=['4', '5', '7']
[TX  ->  *] bucket=9405 L3 active=wlan1 ch8  BL=['4', '5', '7']
[22:40:26] HOP bucket=9406 L3 active=wlan0 ch10  | prep wlan1 ch8  | BL=['4', '5', '7']
[TX  ->  *] bucket=9406 L3 active=wlan0 ch10  BL=['4', '5', '7']
[RX  <- B] bucket=9406  peer_BL=['7', '4', '5']  my_BL=['4', '5', '7']
[22:40:28] HOP bucket=9407 L3 active=wlan1 ch8  | prep wlan0 ch6  | BL=['4', '5', '7']
[RX  <- B] bucket=9407  peer_BL=['7', '4', '5']  my_BL=['4', '5', '7']
[TX  ->  *] bucket=9407 L3 active=wlan1 ch8  BL=['4', '5', '7']
[22:40:30] HOP bucket=9408 L3 active=wlan0 ch6  | prep wlan1 ch9  | BL=['4', '5', '7']
[TX  ->  *] bucket=9408 L3 active=wlan0 ch6  BL=['4', '5', '7']
[!! JAMMED  ] bucket=9408 L3 active=wlan0 ch6  silent + egress_drops=38  -> BL until bucket=9438  BL=['4', '5', '6', '7']
[22:40:32] HOP bucket=9409 L3 active=wlan1 ch9  | prep wlan0 ch8  | BL=['4', '5', '6', '7']
[RX  <- B] bucket=9409  peer_BL=['7', '4', '5', '6']  my_BL=['4', '5', '6', '7']
[TX  ->  *] bucket=9409 L3 active=wlan1 ch9  BL=['4', '5', '6', '7']
[22:40:34] HOP bucket=9410 L3 active=wlan0 ch8  | prep wlan1 ch11  | BL=['4', '5', '6', '7']
[TX  ->  *] bucket=9410 L3 active=wlan0 ch8  BL=['4', '5', '6', '7']
[RX  <- B] bucket=9410  peer_BL=['7', '4', '5', '6']  my_BL=['4', '5', '6', '7']
[22:40:36] HOP bucket=9411 L3 active=wlan1 ch11  | prep wlan0 ch3  | BL=['4', '5', '6', '7']
[TX  ->  *] bucket=9411 L3 active=wlan1 ch11  BL=['4', '5', '6', '7']
[RX  <- B] bucket=9411  peer_BL=['7', '4', '5', '6']  my_BL=['4', '5', '6', '7']
[22:40:38] HOP bucket=9412 L3 active=wlan0 ch3  | prep wlan1 ch3  | BL=['4', '5', '6', '7']
[TX  ->  *] bucket=9412 L3 active=wlan0 ch3  BL=['4', '5', '6', '7']
[RX  <- B] bucket=9412  peer_BL=['7', '4', '5', '6']  my_BL=['4', '5', '6', '7']
[22:40:40] HOP bucket=9413 L3 active=wlan1 ch3  | prep wlan0 ch11  | BL=['4', '5', '6', '7']
[RX  <- B] bucket=9413  peer_BL=['7', '4', '5', '6']  my_BL=['4', '5', '6', '7']
[TX  ->  *] bucket=9413 L3 active=wlan1 ch3  BL=['4', '5', '6', '7']
[22:40:42] HOP bucket=9414 L3 active=wlan0 ch11  | prep wlan1 ch8  | BL=['4', '5', '6', '7']
[TX  ->  *] bucket=9414 L3 active=wlan0 ch11  BL=['4', '5', '6', '7']
[RX  <- B] bucket=9414  peer_BL=['7', '4', '5', '6']  my_BL=['4', '5', '6', '7']
[22:40:44] HOP bucket=9415 L3 active=wlan1 ch8  | prep wlan0 ch8  | BL=['4', '5', '6', '7']
[TX  ->  *] bucket=9415 L3 active=wlan1 ch8  BL=['4', '5', '6', '7']
[RX  <- B] bucket=9415  peer_BL=['7', '4', '5', '6']  my_BL=['4', '5', '6', '7']
[22:40:46] HOP bucket=9416 L3 active=wlan0 ch8  | prep wlan1 ch8  | BL=['4', '5', '6', '7']
[RX  <- B] bucket=9416  peer_BL=['7', '4', '5', '6']  my_BL=['4', '5', '6', '7']
[TX  ->  *] bucket=9416 L3 active=wlan0 ch8  BL=['4', '5', '6', '7']
[22:40:48] HOP bucket=9417 L3 active=wlan1 ch8  | prep wlan0 ch8  | BL=['4', '5', '6', '7']
[TX  ->  *] bucket=9417 L3 active=wlan1 ch8  BL=['4', '5', '6', '7']
[RX  <- B] bucket=9417  peer_BL=['7', '4', '5', '6']  my_BL=['4', '5', '6', '7']
[22:40:50] HOP bucket=9418 L3 active=wlan0 ch8  | prep wlan1 ch8  | BL=['4', '5', '6', '7']
[TX  ->  *] bucket=9418 L3 active=wlan0 ch8  BL=['4', '5', '6', '7']
[RX  <- B] bucket=9418  peer_BL=['7', '4', '5', '6']  my_BL=['4', '5', '6', '7']
[22:40:52] HOP bucket=9419 L3 active=wlan1 ch8  | prep wlan0 ch8  | BL=['4', '5', '6', '7']
[TX  ->  *] bucket=9419 L3 active=wlan1 ch8  BL=['4', '5', '6', '7']
[RX  <- B] bucket=9419  peer_BL=['7', '4', '5', '6']  my_BL=['4', '5', '6', '7']
[22:40:54] HOP bucket=9420 L3 active=wlan0 ch8  | prep wlan1 ch10  | BL=['4', '5', '6', '7']
[TX  ->  *] bucket=9420 L3 active=wlan0 ch8  BL=['4', '5', '6', '7']
[!! JAMMED  ] bucket=9420 L3 active=wlan0 ch8  silent + egress_drops=37  -> BL until bucket=9450  BL=['4', '5', '6', '7', '8']
[22:40:56] HOP bucket=9421 L3 active=wlan1 ch10  | prep wlan0 ch9  | BL=['4', '5', '6', '7', '8']
[RX  <- B] bucket=9421  peer_BL=['7', '4', '5', '6', '8']  my_BL=['4', '5', '6', '7', '8']
[TX  ->  *] bucket=9421 L3 active=wlan1 ch10  BL=['4', '5', '6', '7', '8']
[22:40:58] HOP bucket=9422 L3 active=wlan0 ch9  | prep wlan1 ch9  | BL=['4', '5', '6', '7', '8']
[TX  ->  *] bucket=9422 L3 active=wlan0 ch9  BL=['4', '5', '6', '7', '8']
[!! JAMMED  ] bucket=9422 L3 active=wlan0 ch9  silent + egress_drops=76  -> BL until bucket=9452  BL=['4', '5', '6', '7', '8', '9']
[22:41:00] HOP bucket=9423 L3 active=wlan1 ch9  (LAG: totp_says=ch10, physical=ch9)  | prep wlan0 ch11  | BL=['4', '5', '6', '7', '8', '9']
[TX  ->  *] bucket=9423 L3 active=wlan1 ch9  BL=['4', '5', '6', '7', '8', '9']
[22:41:02] HOP bucket=9424 L3 active=wlan0 ch11  | prep wlan1 ch10  | BL=['4', '5', '6', '7', '8', '9']
[RX  <- B] bucket=9424  peer_BL=['7', '4', '5', '6', '8', '9']  my_BL=['4', '5', '6', '7', '8', '9']
[TX  ->  *] bucket=9424 L3 active=wlan0 ch11  BL=['4', '5', '6', '7', '8', '9']
[22:41:04] HOP bucket=9425 L3 active=wlan1 ch10  | prep wlan0 ch10  | BL=['4', '5', '6', '7', '8', '9']
[RX  <- B] bucket=9425  peer_BL=['7', '4', '5', '6', '8', '9']  my_BL=['4', '5', '6', '7', '8', '9']
[TX  ->  *] bucket=9425 L3 active=wlan1 ch10  BL=['4', '5', '6', '7', '8', '9']
[22:41:06] HOP bucket=9426 L3 active=wlan0 ch10  | prep wlan1 ch10  | BL=['4', '5', '6', '7', '8', '9']
[RX  <- B] bucket=9426  peer_BL=['7', '4', '5', '6', '8', '9']  my_BL=['4', '5', '6', '7', '8', '9']
[TX  ->  *] bucket=9426 L3 active=wlan0 ch10  BL=['4', '5', '6', '7', '8', '9']
[22:41:08] HOP bucket=9427 L3 active=wlan1 ch10  (LAG: totp_says=ch7, physical=ch10)  | prep wlan0 ch10  | BL=['4', '5', '6', '8', '9']
[RX  <- B] bucket=9427  peer_BL=['4', '5', '6', '8', '9']  my_BL=['4', '5', '6', '8', '9']
[TX  ->  *] bucket=9427 L3 active=wlan1 ch10  BL=['4', '5', '6', '8', '9']
[22:41:10] HOP bucket=9428 L3 active=wlan0 ch10  | prep wlan1 ch10  | BL=['5', '6', '8', '9']
[TX  ->  *] bucket=9428 L3 active=wlan0 ch10  BL=['5', '6', '8', '9']
[RX  <- B] bucket=9428  peer_BL=['5', '6', '8', '9']  my_BL=['5', '6', '8', '9']
[22:41:12] HOP bucket=9429 L3 active=wlan1 ch10  | prep wlan0 ch10  | BL=['5', '6', '8', '9']
[RX  <- B] bucket=9429  peer_BL=['5', '6', '8', '9']  my_BL=['5', '6', '8', '9']
[TX  ->  *] bucket=9429 L3 active=wlan1 ch10  BL=['5', '6', '8', '9']
[22:41:14] HOP bucket=9430 L3 active=wlan0 ch10  | prep wlan1 ch10  | BL=['6', '8', '9']
[RX  <- B] bucket=9430  peer_BL=['6', '8', '9']  my_BL=['6', '8', '9']
[TX  ->  *] bucket=9430 L3 active=wlan0 ch10  BL=['6', '8', '9']
[22:41:16] HOP bucket=9431 L3 active=wlan1 ch10  | prep wlan0 ch11  | BL=['6', '8', '9']
[RX  <- B] bucket=9431  peer_BL=['6', '8', '9']  my_BL=['6', '8', '9']
[TX  ->  *] bucket=9431 L3 active=wlan1 ch10  BL=['6', '8', '9']
[22:41:18] HOP bucket=9432 L3 active=wlan0 ch11  | prep wlan1 ch11  | BL=['6', '8', '9']
[RX  <- B] bucket=9432  peer_BL=['6', '8', '9']  my_BL=['6', '8', '9']
[TX  ->  *] bucket=9432 L3 active=wlan0 ch11  BL=['6', '8', '9']
[22:41:20] HOP bucket=9433 L3 active=wlan1 ch11  | prep wlan0 ch10  | BL=['6', '8', '9']
[TX  ->  *] bucket=9433 L3 active=wlan1 ch11  BL=['6', '8', '9']
[RX  <- B] bucket=9433  peer_BL=['6', '8', '9']  my_BL=['6', '8', '9']
[22:41:22] HOP bucket=9434 L3 active=wlan0 ch10  | prep wlan1 ch7  | BL=['6', '8', '9']
[TX  ->  *] bucket=9434 L3 active=wlan0 ch10  BL=['6', '8', '9']
[RX  <- B] bucket=9434  peer_BL=['6', '8', '9']  my_BL=['6', '8', '9']
[22:41:24] HOP bucket=9435 L3 active=wlan1 ch7  | prep wlan0 ch4  | BL=['6', '8', '9']
[TX  ->  *] bucket=9435 L3 active=wlan1 ch7  BL=['6', '8', '9']
[!! JAMMED  ] bucket=9435 L3 active=wlan1 ch7  silent + egress_drops=38  -> BL until bucket=9465  BL=['6', '7', '8', '9']
[22:41:26] HOP bucket=9436 L3 active=wlan0 ch4  | prep wlan1 ch11  | BL=['6', '7', '8', '9']
[RX  <- B] bucket=9436  peer_BL=['6', '8', '9', '7']  my_BL=['6', '7', '8', '9']
[TX  ->  *] bucket=9436 L3 active=wlan0 ch4  BL=['6', '7', '8', '9']
[22:41:28] HOP bucket=9437 L3 active=wlan1 ch11  | prep wlan0 ch11  | BL=['6', '7', '8', '9']
[TX  ->  *] bucket=9437 L3 active=wlan1 ch11  BL=['6', '7', '8', '9']
[RX  <- B] bucket=9437  peer_BL=['6', '8', '9', '7']  my_BL=['6', '7', '8', '9']
[22:41:30] HOP bucket=9438 L3 active=wlan0 ch11  | prep wlan1 ch10  | BL=['7', '8', '9']
[TX  ->  *] bucket=9438 L3 active=wlan0 ch11  BL=['7', '8', '9']
[RX  <- B] bucket=9438  peer_BL=['8', '9', '7']  my_BL=['7', '8', '9']
[22:41:32] HOP bucket=9439 L3 active=wlan1 ch10  | prep wlan0 ch10  | BL=['7', '8', '9']
[RX  <- B] bucket=9439  peer_BL=['8', '9', '7']  my_BL=['7', '8', '9']
[TX  ->  *] bucket=9439 L3 active=wlan1 ch10  BL=['7', '8', '9']
[22:41:34] HOP bucket=9440 L3 active=wlan0 ch10  | prep wlan1 ch5  | BL=['7', '8', '9']
[RX  <- B] bucket=9440  peer_BL=['8', '9', '7']  my_BL=['7', '8', '9']
[TX  ->  *] bucket=9440 L3 active=wlan0 ch10  BL=['7', '8', '9']
[22:41:36] HOP bucket=9441 L3 active=wlan1 ch5  | prep wlan0 ch4  | BL=['7', '8', '9']
[TX  ->  *] bucket=9441 L3 active=wlan1 ch5  BL=['7', '8', '9']
[RX  <- B] bucket=9441  peer_BL=['8', '9', '7']  my_BL=['7', '8', '9']
[22:41:38] HOP bucket=9442 L3 active=wlan0 ch4  | prep wlan1 ch5  | BL=['7', '8', '9']
[RX  <- B] bucket=9442  peer_BL=['8', '9', '7']  my_BL=['7', '8', '9']
[TX  ->  *] bucket=9442 L3 active=wlan0 ch4  BL=['7', '8', '9']
[22:41:40] HOP bucket=9443 L3 active=wlan1 ch5  | prep wlan0 ch10  | BL=['7', '8', '9']
[TX  ->  *] bucket=9443 L3 active=wlan1 ch5  BL=['7', '8', '9']
[RX  <- B] bucket=9443  peer_BL=['8', '9', '7']  my_BL=['7', '8', '9']
[22:41:42] HOP bucket=9444 L3 active=wlan0 ch10  | prep wlan1 ch10  | BL=['7', '8', '9']
[TX  ->  *] bucket=9444 L3 active=wlan0 ch10  BL=['7', '8', '9']
[RX  <- B] bucket=9444  peer_BL=['8', '9', '7']  my_BL=['7', '8', '9']
[22:41:44] HOP bucket=9445 L3 active=wlan1 ch10  | prep wlan0 ch5  | BL=['7', '8', '9']
[TX  ->  *] bucket=9445 L3 active=wlan1 ch10  BL=['7', '8', '9']
[RX  <- B] bucket=9445  peer_BL=['8', '9', '7']  my_BL=['7', '8', '9']
[22:41:46] HOP bucket=9446 L3 active=wlan0 ch5  | prep wlan1 ch4  | BL=['7', '8', '9']
[TX  ->  *] bucket=9446 L3 active=wlan0 ch5  BL=['7', '8', '9']
[RX  <- B] bucket=9446  peer_BL=['8', '9', '7']  my_BL=['7', '8', '9']
[22:41:48] HOP bucket=9447 L3 active=wlan1 ch4  | prep wlan0 ch10  | BL=['7', '8', '9']
[TX  ->  *] bucket=9447 L3 active=wlan1 ch4  BL=['7', '8', '9']
[RX  <- B] bucket=9447  peer_BL=['8', '9', '7']  my_BL=['7', '8', '9']
[22:41:50] HOP bucket=9448 L3 active=wlan0 ch10  | prep wlan1 ch10  | BL=['7', '8', '9']
[TX  ->  *] bucket=9448 L3 active=wlan0 ch10  BL=['7', '8', '9']
[RX  <- B] bucket=9448  peer_BL=['8', '9', '7']  my_BL=['7', '8', '9']
[22:41:52] HOP bucket=9449 L3 active=wlan1 ch10  | prep wlan0 ch6  | BL=['7', '8', '9']
[RX  <- B] bucket=9449  peer_BL=['8', '9', '7']  my_BL=['7', '8', '9']
[TX  ->  *] bucket=9449 L3 active=wlan1 ch10  BL=['7', '8', '9']
[22:41:54] HOP bucket=9450 L3 active=wlan0 ch6  | prep wlan1 ch10  | BL=['7', '9']
[RX  <- B] bucket=9450  peer_BL=['9', '7']  my_BL=['7', '9']
[TX  ->  *] bucket=9450 L3 active=wlan0 ch6  BL=['7', '9']
[22:41:56] HOP bucket=9451 L3 active=wlan1 ch10  | prep wlan0 ch6  | BL=['7', '9']
[TX  ->  *] bucket=9451 L3 active=wlan1 ch10  BL=['7', '9']
[!! JAMMED  ] bucket=9451 L3 active=wlan1 ch10  silent + egress_drops=38  -> BL until bucket=9481  BL=['7', '9', '10']
[22:41:58] HOP bucket=9452 L3 active=wlan0 ch6  | prep wlan1 ch9  | BL=['7', '10']
[RX  <- B] bucket=9452  peer_BL=['7', '10']  my_BL=['7', '10']
[TX  ->  *] bucket=9452 L3 active=wlan0 ch6  BL=['7', '10']
[22:42:00] HOP bucket=9453 L3 active=wlan1 ch9  | prep wlan0 ch8  | BL=['7', '10']
[TX  ->  *] bucket=9453 L3 active=wlan1 ch9  BL=['7', '10']
[!! JAMMED  ] bucket=9453 L3 active=wlan1 ch9  silent + egress_drops=38  -> BL until bucket=9483  BL=['7', '9', '10']
[22:42:02] HOP bucket=9454 L3 active=wlan0 ch8  | prep wlan1 ch11  | BL=['7', '9', '10']
[TX  ->  *] bucket=9454 L3 active=wlan0 ch8  BL=['7', '9', '10']
[!! JAMMED  ] bucket=9454 L3 active=wlan0 ch8  silent + egress_drops=38  -> BL until bucket=9484  BL=['7', '8', '9', '10']
[22:42:04] HOP bucket=9455 L3 active=wlan1 ch11  | prep wlan0 ch6  | BL=['7', '8', '9', '10']
[RX  <- B] bucket=9455  peer_BL=['7', '10', '9', '8']  my_BL=['7', '8', '9', '10']
[TX  ->  *] bucket=9455 L3 active=wlan1 ch11  BL=['7', '8', '9', '10']
[22:42:06] HOP bucket=9456 L3 active=wlan0 ch6  | prep wlan1 ch11  | BL=['7', '8', '9', '10']
[RX  <- B] bucket=9456  peer_BL=['7', '10', '9', '8']  my_BL=['7', '8', '9', '10']
[TX  ->  *] bucket=9456 L3 active=wlan0 ch6  BL=['7', '8', '9', '10']
[22:42:08] HOP bucket=9457 L3 active=wlan1 ch11  | prep wlan0 ch4  | BL=['7', '8', '9', '10']
[TX  ->  *] bucket=9457 L3 active=wlan1 ch11  BL=['7', '8', '9', '10']
[RX  <- B] bucket=9457  peer_BL=['7', '10', '9', '8']  my_BL=['7', '8', '9', '10']
[22:42:10] HOP bucket=9458 L3 active=wlan0 ch4  | prep wlan1 ch5  | BL=['7', '8', '9', '10']
[TX  ->  *] bucket=9458 L3 active=wlan0 ch4  BL=['7', '8', '9', '10']
[RX  <- B] bucket=9458  peer_BL=['7', '10', '9', '8']  my_BL=['7', '8', '9', '10']
[22:42:12] HOP bucket=9459 L3 active=wlan1 ch5  | prep wlan0 ch11  | BL=['7', '8', '9', '10']
[TX  ->  *] bucket=9459 L3 active=wlan1 ch5  BL=['7', '8', '9', '10']
[RX  <- B] bucket=9459  peer_BL=['7', '10', '9', '8']  my_BL=['7', '8', '9', '10']
[22:42:14] HOP bucket=9460 L3 active=wlan0 ch11  | prep wlan1 ch11  | BL=['7', '8', '9', '10']
[TX  ->  *] bucket=9460 L3 active=wlan0 ch11  BL=['7', '8', '9', '10']
[RX  <- B] bucket=9460  peer_BL=['7', '10', '9', '8']  my_BL=['7', '8', '9', '10']
[22:42:16] HOP bucket=9461 L3 active=wlan1 ch11  | prep wlan0 ch11  | BL=['7', '8', '9', '10']
[TX  ->  *] bucket=9461 L3 active=wlan1 ch11  BL=['7', '8', '9', '10']
[RX  <- B] bucket=9461  peer_BL=['7', '10', '9', '8']  my_BL=['7', '8', '9', '10']
[22:42:18] HOP bucket=9462 L3 active=wlan0 ch11  | prep wlan1 ch6  | BL=['7', '8', '9', '10']
[RX  <- B] bucket=9462  peer_BL=['7', '10', '9', '8']  my_BL=['7', '8', '9', '10']
[TX  ->  *] bucket=9462 L3 active=wlan0 ch11  BL=['7', '8', '9', '10']
[22:42:20] HOP bucket=9463 L3 active=wlan1 ch6  | prep wlan0 ch6  | BL=['7', '8', '9', '10']
[TX  ->  *] bucket=9463 L3 active=wlan1 ch6  BL=['7', '8', '9', '10']
[RX  <- B] bucket=9463  peer_BL=['7', '10', '9', '8']  my_BL=['7', '8', '9', '10']
[22:42:22] HOP bucket=9464 L3 active=wlan0 ch6  | prep wlan1 ch4  | BL=['7', '8', '9', '10']
[TX  ->  *] bucket=9464 L3 active=wlan0 ch6  BL=['7', '8', '9', '10']
[RX  <- B] bucket=9464  peer_BL=['7', '10', '9', '8']  my_BL=['7', '8', '9', '10']
[22:42:24] HOP bucket=9465 L3 active=wlan1 ch4  | prep wlan0 ch3  | BL=['8', '9', '10']
[TX  ->  *] bucket=9465 L3 active=wlan1 ch4  BL=['8', '9', '10']
[RX  <- B] bucket=9465  peer_BL=['10', '9', '8']  my_BL=['8', '9', '10']
[22:42:26] HOP bucket=9466 L3 active=wlan0 ch3  | prep wlan1 ch7  | BL=['8', '9', '10']
[TX  ->  *] bucket=9466 L3 active=wlan0 ch3  BL=['8', '9', '10']
[RX  <- B] bucket=9466  peer_BL=['10', '9', '8']  my_BL=['8', '9', '10']
[22:42:28] HOP bucket=9467 L3 active=wlan1 ch7  | prep wlan0 ch11  | BL=['8', '9', '10']
[TX  ->  *] bucket=9467 L3 active=wlan1 ch7  BL=['8', '9', '10']
[!! JAMMED  ] bucket=9467 L3 active=wlan1 ch7  silent + egress_drops=38  -> BL until bucket=9497  BL=['7', '8', '9', '10']
[22:42:30] HOP bucket=9468 L3 active=wlan0 ch11  | prep wlan1 ch6  | BL=['7', '8', '9', '10']
[TX  ->  *] bucket=9468 L3 active=wlan0 ch11  BL=['7', '8', '9', '10']
[RX  <- B] bucket=9468  peer_BL=['10', '9', '8', '7']  my_BL=['7', '8', '9', '10']
[22:42:32] HOP bucket=9469 L3 active=wlan1 ch6  | prep wlan0 ch5  | BL=['7', '8', '9', '10']
[TX  ->  *] bucket=9469 L3 active=wlan1 ch6  BL=['7', '8', '9', '10']
[RX  <- B] bucket=9469  peer_BL=['10', '9', '8', '7']  my_BL=['7', '8', '9', '10']
[22:42:34] HOP bucket=9470 L3 active=wlan0 ch5  | prep wlan1 ch4  | BL=['7', '8', '9', '10']
[TX  ->  *] bucket=9470 L3 active=wlan0 ch5  BL=['7', '8', '9', '10']
[RX  <- B] bucket=9470  peer_BL=['10', '9', '8', '7']  my_BL=['7', '8', '9', '10']
[22:42:36] HOP bucket=9471 L3 active=wlan1 ch4  | prep wlan0 ch5  | BL=['7', '8', '9', '10']
[RX  <- B] bucket=9471  peer_BL=['10', '9', '8', '7']  my_BL=['7', '8', '9', '10']
[TX  ->  *] bucket=9471 L3 active=wlan1 ch4  BL=['7', '8', '9', '10']
[22:42:38] HOP bucket=9472 L3 active=wlan0 ch5  | prep wlan1 ch11  | BL=['7', '8', '9', '10']
[RX  <- B] bucket=9472  peer_BL=['10', '9', '8', '7']  my_BL=['7', '8', '9', '10']
[TX  ->  *] bucket=9472 L3 active=wlan0 ch5  BL=['7', '8', '9', '10']
[22:42:40] HOP bucket=9473 L3 active=wlan1 ch11  | prep wlan0 ch3  | BL=['7', '8', '9', '10']
[RX  <- B] bucket=9473  peer_BL=['10', '9', '8', '7']  my_BL=['7', '8', '9', '10']
[TX  ->  *] bucket=9473 L3 active=wlan1 ch11  BL=['7', '8', '9', '10']
[22:42:42] HOP bucket=9474 L3 active=wlan0 ch3  | prep wlan1 ch11  | BL=['7', '8', '9', '10']
[TX  ->  *] bucket=9474 L3 active=wlan0 ch3  BL=['7', '8', '9', '10']
[RX  <- B] bucket=9474  peer_BL=['10', '9', '8', '7']  my_BL=['7', '8', '9', '10']
[22:42:44] HOP bucket=9475 L3 active=wlan1 ch11  | prep wlan0 ch11  | BL=['7', '8', '9', '10']
[TX  ->  *] bucket=9475 L3 active=wlan1 ch11  BL=['7', '8', '9', '10']
[RX  <- B] bucket=9475  peer_BL=['10', '9', '8', '7']  my_BL=['7', '8', '9', '10']
[22:42:46] HOP bucket=9476 L3 active=wlan0 ch11  | prep wlan1 ch3  | BL=['7', '8', '9', '10']
[RX  <- B] bucket=9476  peer_BL=['10', '9', '8', '7']  my_BL=['7', '8', '9', '10']
[TX  ->  *] bucket=9476 L3 active=wlan0 ch11  BL=['7', '8', '9', '10']
[22:42:48] HOP bucket=9477 L3 active=wlan1 ch3  | prep wlan0 ch3  | BL=['7', '8', '9', '10']
[TX  ->  *] bucket=9477 L3 active=wlan1 ch3  BL=['7', '8', '9', '10']
[RX  <- B] bucket=9477  peer_BL=['10', '9', '8', '7']  my_BL=['7', '8', '9', '10']
[22:42:50] HOP bucket=9478 L3 active=wlan0 ch3  | prep wlan1 ch11  | BL=['7', '8', '9', '10']
[TX  ->  *] bucket=9478 L3 active=wlan0 ch3  BL=['7', '8', '9', '10']
[RX  <- B] bucket=9478  peer_BL=['10', '9', '8', '7']  my_BL=['7', '8', '9', '10']
[22:42:52] HOP bucket=9479 L3 active=wlan1 ch11  | prep wlan0 ch11  | BL=['7', '8', '9', '10']
[TX  ->  *] bucket=9479 L3 active=wlan1 ch11  BL=['7', '8', '9', '10']
[RX  <- B] bucket=9479  peer_BL=['10', '9', '8', '7']  my_BL=['7', '8', '9', '10']
[22:42:54] HOP bucket=9480 L3 active=wlan0 ch11  | prep wlan1 ch5  | BL=['7', '8', '9', '10']
[TX  ->  *] bucket=9480 L3 active=wlan0 ch11  BL=['7', '8', '9', '10']
[!! JAMMED  ] bucket=9480 L3 active=wlan0 ch11  silent + egress_drops=37  -> BL until bucket=9510  BL=['7', '8', '9', '10', '11']
[22:42:56] HOP bucket=9481 L3 active=wlan1 ch5  | prep wlan0 ch10  | BL=['7', '8', '9', '11']
[TX  ->  *] bucket=9481 L3 active=wlan1 ch5  BL=['7', '8', '9', '11']
[RX  <- B] bucket=9481  peer_BL=['9', '8', '7', '11']  my_BL=['7', '8', '9', '11']
[22:42:58] HOP bucket=9482 L3 active=wlan0 ch10  | prep wlan1 ch10  | BL=['7', '8', '9', '11']
[TX  ->  *] bucket=9482 L3 active=wlan0 ch10  BL=['7', '8', '9', '11']
[!! JAMMED  ] bucket=9482 L3 active=wlan0 ch10  silent + egress_drops=76  -> BL until bucket=9512  BL=['7', '8', '9', '10', '11']
[22:43:00] HOP bucket=9483 L3 active=wlan1 ch10  (LAG: totp_says=ch9, physical=ch10)  | prep wlan0 ch3  | BL=['7', '8', '10', '11']
[TX  ->  *] bucket=9483 L3 active=wlan1 ch10  BL=['7', '8', '10', '11']
[22:43:02] HOP bucket=9484 L3 active=wlan0 ch3  | prep wlan1 ch9  | BL=['7', '10', '11']
[RX  <- B] bucket=9484  peer_BL=['7', '11', '10']  my_BL=['7', '10', '11']
[TX  ->  *] bucket=9484 L3 active=wlan0 ch3  BL=['7', '10', '11']
[22:43:04] HOP bucket=9485 L3 active=wlan1 ch9  | prep wlan0 ch5  | BL=['7', '10', '11']
[RX  <- B] bucket=9485  peer_BL=['7', '11', '10']  my_BL=['7', '10', '11']
[TX  ->  *] bucket=9485 L3 active=wlan1 ch9  BL=['7', '10', '11']
[22:43:06] HOP bucket=9486 L3 active=wlan0 ch5  | prep wlan1 ch3  | BL=['7', '10', '11']
[TX  ->  *] bucket=9486 L3 active=wlan0 ch5  BL=['7', '10', '11']
[RX  <- B] bucket=9486  peer_BL=['7', '11', '10']  my_BL=['7', '10', '11']
[22:43:08] HOP bucket=9487 L3 active=wlan1 ch3  | prep wlan0 ch4  | BL=['7', '10', '11']
[TX  ->  *] bucket=9487 L3 active=wlan1 ch3  BL=['7', '10', '11']
[RX  <- B] bucket=9487  peer_BL=['7', '11', '10']  my_BL=['7', '10', '11']
[22:43:10] HOP bucket=9488 L3 active=wlan0 ch4  | prep wlan1 ch8  | BL=['7', '10', '11']
[TX  ->  *] bucket=9488 L3 active=wlan0 ch4  BL=['7', '10', '11']
[RX  <- B] bucket=9488  peer_BL=['7', '11', '10']  my_BL=['7', '10', '11']
[22:43:12] HOP bucket=9489 L3 active=wlan1 ch8  | prep wlan0 ch9  | BL=['7', '10', '11']
[TX  ->  *] bucket=9489 L3 active=wlan1 ch8  BL=['7', '10', '11']
[RX  <- B] bucket=9489  peer_BL=['7', '11', '10']  my_BL=['7', '10', '11']
[22:43:14] HOP bucket=9490 L3 active=wlan0 ch9  | prep wlan1 ch6  | BL=['7', '10', '11']
[RX  <- B] bucket=9490  peer_BL=['7', '11', '10']  my_BL=['7', '10', '11']
[TX  ->  *] bucket=9490 L3 active=wlan0 ch9  BL=['7', '10', '11']
[22:43:16] HOP bucket=9491 L3 active=wlan1 ch6  | prep wlan0 ch6  | BL=['7', '10', '11']
[RX  <- B] bucket=9491  peer_BL=['7', '11', '10']  my_BL=['7', '10', '11']
[TX  ->  *] bucket=9491 L3 active=wlan1 ch6  BL=['7', '10', '11']
[22:43:18] HOP bucket=9492 L3 active=wlan0 ch6  | prep wlan1 ch3  | BL=['7', '10', '11']
[RX  <- B] bucket=9492  peer_BL=['7', '11', '10']  my_BL=['7', '10', '11']
[TX  ->  *] bucket=9492 L3 active=wlan0 ch6  BL=['7', '10', '11']
[22:43:20] HOP bucket=9493 L3 active=wlan1 ch3  | prep wlan0 ch3  | BL=['7', '10', '11']
[RX  <- B] bucket=9493  peer_BL=['7', '11', '10']  my_BL=['7', '10', '11']
[TX  ->  *] bucket=9493 L3 active=wlan1 ch3  BL=['7', '10', '11']
[22:43:22] HOP bucket=9494 L3 active=wlan0 ch3  | prep wlan1 ch8  | BL=['7', '10', '11']
[TX  ->  *] bucket=9494 L3 active=wlan0 ch3  BL=['7', '10', '11']
[RX  <- B] bucket=9494  peer_BL=['7', '11', '10']  my_BL=['7', '10', '11']
[22:43:24] HOP bucket=9495 L3 active=wlan1 ch8  | prep wlan0 ch8  | BL=['7', '10', '11']
[RX  <- B] bucket=9495  peer_BL=['7', '11', '10']  my_BL=['7', '10', '11']
[TX  ->  *] bucket=9495 L3 active=wlan1 ch8  BL=['7', '10', '11']
[22:43:26] HOP bucket=9496 L3 active=wlan0 ch8  | prep wlan1 ch8  | BL=['7', '10', '11']
[RX  <- B] bucket=9496  peer_BL=['7', '11', '10']  my_BL=['7', '10', '11']
[TX  ->  *] bucket=9496 L3 active=wlan0 ch8  BL=['7', '10', '11']
[22:43:28] HOP bucket=9497 L3 active=wlan1 ch8  | prep wlan0 ch4  | BL=['10', '11']
[RX  <- B] bucket=9497  peer_BL=['11', '10']  my_BL=['10', '11']
[TX  ->  *] bucket=9497 L3 active=wlan1 ch8  BL=['10', '11']
[22:43:30] HOP bucket=9498 L3 active=wlan0 ch4  | prep wlan1 ch6  | BL=['10', '11']
[RX  <- B] bucket=9498  peer_BL=['11', '10']  my_BL=['10', '11']
[TX  ->  *] bucket=9498 L3 active=wlan0 ch4  BL=['10', '11']
[22:43:32] HOP bucket=9499 L3 active=wlan1 ch6  | prep wlan0 ch4  | BL=['10', '11']
[RX  <- B] bucket=9499  peer_BL=['11', '10']  my_BL=['10', '11']
[TX  ->  *] bucket=9499 L3 active=wlan1 ch6  BL=['10', '11']
[22:43:34] HOP bucket=9500 L3 active=wlan0 ch4  | prep wlan1 ch3  | BL=['10', '11']
[RX  <- B] bucket=9500  peer_BL=['11', '10']  my_BL=['10', '11']
[TX  ->  *] bucket=9500 L3 active=wlan0 ch4  BL=['10', '11']
[22:43:36] HOP bucket=9501 L3 active=wlan1 ch3  | prep wlan0 ch3  | BL=['10', '11']
[RX  <- B] bucket=9501  peer_BL=['11', '10']  my_BL=['10', '11']
[TX  ->  *] bucket=9501 L3 active=wlan1 ch3  BL=['10', '11']
[22:43:38] HOP bucket=9502 L3 active=wlan0 ch3  | prep wlan1 ch6  | BL=['10', '11']
[RX  <- B] bucket=9502  peer_BL=['11', '10']  my_BL=['10', '11']
[TX  ->  *] bucket=9502 L3 active=wlan0 ch3  BL=['10', '11']
[22:43:40] HOP bucket=9503 L3 active=wlan1 ch6  | prep wlan0 ch3  | BL=['10', '11']
[RX  <- B] bucket=9503  peer_BL=['11', '10']  my_BL=['10', '11']
[TX  ->  *] bucket=9503 L3 active=wlan1 ch6  BL=['10', '11']
[22:43:42] HOP bucket=9504 L3 active=wlan0 ch3  | prep wlan1 ch9  | BL=['10', '11']
[RX  <- B] bucket=9504  peer_BL=['11', '10']  my_BL=['10', '11']
[TX  ->  *] bucket=9504 L3 active=wlan0 ch3  BL=['10', '11']
[22:43:44] HOP bucket=9505 L3 active=wlan1 ch9  | prep wlan0 ch3  | BL=['10', '11']
[TX  ->  *] bucket=9505 L3 active=wlan1 ch9  BL=['10', '11']
[RX  <- B] bucket=9505  peer_BL=['11', '10']  my_BL=['10', '11']
[22:43:46] HOP bucket=9506 L3 active=wlan0 ch3  | prep wlan1 ch8  | BL=['10', '11']
[TX  ->  *] bucket=9506 L3 active=wlan0 ch3  BL=['10', '11']
[RX  <- B] bucket=9506  peer_BL=['11', '10']  my_BL=['10', '11']
[22:43:48] HOP bucket=9507 L3 active=wlan1 ch8  | prep wlan0 ch3  | BL=['10', '11']
[TX  ->  *] bucket=9507 L3 active=wlan1 ch8  BL=['10', '11']
[RX  <- B] bucket=9507  peer_BL=['11', '10']  my_BL=['10', '11']
[22:43:50] HOP bucket=9508 L3 active=wlan0 ch3  | prep wlan1 ch9  | BL=['10', '11']
[TX  ->  *] bucket=9508 L3 active=wlan0 ch3  BL=['10', '11']
[RX  <- B] bucket=9508  peer_BL=['11', '10']  my_BL=['10', '11']
[22:43:52] HOP bucket=9509 L3 active=wlan1 ch9  | prep wlan0 ch9  | BL=['10', '11']
[TX  ->  *] bucket=9509 L3 active=wlan1 ch9  BL=['10', '11']
[RX  <- B] bucket=9509  peer_BL=['11', '10']  my_BL=['10', '11']
[22:43:54] HOP bucket=9510 L3 active=wlan0 ch9  | prep wlan1 ch11  | BL=['10']
[TX  ->  *] bucket=9510 L3 active=wlan0 ch9  BL=['10']
[!! JAMMED  ] bucket=9510 L3 active=wlan0 ch9  silent + egress_drops=71  -> BL until bucket=9540  BL=['9', '10']
[22:43:56] HOP bucket=9511 L3 active=wlan1 ch11  | prep wlan0 ch8  | BL=['9', '10']
[TX  ->  *] bucket=9511 L3 active=wlan1 ch11  BL=['9', '10']
[!! JAMMED  ] bucket=9511 L3 active=wlan1 ch11  silent + egress_drops=38  -> BL until bucket=9541  BL=['9', '10', '11']
[22:43:58] HOP bucket=9512 L3 active=wlan0 ch8  | prep wlan1 ch10  | BL=['9', '11']
[TX  ->  *] bucket=9512 L3 active=wlan0 ch8  BL=['9', '11']
[RX  <- B] bucket=9512  peer_BL=['9', '11']  my_BL=['9', '11']
[22:44:00] HOP bucket=9513 L3 active=wlan1 ch10  | prep wlan0 ch5  | BL=['9', '11']
[TX  ->  *] bucket=9513 L3 active=wlan1 ch10  BL=['9', '11']
[RX  <- B] bucket=9513  peer_BL=['9', '11']  my_BL=['9', '11']
[22:44:02] HOP bucket=9514 L3 active=wlan0 ch5  | prep wlan1 ch7  | BL=['9', '11']
[RX  <- B] bucket=9514  peer_BL=['9', '11']  my_BL=['9', '11']
[TX  ->  *] bucket=9514 L3 active=wlan0 ch5  BL=['9', '11']
[22:44:04] HOP bucket=9515 L3 active=wlan1 ch7  | prep wlan0 ch7  | BL=['9', '11']
[TX  ->  *] bucket=9515 L3 active=wlan1 ch7  BL=['9', '11']
[RX  <- B] bucket=9515  peer_BL=['9', '11']  my_BL=['9', '11']
[22:44:06] HOP bucket=9516 L3 active=wlan0 ch7  | prep wlan1 ch6  | BL=['9', '11']
[TX  ->  *] bucket=9516 L3 active=wlan0 ch7  BL=['9', '11']
[RX  <- B] bucket=9516  peer_BL=['9', '11']  my_BL=['9', '11']
[22:44:08] HOP bucket=9517 L3 active=wlan1 ch6  | prep wlan0 ch6  | BL=['9', '11']
[TX  ->  *] bucket=9517 L3 active=wlan1 ch6  BL=['9', '11']
[!! JAMMED  ] bucket=9517 L3 active=wlan1 ch6  silent + egress_drops=38  -> BL until bucket=9547  BL=['6', '9', '11']
[22:44:10] HOP bucket=9518 L3 active=wlan0 ch6  (LAG: totp_says=ch7, physical=ch6)  | prep wlan1 ch4  | BL=['6', '9', '11']
[TX  ->  *] bucket=9518 L3 active=wlan0 ch6  BL=['6', '9', '11']
[22:44:12] HOP bucket=9519 L3 active=wlan1 ch4  | prep wlan0 ch3  | BL=['6', '9', '11']
[RX  <- B] bucket=9519  peer_BL=['9', '11', '6']  my_BL=['6', '9', '11']
[TX  ->  *] bucket=9519 L3 active=wlan1 ch4  BL=['6', '9', '11']
[22:44:14] HOP bucket=9520 L3 active=wlan0 ch3  | prep wlan1 ch7  | BL=['6', '9', '11']
[TX  ->  *] bucket=9520 L3 active=wlan0 ch3  BL=['6', '9', '11']
[!! JAMMED  ] bucket=9520 L3 active=wlan0 ch3  silent + egress_drops=78  -> BL until bucket=9550  BL=['3', '6', '9', '11']
[22:44:16] HOP bucket=9521 L3 active=wlan1 ch7  | prep wlan0 ch5  | BL=['3', '6', '9', '11']
[TX  ->  *] bucket=9521 L3 active=wlan1 ch7  BL=['3', '6', '9', '11']
[RX  <- B] bucket=9521  peer_BL=['9', '11', '6', '3']  my_BL=['3', '6', '9', '11']
[22:44:18] HOP bucket=9522 L3 active=wlan0 ch5  | prep wlan1 ch4  | BL=['3', '6', '9', '11']
[RX  <- B] bucket=9522  peer_BL=['9', '11', '6', '3']  my_BL=['3', '6', '9', '11']
[TX  ->  *] bucket=9522 L3 active=wlan0 ch5  BL=['3', '6', '9', '11']
[22:44:20] HOP bucket=9523 L3 active=wlan1 ch4  | prep wlan0 ch4  | BL=['3', '6', '9', '11']
[TX  ->  *] bucket=9523 L3 active=wlan1 ch4  BL=['3', '6', '9', '11']
[RX  <- B] bucket=9523  peer_BL=['9', '11', '6', '3']  my_BL=['3', '6', '9', '11']
[22:44:22] HOP bucket=9524 L3 active=wlan0 ch4  | prep wlan1 ch4  | BL=['3', '6', '9', '11']
[TX  ->  *] bucket=9524 L3 active=wlan0 ch4  BL=['3', '6', '9', '11']
[RX  <- B] bucket=9524  peer_BL=['9', '11', '6', '3']  my_BL=['3', '6', '9', '11']
[22:44:24] HOP bucket=9525 L3 active=wlan1 ch4  | prep wlan0 ch8  | BL=['3', '6', '9', '11']
[TX  ->  *] bucket=9525 L3 active=wlan1 ch4  BL=['3', '6', '9', '11']
[RX  <- B] bucket=9525  peer_BL=['9', '11', '6', '3']  my_BL=['3', '6', '9', '11']
[22:44:26] HOP bucket=9526 L3 active=wlan0 ch8  | prep wlan1 ch8  | BL=['3', '6', '9', '11']
[TX  ->  *] bucket=9526 L3 active=wlan0 ch8  BL=['3', '6', '9', '11']
[RX  <- B] bucket=9526  peer_BL=['9', '11', '6', '3']  my_BL=['3', '6', '9', '11']
[22:44:28] HOP bucket=9527 L3 active=wlan1 ch8  | prep wlan0 ch4  | BL=['3', '6', '9', '11']
[RX  <- B] bucket=9527  peer_BL=['9', '11', '6', '3']  my_BL=['3', '6', '9', '11']
[TX  ->  *] bucket=9527 L3 active=wlan1 ch8  BL=['3', '6', '9', '11']
[22:44:30] HOP bucket=9528 L3 active=wlan0 ch4  | prep wlan1 ch5  | BL=['3', '6', '9', '11']
[RX  <- B] bucket=9528  peer_BL=['9', '11', '6', '3']  my_BL=['3', '6', '9', '11']
[TX  ->  *] bucket=9528 L3 active=wlan0 ch4  BL=['3', '6', '9', '11']
[22:44:32] HOP bucket=9529 L3 active=wlan1 ch5  | prep wlan0 ch4  | BL=['3', '6', '9', '11']
[TX  ->  *] bucket=9529 L3 active=wlan1 ch5  BL=['3', '6', '9', '11']
[RX  <- B] bucket=9529  peer_BL=['9', '11', '6', '3']  my_BL=['3', '6', '9', '11']
[22:44:34] HOP bucket=9530 L3 active=wlan0 ch4  | prep wlan1 ch7  | BL=['3', '6', '9', '11']
[TX  ->  *] bucket=9530 L3 active=wlan0 ch4  BL=['3', '6', '9', '11']
[RX  <- B] bucket=9530  peer_BL=['9', '11', '6', '3']  my_BL=['3', '6', '9', '11']
[22:44:36] HOP bucket=9531 L3 active=wlan1 ch7  | prep wlan0 ch4  | BL=['3', '6', '9', '11']
[TX  ->  *] bucket=9531 L3 active=wlan1 ch7  BL=['3', '6', '9', '11']
[RX  <- B] bucket=9531  peer_BL=['9', '11', '6', '3']  my_BL=['3', '6', '9', '11']
[22:44:38] HOP bucket=9532 L3 active=wlan0 ch4  | prep wlan1 ch10  | BL=['3', '6', '9', '11']
[RX  <- B] bucket=9532  peer_BL=['9', '11', '6', '3']  my_BL=['3', '6', '9', '11']
[TX  ->  *] bucket=9532 L3 active=wlan0 ch4  BL=['3', '6', '9', '11']
[22:44:40] HOP bucket=9533 L3 active=wlan1 ch10  | prep wlan0 ch7  | BL=['3', '6', '9', '11']
[RX  <- B] bucket=9533  peer_BL=['9', '11', '6', '3']  my_BL=['3', '6', '9', '11']
[TX  ->  *] bucket=9533 L3 active=wlan1 ch10  BL=['3', '6', '9', '11']
[22:44:42] HOP bucket=9534 L3 active=wlan0 ch7  | prep wlan1 ch4  | BL=['3', '6', '9', '11']
[RX  <- B] bucket=9534  peer_BL=['9', '11', '6', '3']  my_BL=['3', '6', '9', '11']
[TX  ->  *] bucket=9534 L3 active=wlan0 ch7  BL=['3', '6', '9', '11']
[22:44:44] HOP bucket=9535 L3 active=wlan1 ch4  | prep wlan0 ch8  | BL=['3', '6', '9', '11']
[RX  <- B] bucket=9535  peer_BL=['9', '11', '6', '3']  my_BL=['3', '6', '9', '11']
[TX  ->  *] bucket=9535 L3 active=wlan1 ch4  BL=['3', '6', '9', '11']
[22:44:46] HOP bucket=9536 L3 active=wlan0 ch8  | prep wlan1 ch4  | BL=['3', '6', '9', '11']
[TX  ->  *] bucket=9536 L3 active=wlan0 ch8  BL=['3', '6', '9', '11']
[RX  <- B] bucket=9536  peer_BL=['9', '11', '6', '3']  my_BL=['3', '6', '9', '11']
[22:44:48] HOP bucket=9537 L3 active=wlan1 ch4  | prep wlan0 ch4  | BL=['3', '6', '9', '11']
[TX  ->  *] bucket=9537 L3 active=wlan1 ch4  BL=['3', '6', '9', '11']
[RX  <- B] bucket=9537  peer_BL=['9', '11', '6', '3']  my_BL=['3', '6', '9', '11']
[22:44:50] HOP bucket=9538 L3 active=wlan0 ch4  | prep wlan1 ch10  | BL=['3', '6', '9', '11']
[RX  <- B] bucket=9538  peer_BL=['9', '11', '6', '3']  my_BL=['3', '6', '9', '11']
[TX  ->  *] bucket=9538 L3 active=wlan0 ch4  BL=['3', '6', '9', '11']
[22:44:52] HOP bucket=9539 L3 active=wlan1 ch10  | prep wlan0 ch10  | BL=['3', '6', '9', '11']
[RX  <- B] bucket=9539  peer_BL=['9', '11', '6', '3']  my_BL=['3', '6', '9', '11']
[TX  ->  *] bucket=9539 L3 active=wlan1 ch10  BL=['3', '6', '9', '11']
[22:44:54] HOP bucket=9540 L3 active=wlan0 ch10  (LAG: totp_says=ch9, physical=ch10)  | prep wlan1 ch4  | BL=['3', '6', '11']
[RX  <- B] bucket=9540  peer_BL=['11', '6', '3']  my_BL=['3', '6', '11']
[TX  ->  *] bucket=9540 L3 active=wlan0 ch10  BL=['3', '6', '11']
[22:44:56] HOP bucket=9541 L3 active=wlan1 ch4  | prep wlan0 ch4  | BL=['3', '6']
[TX  ->  *] bucket=9541 L3 active=wlan1 ch4  BL=['3', '6']
[RX  <- B] bucket=9541  peer_BL=['6', '3']  my_BL=['3', '6']
[22:44:58] HOP bucket=9542 L3 active=wlan0 ch4  | prep wlan1 ch10  | BL=['3', '6']
[TX  ->  *] bucket=9542 L3 active=wlan0 ch4  BL=['3', '6']
[RX  <- B] bucket=9542  peer_BL=['6', '3']  my_BL=['3', '6']
[22:45:00] HOP bucket=9543 L3 active=wlan1 ch10  | prep wlan0 ch7  | BL=['3', '6']
[TX  ->  *] bucket=9543 L3 active=wlan1 ch10  BL=['3', '6']
[RX  <- B] bucket=9543  peer_BL=['6', '3']  my_BL=['3', '6']
[22:45:02] HOP bucket=9544 L3 active=wlan0 ch7  | prep wlan1 ch8  | BL=['3', '6']
[TX  ->  *] bucket=9544 L3 active=wlan0 ch7  BL=['3', '6']
[RX  <- B] bucket=9544  peer_BL=['6', '3']  my_BL=['3', '6']
[22:45:04] HOP bucket=9545 L3 active=wlan1 ch8  | prep wlan0 ch9  | BL=['3', '6']
[TX  ->  *] bucket=9545 L3 active=wlan1 ch8  BL=['3', '6']
[RX  <- B] bucket=9545  peer_BL=['6', '3']  my_BL=['3', '6']
[22:45:06] HOP bucket=9546 L3 active=wlan0 ch9  | prep wlan1 ch11  | BL=['3', '6']
[TX  ->  *] bucket=9546 L3 active=wlan0 ch9  BL=['3', '6']
[!! JAMMED  ] bucket=9546 L3 active=wlan0 ch9  silent + egress_drops=38  -> BL until bucket=9576  BL=['3', '6', '9']
[22:45:08] HOP bucket=9547 L3 active=wlan1 ch11  | prep wlan0 ch4  | BL=['3', '9']
[TX  ->  *] bucket=9547 L3 active=wlan1 ch11  BL=['3', '9']
[!! JAMMED  ] bucket=9547 L3 active=wlan1 ch11  silent + egress_drops=39  -> BL until bucket=9577  BL=['3', '9', '11']
[22:45:10] HOP bucket=9548 L3 active=wlan0 ch4  | prep wlan1 ch6  | BL=['3', '9', '11']
[TX  ->  *] bucket=9548 L3 active=wlan0 ch4  BL=['3', '9', '11']
[RX  <- B] bucket=9548  peer_BL=['3', '9', '11']  my_BL=['3', '9', '11']
[22:45:12] HOP bucket=9549 L3 active=wlan1 ch6  | prep wlan0 ch4  | BL=['3', '9', '11']
[TX  ->  *] bucket=9549 L3 active=wlan1 ch6  BL=['3', '9', '11']
[!! JAMMED  ] bucket=9549 L3 active=wlan1 ch6  silent + egress_drops=39  -> BL until bucket=9579  BL=['3', '6', '9', '11']
[22:45:14] HOP bucket=9550 L3 active=wlan0 ch4  (LAG: totp_says=ch3, physical=ch4)  | prep wlan1 ch8  | BL=['6', '9', '11']
[RX  <- B] bucket=9550  peer_BL=['9', '11', '6']  my_BL=['6', '9', '11']
[TX  ->  *] bucket=9550 L3 active=wlan0 ch4  BL=['6', '9', '11']
[22:45:16] HOP bucket=9551 L3 active=wlan1 ch8  | prep wlan0 ch10  | BL=['6', '9', '11']
[RX  <- B] bucket=9551  peer_BL=['9', '11', '6']  my_BL=['6', '9', '11']
[TX  ->  *] bucket=9551 L3 active=wlan1 ch8  BL=['6', '9', '11']
[22:45:18] HOP bucket=9552 L3 active=wlan0 ch10  | prep wlan1 ch4  | BL=['6', '9', '11']
[RX  <- B] bucket=9552  peer_BL=['9', '11', '6']  my_BL=['6', '9', '11']
[TX  ->  *] bucket=9552 L3 active=wlan0 ch10  BL=['6', '9', '11']
[22:45:20] HOP bucket=9553 L3 active=wlan1 ch4  | prep wlan0 ch3  | BL=['6', '9', '11']
[TX  ->  *] bucket=9553 L3 active=wlan1 ch4  BL=['6', '9', '11']
[RX  <- B] bucket=9553  peer_BL=['9', '11', '6']  my_BL=['6', '9', '11']
[22:45:22] HOP bucket=9554 L3 active=wlan0 ch3  | prep wlan1 ch3  | BL=['6', '9', '11']
[TX  ->  *] bucket=9554 L3 active=wlan0 ch3  BL=['6', '9', '11']
[!! JAMMED  ] bucket=9554 L3 active=wlan0 ch3  silent + egress_drops=39  -> BL until bucket=9584  BL=['3', '6', '9', '11']
[22:45:24] HOP bucket=9555 L3 active=wlan1 ch3  (LAG: totp_says=ch4, physical=ch3)  | prep wlan0 ch7  | BL=['3', '6', '9', '11']
[TX  ->  *] bucket=9555 L3 active=wlan1 ch3  BL=['3', '6', '9', '11']
[22:45:26] HOP bucket=9556 L3 active=wlan0 ch7  | prep wlan1 ch8  | BL=['3', '6', '9', '11']
[TX  ->  *] bucket=9556 L3 active=wlan0 ch7  BL=['3', '6', '9', '11']
[RX  <- B] bucket=9556  peer_BL=['9', '11', '6', '3']  my_BL=['3', '6', '9', '11']
[22:45:28] HOP bucket=9557 L3 active=wlan1 ch8  | prep wlan0 ch8  | BL=['3', '6', '9', '11']
[RX  <- B] bucket=9557  peer_BL=['9', '11', '6', '3']  my_BL=['3', '6', '9', '11']
[TX  ->  *] bucket=9557 L3 active=wlan1 ch8  BL=['3', '6', '9', '11']
[22:45:30] HOP bucket=9558 L3 active=wlan0 ch8  | prep wlan1 ch4  | BL=['3', '6', '9', '11']
[RX  <- B] bucket=9558  peer_BL=['9', '11', '6', '3']  my_BL=['3', '6', '9', '11']
[TX  ->  *] bucket=9558 L3 active=wlan0 ch8  BL=['3', '6', '9', '11']
[22:45:32] HOP bucket=9559 L3 active=wlan1 ch4  | prep wlan0 ch8  | BL=['3', '6', '9', '11']
[TX  ->  *] bucket=9559 L3 active=wlan1 ch4  BL=['3', '6', '9', '11']
[RX  <- B] bucket=9559  peer_BL=['9', '11', '6', '3']  my_BL=['3', '6', '9', '11']
[22:45:34] HOP bucket=9560 L3 active=wlan0 ch8  | prep wlan1 ch7  | BL=['3', '6', '9', '11']
[RX  <- B] bucket=9560  peer_BL=['9', '11', '6', '3']  my_BL=['3', '6', '9', '11']
[TX  ->  *] bucket=9560 L3 active=wlan0 ch8  BL=['3', '6', '9', '11']
[22:45:36] HOP bucket=9561 L3 active=wlan1 ch7  | prep wlan0 ch7  | BL=['3', '6', '9', '11']
[RX  <- B] bucket=9561  peer_BL=['9', '11', '6', '3']  my_BL=['3', '6', '9', '11']
[TX  ->  *] bucket=9561 L3 active=wlan1 ch7  BL=['3', '6', '9', '11']
[22:45:38] HOP bucket=9562 L3 active=wlan0 ch7  | prep wlan1 ch4  | BL=['3', '6', '9', '11']
[RX  <- B] bucket=9562  peer_BL=['9', '11', '6', '3']  my_BL=['3', '6', '9', '11']
[TX  ->  *] bucket=9562 L3 active=wlan0 ch7  BL=['3', '6', '9', '11']
[22:45:40] HOP bucket=9563 L3 active=wlan1 ch4  | prep wlan0 ch4  | BL=['3', '6', '9', '11']
[RX  <- B] bucket=9563  peer_BL=['9', '11', '6', '3']  my_BL=['3', '6', '9', '11']
[TX  ->  *] bucket=9563 L3 active=wlan1 ch4  BL=['3', '6', '9', '11']
[22:45:42] HOP bucket=9564 L3 active=wlan0 ch4  | prep wlan1 ch8  | BL=['3', '6', '9', '11']
[RX  <- B] bucket=9564  peer_BL=['9', '11', '6', '3']  my_BL=['3', '6', '9', '11']
[TX  ->  *] bucket=9564 L3 active=wlan0 ch4  BL=['3', '6', '9', '11']
[22:45:44] HOP bucket=9565 L3 active=wlan1 ch8  | prep wlan0 ch5  | BL=['3', '6', '9', '11']
[TX  ->  *] bucket=9565 L3 active=wlan1 ch8  BL=['3', '6', '9', '11']
[RX  <- B] bucket=9565  peer_BL=['9', '11', '6', '3']  my_BL=['3', '6', '9', '11']
[22:45:46] HOP bucket=9566 L3 active=wlan0 ch5  | prep wlan1 ch4  | BL=['3', '6', '9', '11']
[TX  ->  *] bucket=9566 L3 active=wlan0 ch5  BL=['3', '6', '9', '11']
[RX  <- B] bucket=9566  peer_BL=['9', '11', '6', '3']  my_BL=['3', '6', '9', '11']
[22:45:48] HOP bucket=9567 L3 active=wlan1 ch4  | prep wlan0 ch5  | BL=['3', '6', '9', '11']
[TX  ->  *] bucket=9567 L3 active=wlan1 ch4  BL=['3', '6', '9', '11']
[RX  <- B] bucket=9567  peer_BL=['9', '11', '6', '3']  my_BL=['3', '6', '9', '11']
[22:45:50] HOP bucket=9568 L3 active=wlan0 ch5  | prep wlan1 ch4  | BL=['3', '6', '9', '11']
[TX  ->  *] bucket=9568 L3 active=wlan0 ch5  BL=['3', '6', '9', '11']
[RX  <- B] bucket=9568  peer_BL=['9', '11', '6', '3']  my_BL=['3', '6', '9', '11']
[22:45:52] HOP bucket=9569 L3 active=wlan1 ch4  | prep wlan0 ch10  | BL=['3', '6', '9', '11']
[TX  ->  *] bucket=9569 L3 active=wlan1 ch4  BL=['3', '6', '9', '11']
[RX  <- B] bucket=9569  peer_BL=['9', '11', '6', '3']  my_BL=['3', '6', '9', '11']
[22:45:54] HOP bucket=9570 L3 active=wlan0 ch10  | prep wlan1 ch4  | BL=['3', '6', '9', '11']
[TX  ->  *] bucket=9570 L3 active=wlan0 ch10  BL=['3', '6', '9', '11']
[RX  <- B] bucket=9570  peer_BL=['9', '11', '6', '3']  my_BL=['3', '6', '9', '11']
[22:45:56] HOP bucket=9571 L3 active=wlan1 ch4  | prep wlan0 ch10  | BL=['3', '6', '9', '11']
[TX  ->  *] bucket=9571 L3 active=wlan1 ch4  BL=['3', '6', '9', '11']
[RX  <- B] bucket=9571  peer_BL=['9', '11', '6', '3']  my_BL=['3', '6', '9', '11']
[22:45:58] HOP bucket=9572 L3 active=wlan0 ch10  | prep wlan1 ch10  | BL=['3', '6', '9', '11']
[TX  ->  *] bucket=9572 L3 active=wlan0 ch10  BL=['3', '6', '9', '11']
[RX  <- B] bucket=9572  peer_BL=['9', '11', '6', '3']  my_BL=['3', '6', '9', '11']
[22:46:00] HOP bucket=9573 L3 active=wlan1 ch10  | prep wlan0 ch4  | BL=['3', '6', '9', '11']
[TX  ->  *] bucket=9573 L3 active=wlan1 ch10  BL=['3', '6', '9', '11']
[RX  <- B] bucket=9573  peer_BL=['9', '11', '6', '3']  my_BL=['3', '6', '9', '11']
[22:46:02] HOP bucket=9574 L3 active=wlan0 ch4  | prep wlan1 ch8  | BL=['3', '6', '9', '11']
[TX  ->  *] bucket=9574 L3 active=wlan0 ch4  BL=['3', '6', '9', '11']
[RX  <- B] bucket=9574  peer_BL=['9', '11', '6', '3']  my_BL=['3', '6', '9', '11']
[22:46:04] HOP bucket=9575 L3 active=wlan1 ch8  | prep wlan0 ch4  | BL=['3', '6', '9', '11']
[TX  ->  *] bucket=9575 L3 active=wlan1 ch8  BL=['3', '6', '9', '11']
[RX  <- B] bucket=9575  peer_BL=['9', '11', '6', '3']  my_BL=['3', '6', '9', '11']
[22:46:06] HOP bucket=9576 L3 active=wlan0 ch4  | prep wlan1 ch4  | BL=['3', '6', '11']
[RX  <- B] bucket=9576  peer_BL=['11', '6', '3']  my_BL=['3', '6', '11']
[TX  ->  *] bucket=9576 L3 active=wlan0 ch4  BL=['3', '6', '11']
[22:46:08] HOP bucket=9577 L3 active=wlan1 ch4  | prep wlan0 ch7  | BL=['3', '6']
[TX  ->  *] bucket=9577 L3 active=wlan1 ch4  BL=['3', '6']
[RX  <- B] bucket=9577  peer_BL=['6', '3']  my_BL=['3', '6']
[22:46:10] HOP bucket=9578 L3 active=wlan0 ch7  | prep wlan1 ch8  | BL=['3', '6']
[TX  ->  *] bucket=9578 L3 active=wlan0 ch7  BL=['3', '6']
[RX  <- B] bucket=9578  peer_BL=['6', '3']  my_BL=['3', '6']
[22:46:12] HOP bucket=9579 L3 active=wlan1 ch8  | prep wlan0 ch5  | BL=['3']
[RX  <- B] bucket=9579  peer_BL=['3']  my_BL=['3']
[TX  ->  *] bucket=9579 L3 active=wlan1 ch8  BL=['3']
[22:46:14] HOP bucket=9580 L3 active=wlan0 ch5  | prep wlan1 ch5  | BL=['3']
[TX  ->  *] bucket=9580 L3 active=wlan0 ch5  BL=['3']
[RX  <- B] bucket=9580  peer_BL=['3']  my_BL=['3']
[22:46:16] HOP bucket=9581 L3 active=wlan1 ch5  | prep wlan0 ch11  | BL=['3']
[TX  ->  *] bucket=9581 L3 active=wlan1 ch5  BL=['3']
[RX  <- B] bucket=9581  peer_BL=['3']  my_BL=['3']
[22:46:18] HOP bucket=9582 L3 active=wlan0 ch11  | prep wlan1 ch5  | BL=['3']
[TX  ->  *] bucket=9582 L3 active=wlan0 ch11  BL=['3']
[RX  <- B] bucket=9582  peer_BL=['3']  my_BL=['3']
[22:46:20] HOP bucket=9583 L3 active=wlan1 ch5  | prep wlan0 ch11  | BL=['3']
[TX  ->  *] bucket=9583 L3 active=wlan1 ch5  BL=['3']
[RX  <- B] bucket=9583  peer_BL=['3']  my_BL=['3']
[22:46:22] HOP bucket=9584 L3 active=wlan0 ch11  | prep wlan1 ch7  | BL=[]
[TX  ->  *] bucket=9584 L3 active=wlan0 ch11  BL=[]
[RX  <- B] bucket=9584  peer_BL=[]  my_BL=[]
[22:46:24] HOP bucket=9585 L3 active=wlan1 ch7  | prep wlan0 ch7  | BL=[]
[TX  ->  *] bucket=9585 L3 active=wlan1 ch7  BL=[]
[RX  <- B] bucket=9585  peer_BL=[]  my_BL=[]
[22:46:26] HOP bucket=9586 L3 active=wlan0 ch7  | prep wlan1 ch8  | BL=[]
[TX  ->  *] bucket=9586 L3 active=wlan0 ch7  BL=[]
[RX  <- B] bucket=9586  peer_BL=[]  my_BL=[]
[22:46:28] HOP bucket=9587 L3 active=wlan1 ch8  | prep wlan0 ch8  | BL=[]
[TX  ->  *] bucket=9587 L3 active=wlan1 ch8  BL=[]
[RX  <- B] bucket=9587  peer_BL=[]  my_BL=[]