============================================================
 ARTCHO NODE — MODE=L6 — NODE_ID=B
============================================================
 Bucket duration : 2.0s
 TEST_EPOCH      : 1772519450.0
 BUCKET_EPOCH    : 1772519450.0
 sim offset      : 0s  (0.00h)
 Use blacklist   : True
 Detect enabled  : True
 Dual radio      : True
============================================================

[STARTUP] sleeping 5s to let launch SSH close before pre_warm...
[PRE-WARM] L6 -> wlan0 ch7 (active, bucket 0), wlan1 ch9 (bg, bucket 1)
[WAIT] sleeping 12.9s until TEST_EPOCH (radios pre-warmed)...
[INIT] L6 cold-start (bucket=0):
       active  wlan0 -> ch7 (2442 MHz)
       bg      wlan1 -> ch9 (2452 MHz)
       confirmed blacklist: []
[INIT] L6 cold-start complete.

[RX  <- A] bucket=0  peer_BL=[]  my_BL=[]
[TX  ->  *] bucket=0 L6 active=wlan0 ch7  BL=[]
[07:30:52] HOP bucket=1 L6 active=wlan1 ch9  | prep wlan0 ch9  | BL=[]
[TX  ->  *] bucket=1 L6 active=wlan1 ch9  BL=[]
[RX  <- A] bucket=1  peer_BL=[]  my_BL=[]
[07:30:54] HOP bucket=2 L6 active=wlan0 ch9  | prep wlan1 ch8  | BL=[]
[TX  ->  *] bucket=2 L6 active=wlan0 ch9  BL=[]
[RX  <- A] bucket=2  peer_BL=[]  my_BL=[]
[07:30:56] HOP bucket=3 L6 active=wlan1 ch8  | prep wlan0 ch9  | BL=[]
[TX  ->  *] bucket=3 L6 active=wlan1 ch8  BL=[]
[RX  <- A] bucket=3  peer_BL=[]  my_BL=[]
[07:30:58] HOP bucket=4 L6 active=wlan0 ch9  | prep wlan1 ch11  | BL=[]
[TX  ->  *] bucket=4 L6 active=wlan0 ch9  BL=[]
[RX  <- A] bucket=4  peer_BL=[]  my_BL=[]
[07:31:00] HOP bucket=5 L6 active=wlan1 ch11  | prep wlan0 ch7  | BL=[]
[TX  ->  *] bucket=5 L6 active=wlan1 ch11  BL=[]
[RX  <- A] bucket=5  peer_BL=[]  my_BL=[]
[07:31:02] HOP bucket=6 L6 active=wlan0 ch7  | prep wlan1 ch9  | BL=[]
[TX  ->  *] bucket=6 L6 active=wlan0 ch7  BL=[]
[RX  <- A] bucket=6  peer_BL=[]  my_BL=[]
[07:31:04] HOP bucket=7 L6 active=wlan1 ch9  | prep wlan0 ch10  | BL=[]
[RX  <- A] bucket=7  peer_BL=[]  my_BL=[]
[TX  ->  *] bucket=7 L6 active=wlan1 ch9  BL=[]
[07:31:06] HOP bucket=8 L6 active=wlan0 ch10  | prep wlan1 ch7  | BL=[]
[TX  ->  *] bucket=8 L6 active=wlan0 ch10  BL=[]
[RX  <- A] bucket=8  peer_BL=[]  my_BL=[]
[07:31:08] HOP bucket=9 L6 active=wlan1 ch7  | prep wlan0 ch9  | BL=[]
[TX  ->  *] bucket=9 L6 active=wlan1 ch7  BL=[]
[RX  <- A] bucket=9  peer_BL=[]  my_BL=[]
[07:31:10] HOP bucket=10 L6 active=wlan0 ch9  | prep wlan1 ch7  | BL=[]
[TX  ->  *] bucket=10 L6 active=wlan0 ch9  BL=[]
[RX  <- A] bucket=10  peer_BL=[]  my_BL=[]
[07:31:12] HOP bucket=11 L6 active=wlan1 ch7  | prep wlan0 ch5  | BL=[]
[RX  <- A] bucket=11  peer_BL=[]  my_BL=[]
[TX  ->  *] bucket=11 L6 active=wlan1 ch7  BL=[]
[07:31:14] HOP bucket=12 L6 active=wlan0 ch5  | prep wlan1 ch5  | BL=[]
[RX  <- A] bucket=12  peer_BL=[]  my_BL=[]
[TX  ->  *] bucket=12 L6 active=wlan0 ch5  BL=[]
[07:31:16] HOP bucket=13 L6 active=wlan1 ch5  | prep wlan0 ch10  | BL=[]
[RX  <- A] bucket=13  peer_BL=[]  my_BL=[]
[TX  ->  *] bucket=13 L6 active=wlan1 ch5  BL=[]
[07:31:18] HOP bucket=14 L6 active=wlan0 ch10  | prep wlan1 ch9  | BL=[]
[TX  ->  *] bucket=14 L6 active=wlan0 ch10  BL=[]
[RX  <- A] bucket=14  peer_BL=[]  my_BL=[]
[07:31:20] HOP bucket=15 L6 active=wlan1 ch9  | prep wlan0 ch8  | BL=[]
[TX  ->  *] bucket=15 L6 active=wlan1 ch9  BL=[]
[RX  <- A] bucket=15  peer_BL=[]  my_BL=[]
[07:31:22] HOP bucket=16 L6 active=wlan0 ch8  | prep wlan1 ch8  | BL=[]
[TX  ->  *] bucket=16 L6 active=wlan0 ch8  BL=[]
[RX  <- A] bucket=16  peer_BL=[]  my_BL=[]
[07:31:24] HOP bucket=17 L6 active=wlan1 ch8  | prep wlan0 ch8  | BL=[]
[RX  <- A] bucket=17  peer_BL=[]  my_BL=[]
[TX  ->  *] bucket=17 L6 active=wlan1 ch8  BL=[]
[07:31:26] HOP bucket=18 L6 active=wlan0 ch8  | prep wlan1 ch3  | BL=[]
[TX  ->  *] bucket=18 L6 active=wlan0 ch8  BL=[]
[RX  <- A] bucket=18  peer_BL=[]  my_BL=[]
[07:31:28] HOP bucket=19 L6 active=wlan1 ch3  | prep wlan0 ch8  | BL=[]
[TX  ->  *] bucket=19 L6 active=wlan1 ch3  BL=[]
[RX  <- A] bucket=19  peer_BL=[]  my_BL=[]
[07:31:30] HOP bucket=20 L6 active=wlan0 ch8  | prep wlan1 ch9  | BL=[]
[TX  ->  *] bucket=20 L6 active=wlan0 ch8  BL=[]
[RX  <- A] bucket=20  peer_BL=[]  my_BL=[]
[07:31:32] HOP bucket=21 L6 active=wlan1 ch9  | prep wlan0 ch11  | BL=[]
[TX  ->  *] bucket=21 L6 active=wlan1 ch9  BL=[]
[RX  <- A] bucket=21  peer_BL=[]  my_BL=[]
[07:31:34] HOP bucket=22 L6 active=wlan0 ch11  | prep wlan1 ch10  | BL=[]
[RX  <- A] bucket=22  peer_BL=[]  my_BL=[]
[TX  ->  *] bucket=22 L6 active=wlan0 ch11  BL=[]
[07:31:36] HOP bucket=23 L6 active=wlan1 ch10  | prep wlan0 ch9  | BL=[]
[TX  ->  *] bucket=23 L6 active=wlan1 ch10  BL=[]
[RX  <- A] bucket=23  peer_BL=[]  my_BL=[]
[07:31:38] HOP bucket=24 L6 active=wlan0 ch9  | prep wlan1 ch11  | BL=[]
[TX  ->  *] bucket=24 L6 active=wlan0 ch9  BL=[]
[RX  <- A] bucket=24  peer_BL=[]  my_BL=[]
[07:31:40] HOP bucket=25 L6 active=wlan1 ch11  | prep wlan0 ch11  | BL=[]
[TX  ->  *] bucket=25 L6 active=wlan1 ch11  BL=[]
[RX  <- A] bucket=25  peer_BL=[]  my_BL=[]
[07:31:42] HOP bucket=26 L6 active=wlan0 ch11  | prep wlan1 ch4  | BL=[]
[RX  <- A] bucket=26  peer_BL=[]  my_BL=[]
[TX  ->  *] bucket=26 L6 active=wlan0 ch11  BL=[]
[07:31:44] HOP bucket=27 L6 active=wlan1 ch4  | prep wlan0 ch3  | BL=[]
[RX  <- A] bucket=27  peer_BL=[]  my_BL=[]
[TX  ->  *] bucket=27 L6 active=wlan1 ch4  BL=[]
[07:31:46] HOP bucket=28 L6 active=wlan0 ch3  | prep wlan1 ch10  | BL=[]
[TX  ->  *] bucket=28 L6 active=wlan0 ch3  BL=[]
[RX  <- A] bucket=28  peer_BL=[]  my_BL=[]
[07:31:48] HOP bucket=29 L6 active=wlan1 ch10  | prep wlan0 ch3  | BL=[]
[RX  <- A] bucket=29  peer_BL=[]  my_BL=[]
[TX  ->  *] bucket=29 L6 active=wlan1 ch10  BL=[]
[07:31:50] HOP bucket=30 L6 active=wlan0 ch3  | prep wlan1 ch10  | BL=[]
[TX  ->  *] bucket=30 L6 active=wlan0 ch3  BL=[]
[RX  <- A] bucket=30  peer_BL=[]  my_BL=[]
[07:31:52] HOP bucket=31 L6 active=wlan1 ch10  | prep wlan0 ch10  | BL=[]
[TX  ->  *] bucket=31 L6 active=wlan1 ch10  BL=[]
[RX  <- A] bucket=31  peer_BL=[]  my_BL=[]
[07:31:54] HOP bucket=32 L6 active=wlan0 ch10  | prep wlan1 ch10  | BL=[]
[TX  ->  *] bucket=32 L6 active=wlan0 ch10  BL=[]
[RX  <- A] bucket=32  peer_BL=[]  my_BL=[]
[07:31:56] HOP bucket=33 L6 active=wlan1 ch10  | prep wlan0 ch10  | BL=[]
[RX  <- A] bucket=33  peer_BL=[]  my_BL=[]
[TX  ->  *] bucket=33 L6 active=wlan1 ch10  BL=[]
[07:31:58] HOP bucket=34 L6 active=wlan0 ch10  | prep wlan1 ch4  | BL=[]
[TX  ->  *] bucket=34 L6 active=wlan0 ch10  BL=[]
[RX  <- A] bucket=34  peer_BL=[]  my_BL=[]
[07:32:00] HOP bucket=35 L6 active=wlan1 ch4  | prep wlan0 ch11  | BL=[]
[TX  ->  *] bucket=35 L6 active=wlan1 ch4  BL=[]
[RX  <- A] bucket=35  peer_BL=[]  my_BL=[]
[07:32:02] HOP bucket=36 L6 active=wlan0 ch11  | prep wlan1 ch5  | BL=[]
[RX  <- A] bucket=36  peer_BL=[]  my_BL=[]
[TX  ->  *] bucket=36 L6 active=wlan0 ch11  BL=[]
[07:32:04] HOP bucket=37 L6 active=wlan1 ch5  | prep wlan0 ch8  | BL=[]
[RX  <- A] bucket=37  peer_BL=[]  my_BL=[]
[TX  ->  *] bucket=37 L6 active=wlan1 ch5  BL=[]
[07:32:06] HOP bucket=38 L6 active=wlan0 ch8  | prep wlan1 ch11  | BL=[]
[TX  ->  *] bucket=38 L6 active=wlan0 ch8  BL=[]
[RX  <- A] bucket=38  peer_BL=[]  my_BL=[]
[07:32:08] HOP bucket=39 L6 active=wlan1 ch11  | prep wlan0 ch5  | BL=[]
[TX  ->  *] bucket=39 L6 active=wlan1 ch11  BL=[]
[RX  <- A] bucket=39  peer_BL=[]  my_BL=[]
[07:32:10] HOP bucket=40 L6 active=wlan0 ch5  | prep wlan1 ch10  | BL=[]
[RX  <- A] bucket=40  peer_BL=[]  my_BL=[]
[TX  ->  *] bucket=40 L6 active=wlan0 ch5  BL=[]
[07:32:12] HOP bucket=41 L6 active=wlan1 ch10  | prep wlan0 ch11  | BL=[]
[RX  <- A] bucket=41  peer_BL=[]  my_BL=[]
[TX  ->  *] bucket=41 L6 active=wlan1 ch10  BL=[]
[07:32:14] HOP bucket=42 L6 active=wlan0 ch11  | prep wlan1 ch8  | BL=[]
[TX  ->  *] bucket=42 L6 active=wlan0 ch11  BL=[]
[RX  <- A] bucket=42  peer_BL=[]  my_BL=[]
[07:32:16] HOP bucket=43 L6 active=wlan1 ch8  | prep wlan0 ch7  | BL=[]
[TX  ->  *] bucket=43 L6 active=wlan1 ch8  BL=[]
[RX  <- A] bucket=43  peer_BL=[]  my_BL=[]
[07:32:18] HOP bucket=44 L6 active=wlan0 ch7  | prep wlan1 ch4  | BL=[]
[RX  <- A] bucket=44  peer_BL=[]  my_BL=[]
[TX  ->  *] bucket=44 L6 active=wlan0 ch7  BL=[]
[07:32:20] HOP bucket=45 L6 active=wlan1 ch4  | prep wlan0 ch10  | BL=[]
[TX  ->  *] bucket=45 L6 active=wlan1 ch4  BL=[]
[RX  <- A] bucket=45  peer_BL=[]  my_BL=[]
[07:32:22] HOP bucket=46 L6 active=wlan0 ch10  | prep wlan1 ch7  | BL=[]
[TX  ->  *] bucket=46 L6 active=wlan0 ch10  BL=[]
[RX  <- A] bucket=46  peer_BL=[]  my_BL=[]
[07:32:24] HOP bucket=47 L6 active=wlan1 ch7  | prep wlan0 ch3  | BL=[]
[RX  <- A] bucket=47  peer_BL=[]  my_BL=[]
[TX  ->  *] bucket=47 L6 active=wlan1 ch7  BL=[]
[07:32:26] HOP bucket=48 L6 active=wlan0 ch3  | prep wlan1 ch11  | BL=[]
[RX  <- A] bucket=48  peer_BL=[]  my_BL=[]
[TX  ->  *] bucket=48 L6 active=wlan0 ch3  BL=[]
[07:32:28] HOP bucket=49 L6 active=wlan1 ch11  | prep wlan0 ch6  | BL=[]
[TX  ->  *] bucket=49 L6 active=wlan1 ch11  BL=[]
[RX  <- A] bucket=49  peer_BL=[]  my_BL=[]
[07:32:30] HOP bucket=50 L6 active=wlan0 ch6  | prep wlan1 ch3  | BL=[]
[TX  ->  *] bucket=50 L6 active=wlan0 ch6  BL=[]
[!! JAMMED  ] bucket=50 L6 active=wlan0 ch6  silent + egress_drops=39  -> BL until bucket=80  BL=['6']
[07:32:32] HOP bucket=51 L6 active=wlan1 ch3  | prep wlan0 ch11  | BL=['6']
[TX  ->  *] bucket=51 L6 active=wlan1 ch3  BL=['6']
[RX  <- A] bucket=51  peer_BL=['6']  my_BL=['6']
[07:32:34] HOP bucket=52 L6 active=wlan0 ch11  | prep wlan1 ch5  | BL=['6']
[TX  ->  *] bucket=52 L6 active=wlan0 ch11  BL=['6']
[RX  <- A] bucket=52  peer_BL=['6']  my_BL=['6']
[07:32:36] HOP bucket=53 L6 active=wlan1 ch5  | prep wlan0 ch7  | BL=['6']
[RX  <- A] bucket=53  peer_BL=['6']  my_BL=['6']
[TX  ->  *] bucket=53 L6 active=wlan1 ch5  BL=['6']
[07:32:38] HOP bucket=54 L6 active=wlan0 ch7  | prep wlan1 ch7  | BL=['6']
[TX  ->  *] bucket=54 L6 active=wlan0 ch7  BL=['6']
[RX  <- A] bucket=54  peer_BL=['6']  my_BL=['6']
[07:32:40] HOP bucket=55 L6 active=wlan1 ch7  | prep wlan0 ch11  | BL=['6']
[TX  ->  *] bucket=55 L6 active=wlan1 ch7  BL=['6']
[RX  <- A] bucket=55  peer_BL=['6']  my_BL=['6']
[07:32:42] HOP bucket=56 L6 active=wlan0 ch11  | prep wlan1 ch7  | BL=['6']
[TX  ->  *] bucket=56 L6 active=wlan0 ch11  BL=['6']
[RX  <- A] bucket=56  peer_BL=['6']  my_BL=['6']
[07:32:44] HOP bucket=57 L6 active=wlan1 ch7  | prep wlan0 ch3  | BL=['6']
[TX  ->  *] bucket=57 L6 active=wlan1 ch7  BL=['6']
[RX  <- A] bucket=57  peer_BL=['6']  my_BL=['6']
[07:32:46] HOP bucket=58 L6 active=wlan0 ch3  | prep wlan1 ch7  | BL=['6']
[TX  ->  *] bucket=58 L6 active=wlan0 ch3  BL=['6']
[RX  <- A] bucket=58  peer_BL=['6']  my_BL=['6']
[07:32:48] HOP bucket=59 L6 active=wlan1 ch7  | prep wlan0 ch4  | BL=['6']
[RX  <- A] bucket=59  peer_BL=['6']  my_BL=['6']
[TX  ->  *] bucket=59 L6 active=wlan1 ch7  BL=['6']
[07:32:50] HOP bucket=60 L6 active=wlan0 ch4  | prep wlan1 ch7  | BL=['6']
[TX  ->  *] bucket=60 L6 active=wlan0 ch4  BL=['6']
[RX  <- A] bucket=60  peer_BL=['6']  my_BL=['6']
[07:32:52] HOP bucket=61 L6 active=wlan1 ch7  | prep wlan0 ch11  | BL=['6']
[TX  ->  *] bucket=61 L6 active=wlan1 ch7  BL=['6']
[!! JAMMED  ] bucket=61 L6 active=wlan1 ch7  silent + egress_drops=73  -> BL until bucket=91  BL=['6', '7']
[07:32:54] HOP bucket=62 L6 active=wlan0 ch11  | prep wlan1 ch8  | BL=['6', '7']
[RX  <- A] bucket=62  peer_BL=['6']  my_BL=['6', '7']
[TX  ->  *] bucket=62 L6 active=wlan0 ch11  BL=['6', '7']
[07:32:56] HOP bucket=63 L6 active=wlan1 ch8  | prep wlan0 ch9  | BL=['6', '7']
[TX  ->  *] bucket=63 L6 active=wlan1 ch8  BL=['6', '7']
[RX  <- A] bucket=63  peer_BL=['6', '7']  my_BL=['6', '7']
[07:32:58] HOP bucket=64 L6 active=wlan0 ch9  | prep wlan1 ch8  | BL=['6', '7']
[TX  ->  *] bucket=64 L6 active=wlan0 ch9  BL=['6', '7']
[RX  <- A] bucket=64  peer_BL=['6', '7']  my_BL=['6', '7']
[07:33:00] HOP bucket=65 L6 active=wlan1 ch8  | prep wlan0 ch11  | BL=['6', '7']
[RX  <- A] bucket=65  peer_BL=['6', '7']  my_BL=['6', '7']
[TX  ->  *] bucket=65 L6 active=wlan1 ch8  BL=['6', '7']
[07:33:02] HOP bucket=66 L6 active=wlan0 ch11  | prep wlan1 ch10  | BL=['6', '7']
[RX  <- A] bucket=66  peer_BL=['6', '7']  my_BL=['6', '7']
[TX  ->  *] bucket=66 L6 active=wlan0 ch11  BL=['6', '7']
[07:33:04] HOP bucket=67 L6 active=wlan1 ch10  | prep wlan0 ch9  | BL=['6', '7']
[TX  ->  *] bucket=67 L6 active=wlan1 ch10  BL=['6', '7']
[RX  <- A] bucket=67  peer_BL=['6', '7']  my_BL=['6', '7']
[07:33:06] HOP bucket=68 L6 active=wlan0 ch9  | prep wlan1 ch10  | BL=['6', '7']
[TX  ->  *] bucket=68 L6 active=wlan0 ch9  BL=['6', '7']
[RX  <- A] bucket=68  peer_BL=['6', '7']  my_BL=['6', '7']
[07:33:08] HOP bucket=69 L6 active=wlan1 ch10  | prep wlan0 ch11  | BL=['6', '7']
[TX  ->  *] bucket=69 L6 active=wlan1 ch10  BL=['6', '7']
[RX  <- A] bucket=69  peer_BL=['6', '7']  my_BL=['6', '7']
[07:33:10] HOP bucket=70 L6 active=wlan0 ch11  | prep wlan1 ch4  | BL=['6', '7']
[TX  ->  *] bucket=70 L6 active=wlan0 ch11  BL=['6', '7']
[RX  <- A] bucket=70  peer_BL=['6', '7']  my_BL=['6', '7']
[07:33:12] HOP bucket=71 L6 active=wlan1 ch4  | prep wlan0 ch9  | BL=['6', '7']
[TX  ->  *] bucket=71 L6 active=wlan1 ch4  BL=['6', '7']
[RX  <- A] bucket=71  peer_BL=['6', '7']  my_BL=['6', '7']
[07:33:14] HOP bucket=72 L6 active=wlan0 ch9  | prep wlan1 ch8  | BL=['6', '7']
[RX  <- A] bucket=72  peer_BL=['6', '7']  my_BL=['6', '7']
[TX  ->  *] bucket=72 L6 active=wlan0 ch9  BL=['6', '7']
[07:33:16] HOP bucket=73 L6 active=wlan1 ch8  | prep wlan0 ch11  | BL=['6', '7']
[TX  ->  *] bucket=73 L6 active=wlan1 ch8  BL=['6', '7']
[RX  <- A] bucket=73  peer_BL=['6', '7']  my_BL=['6', '7']
[07:33:18] HOP bucket=74 L6 active=wlan0 ch11  | prep wlan1 ch8  | BL=['6', '7']
[TX  ->  *] bucket=74 L6 active=wlan0 ch11  BL=['6', '7']
[RX  <- A] bucket=74  peer_BL=['6', '7']  my_BL=['6', '7']
[07:33:20] HOP bucket=75 L6 active=wlan1 ch8  | prep wlan0 ch8  | BL=['6', '7']
[RX  <- A] bucket=75  peer_BL=['6', '7']  my_BL=['6', '7']
[TX  ->  *] bucket=75 L6 active=wlan1 ch8  BL=['6', '7']
[07:33:22] HOP bucket=76 L6 active=wlan0 ch8  | prep wlan1 ch9  | BL=['6', '7']
[TX  ->  *] bucket=76 L6 active=wlan0 ch8  BL=['6', '7']
[RX  <- A] bucket=76  peer_BL=['6', '7']  my_BL=['6', '7']
[07:33:24] HOP bucket=77 L6 active=wlan1 ch9  | prep wlan0 ch11  | BL=['6', '7']
[TX  ->  *] bucket=77 L6 active=wlan1 ch9  BL=['6', '7']
[RX  <- A] bucket=77  peer_BL=['6', '7']  my_BL=['6', '7']
[07:33:26] HOP bucket=78 L6 active=wlan0 ch11  | prep wlan1 ch4  | BL=['6', '7']
[RX  <- A] bucket=78  peer_BL=['6', '7']  my_BL=['6', '7']
[TX  ->  *] bucket=78 L6 active=wlan0 ch11  BL=['6', '7']
[07:33:28] HOP bucket=79 L6 active=wlan1 ch4  | prep wlan0 ch8  | BL=['6', '7']
[TX  ->  *] bucket=79 L6 active=wlan1 ch4  BL=['6', '7']
[RX  <- A] bucket=79  peer_BL=['6', '7']  my_BL=['6', '7']
[07:33:30] HOP bucket=80 L6 active=wlan0 ch8  | prep wlan1 ch8  | BL=['7']
[RX  <- A] bucket=80  peer_BL=['7']  my_BL=['7']
[TX  ->  *] bucket=80 L6 active=wlan0 ch8  BL=['7']
[07:33:32] HOP bucket=81 L6 active=wlan1 ch8  | prep wlan0 ch9  | BL=['7']
[TX  ->  *] bucket=81 L6 active=wlan1 ch8  BL=['7']
[RX  <- A] bucket=81  peer_BL=['7']  my_BL=['7']
[07:33:34] HOP bucket=82 L6 active=wlan0 ch9  | prep wlan1 ch4  | BL=['7']
[RX  <- A] bucket=82  peer_BL=['7']  my_BL=['7']
[TX  ->  *] bucket=82 L6 active=wlan0 ch9  BL=['7']
[07:33:36] HOP bucket=83 L6 active=wlan1 ch4  | prep wlan0 ch9  | BL=['7']
[TX  ->  *] bucket=83 L6 active=wlan1 ch4  BL=['7']
[RX  <- A] bucket=83  peer_BL=['7']  my_BL=['7']
[07:33:38] HOP bucket=84 L6 active=wlan0 ch9  | prep wlan1 ch8  | BL=['7']
[TX  ->  *] bucket=84 L6 active=wlan0 ch9  BL=['7']
[RX  <- A] bucket=84  peer_BL=['7']  my_BL=['7']
[07:33:40] HOP bucket=85 L6 active=wlan1 ch8  | prep wlan0 ch6  | BL=['7']
[TX  ->  *] bucket=85 L6 active=wlan1 ch8  BL=['7']
[RX  <- A] bucket=85  peer_BL=['7']  my_BL=['7']
[07:33:42] HOP bucket=86 L6 active=wlan0 ch6  | prep wlan1 ch3  | BL=['7']
[TX  ->  *] bucket=86 L6 active=wlan0 ch6  BL=['7']
[?? SOFT    ] bucket=86 L6 active=wlan0 ch6  silent across 35 frames but egress_drops=0  (no tc evidence)
[07:33:44] HOP bucket=87 L6 active=wlan1 ch3  | prep wlan0 ch3  | BL=['7']
[RX  <- A] bucket=87  peer_BL=['7', '6']  my_BL=['6', '7']
[<= MERGED  ] ch6 from peer's confirmed -> expires bucket=886259841
[TX  ->  *] bucket=87 L6 active=wlan1 ch3  BL=['6', '7']
[07:33:46] HOP bucket=88 L6 active=wlan0 ch3  | prep wlan1 ch8  | BL=['6', '7']
[TX  ->  *] bucket=88 L6 active=wlan0 ch3  BL=['6', '7']
[RX  <- A] bucket=88  peer_BL=['7', '6']  my_BL=['6', '7']
[07:33:48] HOP bucket=89 L6 active=wlan1 ch8  | prep wlan0 ch8  | BL=['6', '7']
[RX  <- A] bucket=89  peer_BL=['7', '6']  my_BL=['6', '7']
[TX  ->  *] bucket=89 L6 active=wlan1 ch8  BL=['6', '7']
[07:33:50] HOP bucket=90 L6 active=wlan0 ch8  | prep wlan1 ch5  | BL=['6', '7']
[TX  ->  *] bucket=90 L6 active=wlan0 ch8  BL=['6', '7']
[!! JAMMED  ] bucket=90 L6 active=wlan0 ch8  silent + egress_drops=37  -> BL until bucket=120  BL=['6', '7', '8']
[07:33:52] HOP bucket=91 L6 active=wlan1 ch5  | prep wlan0 ch7  | BL=['6', '8']
[TX  ->  *] bucket=91 L6 active=wlan1 ch5  BL=['6', '8']
[RX  <- A] bucket=91  peer_BL=['6', '8']  my_BL=['6', '8']
[07:33:54] HOP bucket=92 L6 active=wlan0 ch7  | prep wlan1 ch9  | BL=['6', '8']
[TX  ->  *] bucket=92 L6 active=wlan0 ch7  BL=['6', '8']
[!! JAMMED  ] bucket=92 L6 active=wlan0 ch7  silent + egress_drops=78  -> BL until bucket=122  BL=['6', '7', '8']
[07:33:56] HOP bucket=93 L6 active=wlan1 ch9  | prep wlan0 ch9  | BL=['6', '7', '8']
[TX  ->  *] bucket=93 L6 active=wlan1 ch9  BL=['6', '7', '8']
[RX  <- A] bucket=93  peer_BL=['6', '8', '7']  my_BL=['6', '7', '8']
[07:33:58] HOP bucket=94 L6 active=wlan0 ch9  | prep wlan1 ch9  | BL=['6', '7', '8']
[TX  ->  *] bucket=94 L6 active=wlan0 ch9  BL=['6', '7', '8']
[RX  <- A] bucket=94  peer_BL=['6', '8', '7']  my_BL=['6', '7', '8']
[07:34:00] HOP bucket=95 L6 active=wlan1 ch9  | prep wlan0 ch9  | BL=['6', '7', '8']
[TX  ->  *] bucket=95 L6 active=wlan1 ch9  BL=['6', '7', '8']
[RX  <- A] bucket=95  peer_BL=['6', '8', '7']  my_BL=['6', '7', '8']
[07:34:02] HOP bucket=96 L6 active=wlan0 ch9  | prep wlan1 ch10  | BL=['6', '7', '8']
[TX  ->  *] bucket=96 L6 active=wlan0 ch9  BL=['6', '7', '8']
[RX  <- A] bucket=96  peer_BL=['6', '8', '7']  my_BL=['6', '7', '8']
[07:34:04] HOP bucket=97 L6 active=wlan1 ch10  | prep wlan0 ch3  | BL=['6', '7', '8']
[TX  ->  *] bucket=97 L6 active=wlan1 ch10  BL=['6', '7', '8']
[RX  <- A] bucket=97  peer_BL=['6', '8', '7']  my_BL=['6', '7', '8']
[07:34:06] HOP bucket=98 L6 active=wlan0 ch3  | prep wlan1 ch11  | BL=['6', '7', '8']
[TX  ->  *] bucket=98 L6 active=wlan0 ch3  BL=['6', '7', '8']
[RX  <- A] bucket=98  peer_BL=['6', '8', '7']  my_BL=['6', '7', '8']
[07:34:08] HOP bucket=99 L6 active=wlan1 ch11  | prep wlan0 ch5  | BL=['6', '7', '8']
[TX  ->  *] bucket=99 L6 active=wlan1 ch11  BL=['6', '7', '8']
[RX  <- A] bucket=99  peer_BL=['6', '8', '7']  my_BL=['6', '7', '8']
[07:34:10] HOP bucket=100 L6 active=wlan0 ch5  | prep wlan1 ch3  | BL=['6', '7', '8']
[RX  <- A] bucket=100  peer_BL=['6', '8', '7']  my_BL=['6', '7', '8']
[TX  ->  *] bucket=100 L6 active=wlan0 ch5  BL=['6', '7', '8']
[07:34:12] HOP bucket=101 L6 active=wlan1 ch3  | prep wlan0 ch9  | BL=['6', '7', '8']
[TX  ->  *] bucket=101 L6 active=wlan1 ch3  BL=['6', '7', '8']
[RX  <- A] bucket=101  peer_BL=['6', '8', '7']  my_BL=['6', '7', '8']
[07:34:14] HOP bucket=102 L6 active=wlan0 ch9  | prep wlan1 ch5  | BL=['6', '7', '8']
[TX  ->  *] bucket=102 L6 active=wlan0 ch9  BL=['6', '7', '8']
[RX  <- A] bucket=102  peer_BL=['6', '8', '7']  my_BL=['6', '7', '8']
[07:34:16] HOP bucket=103 L6 active=wlan1 ch5  | prep wlan0 ch5  | BL=['6', '7', '8']
[TX  ->  *] bucket=103 L6 active=wlan1 ch5  BL=['6', '7', '8']
[RX  <- A] bucket=103  peer_BL=['6', '8', '7']  my_BL=['6', '7', '8']
[07:34:18] HOP bucket=104 L6 active=wlan0 ch5  | prep wlan1 ch9  | BL=['6', '7', '8']
[TX  ->  *] bucket=104 L6 active=wlan0 ch5  BL=['6', '7', '8']
[RX  <- A] bucket=104  peer_BL=['6', '8', '7']  my_BL=['6', '7', '8']
[07:34:20] HOP bucket=105 L6 active=wlan1 ch9  | prep wlan0 ch11  | BL=['6', '7', '8']
[TX  ->  *] bucket=105 L6 active=wlan1 ch9  BL=['6', '7', '8']
[RX  <- A] bucket=105  peer_BL=['6', '8', '7']  my_BL=['6', '7', '8']
[07:34:22] HOP bucket=106 L6 active=wlan0 ch11  | prep wlan1 ch4  | BL=['6', '7', '8']
[RX  <- A] bucket=106  peer_BL=['6', '8', '7']  my_BL=['6', '7', '8']
[TX  ->  *] bucket=106 L6 active=wlan0 ch11  BL=['6', '7', '8']
[07:34:24] HOP bucket=107 L6 active=wlan1 ch4  | prep wlan0 ch9  | BL=['6', '7', '8']
[RX  <- A] bucket=107  peer_BL=['6', '8', '7']  my_BL=['6', '7', '8']
[TX  ->  *] bucket=107 L6 active=wlan1 ch4  BL=['6', '7', '8']
[07:34:26] HOP bucket=108 L6 active=wlan0 ch9  | prep wlan1 ch11  | BL=['6', '7', '8']
[RX  <- A] bucket=108  peer_BL=['6', '8', '7']  my_BL=['6', '7', '8']
[TX  ->  *] bucket=108 L6 active=wlan0 ch9  BL=['6', '7', '8']
[07:34:28] HOP bucket=109 L6 active=wlan1 ch11  | prep wlan0 ch3  | BL=['6', '7', '8']
[TX  ->  *] bucket=109 L6 active=wlan1 ch11  BL=['6', '7', '8']
[RX  <- A] bucket=109  peer_BL=['6', '8', '7']  my_BL=['6', '7', '8']
[07:34:30] HOP bucket=110 L6 active=wlan0 ch3  | prep wlan1 ch9  | BL=['6', '7', '8']
[TX  ->  *] bucket=110 L6 active=wlan0 ch3  BL=['6', '7', '8']
[RX  <- A] bucket=110  peer_BL=['6', '8', '7']  my_BL=['6', '7', '8']
[07:34:32] HOP bucket=111 L6 active=wlan1 ch9  | prep wlan0 ch11  | BL=['6', '7', '8']
[TX  ->  *] bucket=111 L6 active=wlan1 ch9  BL=['6', '7', '8']
[RX  <- A] bucket=111  peer_BL=['6', '8', '7']  my_BL=['6', '7', '8']
[07:34:34] HOP bucket=112 L6 active=wlan0 ch11  | prep wlan1 ch4  | BL=['6', '7', '8']
[RX  <- A] bucket=112  peer_BL=['6', '8', '7']  my_BL=['6', '7', '8']
[TX  ->  *] bucket=112 L6 active=wlan0 ch11  BL=['6', '7', '8']
[07:34:36] HOP bucket=113 L6 active=wlan1 ch4  | prep wlan0 ch9  | BL=['6', '7', '8']
[TX  ->  *] bucket=113 L6 active=wlan1 ch4  BL=['6', '7', '8']
[RX  <- A] bucket=113  peer_BL=['6', '8', '7']  my_BL=['6', '7', '8']
[07:34:38] HOP bucket=114 L6 active=wlan0 ch9  | prep wlan1 ch4  | BL=['6', '7', '8']
[TX  ->  *] bucket=114 L6 active=wlan0 ch9  BL=['6', '7', '8']
[RX  <- A] bucket=114  peer_BL=['6', '8', '7']  my_BL=['6', '7', '8']
[07:34:40] HOP bucket=115 L6 active=wlan1 ch4  | prep wlan0 ch9  | BL=['6', '7', '8']
[TX  ->  *] bucket=115 L6 active=wlan1 ch4  BL=['6', '7', '8']
[RX  <- A] bucket=115  peer_BL=['6', '8', '7']  my_BL=['6', '7', '8']
[07:34:42] HOP bucket=116 L6 active=wlan0 ch9  | prep wlan1 ch4  | BL=['7', '8']
[TX  ->  *] bucket=116 L6 active=wlan0 ch9  BL=['7', '8']
[RX  <- A] bucket=116  peer_BL=['8', '7']  my_BL=['7', '8']
[07:34:44] HOP bucket=117 L6 active=wlan1 ch4  | prep wlan0 ch11  | BL=['7', '8']
[TX  ->  *] bucket=117 L6 active=wlan1 ch4  BL=['7', '8']
[RX  <- A] bucket=117  peer_BL=['8', '7']  my_BL=['7', '8']
[07:34:46] HOP bucket=118 L6 active=wlan0 ch11  | prep wlan1 ch6  | BL=['7', '8']
[RX  <- A] bucket=118  peer_BL=['8', '7']  my_BL=['7', '8']
[TX  ->  *] bucket=118 L6 active=wlan0 ch11  BL=['7', '8']
[07:34:48] HOP bucket=119 L6 active=wlan1 ch6  | prep wlan0 ch9  | BL=['7', '8']
[TX  ->  *] bucket=119 L6 active=wlan1 ch6  BL=['7', '8']
[?? SOFT    ] bucket=119 L6 active=wlan1 ch6  silent across 35 frames but egress_drops=0  (no tc evidence)
[07:34:50] HOP bucket=120 L6 active=wlan0 ch9  (LAG: totp_says=ch8, physical=ch9)  | prep wlan1 ch9  | BL=['7']
[TX  ->  *] bucket=120 L6 active=wlan0 ch9  BL=['7']
[RX  <- A] bucket=120  peer_BL=['7', '6']  my_BL=['6', '7']
[<= MERGED  ] ch6 from peer's confirmed -> expires bucket=886259874
[07:34:52] HOP bucket=121 L6 active=wlan1 ch9  | prep wlan0 ch8  | BL=['6', '7']
[RX  <- A] bucket=121  peer_BL=['7', '6']  my_BL=['6', '7']
[TX  ->  *] bucket=121 L6 active=wlan1 ch9  BL=['6', '7']
[07:34:54] HOP bucket=122 L6 active=wlan0 ch8  (LAG: totp_says=ch7, physical=ch8)  | prep wlan1 ch7  | BL=['6']
[RX  <- A] bucket=122  peer_BL=['6']  my_BL=['6']
[TX  ->  *] bucket=122 L6 active=wlan0 ch8  BL=['6']
[07:34:56] HOP bucket=123 L6 active=wlan1 ch7  | prep wlan0 ch5  | BL=['6']
[TX  ->  *] bucket=123 L6 active=wlan1 ch7  BL=['6']
[RX  <- A] bucket=123  peer_BL=['6']  my_BL=['6']
[07:34:58] HOP bucket=124 L6 active=wlan0 ch5  | prep wlan1 ch5  | BL=['6']
[TX  ->  *] bucket=124 L6 active=wlan0 ch5  BL=['6']
[RX  <- A] bucket=124  peer_BL=['6']  my_BL=['6']
[07:35:00] HOP bucket=125 L6 active=wlan1 ch5  | prep wlan0 ch8  | BL=['6']
[RX  <- A] bucket=125  peer_BL=['6']  my_BL=['6']
[TX  ->  *] bucket=125 L6 active=wlan1 ch5  BL=['6']
[07:35:02] HOP bucket=126 L6 active=wlan0 ch8  | prep wlan1 ch11  | BL=['6']
[RX  <- A] bucket=126  peer_BL=['6']  my_BL=['6']
[TX  ->  *] bucket=126 L6 active=wlan0 ch8  BL=['6']
[07:35:04] HOP bucket=127 L6 active=wlan1 ch11  | prep wlan0 ch3  | BL=['6']
[TX  ->  *] bucket=127 L6 active=wlan1 ch11  BL=['6']
[RX  <- A] bucket=127  peer_BL=['6']  my_BL=['6']
[07:35:06] HOP bucket=128 L6 active=wlan0 ch3  | prep wlan1 ch10  | BL=['6']
[RX  <- A] bucket=128  peer_BL=['6']  my_BL=['6']
[TX  ->  *] bucket=128 L6 active=wlan0 ch3  BL=['6']
[07:35:08] HOP bucket=129 L6 active=wlan1 ch10  | prep wlan0 ch7  | BL=['6']
[TX  ->  *] bucket=129 L6 active=wlan1 ch10  BL=['6']
[RX  <- A] bucket=129  peer_BL=['6']  my_BL=['6']
[07:35:10] HOP bucket=130 L6 active=wlan0 ch7  | prep wlan1 ch8  | BL=['6']
[RX  <- A] bucket=130  peer_BL=['6']  my_BL=['6']
[TX  ->  *] bucket=130 L6 active=wlan0 ch7  BL=['6']
[07:35:12] HOP bucket=131 L6 active=wlan1 ch8  | prep wlan0 ch7  | BL=['6']
[RX  <- A] bucket=131  peer_BL=['6']  my_BL=['6']
[TX  ->  *] bucket=131 L6 active=wlan1 ch8  BL=['6']
[07:35:14] HOP bucket=132 L6 active=wlan0 ch7  | prep wlan1 ch7  | BL=['6']
[TX  ->  *] bucket=132 L6 active=wlan0 ch7  BL=['6']
[RX  <- A] bucket=132  peer_BL=['6']  my_BL=['6']
[07:35:16] HOP bucket=133 L6 active=wlan1 ch7  | prep wlan0 ch8  | BL=['6']
[RX  <- A] bucket=133  peer_BL=['6']  my_BL=['6']
[TX  ->  *] bucket=133 L6 active=wlan1 ch7  BL=['6']
[07:35:18] HOP bucket=134 L6 active=wlan0 ch8  | prep wlan1 ch8  | BL=['6']
[RX  <- A] bucket=134  peer_BL=['6']  my_BL=['6']
[TX  ->  *] bucket=134 L6 active=wlan0 ch8  BL=['6']
[07:35:20] HOP bucket=135 L6 active=wlan1 ch8  | prep wlan0 ch7  | BL=['6']
[RX  <- A] bucket=135  peer_BL=['6']  my_BL=['6']
[TX  ->  *] bucket=135 L6 active=wlan1 ch8  BL=['6']
[07:35:22] HOP bucket=136 L6 active=wlan0 ch7  | prep wlan1 ch11  | BL=['6']
[TX  ->  *] bucket=136 L6 active=wlan0 ch7  BL=['6']
[RX  <- A] bucket=136  peer_BL=['6']  my_BL=['6']
[07:35:24] HOP bucket=137 L6 active=wlan1 ch11  | prep wlan0 ch3  | BL=['6']
[RX  <- A] bucket=137  peer_BL=['6']  my_BL=['6']
[TX  ->  *] bucket=137 L6 active=wlan1 ch11  BL=['6']
[07:35:26] HOP bucket=138 L6 active=wlan0 ch3  | prep wlan1 ch7  | BL=['6']
[RX  <- A] bucket=138  peer_BL=['6']  my_BL=['6']
[TX  ->  *] bucket=138 L6 active=wlan0 ch3  BL=['6']
[07:35:28] HOP bucket=139 L6 active=wlan1 ch7  | prep wlan0 ch10  | BL=['6']
[TX  ->  *] bucket=139 L6 active=wlan1 ch7  BL=['6']
[RX  <- A] bucket=139  peer_BL=['6']  my_BL=['6']
[07:35:30] HOP bucket=140 L6 active=wlan0 ch10  | prep wlan1 ch8  | BL=['6']
[RX  <- A] bucket=140  peer_BL=['6']  my_BL=['6']
[TX  ->  *] bucket=140 L6 active=wlan0 ch10  BL=['6']
[07:35:32] HOP bucket=141 L6 active=wlan1 ch8  | prep wlan0 ch7  | BL=['6']
[TX  ->  *] bucket=141 L6 active=wlan1 ch8  BL=['6']
[RX  <- A] bucket=141  peer_BL=['6']  my_BL=['6']
[07:35:34] HOP bucket=142 L6 active=wlan0 ch7  | prep wlan1 ch3  | BL=['6']
[TX  ->  *] bucket=142 L6 active=wlan0 ch7  BL=['6']
[RX  <- A] bucket=142  peer_BL=['6']  my_BL=['6']
[07:35:36] HOP bucket=143 L6 active=wlan1 ch3  | prep wlan0 ch4  | BL=['6']
[TX  ->  *] bucket=143 L6 active=wlan1 ch3  BL=['6']
[RX  <- A] bucket=143  peer_BL=['6']  my_BL=['6']
[07:35:38] HOP bucket=144 L6 active=wlan0 ch4  | prep wlan1 ch3  | BL=['6']
[TX  ->  *] bucket=144 L6 active=wlan0 ch4  BL=['6']
[RX  <- A] bucket=144  peer_BL=['6']  my_BL=['6']
[07:35:40] HOP bucket=145 L6 active=wlan1 ch3  | prep wlan0 ch7  | BL=['6']
[TX  ->  *] bucket=145 L6 active=wlan1 ch3  BL=['6']
[RX  <- A] bucket=145  peer_BL=['6']  my_BL=['6']
[07:35:42] HOP bucket=146 L6 active=wlan0 ch7  | prep wlan1 ch5  | BL=['6']
[TX  ->  *] bucket=146 L6 active=wlan0 ch7  BL=['6']
[RX  <- A] bucket=146  peer_BL=['6']  my_BL=['6']
[07:35:44] HOP bucket=147 L6 active=wlan1 ch5  | prep wlan0 ch11  | BL=['6']
[RX  <- A] bucket=147  peer_BL=['6']  my_BL=['6']
[TX  ->  *] bucket=147 L6 active=wlan1 ch5  BL=['6']
[07:35:46] HOP bucket=148 L6 active=wlan0 ch11  | prep wlan1 ch11  | BL=['6']
[TX  ->  *] bucket=148 L6 active=wlan0 ch11  BL=['6']
[RX  <- A] bucket=148  peer_BL=['6']  my_BL=['6']
[07:35:48] HOP bucket=149 L6 active=wlan1 ch11  | prep wlan0 ch8  | BL=[]
[TX  ->  *] bucket=149 L6 active=wlan1 ch11  BL=[]
[RX  <- A] bucket=149  peer_BL=[]  my_BL=[]
[07:35:50] HOP bucket=150 L6 active=wlan0 ch8  | prep wlan1 ch7  | BL=[]
[RX  <- A] bucket=150  peer_BL=[]  my_BL=[]
[TX  ->  *] bucket=150 L6 active=wlan0 ch8  BL=[]
[07:35:52] HOP bucket=151 L6 active=wlan1 ch7  | prep wlan0 ch3  | BL=[]
[TX  ->  *] bucket=151 L6 active=wlan1 ch7  BL=[]
[!! JAMMED  ] bucket=151 L6 active=wlan1 ch7  silent + egress_drops=38  -> BL until bucket=181  BL=['7']
[07:35:54] HOP bucket=152 L6 active=wlan0 ch3  | prep wlan1 ch10  | BL=['7']
[RX  <- A] bucket=152  peer_BL=[]  my_BL=['7']
[TX  ->  *] bucket=152 L6 active=wlan0 ch3  BL=['7']
[07:35:56] HOP bucket=153 L6 active=wlan1 ch10  | prep wlan0 ch9  | BL=['7']
[TX  ->  *] bucket=153 L6 active=wlan1 ch10  BL=['7']
[RX  <- A] bucket=153  peer_BL=['7']  my_BL=['7']
[07:35:58] HOP bucket=154 L6 active=wlan0 ch9  | prep wlan1 ch4  | BL=['7']
[RX  <- A] bucket=154  peer_BL=['7']  my_BL=['7']
[TX  ->  *] bucket=154 L6 active=wlan0 ch9  BL=['7']
[07:36:00] HOP bucket=155 L6 active=wlan1 ch4  | prep wlan0 ch3  | BL=['7']
[TX  ->  *] bucket=155 L6 active=wlan1 ch4  BL=['7']
[RX  <- A] bucket=155  peer_BL=['7']  my_BL=['7']
[07:36:02] HOP bucket=156 L6 active=wlan0 ch3  | prep wlan1 ch5  | BL=['7']
[RX  <- A] bucket=156  peer_BL=['7']  my_BL=['7']
[TX  ->  *] bucket=156 L6 active=wlan0 ch3  BL=['7']
[07:36:04] HOP bucket=157 L6 active=wlan1 ch5  | prep wlan0 ch5  | BL=['7']
[RX  <- A] bucket=157  peer_BL=['7']  my_BL=['7']
[TX  ->  *] bucket=157 L6 active=wlan1 ch5  BL=['7']
[07:36:06] HOP bucket=158 L6 active=wlan0 ch5  | prep wlan1 ch11  | BL=['7']
[TX  ->  *] bucket=158 L6 active=wlan0 ch5  BL=['7']
[RX  <- A] bucket=158  peer_BL=['7']  my_BL=['7']
[07:36:08] HOP bucket=159 L6 active=wlan1 ch11  | prep wlan0 ch6  | BL=['7']
[TX  ->  *] bucket=159 L6 active=wlan1 ch11  BL=['7']
[RX  <- A] bucket=159  peer_BL=['7']  my_BL=['7']
[07:36:10] HOP bucket=160 L6 active=wlan0 ch6  | prep wlan1 ch11  | BL=['7']
[TX  ->  *] bucket=160 L6 active=wlan0 ch6  BL=['7']
[RX  <- A] bucket=160  peer_BL=['7']  my_BL=['7']
[07:36:12] HOP bucket=161 L6 active=wlan1 ch11  | prep wlan0 ch9  | BL=['7']
[TX  ->  *] bucket=161 L6 active=wlan1 ch11  BL=['7']
[RX  <- A] bucket=161  peer_BL=['7']  my_BL=['7']
[07:36:14] HOP bucket=162 L6 active=wlan0 ch9  | prep wlan1 ch6  | BL=['7']
[TX  ->  *] bucket=162 L6 active=wlan0 ch9  BL=['7']
[RX  <- A] bucket=162  peer_BL=['7']  my_BL=['7']
[07:36:16] HOP bucket=163 L6 active=wlan1 ch6  | prep wlan0 ch6  | BL=['7']
[TX  ->  *] bucket=163 L6 active=wlan1 ch6  BL=['7']
[RX  <- A] bucket=163  peer_BL=['7']  my_BL=['7']
[07:36:18] HOP bucket=164 L6 active=wlan0 ch6  | prep wlan1 ch10  | BL=['7']
[TX  ->  *] bucket=164 L6 active=wlan0 ch6  BL=['7']
[RX  <- A] bucket=164  peer_BL=['7']  my_BL=['7']
[07:36:20] HOP bucket=165 L6 active=wlan1 ch10  | prep wlan0 ch6  | BL=['7']
[TX  ->  *] bucket=165 L6 active=wlan1 ch10  BL=['7']
[RX  <- A] bucket=165  peer_BL=['7']  my_BL=['7']
[07:36:22] HOP bucket=166 L6 active=wlan0 ch6  | prep wlan1 ch8  | BL=['7']
[TX  ->  *] bucket=166 L6 active=wlan0 ch6  BL=['7']
[RX  <- A] bucket=166  peer_BL=['7']  my_BL=['7']
[07:36:24] HOP bucket=167 L6 active=wlan1 ch8  | prep wlan0 ch10  | BL=['7']
[RX  <- A] bucket=167  peer_BL=['7']  my_BL=['7']
[TX  ->  *] bucket=167 L6 active=wlan1 ch8  BL=['7']
[07:36:26] HOP bucket=168 L6 active=wlan0 ch10  | prep wlan1 ch5  | BL=['7']
[RX  <- A] bucket=168  peer_BL=['7']  my_BL=['7']
[TX  ->  *] bucket=168 L6 active=wlan0 ch10  BL=['7']
[07:36:28] HOP bucket=169 L6 active=wlan1 ch5  | prep wlan0 ch4  | BL=['7']
[RX  <- A] bucket=169  peer_BL=['7']  my_BL=['7']
[TX  ->  *] bucket=169 L6 active=wlan1 ch5  BL=['7']
[07:36:30] HOP bucket=170 L6 active=wlan0 ch4  | prep wlan1 ch10  | BL=['7']
[TX  ->  *] bucket=170 L6 active=wlan0 ch4  BL=['7']
[RX  <- A] bucket=170  peer_BL=['7']  my_BL=['7']
[07:36:32] HOP bucket=171 L6 active=wlan1 ch10  | prep wlan0 ch3  | BL=['7']
[TX  ->  *] bucket=171 L6 active=wlan1 ch10  BL=['7']
[RX  <- A] bucket=171  peer_BL=['7']  my_BL=['7']
[07:36:34] HOP bucket=172 L6 active=wlan0 ch3  | prep wlan1 ch8  | BL=['7']
[TX  ->  *] bucket=172 L6 active=wlan0 ch3  BL=['7']
[RX  <- A] bucket=172  peer_BL=['7']  my_BL=['7']
[07:36:36] HOP bucket=173 L6 active=wlan1 ch8  | prep wlan0 ch3  | BL=['7']
[TX  ->  *] bucket=173 L6 active=wlan1 ch8  BL=['7']
[RX  <- A] bucket=173  peer_BL=['7']  my_BL=['7']
[07:36:38] HOP bucket=174 L6 active=wlan0 ch3  | prep wlan1 ch8  | BL=['7']
[TX  ->  *] bucket=174 L6 active=wlan0 ch3  BL=['7']
[RX  <- A] bucket=174  peer_BL=['7']  my_BL=['7']
[07:36:40] HOP bucket=175 L6 active=wlan1 ch8  | prep wlan0 ch6  | BL=['7']
[TX  ->  *] bucket=175 L6 active=wlan1 ch8  BL=['7']
[RX  <- A] bucket=175  peer_BL=['7']  my_BL=['7']
[07:36:42] HOP bucket=176 L6 active=wlan0 ch6  | prep wlan1 ch5  | BL=['7']
[TX  ->  *] bucket=176 L6 active=wlan0 ch6  BL=['7']
[RX  <- A] bucket=176  peer_BL=['7']  my_BL=['7']
[07:36:44] HOP bucket=177 L6 active=wlan1 ch5  | prep wlan0 ch8  | BL=['7']
[TX  ->  *] bucket=177 L6 active=wlan1 ch5  BL=['7']
[RX  <- A] bucket=177  peer_BL=['7']  my_BL=['7']
[07:36:46] HOP bucket=178 L6 active=wlan0 ch8  | prep wlan1 ch11  | BL=['7']
[TX  ->  *] bucket=178 L6 active=wlan0 ch8  BL=['7']
[RX  <- A] bucket=178  peer_BL=['7']  my_BL=['7']
[07:36:48] HOP bucket=179 L6 active=wlan1 ch11  | prep wlan0 ch10  | BL=['7']
[TX  ->  *] bucket=179 L6 active=wlan1 ch11  BL=['7']
[RX  <- A] bucket=179  peer_BL=['7']  my_BL=['7']
[07:36:50] HOP bucket=180 L6 active=wlan0 ch10  | prep wlan1 ch6  | BL=['7']
[RX  <- A] bucket=180  peer_BL=['7']  my_BL=['7']
[TX  ->  *] bucket=180 L6 active=wlan0 ch10  BL=['7']
[07:36:52] HOP bucket=181 L6 active=wlan1 ch6  | prep wlan0 ch10  | BL=[]
[RX  <- A] bucket=181  peer_BL=[]  my_BL=[]
[TX  ->  *] bucket=181 L6 active=wlan1 ch6  BL=[]
[07:36:54] HOP bucket=182 L6 active=wlan0 ch10  | prep wlan1 ch4  | BL=[]
[TX  ->  *] bucket=182 L6 active=wlan0 ch10  BL=[]
[RX  <- A] bucket=182  peer_BL=[]  my_BL=[]
[07:36:56] HOP bucket=183 L6 active=wlan1 ch4  | prep wlan0 ch6  | BL=[]
[TX  ->  *] bucket=183 L6 active=wlan1 ch4  BL=[]
[RX  <- A] bucket=183  peer_BL=[]  my_BL=[]
[07:36:58] HOP bucket=184 L6 active=wlan0 ch6  | prep wlan1 ch5  | BL=[]
[TX  ->  *] bucket=184 L6 active=wlan0 ch6  BL=[]
[RX  <- A] bucket=184  peer_BL=[]  my_BL=[]
[07:37:00] HOP bucket=185 L6 active=wlan1 ch5  | prep wlan0 ch3  | BL=[]
[TX  ->  *] bucket=185 L6 active=wlan1 ch5  BL=[]
[RX  <- A] bucket=185  peer_BL=[]  my_BL=[]
[07:37:02] HOP bucket=186 L6 active=wlan0 ch3  | prep wlan1 ch4  | BL=[]
[TX  ->  *] bucket=186 L6 active=wlan0 ch3  BL=[]
[RX  <- A] bucket=186  peer_BL=[]  my_BL=[]
[07:37:04] HOP bucket=187 L6 active=wlan1 ch4  | prep wlan0 ch4  | BL=[]
[RX  <- A] bucket=187  peer_BL=[]  my_BL=[]
[TX  ->  *] bucket=187 L6 active=wlan1 ch4  BL=[]
[07:37:06] HOP bucket=188 L6 active=wlan0 ch4  | prep wlan1 ch9  | BL=[]
[TX  ->  *] bucket=188 L6 active=wlan0 ch4  BL=[]
[RX  <- A] bucket=188  peer_BL=[]  my_BL=[]
[07:37:08] HOP bucket=189 L6 active=wlan1 ch9  | prep wlan0 ch11  | BL=[]
[RX  <- A] bucket=189  peer_BL=[]  my_BL=[]
[TX  ->  *] bucket=189 L6 active=wlan1 ch9  BL=[]
[07:37:10] HOP bucket=190 L6 active=wlan0 ch11  | prep wlan1 ch3  | BL=[]
[TX  ->  *] bucket=190 L6 active=wlan0 ch11  BL=[]
[RX  <- A] bucket=190  peer_BL=[]  my_BL=[]
[07:37:12] HOP bucket=191 L6 active=wlan1 ch3  | prep wlan0 ch9  | BL=[]
[TX  ->  *] bucket=191 L6 active=wlan1 ch3  BL=[]
[RX  <- A] bucket=191  peer_BL=[]  my_BL=[]
[07:37:14] HOP bucket=192 L6 active=wlan0 ch9  | prep wlan1 ch8  | BL=[]
[RX  <- A] bucket=192  peer_BL=[]  my_BL=[]
[TX  ->  *] bucket=192 L6 active=wlan0 ch9  BL=[]
[07:37:16] HOP bucket=193 L6 active=wlan1 ch8  | prep wlan0 ch9  | BL=[]
[TX  ->  *] bucket=193 L6 active=wlan1 ch8  BL=[]
[RX  <- A] bucket=193  peer_BL=[]  my_BL=[]
[07:37:18] HOP bucket=194 L6 active=wlan0 ch9  | prep wlan1 ch6  | BL=[]
[TX  ->  *] bucket=194 L6 active=wlan0 ch9  BL=[]
[RX  <- A] bucket=194  peer_BL=[]  my_BL=[]
[07:37:20] HOP bucket=195 L6 active=wlan1 ch6  | prep wlan0 ch11  | BL=[]
[RX  <- A] bucket=195  peer_BL=[]  my_BL=[]
[TX  ->  *] bucket=195 L6 active=wlan1 ch6  BL=[]
[07:37:22] HOP bucket=196 L6 active=wlan0 ch11  | prep wlan1 ch7  | BL=[]
[RX  <- A] bucket=196  peer_BL=[]  my_BL=[]
[TX  ->  *] bucket=196 L6 active=wlan0 ch11  BL=[]
[07:37:24] HOP bucket=197 L6 active=wlan1 ch7  | prep wlan0 ch10  | BL=[]
[TX  ->  *] bucket=197 L6 active=wlan1 ch7  BL=[]
[!! JAMMED  ] bucket=197 L6 active=wlan1 ch7  silent + egress_drops=38  -> BL until bucket=227  BL=['7']
[07:37:26] HOP bucket=198 L6 active=wlan0 ch10  | prep wlan1 ch5  | BL=['7']
[RX  <- A] bucket=198  peer_BL=['7']  my_BL=['7']
[TX  ->  *] bucket=198 L6 active=wlan0 ch10  BL=['7']
[07:37:28] HOP bucket=199 L6 active=wlan1 ch5  | prep wlan0 ch9  | BL=['7']
[TX  ->  *] bucket=199 L6 active=wlan1 ch5  BL=['7']
[RX  <- A] bucket=199  peer_BL=['7']  my_BL=['7']
[07:37:30] HOP bucket=200 L6 active=wlan0 ch9  | prep wlan1 ch3  | BL=['7']
[TX  ->  *] bucket=200 L6 active=wlan0 ch9  BL=['7']
[RX  <- A] bucket=200  peer_BL=['7']  my_BL=['7']
[07:37:32] HOP bucket=201 L6 active=wlan1 ch3  | prep wlan0 ch9  | BL=['7']
[TX  ->  *] bucket=201 L6 active=wlan1 ch3  BL=['7']
[RX  <- A] bucket=201  peer_BL=['7']  my_BL=['7']
[07:37:34] HOP bucket=202 L6 active=wlan0 ch9  | prep wlan1 ch6  | BL=['7']
[TX  ->  *] bucket=202 L6 active=wlan0 ch9  BL=['7']
[RX  <- A] bucket=202  peer_BL=['7']  my_BL=['7']
[07:37:36] HOP bucket=203 L6 active=wlan1 ch6  | prep wlan0 ch10  | BL=['7']
[TX  ->  *] bucket=203 L6 active=wlan1 ch6  BL=['7']
[RX  <- A] bucket=203  peer_BL=['7']  my_BL=['7']
[07:37:38] HOP bucket=204 L6 active=wlan0 ch10  | prep wlan1 ch11  | BL=['7']
[RX  <- A] bucket=204  peer_BL=['7']  my_BL=['7']
[TX  ->  *] bucket=204 L6 active=wlan0 ch10  BL=['7']
[07:37:40] HOP bucket=205 L6 active=wlan1 ch11  | prep wlan0 ch5  | BL=['7']
[RX  <- A] bucket=205  peer_BL=['7']  my_BL=['7']
[TX  ->  *] bucket=205 L6 active=wlan1 ch11  BL=['7']
[07:37:42] HOP bucket=206 L6 active=wlan0 ch5  | prep wlan1 ch6  | BL=['7']
[TX  ->  *] bucket=206 L6 active=wlan0 ch5  BL=['7']
[RX  <- A] bucket=206  peer_BL=['7']  my_BL=['7']
[07:37:44] HOP bucket=207 L6 active=wlan1 ch6  | prep wlan0 ch5  | BL=['7']
[TX  ->  *] bucket=207 L6 active=wlan1 ch6  BL=['7']
[RX  <- A] bucket=207  peer_BL=['7']  my_BL=['7']
[07:37:46] HOP bucket=208 L6 active=wlan0 ch5  | prep wlan1 ch11  | BL=['7']
[TX  ->  *] bucket=208 L6 active=wlan0 ch5  BL=['7']
[RX  <- A] bucket=208  peer_BL=['7']  my_BL=['7']
[07:37:48] HOP bucket=209 L6 active=wlan1 ch11  | prep wlan0 ch3  | BL=['7']
[TX  ->  *] bucket=209 L6 active=wlan1 ch11  BL=['7']
[RX  <- A] bucket=209  peer_BL=['7']  my_BL=['7']
[07:37:50] HOP bucket=210 L6 active=wlan0 ch3  | prep wlan1 ch8  | BL=['7']
[TX  ->  *] bucket=210 L6 active=wlan0 ch3  BL=['7']
[RX  <- A] bucket=210  peer_BL=['7']  my_BL=['7']
[07:37:52] HOP bucket=211 L6 active=wlan1 ch8  | prep wlan0 ch9  | BL=['7']
[TX  ->  *] bucket=211 L6 active=wlan1 ch8  BL=['7']
[!! JAMMED  ] bucket=211 L6 active=wlan1 ch8  silent + egress_drops=38  -> BL until bucket=241  BL=['7', '8']
[07:37:54] HOP bucket=212 L6 active=wlan0 ch9  | prep wlan1 ch6  | BL=['7', '8']
[RX  <- A] bucket=212  peer_BL=['7', '8']  my_BL=['7', '8']
[TX  ->  *] bucket=212 L6 active=wlan0 ch9  BL=['7', '8']
[07:37:56] HOP bucket=213 L6 active=wlan1 ch6  | prep wlan0 ch9  | BL=['7', '8']
[RX  <- A] bucket=213  peer_BL=['7', '8']  my_BL=['7', '8']
[TX  ->  *] bucket=213 L6 active=wlan1 ch6  BL=['7', '8']
[07:37:58] HOP bucket=214 L6 active=wlan0 ch9  | prep wlan1 ch9  | BL=['7', '8']
[RX  <- A] bucket=214  peer_BL=['7', '8']  my_BL=['7', '8']
[TX  ->  *] bucket=214 L6 active=wlan0 ch9  BL=['7', '8']
[07:38:00] HOP bucket=215 L6 active=wlan1 ch9  | prep wlan0 ch4  | BL=['7', '8']
[TX  ->  *] bucket=215 L6 active=wlan1 ch9  BL=['7', '8']
[RX  <- A] bucket=215  peer_BL=['7', '8']  my_BL=['7', '8']
[07:38:02] HOP bucket=216 L6 active=wlan0 ch4  | prep wlan1 ch9  | BL=['7', '8']
[TX  ->  *] bucket=216 L6 active=wlan0 ch4  BL=['7', '8']
[RX  <- A] bucket=216  peer_BL=['7', '8']  my_BL=['7', '8']
[07:38:04] HOP bucket=217 L6 active=wlan1 ch9  | prep wlan0 ch9  | BL=['7', '8']
[TX  ->  *] bucket=217 L6 active=wlan1 ch9  BL=['7', '8']
[RX  <- A] bucket=217  peer_BL=['7', '8']  my_BL=['7', '8']
[07:38:06] HOP bucket=218 L6 active=wlan0 ch9  | prep wlan1 ch3  | BL=['7', '8']
[TX  ->  *] bucket=218 L6 active=wlan0 ch9  BL=['7', '8']
[RX  <- A] bucket=218  peer_BL=['7', '8']  my_BL=['7', '8']
[07:38:08] HOP bucket=219 L6 active=wlan1 ch3  | prep wlan0 ch6  | BL=['7', '8']
[TX  ->  *] bucket=219 L6 active=wlan1 ch3  BL=['7', '8']
[RX  <- A] bucket=219  peer_BL=['7', '8']  my_BL=['7', '8']
[07:38:10] HOP bucket=220 L6 active=wlan0 ch6  | prep wlan1 ch9  | BL=['7', '8']
[RX  <- A] bucket=220  peer_BL=['7', '8']  my_BL=['7', '8']
[TX  ->  *] bucket=220 L6 active=wlan0 ch6  BL=['7', '8']
[07:38:12] HOP bucket=221 L6 active=wlan1 ch9  | prep wlan0 ch9  | BL=['7', '8']
[TX  ->  *] bucket=221 L6 active=wlan1 ch9  BL=['7', '8']
[RX  <- A] bucket=221  peer_BL=['7', '8']  my_BL=['7', '8']
[07:38:14] HOP bucket=222 L6 active=wlan0 ch9  | prep wlan1 ch9  | BL=['7', '8']
[TX  ->  *] bucket=222 L6 active=wlan0 ch9  BL=['7', '8']
[RX  <- A] bucket=222  peer_BL=['7', '8']  my_BL=['7', '8']
[07:38:16] HOP bucket=223 L6 active=wlan1 ch9  | prep wlan0 ch9  | BL=['7', '8']
[TX  ->  *] bucket=223 L6 active=wlan1 ch9  BL=['7', '8']
[RX  <- A] bucket=223  peer_BL=['7', '8']  my_BL=['7', '8']
[07:38:18] HOP bucket=224 L6 active=wlan0 ch9  | prep wlan1 ch9  | BL=['7', '8']
[TX  ->  *] bucket=224 L6 active=wlan0 ch9  BL=['7', '8']
[RX  <- A] bucket=224  peer_BL=['7', '8']  my_BL=['7', '8']
[07:38:20] HOP bucket=225 L6 active=wlan1 ch9  | prep wlan0 ch10  | BL=['7', '8']
[TX  ->  *] bucket=225 L6 active=wlan1 ch9  BL=['7', '8']
[RX  <- A] bucket=225  peer_BL=['7', '8']  my_BL=['7', '8']
[07:38:22] HOP bucket=226 L6 active=wlan0 ch10  | prep wlan1 ch9  | BL=['7', '8']
[RX  <- A] bucket=226  peer_BL=['7', '8']  my_BL=['7', '8']
[TX  ->  *] bucket=226 L6 active=wlan0 ch10  BL=['7', '8']
[07:38:24] HOP bucket=227 L6 active=wlan1 ch9  | prep wlan0 ch6  | BL=['8']
[RX  <- A] bucket=227  peer_BL=['8']  my_BL=['8']
[TX  ->  *] bucket=227 L6 active=wlan1 ch9  BL=['8']
[07:38:26] HOP bucket=228 L6 active=wlan0 ch6  | prep wlan1 ch3  | BL=['8']
[TX  ->  *] bucket=228 L6 active=wlan0 ch6  BL=['8']
[RX  <- A] bucket=228  peer_BL=['8']  my_BL=['8']
[07:38:28] HOP bucket=229 L6 active=wlan1 ch3  | prep wlan0 ch4  | BL=['8']
[TX  ->  *] bucket=229 L6 active=wlan1 ch3  BL=['8']
[RX  <- A] bucket=229  peer_BL=['8']  my_BL=['8']
[07:38:30] HOP bucket=230 L6 active=wlan0 ch4  | prep wlan1 ch3  | BL=['8']
[TX  ->  *] bucket=230 L6 active=wlan0 ch4  BL=['8']
[RX  <- A] bucket=230  peer_BL=['8']  my_BL=['8']
[07:38:32] HOP bucket=231 L6 active=wlan1 ch3  | prep wlan0 ch7  | BL=['8']
[TX  ->  *] bucket=231 L6 active=wlan1 ch3  BL=['8']
[RX  <- A] bucket=231  peer_BL=['8']  my_BL=['8']
[07:38:34] HOP bucket=232 L6 active=wlan0 ch7  | prep wlan1 ch6  | BL=['8']
[TX  ->  *] bucket=232 L6 active=wlan0 ch7  BL=['8']
[!! JAMMED  ] bucket=232 L6 active=wlan0 ch7  silent + egress_drops=38  -> BL until bucket=262  BL=['7', '8']
[07:38:36] HOP bucket=233 L6 active=wlan1 ch6  | prep wlan0 ch9  | BL=['7', '8']
[TX  ->  *] bucket=233 L6 active=wlan1 ch6  BL=['7', '8']
[RX  <- A] bucket=233  peer_BL=['8', '7']  my_BL=['7', '8']
[07:38:38] HOP bucket=234 L6 active=wlan0 ch9  | prep wlan1 ch9  | BL=['7', '8']
[RX  <- A] bucket=234  peer_BL=['8', '7']  my_BL=['7', '8']
[TX  ->  *] bucket=234 L6 active=wlan0 ch9  BL=['7', '8']
[07:38:40] HOP bucket=235 L6 active=wlan1 ch9  | prep wlan0 ch11  | BL=['7', '8']
[TX  ->  *] bucket=235 L6 active=wlan1 ch9  BL=['7', '8']
[RX  <- A] bucket=235  peer_BL=['8', '7']  my_BL=['7', '8']
[07:38:42] HOP bucket=236 L6 active=wlan0 ch11  | prep wlan1 ch5  | BL=['7', '8']
[RX  <- A] bucket=236  peer_BL=['8', '7']  my_BL=['7', '8']
[TX  ->  *] bucket=236 L6 active=wlan0 ch11  BL=['7', '8']
[07:38:44] HOP bucket=237 L6 active=wlan1 ch5  | prep wlan0 ch9  | BL=['7', '8']
[TX  ->  *] bucket=237 L6 active=wlan1 ch5  BL=['7', '8']
[!! JAMMED  ] bucket=237 L6 active=wlan1 ch5  silent + egress_drops=38  -> BL until bucket=267  BL=['5', '7', '8']
[07:38:46] HOP bucket=238 L6 active=wlan0 ch9  | prep wlan1 ch6  | BL=['5', '7', '8']
[RX  <- A] bucket=238  peer_BL=['8', '7', '5']  my_BL=['5', '7', '8']
[TX  ->  *] bucket=238 L6 active=wlan0 ch9  BL=['5', '7', '8']
[07:38:48] HOP bucket=239 L6 active=wlan1 ch6  | prep wlan0 ch9  | BL=['5', '7', '8']
[TX  ->  *] bucket=239 L6 active=wlan1 ch6  BL=['5', '7', '8']
[RX  <- A] bucket=239  peer_BL=['8', '7', '5']  my_BL=['5', '7', '8']
[07:38:50] HOP bucket=240 L6 active=wlan0 ch9  | prep wlan1 ch10  | BL=['5', '7', '8']
[TX  ->  *] bucket=240 L6 active=wlan0 ch9  BL=['5', '7', '8']
[!! JAMMED  ] bucket=240 L6 active=wlan0 ch9  silent + egress_drops=71  -> BL until bucket=270  BL=['5', '7', '8', '9']
[07:38:52] HOP bucket=241 L6 active=wlan1 ch10  | prep wlan0 ch4  | BL=['5', '7', '9']
[TX  ->  *] bucket=241 L6 active=wlan1 ch10  BL=['5', '7', '9']
[RX  <- A] bucket=241  peer_BL=['7', '5', '9']  my_BL=['5', '7', '9']
[07:38:54] HOP bucket=242 L6 active=wlan0 ch4  | prep wlan1 ch6  | BL=['5', '7', '9']
[TX  ->  *] bucket=242 L6 active=wlan0 ch4  BL=['5', '7', '9']
[RX  <- A] bucket=242  peer_BL=['7', '5', '9']  my_BL=['5', '7', '9']
[07:38:56] HOP bucket=243 L6 active=wlan1 ch6  | prep wlan0 ch8  | BL=['5', '7', '9']
[TX  ->  *] bucket=243 L6 active=wlan1 ch6  BL=['5', '7', '9']
[!! JAMMED  ] bucket=243 L6 active=wlan1 ch6  silent + egress_drops=38  -> BL until bucket=273  BL=['5', '6', '7', '9']
[07:38:58] HOP bucket=244 L6 active=wlan0 ch8  | prep wlan1 ch10  | BL=['5', '6', '7', '9']
[TX  ->  *] bucket=244 L6 active=wlan0 ch8  BL=['5', '6', '7', '9']
[?? SOFT    ] bucket=244 L6 active=wlan0 ch8  silent across 35 frames but egress_drops=0  (no tc evidence)
[07:39:00] HOP bucket=245 L6 active=wlan1 ch10  | prep wlan0 ch10  | BL=['5', '6', '7', '9']
[TX  ->  *] bucket=245 L6 active=wlan1 ch10  BL=['5', '6', '7', '9']
[RX  <- A] bucket=245  peer_BL=['7', '5', '9', '8', '6']  my_BL=['5', '6', '7', '8', '9']
[<= MERGED  ] ch8 from peer's confirmed -> expires bucket=886259999
[07:39:02] HOP bucket=246 L6 active=wlan0 ch10  | prep wlan1 ch10  | BL=['5', '6', '7', '8', '9']
[TX  ->  *] bucket=246 L6 active=wlan0 ch10  BL=['5', '6', '7', '8', '9']
[RX  <- A] bucket=246  peer_BL=['7', '5', '9', '8', '6']  my_BL=['5', '6', '7', '8', '9']
[07:39:04] HOP bucket=247 L6 active=wlan1 ch10  | prep wlan0 ch10  | BL=['5', '6', '7', '8', '9']
[TX  ->  *] bucket=247 L6 active=wlan1 ch10  BL=['5', '6', '7', '8', '9']
[RX  <- A] bucket=247  peer_BL=['7', '5', '9', '8', '6']  my_BL=['5', '6', '7', '8', '9']
[07:39:06] HOP bucket=248 L6 active=wlan0 ch10  | prep wlan1 ch10  | BL=['5', '6', '7', '8', '9']
[TX  ->  *] bucket=248 L6 active=wlan0 ch10  BL=['5', '6', '7', '8', '9']
[RX  <- A] bucket=248  peer_BL=['7', '5', '9', '8', '6']  my_BL=['5', '6', '7', '8', '9']
[07:39:08] HOP bucket=249 L6 active=wlan1 ch10  | prep wlan0 ch3  | BL=['5', '6', '7', '8', '9']
[TX  ->  *] bucket=249 L6 active=wlan1 ch10  BL=['5', '6', '7', '8', '9']
[RX  <- A] bucket=249  peer_BL=['7', '5', '9', '8', '6']  my_BL=['5', '6', '7', '8', '9']
[07:39:10] HOP bucket=250 L6 active=wlan0 ch3  | prep wlan1 ch11  | BL=['5', '6', '7', '8', '9']
[TX  ->  *] bucket=250 L6 active=wlan0 ch3  BL=['5', '6', '7', '8', '9']
[RX  <- A] bucket=250  peer_BL=['7', '5', '9', '8', '6']  my_BL=['5', '6', '7', '8', '9']
[07:39:12] HOP bucket=251 L6 active=wlan1 ch11  | prep wlan0 ch10  | BL=['5', '6', '7', '8', '9']
[TX  ->  *] bucket=251 L6 active=wlan1 ch11  BL=['5', '6', '7', '8', '9']
[RX  <- A] bucket=251  peer_BL=['7', '5', '9', '8', '6']  my_BL=['5', '6', '7', '8', '9']
[07:39:14] HOP bucket=252 L6 active=wlan0 ch10  | prep wlan1 ch11  | BL=['5', '6', '7', '8', '9']
[TX  ->  *] bucket=252 L6 active=wlan0 ch10  BL=['5', '6', '7', '8', '9']
[RX  <- A] bucket=252  peer_BL=['7', '5', '9', '8', '6']  my_BL=['5', '6', '7', '8', '9']
[07:39:16] HOP bucket=253 L6 active=wlan1 ch11  | prep wlan0 ch10  | BL=['5', '6', '7', '8', '9']
[RX  <- A] bucket=253  peer_BL=['7', '5', '9', '8', '6']  my_BL=['5', '6', '7', '8', '9']
[TX  ->  *] bucket=253 L6 active=wlan1 ch11  BL=['5', '6', '7', '8', '9']
[07:39:18] HOP bucket=254 L6 active=wlan0 ch10  | prep wlan1 ch10  | BL=['5', '6', '7', '8', '9']
[RX  <- A] bucket=254  peer_BL=['7', '5', '9', '8', '6']  my_BL=['5', '6', '7', '8', '9']
[TX  ->  *] bucket=254 L6 active=wlan0 ch10  BL=['5', '6', '7', '8', '9']
[07:39:20] HOP bucket=255 L6 active=wlan1 ch10  | prep wlan0 ch10  | BL=['5', '6', '7', '8', '9']
[RX  <- A] bucket=255  peer_BL=['7', '5', '9', '8', '6']  my_BL=['5', '6', '7', '8', '9']
[TX  ->  *] bucket=255 L6 active=wlan1 ch10  BL=['5', '6', '7', '8', '9']
[07:39:22] HOP bucket=256 L6 active=wlan0 ch10  | prep wlan1 ch10  | BL=['5', '6', '7', '8', '9']
[TX  ->  *] bucket=256 L6 active=wlan0 ch10  BL=['5', '6', '7', '8', '9']
[RX  <- A] bucket=256  peer_BL=['7', '5', '9', '8', '6']  my_BL=['5', '6', '7', '8', '9']
[07:39:24] HOP bucket=257 L6 active=wlan1 ch10  | prep wlan0 ch4  | BL=['5', '6', '7', '8', '9']
[TX  ->  *] bucket=257 L6 active=wlan1 ch10  BL=['5', '6', '7', '8', '9']
[RX  <- A] bucket=257  peer_BL=['7', '5', '9', '8', '6']  my_BL=['5', '6', '7', '8', '9']
[07:39:26] HOP bucket=258 L6 active=wlan0 ch4  | prep wlan1 ch10  | BL=['5', '6', '7', '8', '9']
[TX  ->  *] bucket=258 L6 active=wlan0 ch4  BL=['5', '6', '7', '8', '9']
[RX  <- A] bucket=258  peer_BL=['7', '5', '9', '8', '6']  my_BL=['5', '6', '7', '8', '9']
[07:39:28] HOP bucket=259 L6 active=wlan1 ch10  | prep wlan0 ch10  | BL=['5', '6', '7', '8', '9']
[TX  ->  *] bucket=259 L6 active=wlan1 ch10  BL=['5', '6', '7', '8', '9']
[RX  <- A] bucket=259  peer_BL=['7', '5', '9', '8', '6']  my_BL=['5', '6', '7', '8', '9']
[07:39:30] HOP bucket=260 L6 active=wlan0 ch10  | prep wlan1 ch3  | BL=['5', '6', '7', '8', '9']
[TX  ->  *] bucket=260 L6 active=wlan0 ch10  BL=['5', '6', '7', '8', '9']
[RX  <- A] bucket=260  peer_BL=['7', '5', '9', '8', '6']  my_BL=['5', '6', '7', '8', '9']
[07:39:32] HOP bucket=261 L6 active=wlan1 ch3  | prep wlan0 ch10  | BL=['5', '6', '7', '8', '9']
[RX  <- A] bucket=261  peer_BL=['7', '5', '9', '8', '6']  my_BL=['5', '6', '7', '8', '9']
[TX  ->  *] bucket=261 L6 active=wlan1 ch3  BL=['5', '6', '7', '8', '9']
[07:39:34] HOP bucket=262 L6 active=wlan0 ch10  | prep wlan1 ch3  | BL=['5', '6', '8', '9']
[TX  ->  *] bucket=262 L6 active=wlan0 ch10  BL=['5', '6', '8', '9']
[RX  <- A] bucket=262  peer_BL=['5', '9', '8', '6']  my_BL=['5', '6', '8', '9']
[07:39:36] HOP bucket=263 L6 active=wlan1 ch3  | prep wlan0 ch10  | BL=['5', '6', '8', '9']
[RX  <- A] bucket=263  peer_BL=['5', '9', '8', '6']  my_BL=['5', '6', '8', '9']
[TX  ->  *] bucket=263 L6 active=wlan1 ch3  BL=['5', '6', '8', '9']
[07:39:38] HOP bucket=264 L6 active=wlan0 ch10  | prep wlan1 ch7  | BL=['5', '6', '8', '9']
[RX  <- A] bucket=264  peer_BL=['5', '9', '8', '6']  my_BL=['5', '6', '8', '9']
[TX  ->  *] bucket=264 L6 active=wlan0 ch10  BL=['5', '6', '8', '9']
[07:39:40] HOP bucket=265 L6 active=wlan1 ch7  | prep wlan0 ch10  | BL=['5', '6', '8', '9']
[TX  ->  *] bucket=265 L6 active=wlan1 ch7  BL=['5', '6', '8', '9']
[!! JAMMED  ] bucket=265 L6 active=wlan1 ch7  silent + egress_drops=38  -> BL until bucket=295  BL=['5', '6', '7', '8', '9']
[07:39:42] HOP bucket=266 L6 active=wlan0 ch10  | prep wlan1 ch10  | BL=['5', '6', '7', '8', '9']
[RX  <- A] bucket=266  peer_BL=['5', '9', '8', '6', '7']  my_BL=['5', '6', '7', '8', '9']
[TX  ->  *] bucket=266 L6 active=wlan0 ch10  BL=['5', '6', '7', '8', '9']
[07:39:44] HOP bucket=267 L6 active=wlan1 ch10  | prep wlan0 ch10  | BL=['6', '7', '8', '9']
[TX  ->  *] bucket=267 L6 active=wlan1 ch10  BL=['6', '7', '8', '9']
[RX  <- A] bucket=267  peer_BL=['9', '8', '6', '7']  my_BL=['6', '7', '8', '9']
[07:39:46] HOP bucket=268 L6 active=wlan0 ch10  | prep wlan1 ch10  | BL=['6', '7', '8', '9']
[TX  ->  *] bucket=268 L6 active=wlan0 ch10  BL=['6', '7', '8', '9']
[RX  <- A] bucket=268  peer_BL=['9', '8', '6', '7']  my_BL=['6', '7', '8', '9']
[07:39:48] HOP bucket=269 L6 active=wlan1 ch10  | prep wlan0 ch11  | BL=['6', '7', '8', '9']
[TX  ->  *] bucket=269 L6 active=wlan1 ch10  BL=['6', '7', '8', '9']
[RX  <- A] bucket=269  peer_BL=['9', '8', '6', '7']  my_BL=['6', '7', '8', '9']
[07:39:50] HOP bucket=270 L6 active=wlan0 ch11  | prep wlan1 ch9  | BL=['6', '7', '8']
[TX  ->  *] bucket=270 L6 active=wlan0 ch11  BL=['6', '7', '8']
[RX  <- A] bucket=270  peer_BL=['8', '6', '7']  my_BL=['6', '7', '8']
[07:39:52] HOP bucket=271 L6 active=wlan1 ch9  | prep wlan0 ch9  | BL=['6', '7', '8']
[RX  <- A] bucket=271  peer_BL=['8', '6', '7']  my_BL=['6', '7', '8']
[TX  ->  *] bucket=271 L6 active=wlan1 ch9  BL=['6', '7', '8']
[07:39:54] HOP bucket=272 L6 active=wlan0 ch9  | prep wlan1 ch9  | BL=['6', '7', '8']
[TX  ->  *] bucket=272 L6 active=wlan0 ch9  BL=['6', '7', '8']
[RX  <- A] bucket=272  peer_BL=['8', '6', '7']  my_BL=['6', '7', '8']
[07:39:56] HOP bucket=273 L6 active=wlan1 ch9  | prep wlan0 ch9  | BL=['7', '8']
[RX  <- A] bucket=273  peer_BL=['8', '7']  my_BL=['7', '8']
[TX  ->  *] bucket=273 L6 active=wlan1 ch9  BL=['7', '8']
[07:39:58] HOP bucket=274 L6 active=wlan0 ch9  (LAG: totp_says=ch8, physical=ch9)  | prep wlan1 ch8  | BL=['7']
[TX  ->  *] bucket=274 L6 active=wlan0 ch9  BL=['7']
[RX  <- A] bucket=274  peer_BL=['7']  my_BL=['7']
[07:40:00] HOP bucket=275 L6 active=wlan1 ch8  | prep wlan0 ch5  | BL=['7']
[TX  ->  *] bucket=275 L6 active=wlan1 ch8  BL=['7']
[RX  <- A] bucket=275  peer_BL=['7']  my_BL=['7']
[07:40:02] HOP bucket=276 L6 active=wlan0 ch5  | prep wlan1 ch6  | BL=['7']
[RX  <- A] bucket=276  peer_BL=['7']  my_BL=['7']
[TX  ->  *] bucket=276 L6 active=wlan0 ch5  BL=['7']
[07:40:04] HOP bucket=277 L6 active=wlan1 ch6  | prep wlan0 ch10  | BL=['7']
[TX  ->  *] bucket=277 L6 active=wlan1 ch6  BL=['7']
[RX  <- A] bucket=277  peer_BL=['7']  my_BL=['7']
[07:40:06] HOP bucket=278 L6 active=wlan0 ch10  | prep wlan1 ch4  | BL=['7']
[RX  <- A] bucket=278  peer_BL=['7']  my_BL=['7']
[TX  ->  *] bucket=278 L6 active=wlan0 ch10  BL=['7']
[07:40:08] HOP bucket=279 L6 active=wlan1 ch4  | prep wlan0 ch5  | BL=['7']
[TX  ->  *] bucket=279 L6 active=wlan1 ch4  BL=['7']
[RX  <- A] bucket=279  peer_BL=['7']  my_BL=['7']
[07:40:10] HOP bucket=280 L6 active=wlan0 ch5  | prep wlan1 ch3  | BL=['7']
[TX  ->  *] bucket=280 L6 active=wlan0 ch5  BL=['7']
[RX  <- A] bucket=280  peer_BL=['7']  my_BL=['7']
[07:40:12] HOP bucket=281 L6 active=wlan1 ch3  | prep wlan0 ch10  | BL=['7']
[TX  ->  *] bucket=281 L6 active=wlan1 ch3  BL=['7']
[RX  <- A] bucket=281  peer_BL=['7']  my_BL=['7']
[07:40:14] HOP bucket=282 L6 active=wlan0 ch10  | prep wlan1 ch6  | BL=['7']
[RX  <- A] bucket=282  peer_BL=['7']  my_BL=['7']
[TX  ->  *] bucket=282 L6 active=wlan0 ch10  BL=['7']
[07:40:16] HOP bucket=283 L6 active=wlan1 ch6  | prep wlan0 ch11  | BL=['7']
[TX  ->  *] bucket=283 L6 active=wlan1 ch6  BL=['7']
[RX  <- A] bucket=283  peer_BL=['7']  my_BL=['7']
[07:40:18] HOP bucket=284 L6 active=wlan0 ch11  | prep wlan1 ch3  | BL=['7']
[TX  ->  *] bucket=284 L6 active=wlan0 ch11  BL=['7']
[RX  <- A] bucket=284  peer_BL=['7']  my_BL=['7']
[07:40:20] HOP bucket=285 L6 active=wlan1 ch3  | prep wlan0 ch10  | BL=['7']
[TX  ->  *] bucket=285 L6 active=wlan1 ch3  BL=['7']
[RX  <- A] bucket=285  peer_BL=['7']  my_BL=['7']
[07:40:22] HOP bucket=286 L6 active=wlan0 ch10  | prep wlan1 ch5  | BL=['7']
[RX  <- A] bucket=286  peer_BL=['7']  my_BL=['7']
[TX  ->  *] bucket=286 L6 active=wlan0 ch10  BL=['7']
[07:40:24] HOP bucket=287 L6 active=wlan1 ch5  | prep wlan0 ch4  | BL=['7']
[TX  ->  *] bucket=287 L6 active=wlan1 ch5  BL=['7']
[RX  <- A] bucket=287  peer_BL=['7']  my_BL=['7']
[07:40:26] HOP bucket=288 L6 active=wlan0 ch4  | prep wlan1 ch8  | BL=['7']
[RX  <- A] bucket=288  peer_BL=['7']  my_BL=['7']
[TX  ->  *] bucket=288 L6 active=wlan0 ch4  BL=['7']
[07:40:28] HOP bucket=289 L6 active=wlan1 ch8  | prep wlan0 ch3  | BL=['7']
[TX  ->  *] bucket=289 L6 active=wlan1 ch8  BL=['7']
[RX  <- A] bucket=289  peer_BL=['7']  my_BL=['7']
[07:40:30] HOP bucket=290 L6 active=wlan0 ch3  | prep wlan1 ch6  | BL=['7']
[TX  ->  *] bucket=290 L6 active=wlan0 ch3  BL=['7']
[RX  <- A] bucket=290  peer_BL=['7']  my_BL=['7']
[07:40:32] HOP bucket=291 L6 active=wlan1 ch6  | prep wlan0 ch11  | BL=['7']
[TX  ->  *] bucket=291 L6 active=wlan1 ch6  BL=['7']
[RX  <- A] bucket=291  peer_BL=['7']  my_BL=['7']
[07:40:34] HOP bucket=292 L6 active=wlan0 ch11  | prep wlan1 ch3  | BL=['7']
[RX  <- A] bucket=292  peer_BL=['7']  my_BL=['7']
[TX  ->  *] bucket=292 L6 active=wlan0 ch11  BL=['7']
[07:40:36] HOP bucket=293 L6 active=wlan1 ch3  | prep wlan0 ch10  | BL=['7']
[RX  <- A] bucket=293  peer_BL=['7']  my_BL=['7']
[TX  ->  *] bucket=293 L6 active=wlan1 ch3  BL=['7']
[07:40:38] HOP bucket=294 L6 active=wlan0 ch10  | prep wlan1 ch9  | BL=['7']
[TX  ->  *] bucket=294 L6 active=wlan0 ch10  BL=['7']
[RX  <- A] bucket=294  peer_BL=['7']  my_BL=['7']
[07:40:40] HOP bucket=295 L6 active=wlan1 ch9  | prep wlan0 ch8  | BL=[]
[TX  ->  *] bucket=295 L6 active=wlan1 ch9  BL=[]
[RX  <- A] bucket=295  peer_BL=[]  my_BL=[]
[07:40:42] HOP bucket=296 L6 active=wlan0 ch8  | prep wlan1 ch8  | BL=[]
[TX  ->  *] bucket=296 L6 active=wlan0 ch8  BL=[]
[RX  <- A] bucket=296  peer_BL=[]  my_BL=[]
[07:40:44] HOP bucket=297 L6 active=wlan1 ch8  | prep wlan0 ch5  | BL=[]
[TX  ->  *] bucket=297 L6 active=wlan1 ch8  BL=[]
[RX  <- A] bucket=297  peer_BL=[]  my_BL=[]
[07:40:46] HOP bucket=298 L6 active=wlan0 ch5  | prep wlan1 ch7  | BL=[]
[TX  ->  *] bucket=298 L6 active=wlan0 ch5  BL=[]
[RX  <- A] bucket=298  peer_BL=[]  my_BL=[]
[07:40:48] HOP bucket=299 L6 active=wlan1 ch7  | prep wlan0 ch8  | BL=[]
[TX  ->  *] bucket=299 L6 active=wlan1 ch7  BL=[]
[RX  <- A] bucket=299  peer_BL=[]  my_BL=[]
[07:40:50] HOP bucket=300 L6 active=wlan0 ch8  | prep wlan1 ch4  | BL=[]
[TX  ->  *] bucket=300 L6 active=wlan0 ch8  BL=[]
[RX  <- A] bucket=300  peer_BL=[]  my_BL=[]
[07:40:52] HOP bucket=301 L6 active=wlan1 ch4  | prep wlan0 ch10  | BL=[]
[RX  <- A] bucket=301  peer_BL=[]  my_BL=[]
[TX  ->  *] bucket=301 L6 active=wlan1 ch4  BL=[]
[07:40:54] HOP bucket=302 L6 active=wlan0 ch10  | prep wlan1 ch4  | BL=[]
[RX  <- A] bucket=302  peer_BL=[]  my_BL=[]
[TX  ->  *] bucket=302 L6 active=wlan0 ch10  BL=[]
[07:40:56] HOP bucket=303 L6 active=wlan1 ch4  | prep wlan0 ch5  | BL=[]
[TX  ->  *] bucket=303 L6 active=wlan1 ch4  BL=[]
[RX  <- A] bucket=303  peer_BL=[]  my_BL=[]
[07:40:58] HOP bucket=304 L6 active=wlan0 ch5  | prep wlan1 ch9  | BL=[]
[RX  <- A] bucket=304  peer_BL=[]  my_BL=[]
[TX  ->  *] bucket=304 L6 active=wlan0 ch5  BL=[]
[07:41:00] HOP bucket=305 L6 active=wlan1 ch9  | prep wlan0 ch9  | BL=[]
[TX  ->  *] bucket=305 L6 active=wlan1 ch9  BL=[]
[RX  <- A] bucket=305  peer_BL=[]  my_BL=[]
[07:41:02] HOP bucket=306 L6 active=wlan0 ch9  | prep wlan1 ch3  | BL=[]
[TX  ->  *] bucket=306 L6 active=wlan0 ch9  BL=[]
[RX  <- A] bucket=306  peer_BL=[]  my_BL=[]
[07:41:04] HOP bucket=307 L6 active=wlan1 ch3  | prep wlan0 ch3  | BL=[]
[TX  ->  *] bucket=307 L6 active=wlan1 ch3  BL=[]
[!! JAMMED  ] bucket=307 L6 active=wlan1 ch3  silent + egress_drops=38  -> BL until bucket=337  BL=['3']
[07:41:06] HOP bucket=308 L6 active=wlan0 ch3  (LAG: totp_says=ch4, physical=ch3)  | prep wlan1 ch11  | BL=['3']
[TX  ->  *] bucket=308 L6 active=wlan0 ch3  BL=['3']
[07:41:08] HOP bucket=309 L6 active=wlan1 ch11  | prep wlan0 ch10  | BL=['3']
[RX  <- A] bucket=309  peer_BL=['3']  my_BL=['3']
[TX  ->  *] bucket=309 L6 active=wlan1 ch11  BL=['3']
[07:41:10] HOP bucket=310 L6 active=wlan0 ch10  | prep wlan1 ch10  | BL=['3']
[TX  ->  *] bucket=310 L6 active=wlan0 ch10  BL=['3']
[RX  <- A] bucket=310  peer_BL=['3']  my_BL=['3']
[07:41:12] HOP bucket=311 L6 active=wlan1 ch10  | prep wlan0 ch4  | BL=['3']
[TX  ->  *] bucket=311 L6 active=wlan1 ch10  BL=['3']
[RX  <- A] bucket=311  peer_BL=['3']  my_BL=['3']
[07:41:14] HOP bucket=312 L6 active=wlan0 ch4  | prep wlan1 ch9  | BL=['3']
[RX  <- A] bucket=312  peer_BL=['3']  my_BL=['3']
[TX  ->  *] bucket=312 L6 active=wlan0 ch4  BL=['3']
[07:41:16] HOP bucket=313 L6 active=wlan1 ch9  | prep wlan0 ch4  | BL=['3']
[RX  <- A] bucket=313  peer_BL=['3']  my_BL=['3']
[TX  ->  *] bucket=313 L6 active=wlan1 ch9  BL=['3']
[07:41:18] HOP bucket=314 L6 active=wlan0 ch4  | prep wlan1 ch8  | BL=['3']
[RX  <- A] bucket=314  peer_BL=['3']  my_BL=['3']
[TX  ->  *] bucket=314 L6 active=wlan0 ch4  BL=['3']
[07:41:20] HOP bucket=315 L6 active=wlan1 ch8  | prep wlan0 ch11  | BL=['3']
[TX  ->  *] bucket=315 L6 active=wlan1 ch8  BL=['3']
[RX  <- A] bucket=315  peer_BL=['3']  my_BL=['3']
[07:41:22] HOP bucket=316 L6 active=wlan0 ch11  | prep wlan1 ch6  | BL=['3']
[RX  <- A] bucket=316  peer_BL=['3']  my_BL=['3']
[TX  ->  *] bucket=316 L6 active=wlan0 ch11  BL=['3']
[07:41:24] HOP bucket=317 L6 active=wlan1 ch6  | prep wlan0 ch5  | BL=['3']
[RX  <- A] bucket=317  peer_BL=['3']  my_BL=['3']
[TX  ->  *] bucket=317 L6 active=wlan1 ch6  BL=['3']
[07:41:26] HOP bucket=318 L6 active=wlan0 ch5  | prep wlan1 ch10  | BL=['3']
[TX  ->  *] bucket=318 L6 active=wlan0 ch5  BL=['3']
[RX  <- A] bucket=318  peer_BL=['3']  my_BL=['3']
[07:41:28] HOP bucket=319 L6 active=wlan1 ch10  | prep wlan0 ch9  | BL=['3']
[TX  ->  *] bucket=319 L6 active=wlan1 ch10  BL=['3']
[RX  <- A] bucket=319  peer_BL=['3']  my_BL=['3']
[07:41:30] HOP bucket=320 L6 active=wlan0 ch9  | prep wlan1 ch9  | BL=['3']
[TX  ->  *] bucket=320 L6 active=wlan0 ch9  BL=['3']
[RX  <- A] bucket=320  peer_BL=['3']  my_BL=['3']
[07:41:32] HOP bucket=321 L6 active=wlan1 ch9  | prep wlan0 ch4  | BL=['3']
[TX  ->  *] bucket=321 L6 active=wlan1 ch9  BL=['3']
[RX  <- A] bucket=321  peer_BL=['3']  my_BL=['3']
[07:41:34] HOP bucket=322 L6 active=wlan0 ch4  | prep wlan1 ch6  | BL=['3']
[RX  <- A] bucket=322  peer_BL=['3']  my_BL=['3']
[TX  ->  *] bucket=322 L6 active=wlan0 ch4  BL=['3']
[07:41:36] HOP bucket=323 L6 active=wlan1 ch6  | prep wlan0 ch10  | BL=['3']
[TX  ->  *] bucket=323 L6 active=wlan1 ch6  BL=['3']
[RX  <- A] bucket=323  peer_BL=['3']  my_BL=['3']
[07:41:38] HOP bucket=324 L6 active=wlan0 ch10  | prep wlan1 ch7  | BL=['3']
[TX  ->  *] bucket=324 L6 active=wlan0 ch10  BL=['3']
[RX  <- A] bucket=324  peer_BL=['3']  my_BL=['3']
[07:41:40] HOP bucket=325 L6 active=wlan1 ch7  | prep wlan0 ch9  | BL=['3']
[RX  <- A] bucket=325  peer_BL=['3']  my_BL=['3']
[TX  ->  *] bucket=325 L6 active=wlan1 ch7  BL=['3']
[07:41:42] HOP bucket=326 L6 active=wlan0 ch9  | prep wlan1 ch4  | BL=['3']
[TX  ->  *] bucket=326 L6 active=wlan0 ch9  BL=['3']
[RX  <- A] bucket=326  peer_BL=['3']  my_BL=['3']
[07:41:44] HOP bucket=327 L6 active=wlan1 ch4  | prep wlan0 ch9  | BL=['3']
[RX  <- A] bucket=327  peer_BL=['3']  my_BL=['3']
[TX  ->  *] bucket=327 L6 active=wlan1 ch4  BL=['3']
[07:41:46] HOP bucket=328 L6 active=wlan0 ch9  | prep wlan1 ch4  | BL=['3']
[RX  <- A] bucket=328  peer_BL=['3']  my_BL=['3']
[TX  ->  *] bucket=328 L6 active=wlan0 ch9  BL=['3']
[07:41:48] HOP bucket=329 L6 active=wlan1 ch4  | prep wlan0 ch5  | BL=['3']
[TX  ->  *] bucket=329 L6 active=wlan1 ch4  BL=['3']
[RX  <- A] bucket=329  peer_BL=['3']  my_BL=['3']
[07:41:50] HOP bucket=330 L6 active=wlan0 ch5  | prep wlan1 ch11  | BL=['3']
[TX  ->  *] bucket=330 L6 active=wlan0 ch5  BL=['3']
[!! JAMMED  ] bucket=330 L6 active=wlan0 ch5  silent + egress_drops=70  -> BL until bucket=360  BL=['3', '5']
[07:41:52] HOP bucket=331 L6 active=wlan1 ch11  | prep wlan0 ch4  | BL=['3', '5']
[RX  <- A] bucket=331  peer_BL=['3']  my_BL=['3', '5']
[TX  ->  *] bucket=331 L6 active=wlan1 ch11  BL=['3', '5']
[07:41:54] HOP bucket=332 L6 active=wlan0 ch4  | prep wlan1 ch9  | BL=['3', '5']
[TX  ->  *] bucket=332 L6 active=wlan0 ch4  BL=['3', '5']
[?? SOFT    ] bucket=332 L6 active=wlan0 ch4  silent across 35 frames but egress_drops=0  (no tc evidence)
[07:41:56] HOP bucket=333 L6 active=wlan1 ch9  | prep wlan0 ch4  | BL=['3', '5']
[TX  ->  *] bucket=333 L6 active=wlan1 ch9  BL=['3', '5']
[RX  <- A] bucket=333  peer_BL=['3', '5', '4']  my_BL=['3', '4', '5']
[<= MERGED  ] ch4 from peer's confirmed -> expires bucket=886260087
[07:41:58] HOP bucket=334 L6 active=wlan0 ch4  (LAG: totp_says=ch6, physical=ch4)  | prep wlan1 ch8  | BL=['3', '4', '5']
[TX  ->  *] bucket=334 L6 active=wlan0 ch4  BL=['3', '4', '5']
[?? SOFT    ] bucket=334 L6 active=wlan0 ch4  silent across 35 frames but egress_drops=0  (no tc evidence)
[07:42:00] HOP bucket=335 L6 active=wlan1 ch8  | prep wlan0 ch9  | BL=['3', '4', '5']
[TX  ->  *] bucket=335 L6 active=wlan1 ch8  BL=['3', '4', '5']
[RX  <- A] bucket=335  peer_BL=['3', '5', '4']  my_BL=['3', '4', '5']
[07:42:02] HOP bucket=336 L6 active=wlan0 ch9  | prep wlan1 ch6  | BL=['3', '4', '5']
[RX  <- A] bucket=336  peer_BL=['3', '5', '4']  my_BL=['3', '4', '5']
[TX  ->  *] bucket=336 L6 active=wlan0 ch9  BL=['3', '4', '5']
[07:42:04] HOP bucket=337 L6 active=wlan1 ch6  | prep wlan0 ch3  | BL=['4', '5']
[RX  <- A] bucket=337  peer_BL=['5', '4']  my_BL=['4', '5']
[TX  ->  *] bucket=337 L6 active=wlan1 ch6  BL=['4', '5']
[07:42:06] HOP bucket=338 L6 active=wlan0 ch3  | prep wlan1 ch6  | BL=['4', '5']
[TX  ->  *] bucket=338 L6 active=wlan0 ch3  BL=['4', '5']
[!! JAMMED  ] bucket=338 L6 active=wlan0 ch3  silent + egress_drops=39  -> BL until bucket=368  BL=['3', '4', '5']
[07:42:08] HOP bucket=339 L6 active=wlan1 ch6  | prep wlan0 ch6  | BL=['3', '4', '5']
[RX  <- A] bucket=339  peer_BL=['5', '4', '3']  my_BL=['3', '4', '5']
[TX  ->  *] bucket=339 L6 active=wlan1 ch6  BL=['3', '4', '5']
[07:42:10] HOP bucket=340 L6 active=wlan0 ch6  | prep wlan1 ch6  | BL=['3', '4', '5']
[RX  <- A] bucket=340  peer_BL=['5', '4', '3']  my_BL=['3', '4', '5']
[TX  ->  *] bucket=340 L6 active=wlan0 ch6  BL=['3', '4', '5']
[07:42:12] HOP bucket=341 L6 active=wlan1 ch6  | prep wlan0 ch10  | BL=['3', '4', '5']
[TX  ->  *] bucket=341 L6 active=wlan1 ch6  BL=['3', '4', '5']
[RX  <- A] bucket=341  peer_BL=['5', '4', '3']  my_BL=['3', '4', '5']
[07:42:14] HOP bucket=342 L6 active=wlan0 ch10  | prep wlan1 ch6  | BL=['3', '4', '5']
[TX  ->  *] bucket=342 L6 active=wlan0 ch10  BL=['3', '4', '5']
[RX  <- A] bucket=342  peer_BL=['5', '4', '3']  my_BL=['3', '4', '5']
[RX  <- A] bucket=341  peer_BL=['5', '4', '3']  my_BL=['3', '4', '5']
[RX  <- A] bucket=342  peer_BL=['5', '4', '3']  my_BL=['3', '4', '5']
[RX  <- A] bucket=341  peer_BL=['5', '4', '3']  my_BL=['3', '4', '5']
[RX  <- A] bucket=342  peer_BL=['5', '4', '3']  my_BL=['3', '4', '5']
[RX  <- A] bucket=341  peer_BL=['5', '4', '3']  my_BL=['3', '4', '5']
[RX  <- A] bucket=342  peer_BL=['5', '4', '3']  my_BL=['3', '4', '5']
[RX  <- A] bucket=341  peer_BL=['5', '4', '3']  my_BL=['3', '4', '5']
[RX  <- A] bucket=342  peer_BL=['5', '4', '3']  my_BL=['3', '4', '5']
[RX  <- A] bucket=341  peer_BL=['5', '4', '3']  my_BL=['3', '4', '5']
[RX  <- A] bucket=342  peer_BL=['5', '4', '3']  my_BL=['3', '4', '5']
[07:42:16] HOP bucket=343 L6 active=wlan1 ch6  | prep wlan0 ch7  | BL=['3', '4', '5']
[TX  ->  *] bucket=343 L6 active=wlan1 ch6  BL=['3', '4', '5']
[RX  <- A] bucket=343  peer_BL=['5', '4', '3']  my_BL=['3', '4', '5']
[07:42:18] HOP bucket=344 L6 active=wlan0 ch7  | prep wlan1 ch6  | BL=['3', '4', '5']
[TX  ->  *] bucket=344 L6 active=wlan0 ch7  BL=['3', '4', '5']
[RX  <- A] bucket=344  peer_BL=['5', '4', '3']  my_BL=['3', '4', '5']
[07:42:20] HOP bucket=345 L6 active=wlan1 ch6  | prep wlan0 ch11  | BL=['3', '4', '5']
[RX  <- A] bucket=345  peer_BL=['5', '4', '3']  my_BL=['3', '4', '5']
[TX  ->  *] bucket=345 L6 active=wlan1 ch6  BL=['3', '4', '5']
[07:42:22] HOP bucket=346 L6 active=wlan0 ch11  | prep wlan1 ch8  | BL=['3', '4', '5']
[TX  ->  *] bucket=346 L6 active=wlan0 ch11  BL=['3', '4', '5']
[RX  <- A] bucket=346  peer_BL=['5', '4', '3']  my_BL=['3', '4', '5']
[07:42:24] HOP bucket=347 L6 active=wlan1 ch8  | prep wlan0 ch6  | BL=['3', '4', '5']
[TX  ->  *] bucket=347 L6 active=wlan1 ch8  BL=['3', '4', '5']
[RX  <- A] bucket=347  peer_BL=['5', '4', '3']  my_BL=['3', '4', '5']
[07:42:26] HOP bucket=348 L6 active=wlan0 ch6  | prep wlan1 ch7  | BL=['3', '4', '5']
[RX  <- A] bucket=348  peer_BL=['5', '4', '3']  my_BL=['3', '4', '5']
[TX  ->  *] bucket=348 L6 active=wlan0 ch6  BL=['3', '4', '5']
[07:42:28] HOP bucket=349 L6 active=wlan1 ch7  | prep wlan0 ch11  | BL=['3', '4', '5']
[TX  ->  *] bucket=349 L6 active=wlan1 ch7  BL=['3', '4', '5']
[RX  <- A] bucket=349  peer_BL=['5', '4', '3']  my_BL=['3', '4', '5']
[07:42:30] HOP bucket=350 L6 active=wlan0 ch11  | prep wlan1 ch8  | BL=['3', '4', '5']
[RX  <- A] bucket=350  peer_BL=['5', '4', '3']  my_BL=['3', '4', '5']
[TX  ->  *] bucket=350 L6 active=wlan0 ch11  BL=['3', '4', '5']
[07:42:32] HOP bucket=351 L6 active=wlan1 ch8  | prep wlan0 ch6  | BL=['3', '4', '5']
[TX  ->  *] bucket=351 L6 active=wlan1 ch8  BL=['3', '4', '5']
[RX  <- A] bucket=351  peer_BL=['5', '4', '3']  my_BL=['3', '4', '5']
[07:42:34] HOP bucket=352 L6 active=wlan0 ch6  | prep wlan1 ch9  | BL=['3', '4', '5']
[RX  <- A] bucket=352  peer_BL=['5', '4', '3']  my_BL=['3', '4', '5']
[TX  ->  *] bucket=352 L6 active=wlan0 ch6  BL=['3', '4', '5']
[07:42:36] HOP bucket=353 L6 active=wlan1 ch9  | prep wlan0 ch6  | BL=['3', '4', '5']
[RX  <- A] bucket=353  peer_BL=['5', '4', '3']  my_BL=['3', '4', '5']
[TX  ->  *] bucket=353 L6 active=wlan1 ch9  BL=['3', '4', '5']
[07:42:38] HOP bucket=354 L6 active=wlan0 ch6  | prep wlan1 ch6  | BL=['3', '4', '5']
[TX  ->  *] bucket=354 L6 active=wlan0 ch6  BL=['3', '4', '5']
[RX  <- A] bucket=354  peer_BL=['5', '4', '3']  my_BL=['3', '4', '5']
[07:42:40] HOP bucket=355 L6 active=wlan1 ch6  | prep wlan0 ch10  | BL=['3', '4', '5']
[TX  ->  *] bucket=355 L6 active=wlan1 ch6  BL=['3', '4', '5']
[RX  <- A] bucket=355  peer_BL=['5', '4', '3']  my_BL=['3', '4', '5']
[07:42:42] HOP bucket=356 L6 active=wlan0 ch10  | prep wlan1 ch10  | BL=['3', '4', '5']
[TX  ->  *] bucket=356 L6 active=wlan0 ch10  BL=['3', '4', '5']
[RX  <- A] bucket=356  peer_BL=['5', '4', '3']  my_BL=['3', '4', '5']
[07:42:44] HOP bucket=357 L6 active=wlan1 ch10  | prep wlan0 ch11  | BL=['3', '4', '5']
[TX  ->  *] bucket=357 L6 active=wlan1 ch10  BL=['3', '4', '5']
[RX  <- A] bucket=357  peer_BL=['5', '4', '3']  my_BL=['3', '4', '5']
[07:42:46] HOP bucket=358 L6 active=wlan0 ch11  | prep wlan1 ch6  | BL=['3', '4', '5']
[RX  <- A] bucket=358  peer_BL=['5', '4', '3']  my_BL=['3', '4', '5']
[TX  ->  *] bucket=358 L6 active=wlan0 ch11  BL=['3', '4', '5']
[07:42:48] HOP bucket=359 L6 active=wlan1 ch6  | prep wlan0 ch8  | BL=['3', '4', '5']
[RX  <- A] bucket=359  peer_BL=['5', '4', '3']  my_BL=['3', '4', '5']
[TX  ->  *] bucket=359 L6 active=wlan1 ch6  BL=['3', '4', '5']
[07:42:50] HOP bucket=360 L6 active=wlan0 ch8  | prep wlan1 ch8  | BL=['3', '4']
[TX  ->  *] bucket=360 L6 active=wlan0 ch8  BL=['3', '4']
[RX  <- A] bucket=360  peer_BL=['4', '3']  my_BL=['3', '4']
[07:42:52] HOP bucket=361 L6 active=wlan1 ch8  | prep wlan0 ch5  | BL=['3', '4']
[TX  ->  *] bucket=361 L6 active=wlan1 ch8  BL=['3', '4']
[RX  <- A] bucket=361  peer_BL=['4', '3']  my_BL=['3', '4']
[07:42:54] HOP bucket=362 L6 active=wlan0 ch5  | prep wlan1 ch9  | BL=['3']
[TX  ->  *] bucket=362 L6 active=wlan0 ch5  BL=['3']
[!! JAMMED  ] bucket=362 L6 active=wlan0 ch5  silent + egress_drops=39  -> BL until bucket=392  BL=['3', '5']
[07:42:56] HOP bucket=363 L6 active=wlan1 ch9  | prep wlan0 ch10  | BL=['3', '5']
[TX  ->  *] bucket=363 L6 active=wlan1 ch9  BL=['3', '5']
[RX  <- A] bucket=363  peer_BL=['3', '5']  my_BL=['3', '5']
[07:42:58] HOP bucket=364 L6 active=wlan0 ch10  | prep wlan1 ch10  | BL=['3', '5']
[TX  ->  *] bucket=364 L6 active=wlan0 ch10  BL=['3', '5']
[RX  <- A] bucket=364  peer_BL=['3', '5']  my_BL=['3', '5']
[07:43:00] HOP bucket=365 L6 active=wlan1 ch10  | prep wlan0 ch4  | BL=['3', '5']
[RX  <- A] bucket=365  peer_BL=['3', '5']  my_BL=['3', '5']
[TX  ->  *] bucket=365 L6 active=wlan1 ch10  BL=['3', '5']
[07:43:02] HOP bucket=366 L6 active=wlan0 ch4  | prep wlan1 ch4  | BL=['3', '5']
[TX  ->  *] bucket=366 L6 active=wlan0 ch4  BL=['3', '5']
[!! JAMMED  ] bucket=366 L6 active=wlan0 ch4  silent + egress_drops=39  -> BL until bucket=396  BL=['3', '4', '5']
[07:43:04] HOP bucket=367 L6 active=wlan1 ch4  (LAG: totp_says=ch6, physical=ch4)  | prep wlan0 ch6  | BL=['3', '4', '5']
[TX  ->  *] bucket=367 L6 active=wlan1 ch4  BL=['3', '4', '5']
[07:43:06] HOP bucket=368 L6 active=wlan0 ch6  | prep wlan1 ch9  | BL=['4', '5']
[TX  ->  *] bucket=368 L6 active=wlan0 ch6  BL=['4', '5']
[!! JAMMED  ] bucket=368 L6 active=wlan0 ch6  silent + egress_drops=78  -> BL until bucket=398  BL=['4', '5', '6']
[07:43:08] HOP bucket=369 L6 active=wlan1 ch9  | prep wlan0 ch11  | BL=['4', '5', '6']
[RX  <- A] bucket=369  peer_BL=['5', '4', '6']  my_BL=['4', '5', '6']
[TX  ->  *] bucket=369 L6 active=wlan1 ch9  BL=['4', '5', '6']
[07:43:10] HOP bucket=370 L6 active=wlan0 ch11  | prep wlan1 ch11  | BL=['4', '5', '6']
[TX  ->  *] bucket=370 L6 active=wlan0 ch11  BL=['4', '5', '6']
[RX  <- A] bucket=370  peer_BL=['5', '4', '6']  my_BL=['4', '5', '6']
[07:43:12] HOP bucket=371 L6 active=wlan1 ch11  | prep wlan0 ch7  | BL=['4', '5', '6']
[TX  ->  *] bucket=371 L6 active=wlan1 ch11  BL=['4', '5', '6']
[RX  <- A] bucket=371  peer_BL=['5', '4', '6']  my_BL=['4', '5', '6']
[07:43:14] HOP bucket=372 L6 active=wlan0 ch7  | prep wlan1 ch7  | BL=['4', '5', '6']
[RX  <- A] bucket=372  peer_BL=['5', '4', '6']  my_BL=['4', '5', '6']
[TX  ->  *] bucket=372 L6 active=wlan0 ch7  BL=['4', '5', '6']
[07:43:16] HOP bucket=373 L6 active=wlan1 ch7  | prep wlan0 ch9  | BL=['4', '5', '6']
[TX  ->  *] bucket=373 L6 active=wlan1 ch7  BL=['4', '5', '6']
[RX  <- A] bucket=373  peer_BL=['5', '4', '6']  my_BL=['4', '5', '6']
[07:43:18] HOP bucket=374 L6 active=wlan0 ch9  | prep wlan1 ch9  | BL=['4', '5', '6']
[RX  <- A] bucket=374  peer_BL=['5', '4', '6']  my_BL=['4', '5', '6']
[TX  ->  *] bucket=374 L6 active=wlan0 ch9  BL=['4', '5', '6']
[07:43:20] HOP bucket=375 L6 active=wlan1 ch9  | prep wlan0 ch9  | BL=['4', '5', '6']
[RX  <- A] bucket=375  peer_BL=['5', '4', '6']  my_BL=['4', '5', '6']
[TX  ->  *] bucket=375 L6 active=wlan1 ch9  BL=['4', '5', '6']
[07:43:22] HOP bucket=376 L6 active=wlan0 ch9  | prep wlan1 ch7  | BL=['4', '5', '6']
[TX  ->  *] bucket=376 L6 active=wlan0 ch9  BL=['4', '5', '6']
[RX  <- A] bucket=376  peer_BL=['5', '4', '6']  my_BL=['4', '5', '6']
[07:43:24] HOP bucket=377 L6 active=wlan1 ch7  | prep wlan0 ch7  | BL=['4', '5', '6']
[TX  ->  *] bucket=377 L6 active=wlan1 ch7  BL=['4', '5', '6']
[RX  <- A] bucket=377  peer_BL=['5', '4', '6']  my_BL=['4', '5', '6']
[07:43:26] HOP bucket=378 L6 active=wlan0 ch7  | prep wlan1 ch10  | BL=['4', '5', '6']
[TX  ->  *] bucket=378 L6 active=wlan0 ch7  BL=['4', '5', '6']
[RX  <- A] bucket=378  peer_BL=['5', '4', '6']  my_BL=['4', '5', '6']
[07:43:28] HOP bucket=379 L6 active=wlan1 ch10  | prep wlan0 ch11  | BL=['4', '5', '6']
[RX  <- A] bucket=379  peer_BL=['5', '4', '6']  my_BL=['4', '5', '6']
[TX  ->  *] bucket=379 L6 active=wlan1 ch10  BL=['4', '5', '6']
[07:43:30] HOP bucket=380 L6 active=wlan0 ch11  | prep wlan1 ch10  | BL=['4', '5', '6']
[RX  <- A] bucket=380  peer_BL=['5', '4', '6']  my_BL=['4', '5', '6']
[TX  ->  *] bucket=380 L6 active=wlan0 ch11  BL=['4', '5', '6']
[07:43:32] HOP bucket=381 L6 active=wlan1 ch10  | prep wlan0 ch9  | BL=['4', '5', '6']
[TX  ->  *] bucket=381 L6 active=wlan1 ch10  BL=['4', '5', '6']
[RX  <- A] bucket=381  peer_BL=['5', '4', '6']  my_BL=['4', '5', '6']
[07:43:34] HOP bucket=382 L6 active=wlan0 ch9  | prep wlan1 ch7  | BL=['4', '5', '6']
[TX  ->  *] bucket=382 L6 active=wlan0 ch9  BL=['4', '5', '6']
[RX  <- A] bucket=382  peer_BL=['5', '4', '6']  my_BL=['4', '5', '6']
[07:43:36] HOP bucket=383 L6 active=wlan1 ch7  | prep wlan0 ch3  | BL=['4', '5', '6']
[RX  <- A] bucket=383  peer_BL=['5', '4', '6']  my_BL=['4', '5', '6']
[TX  ->  *] bucket=383 L6 active=wlan1 ch7  BL=['4', '5', '6']
[07:43:38] HOP bucket=384 L6 active=wlan0 ch3  | prep wlan1 ch11  | BL=['4', '5', '6']
[TX  ->  *] bucket=384 L6 active=wlan0 ch3  BL=['4', '5', '6']
[RX  <- A] bucket=384  peer_BL=['5', '4', '6']  my_BL=['4', '5', '6']
[07:43:40] HOP bucket=385 L6 active=wlan1 ch11  | prep wlan0 ch8  | BL=['4', '5', '6']
[RX  <- A] bucket=385  peer_BL=['5', '4', '6']  my_BL=['4', '5', '6']
[TX  ->  *] bucket=385 L6 active=wlan1 ch11  BL=['4', '5', '6']
[07:43:42] HOP bucket=386 L6 active=wlan0 ch8  | prep wlan1 ch11  | BL=['4', '5', '6']
[TX  ->  *] bucket=386 L6 active=wlan0 ch8  BL=['4', '5', '6']
[RX  <- A] bucket=386  peer_BL=['5', '4', '6']  my_BL=['4', '5', '6']
[07:43:44] HOP bucket=387 L6 active=wlan1 ch11  | prep wlan0 ch7  | BL=['4', '5', '6']
[RX  <- A] bucket=387  peer_BL=['5', '4', '6']  my_BL=['4', '5', '6']
[TX  ->  *] bucket=387 L6 active=wlan1 ch11  BL=['4', '5', '6']
[07:43:46] HOP bucket=388 L6 active=wlan0 ch7  | prep wlan1 ch7  | BL=['4', '5', '6']
[TX  ->  *] bucket=388 L6 active=wlan0 ch7  BL=['4', '5', '6']
[RX  <- A] bucket=388  peer_BL=['5', '4', '6']  my_BL=['4', '5', '6']
[07:43:48] HOP bucket=389 L6 active=wlan1 ch7  | prep wlan0 ch3  | BL=['4', '5', '6']
[TX  ->  *] bucket=389 L6 active=wlan1 ch7  BL=['4', '5', '6']
[RX  <- A] bucket=389  peer_BL=['5', '4', '6']  my_BL=['4', '5', '6']
[07:43:50] HOP bucket=390 L6 active=wlan0 ch3  | prep wlan1 ch3  | BL=['4', '5', '6']
[TX  ->  *] bucket=390 L6 active=wlan0 ch3  BL=['4', '5', '6']
[RX  <- A] bucket=390  peer_BL=['5', '4', '6']  my_BL=['4', '5', '6']
[07:43:52] HOP bucket=391 L6 active=wlan1 ch3  | prep wlan0 ch7  | BL=['4', '5', '6']
[TX  ->  *] bucket=391 L6 active=wlan1 ch3  BL=['4', '5', '6']
[RX  <- A] bucket=391  peer_BL=['5', '4', '6']  my_BL=['4', '5', '6']
[07:43:54] HOP bucket=392 L6 active=wlan0 ch7  | prep wlan1 ch8  | BL=['4', '6']
[TX  ->  *] bucket=392 L6 active=wlan0 ch7  BL=['4', '6']
[!! JAMMED  ] bucket=392 L6 active=wlan0 ch7  silent + egress_drops=38  -> BL until bucket=422  BL=['4', '6', '7']
[07:43:56] HOP bucket=393 L6 active=wlan1 ch8  | prep wlan0 ch11  | BL=['4', '6', '7']
[TX  ->  *] bucket=393 L6 active=wlan1 ch8  BL=['4', '6', '7']
[!! JAMMED  ] bucket=393 L6 active=wlan1 ch8  silent + egress_drops=38  -> BL until bucket=423  BL=['4', '6', '7', '8']
[07:43:58] HOP bucket=394 L6 active=wlan0 ch11  | prep wlan1 ch9  | BL=['4', '6', '7', '8']
[TX  ->  *] bucket=394 L6 active=wlan0 ch11  BL=['4', '6', '7', '8']
[RX  <- A] bucket=394  peer_BL=['4', '6', '7', '8']  my_BL=['4', '6', '7', '8']
[07:44:00] HOP bucket=395 L6 active=wlan1 ch9  | prep wlan0 ch9  | BL=['4', '6', '7', '8']
[TX  ->  *] bucket=395 L6 active=wlan1 ch9  BL=['4', '6', '7', '8']
[RX  <- A] bucket=395  peer_BL=['4', '6', '7', '8']  my_BL=['4', '6', '7', '8']
[07:44:02] HOP bucket=396 L6 active=wlan0 ch9  | prep wlan1 ch4  | BL=['6', '7', '8']
[TX  ->  *] bucket=396 L6 active=wlan0 ch9  BL=['6', '7', '8']
[RX  <- A] bucket=396  peer_BL=['6', '7', '8']  my_BL=['6', '7', '8']
[07:44:04] HOP bucket=397 L6 active=wlan1 ch4  | prep wlan0 ch4  | BL=['6', '7', '8']
[TX  ->  *] bucket=397 L6 active=wlan1 ch4  BL=['6', '7', '8']
[?? SOFT    ] bucket=397 L6 active=wlan1 ch4  silent across 35 frames but egress_drops=0  (no tc evidence)
[07:44:06] HOP bucket=398 L6 active=wlan0 ch4  | prep wlan1 ch9  | BL=['7', '8']
[TX  ->  *] bucket=398 L6 active=wlan0 ch4  BL=['7', '8']
[?? SOFT    ] bucket=398 L6 active=wlan0 ch4  silent across 35 frames but egress_drops=0  (no tc evidence)
[07:44:08] HOP bucket=399 L6 active=wlan1 ch9  | prep wlan0 ch9  | BL=['7', '8']
[TX  ->  *] bucket=399 L6 active=wlan1 ch9  BL=['7', '8']
[RX  <- A] bucket=399  peer_BL=['7', '8', '4']  my_BL=['4', '7', '8']
[<= MERGED  ] ch4 from peer's confirmed -> expires bucket=886260152
[07:44:10] HOP bucket=400 L6 active=wlan0 ch9  | prep wlan1 ch3  | BL=['4', '7', '8']
[TX  ->  *] bucket=400 L6 active=wlan0 ch9  BL=['4', '7', '8']
[RX  <- A] bucket=400  peer_BL=['7', '8', '4']  my_BL=['4', '7', '8']
[07:44:12] HOP bucket=401 L6 active=wlan1 ch3  | prep wlan0 ch9  | BL=['4', '7', '8']
[RX  <- A] bucket=401  peer_BL=['7', '8', '4']  my_BL=['4', '7', '8']
[TX  ->  *] bucket=401 L6 active=wlan1 ch3  BL=['4', '7', '8']
[07:44:14] HOP bucket=402 L6 active=wlan0 ch9  | prep wlan1 ch5  | BL=['4', '7', '8']
[RX  <- A] bucket=402  peer_BL=['7', '8', '4']  my_BL=['4', '7', '8']
[TX  ->  *] bucket=402 L6 active=wlan0 ch9  BL=['4', '7', '8']
[07:44:16] HOP bucket=403 L6 active=wlan1 ch5  | prep wlan0 ch11  | BL=['4', '7', '8']
[TX  ->  *] bucket=403 L6 active=wlan1 ch5  BL=['4', '7', '8']
[!! JAMMED  ] bucket=403 L6 active=wlan1 ch5  silent + egress_drops=38  -> BL until bucket=433  BL=['4', '5', '7', '8']
[07:44:18] HOP bucket=404 L6 active=wlan0 ch11  | prep wlan1 ch10  | BL=['4', '5', '7', '8']
[RX  <- A] bucket=404  peer_BL=['7', '8', '4', '5']  my_BL=['4', '5', '7', '8']
[TX  ->  *] bucket=404 L6 active=wlan0 ch11  BL=['4', '5', '7', '8']
[07:44:20] HOP bucket=405 L6 active=wlan1 ch10  | prep wlan0 ch6  | BL=['4', '5', '7', '8']
[RX  <- A] bucket=405  peer_BL=['7', '8', '4', '5']  my_BL=['4', '5', '7', '8']
[TX  ->  *] bucket=405 L6 active=wlan1 ch10  BL=['4', '5', '7', '8']
[07:44:22] HOP bucket=406 L6 active=wlan0 ch6  | prep wlan1 ch10  | BL=['4', '5', '7', '8']
[TX  ->  *] bucket=406 L6 active=wlan0 ch6  BL=['4', '5', '7', '8']
[!! JAMMED  ] bucket=406 L6 active=wlan0 ch6  silent + egress_drops=39  -> BL until bucket=436  BL=['4', '5', '6', '7', '8']
[07:44:24] HOP bucket=407 L6 active=wlan1 ch10  | prep wlan0 ch9  | BL=['4', '5', '6', '7', '8']
[RX  <- A] bucket=407  peer_BL=['7', '8', '4', '5', '6']  my_BL=['4', '5', '6', '7', '8']
[TX  ->  *] bucket=407 L6 active=wlan1 ch10  BL=['4', '5', '6', '7', '8']
[07:44:26] HOP bucket=408 L6 active=wlan0 ch9  | prep wlan1 ch9  | BL=['4', '5', '6', '7', '8']
[RX  <- A] bucket=408  peer_BL=['7', '8', '4', '5', '6']  my_BL=['4', '5', '6', '7', '8']
[TX  ->  *] bucket=408 L6 active=wlan0 ch9  BL=['4', '5', '6', '7', '8']
[07:44:28] HOP bucket=409 L6 active=wlan1 ch9  | prep wlan0 ch10  | BL=['4', '5', '6', '7', '8']
[TX  ->  *] bucket=409 L6 active=wlan1 ch9  BL=['4', '5', '6', '7', '8']
[RX  <- A] bucket=409  peer_BL=['7', '8', '4', '5', '6']  my_BL=['4', '5', '6', '7', '8']
[07:44:30] HOP bucket=410 L6 active=wlan0 ch10  | prep wlan1 ch11  | BL=['4', '5', '6', '7', '8']
[TX  ->  *] bucket=410 L6 active=wlan0 ch10  BL=['4', '5', '6', '7', '8']
[RX  <- A] bucket=410  peer_BL=['7', '8', '4', '5', '6']  my_BL=['4', '5', '6', '7', '8']
[07:44:32] HOP bucket=411 L6 active=wlan1 ch11  | prep wlan0 ch11  | BL=['4', '5', '6', '7', '8']
[TX  ->  *] bucket=411 L6 active=wlan1 ch11  BL=['4', '5', '6', '7', '8']
[RX  <- A] bucket=411  peer_BL=['7', '8', '4', '5', '6']  my_BL=['4', '5', '6', '7', '8']
[07:44:34] HOP bucket=412 L6 active=wlan0 ch11  | prep wlan1 ch10  | BL=['4', '5', '6', '7', '8']
[TX  ->  *] bucket=412 L6 active=wlan0 ch11  BL=['4', '5', '6', '7', '8']
[RX  <- A] bucket=412  peer_BL=['7', '8', '4', '5', '6']  my_BL=['4', '5', '6', '7', '8']
[07:44:36] HOP bucket=413 L6 active=wlan1 ch10  | prep wlan0 ch9  | BL=['4', '5', '6', '7', '8']
[TX  ->  *] bucket=413 L6 active=wlan1 ch10  BL=['4', '5', '6', '7', '8']
[RX  <- A] bucket=413  peer_BL=['7', '8', '4', '5', '6']  my_BL=['4', '5', '6', '7', '8']
[07:44:38] HOP bucket=414 L6 active=wlan0 ch9  | prep wlan1 ch9  | BL=['4', '5', '6', '7', '8']
[RX  <- A] bucket=414  peer_BL=['7', '8', '4', '5', '6']  my_BL=['4', '5', '6', '7', '8']
[TX  ->  *] bucket=414 L6 active=wlan0 ch9  BL=['4', '5', '6', '7', '8']
[07:44:40] HOP bucket=415 L6 active=wlan1 ch9  | prep wlan0 ch9  | BL=['4', '5', '6', '7', '8']
[RX  <- A] bucket=415  peer_BL=['7', '8', '4', '5', '6']  my_BL=['4', '5', '6', '7', '8']
[TX  ->  *] bucket=415 L6 active=wlan1 ch9  BL=['4', '5', '6', '7', '8']
[07:44:42] HOP bucket=416 L6 active=wlan0 ch9  | prep wlan1 ch10  | BL=['4', '5', '6', '7', '8']
[RX  <- A] bucket=416  peer_BL=['7', '8', '4', '5', '6']  my_BL=['4', '5', '6', '7', '8']
[TX  ->  *] bucket=416 L6 active=wlan0 ch9  BL=['4', '5', '6', '7', '8']
[07:44:44] HOP bucket=417 L6 active=wlan1 ch10  | prep wlan0 ch9  | BL=['4', '5', '6', '7', '8']
[RX  <- A] bucket=417  peer_BL=['7', '8', '4', '5', '6']  my_BL=['4', '5', '6', '7', '8']
[TX  ->  *] bucket=417 L6 active=wlan1 ch10  BL=['4', '5', '6', '7', '8']
[07:44:46] HOP bucket=418 L6 active=wlan0 ch9  | prep wlan1 ch9  | BL=['4', '5', '6', '7', '8']
[RX  <- A] bucket=418  peer_BL=['7', '8', '4', '5', '6']  my_BL=['4', '5', '6', '7', '8']
[TX  ->  *] bucket=418 L6 active=wlan0 ch9  BL=['4', '5', '6', '7', '8']
[07:44:48] HOP bucket=419 L6 active=wlan1 ch9  | prep wlan0 ch11  | BL=['4', '5', '6', '7', '8']
[RX  <- A] bucket=419  peer_BL=['7', '8', '4', '5', '6']  my_BL=['4', '5', '6', '7', '8']
[TX  ->  *] bucket=419 L6 active=wlan1 ch9  BL=['4', '5', '6', '7', '8']
[07:44:50] HOP bucket=420 L6 active=wlan0 ch11  | prep wlan1 ch11  | BL=['4', '5', '6', '7', '8']
[RX  <- A] bucket=420  peer_BL=['7', '8', '4', '5', '6']  my_BL=['4', '5', '6', '7', '8']
[TX  ->  *] bucket=420 L6 active=wlan0 ch11  BL=['4', '5', '6', '7', '8']
[07:44:52] HOP bucket=421 L6 active=wlan1 ch11  | prep wlan0 ch11  | BL=['4', '5', '6', '7', '8']
[TX  ->  *] bucket=421 L6 active=wlan1 ch11  BL=['4', '5', '6', '7', '8']
[RX  <- A] bucket=421  peer_BL=['7', '8', '4', '5', '6']  my_BL=['4', '5', '6', '7', '8']
[07:44:54] HOP bucket=422 L6 active=wlan0 ch11  | prep wlan1 ch10  | BL=['4', '5', '6', '8']
[TX  ->  *] bucket=422 L6 active=wlan0 ch11  BL=['4', '5', '6', '8']
[RX  <- A] bucket=422  peer_BL=['8', '4', '5', '6']  my_BL=['4', '5', '6', '8']
[07:44:56] HOP bucket=423 L6 active=wlan1 ch10  | prep wlan0 ch8  | BL=['4', '5', '6']
[RX  <- A] bucket=423  peer_BL=['4', '5', '6']  my_BL=['4', '5', '6']
[TX  ->  *] bucket=423 L6 active=wlan1 ch10  BL=['4', '5', '6']
[07:44:58] HOP bucket=424 L6 active=wlan0 ch8  | prep wlan1 ch10  | BL=['4', '5', '6']
[TX  ->  *] bucket=424 L6 active=wlan0 ch8  BL=['4', '5', '6']
[!! JAMMED  ] bucket=424 L6 active=wlan0 ch8  silent + egress_drops=38  -> BL until bucket=454  BL=['4', '5', '6', '8']
[07:45:00] HOP bucket=425 L6 active=wlan1 ch10  | prep wlan0 ch10  | BL=['4', '5', '6', '8']
[TX  ->  *] bucket=425 L6 active=wlan1 ch10  BL=['4', '5', '6', '8']
[RX  <- A] bucket=425  peer_BL=['4', '5', '6', '8']  my_BL=['4', '5', '6', '8']
[07:45:02] HOP bucket=426 L6 active=wlan0 ch10  | prep wlan1 ch7  | BL=['4', '5', '6', '8']
[TX  ->  *] bucket=426 L6 active=wlan0 ch10  BL=['4', '5', '6', '8']
[RX  <- A] bucket=426  peer_BL=['4', '5', '6', '8']  my_BL=['4', '5', '6', '8']
[07:45:04] HOP bucket=427 L6 active=wlan1 ch7  (LAG: totp_says=ch4, physical=ch7)  | prep wlan0 ch9  | BL=['5', '6', '8']
[TX  ->  *] bucket=427 L6 active=wlan1 ch7  BL=['5', '6', '8']
[!! JAMMED  ] bucket=427 L6 active=wlan1 ch7  silent + egress_drops=38  -> BL until bucket=457  BL=['5', '6', '7', '8']
[07:45:06] HOP bucket=428 L6 active=wlan0 ch9  | prep wlan1 ch10  | BL=['5', '6', '7', '8']
[TX  ->  *] bucket=428 L6 active=wlan0 ch9  BL=['5', '6', '7', '8']
[?? SOFT    ] bucket=428 L6 active=wlan0 ch9  silent across 35 frames but egress_drops=0  (no tc evidence)
[07:45:08] HOP bucket=429 L6 active=wlan1 ch10  | prep wlan0 ch9  | BL=['5', '6', '7', '8']
[TX  ->  *] bucket=429 L6 active=wlan1 ch10  BL=['5', '6', '7', '8']
[RX  <- A] bucket=429  peer_BL=['5', '6', '8', '7', '9']  my_BL=['5', '6', '7', '8', '9']
[<= MERGED  ] ch9 from peer's confirmed -> expires bucket=886260183
[07:45:10] HOP bucket=430 L6 active=wlan0 ch9  (LAG: totp_says=ch10, physical=ch9)  | prep wlan1 ch11  | BL=['5', '6', '7', '8', '9']
[TX  ->  *] bucket=430 L6 active=wlan0 ch9  BL=['5', '6', '7', '8', '9']
[RX  <- A] bucket=430  peer_BL=['5', '6', '8', '7', '9']  my_BL=['5', '6', '7', '8', '9']
[07:45:12] HOP bucket=431 L6 active=wlan1 ch11  | prep wlan0 ch4  | BL=['5', '6', '7', '8', '9']
[RX  <- A] bucket=431  peer_BL=['5', '6', '8', '7', '9']  my_BL=['5', '6', '7', '8', '9']
[TX  ->  *] bucket=431 L6 active=wlan1 ch11  BL=['5', '6', '7', '8', '9']
[07:45:14] HOP bucket=432 L6 active=wlan0 ch4  | prep wlan1 ch10  | BL=['5', '6', '7', '8', '9']
[RX  <- A] bucket=432  peer_BL=['5', '6', '8', '7', '9']  my_BL=['5', '6', '7', '8', '9']
[TX  ->  *] bucket=432 L6 active=wlan0 ch4  BL=['5', '6', '7', '8', '9']
[07:45:16] HOP bucket=433 L6 active=wlan1 ch10  | prep wlan0 ch11  | BL=['6', '7', '8', '9']
[TX  ->  *] bucket=433 L6 active=wlan1 ch10  BL=['6', '7', '8', '9']
[RX  <- A] bucket=433  peer_BL=['6', '8', '7', '9']  my_BL=['6', '7', '8', '9']
[07:45:18] HOP bucket=434 L6 active=wlan0 ch11  | prep wlan1 ch10  | BL=['6', '7', '8', '9']
[TX  ->  *] bucket=434 L6 active=wlan0 ch11  BL=['6', '7', '8', '9']
[RX  <- A] bucket=434  peer_BL=['6', '8', '7', '9']  my_BL=['6', '7', '8', '9']
[07:45:20] HOP bucket=435 L6 active=wlan1 ch10  | prep wlan0 ch10  | BL=['6', '7', '8', '9']
[TX  ->  *] bucket=435 L6 active=wlan1 ch10  BL=['6', '7', '8', '9']
[RX  <- A] bucket=435  peer_BL=['6', '8', '7', '9']  my_BL=['6', '7', '8', '9']
[07:45:22] HOP bucket=436 L6 active=wlan0 ch10  | prep wlan1 ch10  | BL=['7', '8', '9']
[TX  ->  *] bucket=436 L6 active=wlan0 ch10  BL=['7', '8', '9']
[RX  <- A] bucket=436  peer_BL=['8', '7', '9']  my_BL=['7', '8', '9']
[07:45:24] HOP bucket=437 L6 active=wlan1 ch10  | prep wlan0 ch3  | BL=['7', '8', '9']
[TX  ->  *] bucket=437 L6 active=wlan1 ch10  BL=['7', '8', '9']
[RX  <- A] bucket=437  peer_BL=['8', '7', '9']  my_BL=['7', '8', '9']
[07:45:26] HOP bucket=438 L6 active=wlan0 ch3  | prep wlan1 ch4  | BL=['7', '8', '9']
[TX  ->  *] bucket=438 L6 active=wlan0 ch3  BL=['7', '8', '9']
[RX  <- A] bucket=438  peer_BL=['8', '7', '9']  my_BL=['7', '8', '9']
[07:45:28] HOP bucket=439 L6 active=wlan1 ch4  | prep wlan0 ch10  | BL=['7', '8', '9']
[TX  ->  *] bucket=439 L6 active=wlan1 ch4  BL=['7', '8', '9']
[RX  <- A] bucket=439  peer_BL=['8', '7', '9']  my_BL=['7', '8', '9']
[07:45:30] HOP bucket=440 L6 active=wlan0 ch10  | prep wlan1 ch5  | BL=['7', '8', '9']
[TX  ->  *] bucket=440 L6 active=wlan0 ch10  BL=['7', '8', '9']
[RX  <- A] bucket=440  peer_BL=['8', '7', '9']  my_BL=['7', '8', '9']
[07:45:32] HOP bucket=441 L6 active=wlan1 ch5  | prep wlan0 ch10  | BL=['7', '8', '9']
[TX  ->  *] bucket=441 L6 active=wlan1 ch5  BL=['7', '8', '9']
[RX  <- A] bucket=441  peer_BL=['8', '7', '9']  my_BL=['7', '8', '9']
[07:45:34] HOP bucket=442 L6 active=wlan0 ch10  | prep wlan1 ch10  | BL=['7', '8', '9']
[RX  <- A] bucket=442  peer_BL=['8', '7', '9']  my_BL=['7', '8', '9']
[TX  ->  *] bucket=442 L6 active=wlan0 ch10  BL=['7', '8', '9']
[07:45:36] HOP bucket=443 L6 active=wlan1 ch10  | prep wlan0 ch10  | BL=['7', '8', '9']
[RX  <- A] bucket=443  peer_BL=['8', '7', '9']  my_BL=['7', '8', '9']
[TX  ->  *] bucket=443 L6 active=wlan1 ch10  BL=['7', '8', '9']
[07:45:38] HOP bucket=444 L6 active=wlan0 ch10  | prep wlan1 ch10  | BL=['7', '8', '9']
[TX  ->  *] bucket=444 L6 active=wlan0 ch10  BL=['7', '8', '9']
[RX  <- A] bucket=444  peer_BL=['8', '7', '9']  my_BL=['7', '8', '9']
[07:45:40] HOP bucket=445 L6 active=wlan1 ch10  | prep wlan0 ch10  | BL=['7', '8', '9']
[RX  <- A] bucket=445  peer_BL=['8', '7', '9']  my_BL=['7', '8', '9']
[TX  ->  *] bucket=445 L6 active=wlan1 ch10  BL=['7', '8', '9']
[07:45:42] HOP bucket=446 L6 active=wlan0 ch10  | prep wlan1 ch10  | BL=['7', '8', '9']
[RX  <- A] bucket=446  peer_BL=['8', '7', '9']  my_BL=['7', '8', '9']
[TX  ->  *] bucket=446 L6 active=wlan0 ch10  BL=['7', '8', '9']
[07:45:44] HOP bucket=447 L6 active=wlan1 ch10  | prep wlan0 ch10  | BL=['7', '8', '9']
[RX  <- A] bucket=447  peer_BL=['8', '7', '9']  my_BL=['7', '8', '9']
[TX  ->  *] bucket=447 L6 active=wlan1 ch10  BL=['7', '8', '9']
[07:45:46] HOP bucket=448 L6 active=wlan0 ch10  | prep wlan1 ch5  | BL=['7', '8', '9']
[TX  ->  *] bucket=448 L6 active=wlan0 ch10  BL=['7', '8', '9']
[RX  <- A] bucket=448  peer_BL=['8', '7', '9']  my_BL=['7', '8', '9']
[07:45:48] HOP bucket=449 L6 active=wlan1 ch5  | prep wlan0 ch10  | BL=['7', '8', '9']
[TX  ->  *] bucket=449 L6 active=wlan1 ch5  BL=['7', '8', '9']
[RX  <- A] bucket=449  peer_BL=['8', '7', '9']  my_BL=['7', '8', '9']
[07:45:50] HOP bucket=450 L6 active=wlan0 ch10  | prep wlan1 ch4  | BL=['7', '8', '9']
[TX  ->  *] bucket=450 L6 active=wlan0 ch10  BL=['7', '8', '9']
[!! JAMMED  ] bucket=450 L6 active=wlan0 ch10  silent + egress_drops=73  -> BL until bucket=480  BL=['7', '8', '9', '10']
[07:45:52] HOP bucket=451 L6 active=wlan1 ch4  | prep wlan0 ch11  | BL=['7', '8', '9', '10']
[TX  ->  *] bucket=451 L6 active=wlan1 ch4  BL=['7', '8', '9', '10']
[RX  <- A] bucket=451  peer_BL=['8', '7', '9', '10']  my_BL=['7', '8', '9', '10']
[07:45:54] HOP bucket=452 L6 active=wlan0 ch11  | prep wlan1 ch6  | BL=['7', '8', '9', '10']
[TX  ->  *] bucket=452 L6 active=wlan0 ch11  BL=['7', '8', '9', '10']
[!! JAMMED  ] bucket=452 L6 active=wlan0 ch11  silent + egress_drops=114  -> BL until bucket=482  BL=['7', '8', '9', '10', '11']
[07:45:56] HOP bucket=453 L6 active=wlan1 ch6  | prep wlan0 ch3  | BL=['7', '8', '9', '10', '11']
[RX  <- A] bucket=453  peer_BL=['8', '7', '9', '10']  my_BL=['7', '8', '9', '10', '11']
[TX  ->  *] bucket=453 L6 active=wlan1 ch6  BL=['7', '8', '9', '10', '11']
[07:45:58] HOP bucket=454 L6 active=wlan0 ch3  (LAG: totp_says=ch8, physical=ch3)  | prep wlan1 ch4  | BL=['7', '9', '10', '11']
[TX  ->  *] bucket=454 L6 active=wlan0 ch3  BL=['7', '9', '10', '11']
[?? SOFT    ] bucket=454 L6 active=wlan0 ch3  silent across 35 frames but egress_drops=0  (no tc evidence)
[07:46:00] HOP bucket=455 L6 active=wlan1 ch4  | prep wlan0 ch4  | BL=['7', '9', '10', '11']
[TX  ->  *] bucket=455 L6 active=wlan1 ch4  BL=['7', '9', '10', '11']
[RX  <- A] bucket=455  peer_BL=['7', '9', '10', '11']  my_BL=['7', '9', '10', '11']
[07:46:02] HOP bucket=456 L6 active=wlan0 ch4  | prep wlan1 ch3  | BL=['7', '9', '10', '11']
[TX  ->  *] bucket=456 L6 active=wlan0 ch4  BL=['7', '9', '10', '11']
[RX  <- A] bucket=456  peer_BL=['7', '9', '10', '11']  my_BL=['7', '9', '10', '11']
[07:46:04] HOP bucket=457 L6 active=wlan1 ch3  | prep wlan0 ch3  | BL=['9', '10', '11']
[TX  ->  *] bucket=457 L6 active=wlan1 ch3  BL=['9', '10', '11']
[RX  <- A] bucket=457  peer_BL=['9', '10', '11']  my_BL=['9', '10', '11']
[07:46:06] HOP bucket=458 L6 active=wlan0 ch3  | prep wlan1 ch4  | BL=['10', '11']
[RX  <- A] bucket=458  peer_BL=['10', '11']  my_BL=['10', '11']
[TX  ->  *] bucket=458 L6 active=wlan0 ch3  BL=['10', '11']
[07:46:08] HOP bucket=459 L6 active=wlan1 ch4  | prep wlan0 ch5  | BL=['10', '11']
[TX  ->  *] bucket=459 L6 active=wlan1 ch4  BL=['10', '11']
[RX  <- A] bucket=459  peer_BL=['10', '11']  my_BL=['10', '11']
[07:46:10] HOP bucket=460 L6 active=wlan0 ch5  | prep wlan1 ch5  | BL=['10', '11']
[TX  ->  *] bucket=460 L6 active=wlan0 ch5  BL=['10', '11']
[RX  <- A] bucket=460  peer_BL=['10', '11']  my_BL=['10', '11']
[07:46:12] HOP bucket=461 L6 active=wlan1 ch5  | prep wlan0 ch4  | BL=['10', '11']
[TX  ->  *] bucket=461 L6 active=wlan1 ch5  BL=['10', '11']
[RX  <- A] bucket=461  peer_BL=['10', '11']  my_BL=['10', '11']
[07:46:14] HOP bucket=462 L6 active=wlan0 ch4  | prep wlan1 ch7  | BL=['10', '11']
[TX  ->  *] bucket=462 L6 active=wlan0 ch4  BL=['10', '11']
[RX  <- A] bucket=462  peer_BL=['10', '11']  my_BL=['10', '11']
[07:46:16] HOP bucket=463 L6 active=wlan1 ch7  | prep wlan0 ch5  | BL=['10', '11']
[TX  ->  *] bucket=463 L6 active=wlan1 ch7  BL=['10', '11']
[?? SOFT    ] bucket=463 L6 active=wlan1 ch7  silent across 35 frames but egress_drops=0  (no tc evidence)
[07:46:18] HOP bucket=464 L6 active=wlan0 ch5  | prep wlan1 ch9  | BL=['10', '11']
[RX  <- A] bucket=464  peer_BL=['10', '11', '7']  my_BL=['7', '10', '11']
[<= MERGED  ] ch7 from peer's confirmed -> expires bucket=886260218
[TX  ->  *] bucket=464 L6 active=wlan0 ch5  BL=['7', '10', '11']
[07:46:20] HOP bucket=465 L6 active=wlan1 ch9  | prep wlan0 ch8  | BL=['7', '10', '11']
[TX  ->  *] bucket=465 L6 active=wlan1 ch9  BL=['7', '10', '11']
[!! JAMMED  ] bucket=465 L6 active=wlan1 ch9  silent + egress_drops=38  -> BL until bucket=495  BL=['7', '9', '10', '11']
[07:46:22] HOP bucket=466 L6 active=wlan0 ch8  | prep wlan1 ch3  | BL=['7', '9', '10', '11']
[TX  ->  *] bucket=466 L6 active=wlan0 ch8  BL=['7', '9', '10', '11']
[!! JAMMED  ] bucket=466 L6 active=wlan0 ch8  silent + egress_drops=39  -> BL until bucket=496  BL=['7', '8', '9', '10', '11']
[07:46:24] HOP bucket=467 L6 active=wlan1 ch3  | prep wlan0 ch3  | BL=['7', '8', '9', '10', '11']
[TX  ->  *] bucket=467 L6 active=wlan1 ch3  BL=['7', '8', '9', '10', '11']
[RX  <- A] bucket=467  peer_BL=['10', '11', '7', '9', '8']  my_BL=['7', '8', '9', '10', '11']
[07:46:26] HOP bucket=468 L6 active=wlan0 ch3  | prep wlan1 ch3  | BL=['7', '8', '9', '10', '11']
[TX  ->  *] bucket=468 L6 active=wlan0 ch3  BL=['7', '8', '9', '10', '11']
[RX  <- A] bucket=468  peer_BL=['10', '11', '7', '9', '8']  my_BL=['7', '8', '9', '10', '11']
[07:46:28] HOP bucket=469 L6 active=wlan1 ch3  | prep wlan0 ch5  | BL=['7', '8', '9', '10', '11']
[TX  ->  *] bucket=469 L6 active=wlan1 ch3  BL=['7', '8', '9', '10', '11']
[RX  <- A] bucket=469  peer_BL=['10', '11', '7', '9', '8']  my_BL=['7', '8', '9', '10', '11']
[07:46:30] HOP bucket=470 L6 active=wlan0 ch5  | prep wlan1 ch3  | BL=['7', '8', '9', '10', '11']
[TX  ->  *] bucket=470 L6 active=wlan0 ch5  BL=['7', '8', '9', '10', '11']
[RX  <- A] bucket=470  peer_BL=['10', '11', '7', '9', '8']  my_BL=['7', '8', '9', '10', '11']
[RX  <- A] bucket=469  peer_BL=['10', '11', '7', '9', '8']  my_BL=['7', '8', '9', '10', '11']
[RX  <- A] bucket=470  peer_BL=['10', '11', '7', '9', '8']  my_BL=['7', '8', '9', '10', '11']
[07:46:32] HOP bucket=471 L6 active=wlan1 ch3  | prep wlan0 ch3  | BL=['7', '8', '9', '10', '11']
[RX  <- A] bucket=471  peer_BL=['10', '11', '7', '9', '8']  my_BL=['7', '8', '9', '10', '11']
[TX  ->  *] bucket=471 L6 active=wlan1 ch3  BL=['7', '8', '9', '10', '11']
[07:46:34] HOP bucket=472 L6 active=wlan0 ch3  | prep wlan1 ch3  | BL=['7', '8', '9', '10', '11']
[RX  <- A] bucket=472  peer_BL=['10', '11', '7', '9', '8']  my_BL=['7', '8', '9', '10', '11']
[TX  ->  *] bucket=472 L6 active=wlan0 ch3  BL=['7', '8', '9', '10', '11']
[07:46:36] HOP bucket=473 L6 active=wlan1 ch3  | prep wlan0 ch3  | BL=['7', '8', '9', '10', '11']
[TX  ->  *] bucket=473 L6 active=wlan1 ch3  BL=['7', '8', '9', '10', '11']
[RX  <- A] bucket=473  peer_BL=['10', '11', '7', '9', '8']  my_BL=['7', '8', '9', '10', '11']
[07:46:38] HOP bucket=474 L6 active=wlan0 ch3  | prep wlan1 ch3  | BL=['7', '8', '9', '10', '11']
[RX  <- A] bucket=474  peer_BL=['10', '11', '7', '9', '8']  my_BL=['7', '8', '9', '10', '11']
[TX  ->  *] bucket=474 L6 active=wlan0 ch3  BL=['7', '8', '9', '10', '11']
[07:46:40] HOP bucket=475 L6 active=wlan1 ch3  | prep wlan0 ch3  | BL=['7', '8', '9', '10', '11']
[TX  ->  *] bucket=475 L6 active=wlan1 ch3  BL=['7', '8', '9', '10', '11']
[RX  <- A] bucket=475  peer_BL=['10', '11', '7', '9', '8']  my_BL=['7', '8', '9', '10', '11']
[07:46:42] HOP bucket=476 L6 active=wlan0 ch3  | prep wlan1 ch3  | BL=['7', '8', '9', '10', '11']
[RX  <- A] bucket=476  peer_BL=['10', '11', '7', '9', '8']  my_BL=['7', '8', '9', '10', '11']
[TX  ->  *] bucket=476 L6 active=wlan0 ch3  BL=['7', '8', '9', '10', '11']
[07:46:44] HOP bucket=477 L6 active=wlan1 ch3  | prep wlan0 ch3  | BL=['7', '8', '9', '10', '11']
[TX  ->  *] bucket=477 L6 active=wlan1 ch3  BL=['7', '8', '9', '10', '11']
[RX  <- A] bucket=477  peer_BL=['10', '11', '7', '9', '8']  my_BL=['7', '8', '9', '10', '11']
[07:46:46] HOP bucket=478 L6 active=wlan0 ch3  | prep wlan1 ch3  | BL=['7', '8', '9', '10', '11']
[RX  <- A] bucket=478  peer_BL=['10', '11', '7', '9', '8']  my_BL=['7', '8', '9', '10', '11']
[TX  ->  *] bucket=478 L6 active=wlan0 ch3  BL=['7', '8', '9', '10', '11']
[07:46:48] HOP bucket=479 L6 active=wlan1 ch3  | prep wlan0 ch3  | BL=['7', '8', '9', '10', '11']
[TX  ->  *] bucket=479 L6 active=wlan1 ch3  BL=['7', '8', '9', '10', '11']
[RX  <- A] bucket=479  peer_BL=['10', '11', '7', '9', '8']  my_BL=['7', '8', '9', '10', '11']
[07:46:50] HOP bucket=480 L6 active=wlan0 ch3  (LAG: totp_says=ch10, physical=ch3)  | prep wlan1 ch3  | BL=['7', '8', '9', '11']
[RX  <- A] bucket=480  peer_BL=['11', '7', '9', '8']  my_BL=['7', '8', '9', '11']
[TX  ->  *] bucket=480 L6 active=wlan0 ch3  BL=['7', '8', '9', '11']
[07:46:52] HOP bucket=481 L6 active=wlan1 ch3  | prep wlan0 ch10  | BL=['7', '8', '9', '11']
[TX  ->  *] bucket=481 L6 active=wlan1 ch3  BL=['7', '8', '9', '11']
[RX  <- A] bucket=481  peer_BL=['11', '7', '9', '8']  my_BL=['7', '8', '9', '11']
[07:46:54] HOP bucket=482 L6 active=wlan0 ch10  | prep wlan1 ch10  | BL=['7', '8', '9']
[TX  ->  *] bucket=482 L6 active=wlan0 ch10  BL=['7', '8', '9']
[!! JAMMED  ] bucket=482 L6 active=wlan0 ch10  silent + egress_drops=39  -> BL until bucket=512  BL=['7', '8', '9', '10']
[07:46:56] HOP bucket=483 L6 active=wlan1 ch10  (LAG: totp_says=ch11, physical=ch10)  | prep wlan0 ch11  | BL=['7', '8', '9', '10']
[TX  ->  *] bucket=483 L6 active=wlan1 ch10  BL=['7', '8', '9', '10']
[07:46:58] HOP bucket=484 L6 active=wlan0 ch11  | prep wlan1 ch11  | BL=['7', '8', '9', '10']
[TX  ->  *] bucket=484 L6 active=wlan0 ch11  BL=['7', '8', '9', '10']
[!! JAMMED  ] bucket=484 L6 active=wlan0 ch11  silent + egress_drops=78  -> BL until bucket=514  BL=['7', '8', '9', '10', '11']
[07:47:00] HOP bucket=485 L6 active=wlan1 ch11  (LAG: totp_says=ch3, physical=ch11)  | prep wlan0 ch3  | BL=['7', '8', '9', '10', '11']
[TX  ->  *] bucket=485 L6 active=wlan1 ch11  BL=['7', '8', '9', '10', '11']
[07:47:02] HOP bucket=486 L6 active=wlan0 ch3  | prep wlan1 ch4  | BL=['7', '8', '9', '10', '11']
[TX  ->  *] bucket=486 L6 active=wlan0 ch3  BL=['7', '8', '9', '10', '11']
[RX  <- A] bucket=486  peer_BL=['7', '9', '8', '10', '11']  my_BL=['7', '8', '9', '10', '11']
[07:47:04] HOP bucket=487 L6 active=wlan1 ch4  | prep wlan0 ch3  | BL=['7', '8', '9', '10', '11']
[RX  <- A] bucket=487  peer_BL=['7', '9', '8', '10', '11']  my_BL=['7', '8', '9', '10', '11']
[TX  ->  *] bucket=487 L6 active=wlan1 ch4  BL=['7', '8', '9', '10', '11']
[07:47:06] HOP bucket=488 L6 active=wlan0 ch3  | prep wlan1 ch3  | BL=['7', '8', '9', '10', '11']
[RX  <- A] bucket=488  peer_BL=['7', '9', '8', '10', '11']  my_BL=['7', '8', '9', '10', '11']
[TX  ->  *] bucket=488 L6 active=wlan0 ch3  BL=['7', '8', '9', '10', '11']
[07:47:08] HOP bucket=489 L6 active=wlan1 ch3  | prep wlan0 ch3  | BL=['7', '8', '9', '10', '11']
[TX  ->  *] bucket=489 L6 active=wlan1 ch3  BL=['7', '8', '9', '10', '11']
[RX  <- A] bucket=489  peer_BL=['7', '9', '8', '10', '11']  my_BL=['7', '8', '9', '10', '11']
[07:47:10] HOP bucket=490 L6 active=wlan0 ch3  | prep wlan1 ch3  | BL=['7', '8', '9', '10', '11']
[RX  <- A] bucket=490  peer_BL=['7', '9', '8', '10', '11']  my_BL=['7', '8', '9', '10', '11']
[TX  ->  *] bucket=490 L6 active=wlan0 ch3  BL=['7', '8', '9', '10', '11']
[07:47:12] HOP bucket=491 L6 active=wlan1 ch3  | prep wlan0 ch6  | BL=['7', '8', '9', '10', '11']
[RX  <- A] bucket=491  peer_BL=['7', '9', '8', '10', '11']  my_BL=['7', '8', '9', '10', '11']
[TX  ->  *] bucket=491 L6 active=wlan1 ch3  BL=['7', '8', '9', '10', '11']
[07:47:14] HOP bucket=492 L6 active=wlan0 ch6  | prep wlan1 ch3  | BL=['7', '8', '9', '10', '11']
[TX  ->  *] bucket=492 L6 active=wlan0 ch6  BL=['7', '8', '9', '10', '11']
[RX  <- A] bucket=492  peer_BL=['7', '9', '8', '10', '11']  my_BL=['7', '8', '9', '10', '11']
[07:47:16] HOP bucket=493 L6 active=wlan1 ch3  | prep wlan0 ch5  | BL=['8', '9', '10', '11']
[RX  <- A] bucket=493  peer_BL=['9', '8', '10', '11']  my_BL=['8', '9', '10', '11']
[TX  ->  *] bucket=493 L6 active=wlan1 ch3  BL=['8', '9', '10', '11']
[07:47:18] HOP bucket=494 L6 active=wlan0 ch5  | prep wlan1 ch7  | BL=['8', '9', '10', '11']
[RX  <- A] bucket=494  peer_BL=['9', '8', '10', '11']  my_BL=['8', '9', '10', '11']
[TX  ->  *] bucket=494 L6 active=wlan0 ch5  BL=['8', '9', '10', '11']
[07:47:20] HOP bucket=495 L6 active=wlan1 ch7  | prep wlan0 ch6  | BL=['8', '10', '11']
[RX  <- A] bucket=495  peer_BL=['8', '10', '11']  my_BL=['8', '10', '11']
[TX  ->  *] bucket=495 L6 active=wlan1 ch7  BL=['8', '10', '11']
[07:47:22] HOP bucket=496 L6 active=wlan0 ch6  | prep wlan1 ch6  | BL=['10', '11']
[RX  <- A] bucket=496  peer_BL=['10', '11']  my_BL=['10', '11']
[TX  ->  *] bucket=496 L6 active=wlan0 ch6  BL=['10', '11']
[07:47:24] HOP bucket=497 L6 active=wlan1 ch6  | prep wlan0 ch7  | BL=['10', '11']
[TX  ->  *] bucket=497 L6 active=wlan1 ch6  BL=['10', '11']
[RX  <- A] bucket=497  peer_BL=['10', '11']  my_BL=['10', '11']
[07:47:26] HOP bucket=498 L6 active=wlan0 ch7  | prep wlan1 ch8  | BL=['10', '11']
[TX  ->  *] bucket=498 L6 active=wlan0 ch7  BL=['10', '11']
[RX  <- A] bucket=498  peer_BL=['10', '11']  my_BL=['10', '11']
[07:47:28] HOP bucket=499 L6 active=wlan1 ch8  | prep wlan0 ch5  | BL=['10', '11']
[TX  ->  *] bucket=499 L6 active=wlan1 ch8  BL=['10', '11']
[RX  <- A] bucket=499  peer_BL=['10', '11']  my_BL=['10', '11']
[07:47:30] HOP bucket=500 L6 active=wlan0 ch5  | prep wlan1 ch7  | BL=['10', '11']
[TX  ->  *] bucket=500 L6 active=wlan0 ch5  BL=['10', '11']
[RX  <- A] bucket=500  peer_BL=['10', '11']  my_BL=['10', '11']
[07:47:32] HOP bucket=501 L6 active=wlan1 ch7  | prep wlan0 ch7  | BL=['10', '11']
[TX  ->  *] bucket=501 L6 active=wlan1 ch7  BL=['10', '11']
[RX  <- A] bucket=501  peer_BL=['10', '11']  my_BL=['10', '11']
[07:47:34] HOP bucket=502 L6 active=wlan0 ch7  | prep wlan1 ch3  | BL=['10', '11']
[TX  ->  *] bucket=502 L6 active=wlan0 ch7  BL=['10', '11']
[RX  <- A] bucket=502  peer_BL=['10', '11']  my_BL=['10', '11']
[07:47:36] HOP bucket=503 L6 active=wlan1 ch3  | prep wlan0 ch5  | BL=['10', '11']
[RX  <- A] bucket=503  peer_BL=['10', '11']  my_BL=['10', '11']
[TX  ->  *] bucket=503 L6 active=wlan1 ch3  BL=['10', '11']
[07:47:38] HOP bucket=504 L6 active=wlan0 ch5  | prep wlan1 ch7  | BL=['10', '11']
[RX  <- A] bucket=504  peer_BL=['10', '11']  my_BL=['10', '11']
[TX  ->  *] bucket=504 L6 active=wlan0 ch5  BL=['10', '11']
[07:47:40] HOP bucket=505 L6 active=wlan1 ch7  | prep wlan0 ch8  | BL=['10', '11']
[TX  ->  *] bucket=505 L6 active=wlan1 ch7  BL=['10', '11']
[RX  <- A] bucket=505  peer_BL=['10', '11']  my_BL=['10', '11']
[07:47:42] HOP bucket=506 L6 active=wlan0 ch8  | prep wlan1 ch9  | BL=['10', '11']
[RX  <- A] bucket=506  peer_BL=['10', '11']  my_BL=['10', '11']
[TX  ->  *] bucket=506 L6 active=wlan0 ch8  BL=['10', '11']
[07:47:44] HOP bucket=507 L6 active=wlan1 ch9  | prep wlan0 ch9  | BL=['10', '11']
[RX  <- A] bucket=507  peer_BL=['10', '11']  my_BL=['10', '11']
[TX  ->  *] bucket=507 L6 active=wlan1 ch9  BL=['10', '11']
[07:47:46] HOP bucket=508 L6 active=wlan0 ch9  | prep wlan1 ch8  | BL=['10', '11']
[TX  ->  *] bucket=508 L6 active=wlan0 ch9  BL=['10', '11']
[RX  <- A] bucket=508  peer_BL=['10', '11']  my_BL=['10', '11']
[07:47:48] HOP bucket=509 L6 active=wlan1 ch8  | prep wlan0 ch3  | BL=['10', '11']
[RX  <- A] bucket=509  peer_BL=['10', '11']  my_BL=['10', '11']
[TX  ->  *] bucket=509 L6 active=wlan1 ch8  BL=['10', '11']
[07:47:50] HOP bucket=510 L6 active=wlan0 ch3  | prep wlan1 ch4  | BL=['10', '11']
[TX  ->  *] bucket=510 L6 active=wlan0 ch3  BL=['10', '11']
[!! JAMMED  ] bucket=510 L6 active=wlan0 ch3  silent + egress_drops=37  -> BL until bucket=540  BL=['3', '10', '11']
[07:47:52] HOP bucket=511 L6 active=wlan1 ch4  | prep wlan0 ch7  | BL=['3', '10', '11']
[TX  ->  *] bucket=511 L6 active=wlan1 ch4  BL=['3', '10', '11']
[RX  <- A] bucket=511  peer_BL=['10', '11', '3']  my_BL=['3', '10', '11']
[07:47:54] HOP bucket=512 L6 active=wlan0 ch7  | prep wlan1 ch4  | BL=['3', '11']
[RX  <- A] bucket=512  peer_BL=['11', '3']  my_BL=['3', '11']
[TX  ->  *] bucket=512 L6 active=wlan0 ch7  BL=['3', '11']
[07:47:56] HOP bucket=513 L6 active=wlan1 ch4  | prep wlan0 ch10  | BL=['3', '11']
[TX  ->  *] bucket=513 L6 active=wlan1 ch4  BL=['3', '11']
[RX  <- A] bucket=513  peer_BL=['11', '3']  my_BL=['3', '11']
[07:47:58] HOP bucket=514 L6 active=wlan0 ch10  | prep wlan1 ch7  | BL=['3']
[TX  ->  *] bucket=514 L6 active=wlan0 ch10  BL=['3']
[RX  <- A] bucket=514  peer_BL=['3']  my_BL=['3']
[07:48:00] HOP bucket=515 L6 active=wlan1 ch7  | prep wlan0 ch5  | BL=['3']
[TX  ->  *] bucket=515 L6 active=wlan1 ch7  BL=['3']
[RX  <- A] bucket=515  peer_BL=['3']  my_BL=['3']
[07:48:02] HOP bucket=516 L6 active=wlan0 ch5  | prep wlan1 ch6  | BL=['3']
[TX  ->  *] bucket=516 L6 active=wlan0 ch5  BL=['3']
[RX  <- A] bucket=516  peer_BL=['3']  my_BL=['3']
[07:48:04] HOP bucket=517 L6 active=wlan1 ch6  | prep wlan0 ch9  | BL=['3']
[TX  ->  *] bucket=517 L6 active=wlan1 ch6  BL=['3']
[!! JAMMED  ] bucket=517 L6 active=wlan1 ch6  silent + egress_drops=38  -> BL until bucket=547  BL=['3', '6']
[07:48:06] HOP bucket=518 L6 active=wlan0 ch9  | prep wlan1 ch7  | BL=['3', '6']
[TX  ->  *] bucket=518 L6 active=wlan0 ch9  BL=['3', '6']
[!! JAMMED  ] bucket=518 L6 active=wlan0 ch9  silent + egress_drops=39  -> BL until bucket=548  BL=['3', '6', '9']
[07:48:08] HOP bucket=519 L6 active=wlan1 ch7  | prep wlan0 ch7  | BL=['3', '6', '9']
[RX  <- A] bucket=519  peer_BL=['3', '6', '9']  my_BL=['3', '6', '9']
[TX  ->  *] bucket=519 L6 active=wlan1 ch7  BL=['3', '6', '9']
[07:48:10] HOP bucket=520 L6 active=wlan0 ch7  | prep wlan1 ch4  | BL=['3', '6', '9']
[RX  <- A] bucket=520  peer_BL=['3', '6', '9']  my_BL=['3', '6', '9']
[TX  ->  *] bucket=520 L6 active=wlan0 ch7  BL=['3', '6', '9']
[07:48:12] HOP bucket=521 L6 active=wlan1 ch4  | prep wlan0 ch7  | BL=['3', '6', '9']
[RX  <- A] bucket=521  peer_BL=['3', '6', '9']  my_BL=['3', '6', '9']
[TX  ->  *] bucket=521 L6 active=wlan1 ch4  BL=['3', '6', '9']
[07:48:14] HOP bucket=522 L6 active=wlan0 ch7  | prep wlan1 ch7  | BL=['3', '6', '9']
[RX  <- A] bucket=522  peer_BL=['3', '6', '9']  my_BL=['3', '6', '9']
[TX  ->  *] bucket=522 L6 active=wlan0 ch7  BL=['3', '6', '9']
[07:48:16] HOP bucket=523 L6 active=wlan1 ch7  | prep wlan0 ch11  | BL=['3', '6', '9']
[RX  <- A] bucket=523  peer_BL=['3', '6', '9']  my_BL=['3', '6', '9']
[TX  ->  *] bucket=523 L6 active=wlan1 ch7  BL=['3', '6', '9']
[07:48:18] HOP bucket=524 L6 active=wlan0 ch11  | prep wlan1 ch10  | BL=['3', '6', '9']
[TX  ->  *] bucket=524 L6 active=wlan0 ch11  BL=['3', '6', '9']
[!! JAMMED  ] bucket=524 L6 active=wlan0 ch11  silent + egress_drops=39  -> BL until bucket=554  BL=['3', '6', '9', '11']
[07:48:20] HOP bucket=525 L6 active=wlan1 ch10  | prep wlan0 ch10  | BL=['3', '6', '9', '11']
[RX  <- A] bucket=525  peer_BL=['3', '6', '9', '11']  my_BL=['3', '6', '9', '11']
[TX  ->  *] bucket=525 L6 active=wlan1 ch10  BL=['3', '6', '9', '11']
[07:48:22] HOP bucket=526 L6 active=wlan0 ch10  | prep wlan1 ch10  | BL=['3', '6', '9', '11']
[RX  <- A] bucket=526  peer_BL=['3', '6', '9', '11']  my_BL=['3', '6', '9', '11']
[TX  ->  *] bucket=526 L6 active=wlan0 ch10  BL=['3', '6', '9', '11']
[07:48:24] HOP bucket=527 L6 active=wlan1 ch10  | prep wlan0 ch7  | BL=['3', '6', '9', '11']
[TX  ->  *] bucket=527 L6 active=wlan1 ch10  BL=['3', '6', '9', '11']
[RX  <- A] bucket=527  peer_BL=['3', '6', '9', '11']  my_BL=['3', '6', '9', '11']
[07:48:26] HOP bucket=528 L6 active=wlan0 ch7  | prep wlan1 ch4  | BL=['3', '6', '9', '11']
[RX  <- A] bucket=528  peer_BL=['3', '6', '9', '11']  my_BL=['3', '6', '9', '11']
[TX  ->  *] bucket=528 L6 active=wlan0 ch7  BL=['3', '6', '9', '11']
[07:48:28] HOP bucket=529 L6 active=wlan1 ch4  | prep wlan0 ch4  | BL=['3', '6', '9', '11']
[TX  ->  *] bucket=529 L6 active=wlan1 ch4  BL=['3', '6', '9', '11']
[RX  <- A] bucket=529  peer_BL=['3', '6', '9', '11']  my_BL=['3', '6', '9', '11']
[07:48:30] HOP bucket=530 L6 active=wlan0 ch4  | prep wlan1 ch5  | BL=['3', '6', '9', '11']
[RX  <- A] bucket=530  peer_BL=['3', '6', '9', '11']  my_BL=['3', '6', '9', '11']
[TX  ->  *] bucket=530 L6 active=wlan0 ch4  BL=['3', '6', '9', '11']
[07:48:32] HOP bucket=531 L6 active=wlan1 ch5  | prep wlan0 ch4  | BL=['3', '6', '9', '11']
[RX  <- A] bucket=531  peer_BL=['3', '6', '9', '11']  my_BL=['3', '6', '9', '11']
[TX  ->  *] bucket=531 L6 active=wlan1 ch5  BL=['3', '6', '9', '11']
[07:48:34] HOP bucket=532 L6 active=wlan0 ch4  | prep wlan1 ch10  | BL=['3', '6', '9', '11']
[TX  ->  *] bucket=532 L6 active=wlan0 ch4  BL=['3', '6', '9', '11']
[RX  <- A] bucket=532  peer_BL=['3', '6', '9', '11']  my_BL=['3', '6', '9', '11']
[07:48:36] HOP bucket=533 L6 active=wlan1 ch10  | prep wlan0 ch7  | BL=['3', '6', '9', '11']
[TX  ->  *] bucket=533 L6 active=wlan1 ch10  BL=['3', '6', '9', '11']
[RX  <- A] bucket=533  peer_BL=['3', '6', '9', '11']  my_BL=['3', '6', '9', '11']
[07:48:38] HOP bucket=534 L6 active=wlan0 ch7  | prep wlan1 ch7  | BL=['3', '6', '9', '11']
[TX  ->  *] bucket=534 L6 active=wlan0 ch7  BL=['3', '6', '9', '11']
[RX  <- A] bucket=534  peer_BL=['3', '6', '9', '11']  my_BL=['3', '6', '9', '11']
[07:48:40] HOP bucket=535 L6 active=wlan1 ch7  | prep wlan0 ch7  | BL=['3', '6', '9', '11']
[TX  ->  *] bucket=535 L6 active=wlan1 ch7  BL=['3', '6', '9', '11']
[RX  <- A] bucket=535  peer_BL=['3', '6', '9', '11']  my_BL=['3', '6', '9', '11']
[07:48:42] HOP bucket=536 L6 active=wlan0 ch7  | prep wlan1 ch10  | BL=['3', '6', '9', '11']
[TX  ->  *] bucket=536 L6 active=wlan0 ch7  BL=['3', '6', '9', '11']
[RX  <- A] bucket=536  peer_BL=['3', '6', '9', '11']  my_BL=['3', '6', '9', '11']
[07:48:44] HOP bucket=537 L6 active=wlan1 ch10  | prep wlan0 ch7  | BL=['3', '6', '9', '11']
[TX  ->  *] bucket=537 L6 active=wlan1 ch10  BL=['3', '6', '9', '11']
[RX  <- A] bucket=537  peer_BL=['3', '6', '9', '11']  my_BL=['3', '6', '9', '11']
[07:48:46] HOP bucket=538 L6 active=wlan0 ch7  | prep wlan1 ch8  | BL=['3', '6', '9', '11']
[RX  <- A] bucket=538  peer_BL=['3', '6', '9', '11']  my_BL=['3', '6', '9', '11']
[TX  ->  *] bucket=538 L6 active=wlan0 ch7  BL=['3', '6', '9', '11']
[07:48:48] HOP bucket=539 L6 active=wlan1 ch8  | prep wlan0 ch10  | BL=['3', '6', '9', '11']
[TX  ->  *] bucket=539 L6 active=wlan1 ch8  BL=['3', '6', '9', '11']
[RX  <- A] bucket=539  peer_BL=['3', '6', '9', '11']  my_BL=['3', '6', '9', '11']
[07:48:50] HOP bucket=540 L6 active=wlan0 ch10  | prep wlan1 ch4  | BL=['6', '9', '11']
[TX  ->  *] bucket=540 L6 active=wlan0 ch10  BL=['6', '9', '11']
[!! JAMMED  ] bucket=540 L6 active=wlan0 ch10  silent + egress_drops=71  -> BL until bucket=570  BL=['6', '9', '10', '11']
[07:48:52] HOP bucket=541 L6 active=wlan1 ch4  | prep wlan0 ch8  | BL=['6', '9', '10', '11']
[TX  ->  *] bucket=541 L6 active=wlan1 ch4  BL=['6', '9', '10', '11']