============================================================
 ARTCHO NODE — MODE=L6 — NODE_ID=A
============================================================
 Bucket duration : 2.0s
 TEST_EPOCH      : 1772524530.0
 BUCKET_EPOCH    : 1772441730.0
 sim offset      : 82800s  (23.00h)
 Use blacklist   : True
 Detect enabled  : True
 Dual radio      : True
============================================================

[STARTUP] sleeping 5s to let launch SSH close before pre_warm...
[PRE-WARM] L6 -> wlan0 ch6 (active, bucket 41400), wlan1 ch7 (bg, bucket 41401)
[WAIT] sleeping 10.0s until TEST_EPOCH (radios pre-warmed)...
[INIT] L6 cold-start (bucket=41400):
       active  wlan0 -> ch6 (2437 MHz)
       bg      wlan1 -> ch7 (2442 MHz)
       confirmed blacklist: []
[INIT] L6 cold-start complete.

[TX  ->  *] bucket=41400 L6 active=wlan0 ch6  BL=[]
[RX  <- B] bucket=41400  peer_BL=[]  my_BL=[]
[08:55:32] HOP bucket=41401 L6 active=wlan1 ch7  | prep wlan0 ch7  | BL=[]
[TX  ->  *] bucket=41401 L6 active=wlan1 ch7  BL=[]
[RX  <- B] bucket=41401  peer_BL=[]  my_BL=[]
[08:55:34] HOP bucket=41402 L6 active=wlan0 ch7  | prep wlan1 ch5  | BL=[]
[TX  ->  *] bucket=41402 L6 active=wlan0 ch7  BL=[]
[RX  <- B] bucket=41402  peer_BL=[]  my_BL=[]
[08:55:36] HOP bucket=41403 L6 active=wlan1 ch5  | prep wlan0 ch5  | BL=[]
[RX  <- B] bucket=41403  peer_BL=[]  my_BL=[]
[TX  ->  *] bucket=41403 L6 active=wlan1 ch5  BL=[]
[08:55:38] HOP bucket=41404 L6 active=wlan0 ch5  | prep wlan1 ch10  | BL=[]
[TX  ->  *] bucket=41404 L6 active=wlan0 ch5  BL=[]
[RX  <- B] bucket=41404  peer_BL=[]  my_BL=[]
[08:55:40] HOP bucket=41405 L6 active=wlan1 ch10  | prep wlan0 ch10  | BL=[]
[RX  <- B] bucket=41405  peer_BL=[]  my_BL=[]
[TX  ->  *] bucket=41405 L6 active=wlan1 ch10  BL=[]
[08:55:42] HOP bucket=41406 L6 active=wlan0 ch10  | prep wlan1 ch11  | BL=[]
[RX  <- B] bucket=41406  peer_BL=[]  my_BL=[]
[TX  ->  *] bucket=41406 L6 active=wlan0 ch10  BL=[]
[08:55:44] HOP bucket=41407 L6 active=wlan1 ch11  | prep wlan0 ch7  | BL=[]
[RX  <- B] bucket=41407  peer_BL=[]  my_BL=[]
[TX  ->  *] bucket=41407 L6 active=wlan1 ch11  BL=[]
[08:55:46] HOP bucket=41408 L6 active=wlan0 ch7  | prep wlan1 ch7  | BL=[]
[RX  <- B] bucket=41408  peer_BL=[]  my_BL=[]
[TX  ->  *] bucket=41408 L6 active=wlan0 ch7  BL=[]
[08:55:48] HOP bucket=41409 L6 active=wlan1 ch7  | prep wlan0 ch8  | BL=[]
[TX  ->  *] bucket=41409 L6 active=wlan1 ch7  BL=[]
[RX  <- B] bucket=41409  peer_BL=[]  my_BL=[]
[08:55:50] HOP bucket=41410 L6 active=wlan0 ch8  | prep wlan1 ch4  | BL=[]
[TX  ->  *] bucket=41410 L6 active=wlan0 ch8  BL=[]
[RX  <- B] bucket=41410  peer_BL=[]  my_BL=[]
[08:55:52] HOP bucket=41411 L6 active=wlan1 ch4  | prep wlan0 ch9  | BL=[]
[TX  ->  *] bucket=41411 L6 active=wlan1 ch4  BL=[]
[RX  <- B] bucket=41411  peer_BL=[]  my_BL=[]
[08:55:54] HOP bucket=41412 L6 active=wlan0 ch9  | prep wlan1 ch10  | BL=[]
[RX  <- B] bucket=41412  peer_BL=[]  my_BL=[]
[TX  ->  *] bucket=41412 L6 active=wlan0 ch9  BL=[]
[08:55:56] HOP bucket=41413 L6 active=wlan1 ch10  | prep wlan0 ch10  | BL=[]
[TX  ->  *] bucket=41413 L6 active=wlan1 ch10  BL=[]
[RX  <- B] bucket=41413  peer_BL=[]  my_BL=[]
[08:55:58] HOP bucket=41414 L6 active=wlan0 ch10  | prep wlan1 ch9  | BL=[]
[RX  <- B] bucket=41414  peer_BL=[]  my_BL=[]
[TX  ->  *] bucket=41414 L6 active=wlan0 ch10  BL=[]
[08:56:00] HOP bucket=41415 L6 active=wlan1 ch9  | prep wlan0 ch5  | BL=[]
[RX  <- B] bucket=41415  peer_BL=[]  my_BL=[]
[TX  ->  *] bucket=41415 L6 active=wlan1 ch9  BL=[]
[08:56:02] HOP bucket=41416 L6 active=wlan0 ch5  | prep wlan1 ch5  | BL=[]
[TX  ->  *] bucket=41416 L6 active=wlan0 ch5  BL=[]
[RX  <- B] bucket=41416  peer_BL=[]  my_BL=[]
[08:56:04] HOP bucket=41417 L6 active=wlan1 ch5  | prep wlan0 ch4  | BL=[]
[TX  ->  *] bucket=41417 L6 active=wlan1 ch5  BL=[]
[RX  <- B] bucket=41417  peer_BL=[]  my_BL=[]
[08:56:06] HOP bucket=41418 L6 active=wlan0 ch4  | prep wlan1 ch8  | BL=[]
[RX  <- B] bucket=41418  peer_BL=[]  my_BL=[]
[TX  ->  *] bucket=41418 L6 active=wlan0 ch4  BL=[]
[08:56:08] HOP bucket=41419 L6 active=wlan1 ch8  | prep wlan0 ch4  | BL=[]
[TX  ->  *] bucket=41419 L6 active=wlan1 ch8  BL=[]
[RX  <- B] bucket=41419  peer_BL=[]  my_BL=[]
[08:56:10] HOP bucket=41420 L6 active=wlan0 ch4  | prep wlan1 ch11  | BL=[]
[RX  <- B] bucket=41420  peer_BL=[]  my_BL=[]
[TX  ->  *] bucket=41420 L6 active=wlan0 ch4  BL=[]
[08:56:12] HOP bucket=41421 L6 active=wlan1 ch11  | prep wlan0 ch11  | BL=[]
[RX  <- B] bucket=41421  peer_BL=[]  my_BL=[]
[TX  ->  *] bucket=41421 L6 active=wlan1 ch11  BL=[]
[08:56:14] HOP bucket=41422 L6 active=wlan0 ch11  | prep wlan1 ch11  | BL=[]
[TX  ->  *] bucket=41422 L6 active=wlan0 ch11  BL=[]
[RX  <- B] bucket=41422  peer_BL=[]  my_BL=[]
[08:56:16] HOP bucket=41423 L6 active=wlan1 ch11  | prep wlan0 ch3  | BL=[]
[TX  ->  *] bucket=41423 L6 active=wlan1 ch11  BL=[]
[RX  <- B] bucket=41423  peer_BL=[]  my_BL=[]
[08:56:18] HOP bucket=41424 L6 active=wlan0 ch3  | prep wlan1 ch9  | BL=[]
[TX  ->  *] bucket=41424 L6 active=wlan0 ch3  BL=[]
[RX  <- B] bucket=41424  peer_BL=[]  my_BL=[]
[08:56:20] HOP bucket=41425 L6 active=wlan1 ch9  | prep wlan0 ch6  | BL=[]
[TX  ->  *] bucket=41425 L6 active=wlan1 ch9  BL=[]
[RX  <- B] bucket=41425  peer_BL=[]  my_BL=[]
[08:56:22] HOP bucket=41426 L6 active=wlan0 ch6  | prep wlan1 ch9  | BL=[]
[RX  <- B] bucket=41426  peer_BL=[]  my_BL=[]
[TX  ->  *] bucket=41426 L6 active=wlan0 ch6  BL=[]
[08:56:24] HOP bucket=41427 L6 active=wlan1 ch9  | prep wlan0 ch4  | BL=[]
[TX  ->  *] bucket=41427 L6 active=wlan1 ch9  BL=[]
[RX  <- B] bucket=41427  peer_BL=[]  my_BL=[]
[08:56:26] HOP bucket=41428 L6 active=wlan0 ch4  | prep wlan1 ch11  | BL=[]
[TX  ->  *] bucket=41428 L6 active=wlan0 ch4  BL=[]
[RX  <- B] bucket=41428  peer_BL=[]  my_BL=[]
[08:56:28] HOP bucket=41429 L6 active=wlan1 ch11  | prep wlan0 ch4  | BL=[]
[RX  <- B] bucket=41429  peer_BL=[]  my_BL=[]
[TX  ->  *] bucket=41429 L6 active=wlan1 ch11  BL=[]
[08:56:30] HOP bucket=41430 L6 active=wlan0 ch4  | prep wlan1 ch8  | BL=[]
[TX  ->  *] bucket=41430 L6 active=wlan0 ch4  BL=[]
[RX  <- B] bucket=41430  peer_BL=[]  my_BL=[]
[08:56:32] HOP bucket=41431 L6 active=wlan1 ch8  | prep wlan0 ch4  | BL=[]
[TX  ->  *] bucket=41431 L6 active=wlan1 ch8  BL=[]
[RX  <- B] bucket=41431  peer_BL=[]  my_BL=[]
[08:56:34] HOP bucket=41432 L6 active=wlan0 ch4  | prep wlan1 ch7  | BL=[]
[RX  <- B] bucket=41432  peer_BL=[]  my_BL=[]
[TX  ->  *] bucket=41432 L6 active=wlan0 ch4  BL=[]
[08:56:36] HOP bucket=41433 L6 active=wlan1 ch7  | prep wlan0 ch8  | BL=[]
[TX  ->  *] bucket=41433 L6 active=wlan1 ch7  BL=[]
[RX  <- B] bucket=41433  peer_BL=[]  my_BL=[]
[08:56:38] HOP bucket=41434 L6 active=wlan0 ch8  | prep wlan1 ch3  | BL=[]
[RX  <- B] bucket=41434  peer_BL=[]  my_BL=[]
[TX  ->  *] bucket=41434 L6 active=wlan0 ch8  BL=[]
[08:56:40] HOP bucket=41435 L6 active=wlan1 ch3  | prep wlan0 ch9  | BL=[]
[TX  ->  *] bucket=41435 L6 active=wlan1 ch3  BL=[]
[RX  <- B] bucket=41435  peer_BL=[]  my_BL=[]
[08:56:42] HOP bucket=41436 L6 active=wlan0 ch9  | prep wlan1 ch8  | BL=[]
[RX  <- B] bucket=41436  peer_BL=[]  my_BL=[]
[TX  ->  *] bucket=41436 L6 active=wlan0 ch9  BL=[]
[08:56:44] HOP bucket=41437 L6 active=wlan1 ch8  | prep wlan0 ch6  | BL=[]
[RX  <- B] bucket=41437  peer_BL=[]  my_BL=[]
[TX  ->  *] bucket=41437 L6 active=wlan1 ch8  BL=[]
[08:56:46] HOP bucket=41438 L6 active=wlan0 ch6  | prep wlan1 ch3  | BL=[]
[TX  ->  *] bucket=41438 L6 active=wlan0 ch6  BL=[]
[!! JAMMED  ] bucket=41438 L6 active=wlan0 ch6  silent + egress_drops=39  -> BL until bucket=41468  BL=['6']
[08:56:48] HOP bucket=41439 L6 active=wlan1 ch3  | prep wlan0 ch9  | BL=['6']
[TX  ->  *] bucket=41439 L6 active=wlan1 ch3  BL=['6']
[RX  <- B] bucket=41439  peer_BL=['6']  my_BL=['6']
[08:56:50] HOP bucket=41440 L6 active=wlan0 ch9  | prep wlan1 ch5  | BL=['6']
[RX  <- B] bucket=41440  peer_BL=['6']  my_BL=['6']
[TX  ->  *] bucket=41440 L6 active=wlan0 ch9  BL=['6']
[08:56:52] HOP bucket=41441 L6 active=wlan1 ch5  | prep wlan0 ch5  | BL=['6']
[RX  <- B] bucket=41441  peer_BL=['6']  my_BL=['6']
[TX  ->  *] bucket=41441 L6 active=wlan1 ch5  BL=['6']
[08:56:54] HOP bucket=41442 L6 active=wlan0 ch5  | prep wlan1 ch7  | BL=['6']
[TX  ->  *] bucket=41442 L6 active=wlan0 ch5  BL=['6']
[RX  <- B] bucket=41442  peer_BL=['6']  my_BL=['6']
[08:56:56] HOP bucket=41443 L6 active=wlan1 ch7  | prep wlan0 ch8  | BL=['6']
[TX  ->  *] bucket=41443 L6 active=wlan1 ch7  BL=['6']
[RX  <- B] bucket=41443  peer_BL=['6']  my_BL=['6']
[08:56:58] HOP bucket=41444 L6 active=wlan0 ch8  | prep wlan1 ch11  | BL=['6']
[TX  ->  *] bucket=41444 L6 active=wlan0 ch8  BL=['6']
[RX  <- B] bucket=41444  peer_BL=['6']  my_BL=['6']
[08:57:00] HOP bucket=41445 L6 active=wlan1 ch11  | prep wlan0 ch11  | BL=['6']
[TX  ->  *] bucket=41445 L6 active=wlan1 ch11  BL=['6']
[RX  <- B] bucket=41445  peer_BL=['6']  my_BL=['6']
[08:57:02] HOP bucket=41446 L6 active=wlan0 ch11  | prep wlan1 ch8  | BL=['6']
[TX  ->  *] bucket=41446 L6 active=wlan0 ch11  BL=['6']
[RX  <- B] bucket=41446  peer_BL=['6']  my_BL=['6']
[08:57:04] HOP bucket=41447 L6 active=wlan1 ch8  | prep wlan0 ch10  | BL=['6']
[TX  ->  *] bucket=41447 L6 active=wlan1 ch8  BL=['6']
[RX  <- B] bucket=41447  peer_BL=['6']  my_BL=['6']
[08:57:06] HOP bucket=41448 L6 active=wlan0 ch10  | prep wlan1 ch5  | BL=['6']
[TX  ->  *] bucket=41448 L6 active=wlan0 ch10  BL=['6']
[RX  <- B] bucket=41448  peer_BL=['6']  my_BL=['6']
[08:57:08] HOP bucket=41449 L6 active=wlan1 ch5  | prep wlan0 ch7  | BL=['6']
[RX  <- B] bucket=41449  peer_BL=['6']  my_BL=['6']
[TX  ->  *] bucket=41449 L6 active=wlan1 ch5  BL=['6']
[08:57:10] HOP bucket=41450 L6 active=wlan0 ch7  | prep wlan1 ch10  | BL=['6']
[TX  ->  *] bucket=41450 L6 active=wlan0 ch7  BL=['6']
[RX  <- B] bucket=41450  peer_BL=['6']  my_BL=['6']
[08:57:12] HOP bucket=41451 L6 active=wlan1 ch10  | prep wlan0 ch10  | BL=['6']
[TX  ->  *] bucket=41451 L6 active=wlan1 ch10  BL=['6']
[RX  <- B] bucket=41451  peer_BL=['6']  my_BL=['6']
[08:57:14] HOP bucket=41452 L6 active=wlan0 ch10  | prep wlan1 ch5  | BL=['6']
[RX  <- B] bucket=41452  peer_BL=['6']  my_BL=['6']
[TX  ->  *] bucket=41452 L6 active=wlan0 ch10  BL=['6']
[08:57:16] HOP bucket=41453 L6 active=wlan1 ch5  | prep wlan0 ch3  | BL=['6']
[TX  ->  *] bucket=41453 L6 active=wlan1 ch5  BL=['6']
[RX  <- B] bucket=41453  peer_BL=['6']  my_BL=['6']
[08:57:18] HOP bucket=41454 L6 active=wlan0 ch3  | prep wlan1 ch8  | BL=['6']
[TX  ->  *] bucket=41454 L6 active=wlan0 ch3  BL=['6']
[RX  <- B] bucket=41454  peer_BL=['6']  my_BL=['6']
[08:57:20] HOP bucket=41455 L6 active=wlan1 ch8  | prep wlan0 ch4  | BL=['6']
[TX  ->  *] bucket=41455 L6 active=wlan1 ch8  BL=['6']
[RX  <- B] bucket=41455  peer_BL=['6']  my_BL=['6']
[08:57:22] HOP bucket=41456 L6 active=wlan0 ch4  | prep wlan1 ch3  | BL=['6']
[RX  <- B] bucket=41456  peer_BL=['6']  my_BL=['6']
[TX  ->  *] bucket=41456 L6 active=wlan0 ch4  BL=['6']
[08:57:24] HOP bucket=41457 L6 active=wlan1 ch3  | prep wlan0 ch4  | BL=['6']
[TX  ->  *] bucket=41457 L6 active=wlan1 ch3  BL=['6']
[RX  <- B] bucket=41457  peer_BL=['6']  my_BL=['6']
[08:57:26] HOP bucket=41458 L6 active=wlan0 ch4  | prep wlan1 ch9  | BL=['6']
[RX  <- B] bucket=41458  peer_BL=['6']  my_BL=['6']
[TX  ->  *] bucket=41458 L6 active=wlan0 ch4  BL=['6']
[08:57:28] HOP bucket=41459 L6 active=wlan1 ch9  | prep wlan0 ch8  | BL=['6']
[TX  ->  *] bucket=41459 L6 active=wlan1 ch9  BL=['6']
[RX  <- B] bucket=41459  peer_BL=['6']  my_BL=['6']
[08:57:30] HOP bucket=41460 L6 active=wlan0 ch8  | prep wlan1 ch7  | BL=['6']
[TX  ->  *] bucket=41460 L6 active=wlan0 ch8  BL=['6']
[RX  <- B] bucket=41460  peer_BL=['6']  my_BL=['6']
[08:57:32] HOP bucket=41461 L6 active=wlan1 ch7  | prep wlan0 ch3  | BL=['6']
[TX  ->  *] bucket=41461 L6 active=wlan1 ch7  BL=['6']
[?? SOFT    ] bucket=41461 L6 active=wlan1 ch7  silent across 35 frames but egress_drops=0  (no tc evidence)
[08:57:34] HOP bucket=41462 L6 active=wlan0 ch3  | prep wlan1 ch5  | BL=['6']
[RX  <- B] bucket=41462  peer_BL=['6', '7']  my_BL=['6', '7']
[<= MERGED  ] ch7 from peer's confirmed -> expires bucket=886262356
[TX  ->  *] bucket=41462 L6 active=wlan0 ch3  BL=['6', '7']
[08:57:36] HOP bucket=41463 L6 active=wlan1 ch5  | prep wlan0 ch9  | BL=['6', '7']
[TX  ->  *] bucket=41463 L6 active=wlan1 ch5  BL=['6', '7']
[RX  <- B] bucket=41463  peer_BL=['6', '7']  my_BL=['6', '7']
[08:57:38] HOP bucket=41464 L6 active=wlan0 ch9  | prep wlan1 ch8  | BL=['6', '7']
[RX  <- B] bucket=41464  peer_BL=['6', '7']  my_BL=['6', '7']
[TX  ->  *] bucket=41464 L6 active=wlan0 ch9  BL=['6', '7']
[08:57:40] HOP bucket=41465 L6 active=wlan1 ch8  | prep wlan0 ch4  | BL=['6', '7']
[TX  ->  *] bucket=41465 L6 active=wlan1 ch8  BL=['6', '7']
[RX  <- B] bucket=41465  peer_BL=['6', '7']  my_BL=['6', '7']
[08:57:42] HOP bucket=41466 L6 active=wlan0 ch4  | prep wlan1 ch3  | BL=['6', '7']
[RX  <- B] bucket=41466  peer_BL=['6', '7']  my_BL=['6', '7']
[TX  ->  *] bucket=41466 L6 active=wlan0 ch4  BL=['6', '7']
[08:57:44] HOP bucket=41467 L6 active=wlan1 ch3  | prep wlan0 ch8  | BL=['6', '7']
[TX  ->  *] bucket=41467 L6 active=wlan1 ch3  BL=['6', '7']
[RX  <- B] bucket=41467  peer_BL=['6', '7']  my_BL=['6', '7']
[08:57:46] HOP bucket=41468 L6 active=wlan0 ch8  (LAG: totp_says=ch6, physical=ch8)  | prep wlan1 ch3  | BL=['7']
[TX  ->  *] bucket=41468 L6 active=wlan0 ch8  BL=['7']
[RX  <- B] bucket=41468  peer_BL=['7']  my_BL=['7']
[08:57:48] HOP bucket=41469 L6 active=wlan1 ch3  | prep wlan0 ch3  | BL=['7']
[RX  <- B] bucket=41469  peer_BL=['7']  my_BL=['7']
[TX  ->  *] bucket=41469 L6 active=wlan1 ch3  BL=['7']
[08:57:50] HOP bucket=41470 L6 active=wlan0 ch3  | prep wlan1 ch10  | BL=['7']
[TX  ->  *] bucket=41470 L6 active=wlan0 ch3  BL=['7']
[RX  <- B] bucket=41470  peer_BL=['7']  my_BL=['7']
[08:57:52] HOP bucket=41471 L6 active=wlan1 ch10  | prep wlan0 ch9  | BL=['7']
[RX  <- B] bucket=41471  peer_BL=['7']  my_BL=['7']
[TX  ->  *] bucket=41471 L6 active=wlan1 ch10  BL=['7']
[08:57:54] HOP bucket=41472 L6 active=wlan0 ch9  | prep wlan1 ch5  | BL=['7']
[TX  ->  *] bucket=41472 L6 active=wlan0 ch9  BL=['7']
[RX  <- B] bucket=41472  peer_BL=['7']  my_BL=['7']
[08:57:56] HOP bucket=41473 L6 active=wlan1 ch5  | prep wlan0 ch3  | BL=['7']
[TX  ->  *] bucket=41473 L6 active=wlan1 ch5  BL=['7']
[RX  <- B] bucket=41473  peer_BL=['7']  my_BL=['7']
[08:57:58] HOP bucket=41474 L6 active=wlan0 ch3  | prep wlan1 ch5  | BL=['7']
[TX  ->  *] bucket=41474 L6 active=wlan0 ch3  BL=['7']
[RX  <- B] bucket=41474  peer_BL=['7']  my_BL=['7']
[08:58:00] HOP bucket=41475 L6 active=wlan1 ch5  | prep wlan0 ch3  | BL=['7']
[TX  ->  *] bucket=41475 L6 active=wlan1 ch5  BL=['7']
[RX  <- B] bucket=41475  peer_BL=['7']  my_BL=['7']
[08:58:02] HOP bucket=41476 L6 active=wlan0 ch3  | prep wlan1 ch4  | BL=['7']
[RX  <- B] bucket=41476  peer_BL=['7']  my_BL=['7']
[TX  ->  *] bucket=41476 L6 active=wlan0 ch3  BL=['7']
[08:58:04] HOP bucket=41477 L6 active=wlan1 ch4  | prep wlan0 ch11  | BL=['7']
[RX  <- B] bucket=41477  peer_BL=['7']  my_BL=['7']
[TX  ->  *] bucket=41477 L6 active=wlan1 ch4  BL=['7']
[08:58:06] HOP bucket=41478 L6 active=wlan0 ch11  | prep wlan1 ch4  | BL=['7']
[RX  <- B] bucket=41478  peer_BL=['7']  my_BL=['7']
[TX  ->  *] bucket=41478 L6 active=wlan0 ch11  BL=['7']
[08:58:08] HOP bucket=41479 L6 active=wlan1 ch4  | prep wlan0 ch4  | BL=['7']
[RX  <- B] bucket=41479  peer_BL=['7']  my_BL=['7']
[TX  ->  *] bucket=41479 L6 active=wlan1 ch4  BL=['7']
[08:58:10] HOP bucket=41480 L6 active=wlan0 ch4  | prep wlan1 ch11  | BL=['7']
[RX  <- B] bucket=41480  peer_BL=['7']  my_BL=['7']
[TX  ->  *] bucket=41480 L6 active=wlan0 ch4  BL=['7']
[08:58:12] HOP bucket=41481 L6 active=wlan1 ch11  | prep wlan0 ch3  | BL=['7']
[TX  ->  *] bucket=41481 L6 active=wlan1 ch11  BL=['7']
[RX  <- B] bucket=41481  peer_BL=['7']  my_BL=['7']
[08:58:14] HOP bucket=41482 L6 active=wlan0 ch3  | prep wlan1 ch6  | BL=['7']
[RX  <- B] bucket=41482  peer_BL=['7']  my_BL=['7']
[TX  ->  *] bucket=41482 L6 active=wlan0 ch3  BL=['7']
[08:58:16] HOP bucket=41483 L6 active=wlan1 ch6  | prep wlan0 ch3  | BL=['7']
[TX  ->  *] bucket=41483 L6 active=wlan1 ch6  BL=['7']
[!! JAMMED  ] bucket=41483 L6 active=wlan1 ch6  silent + egress_drops=38  -> BL until bucket=41513  BL=['6', '7']
[08:58:18] HOP bucket=41484 L6 active=wlan0 ch3  | prep wlan1 ch8  | BL=['6', '7']
[RX  <- B] bucket=41484  peer_BL=['7']  my_BL=['6', '7']
[TX  ->  *] bucket=41484 L6 active=wlan0 ch3  BL=['6', '7']
[08:58:20] HOP bucket=41485 L6 active=wlan1 ch8  | prep wlan0 ch10  | BL=['6', '7']
[RX  <- B] bucket=41485  peer_BL=['7', '6']  my_BL=['6', '7']
[TX  ->  *] bucket=41485 L6 active=wlan1 ch8  BL=['6', '7']
[08:58:22] HOP bucket=41486 L6 active=wlan0 ch10  | prep wlan1 ch10  | BL=['6', '7']
[TX  ->  *] bucket=41486 L6 active=wlan0 ch10  BL=['6', '7']
[RX  <- B] bucket=41486  peer_BL=['7', '6']  my_BL=['6', '7']
[08:58:24] HOP bucket=41487 L6 active=wlan1 ch10  | prep wlan0 ch11  | BL=['6', '7']
[TX  ->  *] bucket=41487 L6 active=wlan1 ch10  BL=['6', '7']
[RX  <- B] bucket=41487  peer_BL=['7', '6']  my_BL=['6', '7']
[08:58:26] HOP bucket=41488 L6 active=wlan0 ch11  | prep wlan1 ch9  | BL=['6', '7']
[TX  ->  *] bucket=41488 L6 active=wlan0 ch11  BL=['6', '7']
[RX  <- B] bucket=41488  peer_BL=['7', '6']  my_BL=['6', '7']
[08:58:28] HOP bucket=41489 L6 active=wlan1 ch9  | prep wlan0 ch3  | BL=['6', '7']
[TX  ->  *] bucket=41489 L6 active=wlan1 ch9  BL=['6', '7']
[RX  <- B] bucket=41489  peer_BL=['7', '6']  my_BL=['6', '7']
[08:58:30] HOP bucket=41490 L6 active=wlan0 ch3  | prep wlan1 ch5  | BL=['6', '7']
[RX  <- B] bucket=41490  peer_BL=['7', '6']  my_BL=['6', '7']
[TX  ->  *] bucket=41490 L6 active=wlan0 ch3  BL=['6', '7']
[08:58:32] HOP bucket=41491 L6 active=wlan1 ch5  | prep wlan0 ch10  | BL=['6']
[TX  ->  *] bucket=41491 L6 active=wlan1 ch5  BL=['6']
[RX  <- B] bucket=41491  peer_BL=['6']  my_BL=['6']
[08:58:34] HOP bucket=41492 L6 active=wlan0 ch10  | prep wlan1 ch7  | BL=['6']
[TX  ->  *] bucket=41492 L6 active=wlan0 ch10  BL=['6']
[RX  <- B] bucket=41492  peer_BL=['6']  my_BL=['6']
[08:58:36] HOP bucket=41493 L6 active=wlan1 ch7  | prep wlan0 ch8  | BL=['6']
[TX  ->  *] bucket=41493 L6 active=wlan1 ch7  BL=['6']
[!! JAMMED  ] bucket=41493 L6 active=wlan1 ch7  silent + egress_drops=38  -> BL until bucket=41523  BL=['6', '7']
[08:58:38] HOP bucket=41494 L6 active=wlan0 ch8  | prep wlan1 ch8  | BL=['6', '7']
[TX  ->  *] bucket=41494 L6 active=wlan0 ch8  BL=['6', '7']
[?? SOFT    ] bucket=41494 L6 active=wlan0 ch8  silent across 35 frames but egress_drops=0  (no tc evidence)
[08:58:40] HOP bucket=41495 L6 active=wlan1 ch8  | prep wlan0 ch3  | BL=['6', '7']
[TX  ->  *] bucket=41495 L6 active=wlan1 ch8  BL=['6', '7']
[?? SOFT    ] bucket=41495 L6 active=wlan1 ch8  silent across 35 frames but egress_drops=0  (no tc evidence)
[08:58:42] HOP bucket=41496 L6 active=wlan0 ch3  | prep wlan1 ch4  | BL=['6', '7']
[TX  ->  *] bucket=41496 L6 active=wlan0 ch3  BL=['6', '7']
[RX  <- B] bucket=41496  peer_BL=['6', '7', '8']  my_BL=['6', '7', '8']
[<= MERGED  ] ch8 from peer's confirmed -> expires bucket=886262389
[08:58:44] HOP bucket=41497 L6 active=wlan1 ch4  | prep wlan0 ch10  | BL=['6', '7', '8']
[RX  <- B] bucket=41497  peer_BL=['6', '7', '8']  my_BL=['6', '7', '8']
[TX  ->  *] bucket=41497 L6 active=wlan1 ch4  BL=['6', '7', '8']
[08:58:46] HOP bucket=41498 L6 active=wlan0 ch10  | prep wlan1 ch3  | BL=['6', '7', '8']
[TX  ->  *] bucket=41498 L6 active=wlan0 ch10  BL=['6', '7', '8']
[RX  <- B] bucket=41498  peer_BL=['6', '7', '8']  my_BL=['6', '7', '8']
[08:58:48] HOP bucket=41499 L6 active=wlan1 ch3  | prep wlan0 ch4  | BL=['6', '7', '8']
[TX  ->  *] bucket=41499 L6 active=wlan1 ch3  BL=['6', '7', '8']
[RX  <- B] bucket=41499  peer_BL=['6', '7', '8']  my_BL=['6', '7', '8']
[08:58:50] HOP bucket=41500 L6 active=wlan0 ch4  | prep wlan1 ch5  | BL=['6', '7', '8']
[RX  <- B] bucket=41500  peer_BL=['6', '7', '8']  my_BL=['6', '7', '8']
[TX  ->  *] bucket=41500 L6 active=wlan0 ch4  BL=['6', '7', '8']
[08:58:52] HOP bucket=41501 L6 active=wlan1 ch5  | prep wlan0 ch5  | BL=['6', '7', '8']
[TX  ->  *] bucket=41501 L6 active=wlan1 ch5  BL=['6', '7', '8']
[RX  <- B] bucket=41501  peer_BL=['6', '7', '8']  my_BL=['6', '7', '8']
[08:58:54] HOP bucket=41502 L6 active=wlan0 ch5  | prep wlan1 ch9  | BL=['6', '7', '8']
[TX  ->  *] bucket=41502 L6 active=wlan0 ch5  BL=['6', '7', '8']
[RX  <- B] bucket=41502  peer_BL=['6', '7', '8']  my_BL=['6', '7', '8']
[08:58:56] HOP bucket=41503 L6 active=wlan1 ch9  | prep wlan0 ch11  | BL=['6', '7', '8']
[RX  <- B] bucket=41503  peer_BL=['6', '7', '8']  my_BL=['6', '7', '8']
[TX  ->  *] bucket=41503 L6 active=wlan1 ch9  BL=['6', '7', '8']
[08:58:58] HOP bucket=41504 L6 active=wlan0 ch11  | prep wlan1 ch9  | BL=['6', '7', '8']
[RX  <- B] bucket=41504  peer_BL=['6', '7', '8']  my_BL=['6', '7', '8']
[TX  ->  *] bucket=41504 L6 active=wlan0 ch11  BL=['6', '7', '8']
[08:59:00] HOP bucket=41505 L6 active=wlan1 ch9  | prep wlan0 ch9  | BL=['6', '7', '8']
[TX  ->  *] bucket=41505 L6 active=wlan1 ch9  BL=['6', '7', '8']
[RX  <- B] bucket=41505  peer_BL=['6', '7', '8']  my_BL=['6', '7', '8']
[08:59:02] HOP bucket=41506 L6 active=wlan0 ch9  | prep wlan1 ch9  | BL=['6', '7', '8']
[TX  ->  *] bucket=41506 L6 active=wlan0 ch9  BL=['6', '7', '8']
[RX  <- B] bucket=41506  peer_BL=['6', '7', '8']  my_BL=['6', '7', '8']
[08:59:04] HOP bucket=41507 L6 active=wlan1 ch9  | prep wlan0 ch4  | BL=['6', '7', '8']
[TX  ->  *] bucket=41507 L6 active=wlan1 ch9  BL=['6', '7', '8']
[RX  <- B] bucket=41507  peer_BL=['6', '7', '8']  my_BL=['6', '7', '8']
[08:59:06] HOP bucket=41508 L6 active=wlan0 ch4  | prep wlan1 ch4  | BL=['6', '7', '8']
[TX  ->  *] bucket=41508 L6 active=wlan0 ch4  BL=['6', '7', '8']
[RX  <- B] bucket=41508  peer_BL=['6', '7', '8']  my_BL=['6', '7', '8']
[08:59:08] HOP bucket=41509 L6 active=wlan1 ch4  | prep wlan0 ch11  | BL=['6', '7', '8']
[RX  <- B] bucket=41509  peer_BL=['6', '7', '8']  my_BL=['6', '7', '8']
[TX  ->  *] bucket=41509 L6 active=wlan1 ch4  BL=['6', '7', '8']
[08:59:10] HOP bucket=41510 L6 active=wlan0 ch11  | prep wlan1 ch9  | BL=['6', '7', '8']
[RX  <- B] bucket=41510  peer_BL=['6', '7', '8']  my_BL=['6', '7', '8']
[TX  ->  *] bucket=41510 L6 active=wlan0 ch11  BL=['6', '7', '8']
[08:59:12] HOP bucket=41511 L6 active=wlan1 ch9  | prep wlan0 ch9  | BL=['6', '7', '8']
[RX  <- B] bucket=41511  peer_BL=['6', '7', '8']  my_BL=['6', '7', '8']
[TX  ->  *] bucket=41511 L6 active=wlan1 ch9  BL=['6', '7', '8']
[08:59:14] HOP bucket=41512 L6 active=wlan0 ch9  | prep wlan1 ch5  | BL=['6', '7', '8']
[TX  ->  *] bucket=41512 L6 active=wlan0 ch9  BL=['6', '7', '8']
[RX  <- B] bucket=41512  peer_BL=['6', '7', '8']  my_BL=['6', '7', '8']
[08:59:16] HOP bucket=41513 L6 active=wlan1 ch5  | prep wlan0 ch11  | BL=['7', '8']
[TX  ->  *] bucket=41513 L6 active=wlan1 ch5  BL=['7', '8']
[RX  <- B] bucket=41513  peer_BL=['7', '8']  my_BL=['7', '8']
[08:59:18] HOP bucket=41514 L6 active=wlan0 ch11  | prep wlan1 ch3  | BL=['7', '8']
[TX  ->  *] bucket=41514 L6 active=wlan0 ch11  BL=['7', '8']
[RX  <- B] bucket=41514  peer_BL=['7', '8']  my_BL=['7', '8']
[08:59:20] HOP bucket=41515 L6 active=wlan1 ch3  | prep wlan0 ch10  | BL=['7', '8']
[TX  ->  *] bucket=41515 L6 active=wlan1 ch3  BL=['7', '8']
[RX  <- B] bucket=41515  peer_BL=['7', '8']  my_BL=['7', '8']
[08:59:22] HOP bucket=41516 L6 active=wlan0 ch10  | prep wlan1 ch10  | BL=['7', '8']
[RX  <- B] bucket=41516  peer_BL=['7', '8']  my_BL=['7', '8']
[TX  ->  *] bucket=41516 L6 active=wlan0 ch10  BL=['7', '8']
[08:59:24] HOP bucket=41517 L6 active=wlan1 ch10  | prep wlan0 ch4  | BL=['7', '8']
[RX  <- B] bucket=41517  peer_BL=['7', '8']  my_BL=['7', '8']
[TX  ->  *] bucket=41517 L6 active=wlan1 ch10  BL=['7', '8']
[08:59:26] HOP bucket=41518 L6 active=wlan0 ch4  | prep wlan1 ch9  | BL=['7', '8']
[RX  <- B] bucket=41518  peer_BL=['7', '8']  my_BL=['7', '8']
[TX  ->  *] bucket=41518 L6 active=wlan0 ch4  BL=['7', '8']
[08:59:28] HOP bucket=41519 L6 active=wlan1 ch9  | prep wlan0 ch4  | BL=['7', '8']
[RX  <- B] bucket=41519  peer_BL=['7', '8']  my_BL=['7', '8']
[TX  ->  *] bucket=41519 L6 active=wlan1 ch9  BL=['7', '8']
[08:59:30] HOP bucket=41520 L6 active=wlan0 ch4  | prep wlan1 ch9  | BL=['7', '8']
[RX  <- B] bucket=41520  peer_BL=['7', '8']  my_BL=['7', '8']
[TX  ->  *] bucket=41520 L6 active=wlan0 ch4  BL=['7', '8']
[08:59:32] HOP bucket=41521 L6 active=wlan1 ch9  | prep wlan0 ch5  | BL=['7', '8']
[TX  ->  *] bucket=41521 L6 active=wlan1 ch9  BL=['7', '8']
[RX  <- B] bucket=41521  peer_BL=['7', '8']  my_BL=['7', '8']
[08:59:34] HOP bucket=41522 L6 active=wlan0 ch5  | prep wlan1 ch6  | BL=['7', '8']
[TX  ->  *] bucket=41522 L6 active=wlan0 ch5  BL=['7', '8']
[RX  <- B] bucket=41522  peer_BL=['7', '8']  my_BL=['7', '8']
[08:59:36] HOP bucket=41523 L6 active=wlan1 ch6  | prep wlan0 ch9  | BL=['8']
[TX  ->  *] bucket=41523 L6 active=wlan1 ch6  BL=['8']
[!! JAMMED  ] bucket=41523 L6 active=wlan1 ch6  silent + egress_drops=38  -> BL until bucket=41553  BL=['6', '8']
[08:59:38] HOP bucket=41524 L6 active=wlan0 ch9  (LAG: totp_says=ch8, physical=ch9)  | prep wlan1 ch9  | BL=['6']
[TX  ->  *] bucket=41524 L6 active=wlan0 ch9  BL=['6']
[RX  <- B] bucket=41524  peer_BL=['6']  my_BL=['6']
[08:59:40] HOP bucket=41525 L6 active=wlan1 ch9  | prep wlan0 ch11  | BL=['6']
[RX  <- B] bucket=41525  peer_BL=['6']  my_BL=['6']
[TX  ->  *] bucket=41525 L6 active=wlan1 ch9  BL=['6']
[08:59:42] HOP bucket=41526 L6 active=wlan0 ch11  | prep wlan1 ch9  | BL=['6']
[TX  ->  *] bucket=41526 L6 active=wlan0 ch11  BL=['6']
[RX  <- B] bucket=41526  peer_BL=['6']  my_BL=['6']
[08:59:44] HOP bucket=41527 L6 active=wlan1 ch9  | prep wlan0 ch3  | BL=['6']
[RX  <- B] bucket=41527  peer_BL=['6']  my_BL=['6']
[TX  ->  *] bucket=41527 L6 active=wlan1 ch9  BL=['6']
[08:59:46] HOP bucket=41528 L6 active=wlan0 ch3  | prep wlan1 ch10  | BL=['6']
[TX  ->  *] bucket=41528 L6 active=wlan0 ch3  BL=['6']
[RX  <- B] bucket=41528  peer_BL=['6']  my_BL=['6']
[08:59:48] HOP bucket=41529 L6 active=wlan1 ch10  | prep wlan0 ch7  | BL=['6']
[TX  ->  *] bucket=41529 L6 active=wlan1 ch10  BL=['6']
[RX  <- B] bucket=41529  peer_BL=['6']  my_BL=['6']
[08:59:50] HOP bucket=41530 L6 active=wlan0 ch7  | prep wlan1 ch3  | BL=['6']
[RX  <- B] bucket=41530  peer_BL=['6']  my_BL=['6']
[TX  ->  *] bucket=41530 L6 active=wlan0 ch7  BL=['6']
[08:59:52] HOP bucket=41531 L6 active=wlan1 ch3  | prep wlan0 ch10  | BL=['6']
[TX  ->  *] bucket=41531 L6 active=wlan1 ch3  BL=['6']
[RX  <- B] bucket=41531  peer_BL=['6']  my_BL=['6']
[08:59:54] HOP bucket=41532 L6 active=wlan0 ch10  | prep wlan1 ch10  | BL=['6']
[RX  <- B] bucket=41532  peer_BL=['6']  my_BL=['6']
[TX  ->  *] bucket=41532 L6 active=wlan0 ch10  BL=['6']
[08:59:56] HOP bucket=41533 L6 active=wlan1 ch10  | prep wlan0 ch5  | BL=['6']
[TX  ->  *] bucket=41533 L6 active=wlan1 ch10  BL=['6']
[RX  <- B] bucket=41533  peer_BL=['6']  my_BL=['6']
[08:59:58] HOP bucket=41534 L6 active=wlan0 ch5  | prep wlan1 ch5  | BL=['6']
[TX  ->  *] bucket=41534 L6 active=wlan0 ch5  BL=['6']
[RX  <- B] bucket=41534  peer_BL=['6']  my_BL=['6']
[09:00:00] HOP bucket=41535 L6 active=wlan1 ch5  | prep wlan0 ch7  | BL=['6']
[TX  ->  *] bucket=41535 L6 active=wlan1 ch5  BL=['6']
[RX  <- B] bucket=41535  peer_BL=['6']  my_BL=['6']
[09:00:02] HOP bucket=41536 L6 active=wlan0 ch7  | prep wlan1 ch7  | BL=['6']
[TX  ->  *] bucket=41536 L6 active=wlan0 ch7  BL=['6']
[RX  <- B] bucket=41536  peer_BL=['6']  my_BL=['6']
[09:00:04] HOP bucket=41537 L6 active=wlan1 ch7  | prep wlan0 ch11  | BL=['6']
[TX  ->  *] bucket=41537 L6 active=wlan1 ch7  BL=['6']
[RX  <- B] bucket=41537  peer_BL=['6']  my_BL=['6']
[09:00:06] HOP bucket=41538 L6 active=wlan0 ch11  | prep wlan1 ch9  | BL=['6']
[RX  <- B] bucket=41538  peer_BL=['6']  my_BL=['6']
[TX  ->  *] bucket=41538 L6 active=wlan0 ch11  BL=['6']
[09:00:08] HOP bucket=41539 L6 active=wlan1 ch9  | prep wlan0 ch8  | BL=['6']
[TX  ->  *] bucket=41539 L6 active=wlan1 ch9  BL=['6']
[RX  <- B] bucket=41539  peer_BL=['6']  my_BL=['6']
[09:00:10] HOP bucket=41540 L6 active=wlan0 ch8  | prep wlan1 ch11  | BL=['6']
[RX  <- B] bucket=41540  peer_BL=['6']  my_BL=['6']
[TX  ->  *] bucket=41540 L6 active=wlan0 ch8  BL=['6']
[09:00:12] HOP bucket=41541 L6 active=wlan1 ch11  | prep wlan0 ch9  | BL=['6']
[TX  ->  *] bucket=41541 L6 active=wlan1 ch11  BL=['6']
[RX  <- B] bucket=41541  peer_BL=['6']  my_BL=['6']
[09:00:14] HOP bucket=41542 L6 active=wlan0 ch9  | prep wlan1 ch4  | BL=['6']
[TX  ->  *] bucket=41542 L6 active=wlan0 ch9  BL=['6']
[RX  <- B] bucket=41542  peer_BL=['6']  my_BL=['6']
[09:00:16] HOP bucket=41543 L6 active=wlan1 ch4  | prep wlan0 ch9  | BL=['6']
[RX  <- B] bucket=41543  peer_BL=['6']  my_BL=['6']
[TX  ->  *] bucket=41543 L6 active=wlan1 ch4  BL=['6']
[09:00:18] HOP bucket=41544 L6 active=wlan0 ch9  | prep wlan1 ch11  | BL=['6']
[TX  ->  *] bucket=41544 L6 active=wlan0 ch9  BL=['6']
[RX  <- B] bucket=41544  peer_BL=['6']  my_BL=['6']
[09:00:20] HOP bucket=41545 L6 active=wlan1 ch11  | prep wlan0 ch11  | BL=['6']
[RX  <- B] bucket=41545  peer_BL=['6']  my_BL=['6']
[TX  ->  *] bucket=41545 L6 active=wlan1 ch11  BL=['6']
[09:00:22] HOP bucket=41546 L6 active=wlan0 ch11  | prep wlan1 ch5  | BL=['6']
[RX  <- B] bucket=41546  peer_BL=['6']  my_BL=['6']
[TX  ->  *] bucket=41546 L6 active=wlan0 ch11  BL=['6']
[09:00:24] HOP bucket=41547 L6 active=wlan1 ch5  | prep wlan0 ch8  | BL=['6']
[TX  ->  *] bucket=41547 L6 active=wlan1 ch5  BL=['6']
[RX  <- B] bucket=41547  peer_BL=['6']  my_BL=['6']
[09:00:26] HOP bucket=41548 L6 active=wlan0 ch8  | prep wlan1 ch8  | BL=['6']
[TX  ->  *] bucket=41548 L6 active=wlan0 ch8  BL=['6']
[RX  <- B] bucket=41548  peer_BL=['6']  my_BL=['6']
[09:00:28] HOP bucket=41549 L6 active=wlan1 ch8  | prep wlan0 ch7  | BL=['6']
[TX  ->  *] bucket=41549 L6 active=wlan1 ch8  BL=['6']
[RX  <- B] bucket=41549  peer_BL=['6']  my_BL=['6']
[09:00:30] HOP bucket=41550 L6 active=wlan0 ch7  | prep wlan1 ch7  | BL=['6']
[TX  ->  *] bucket=41550 L6 active=wlan0 ch7  BL=['6']
[?? SOFT    ] bucket=41550 L6 active=wlan0 ch7  silent across 35 frames but egress_drops=0  (no tc evidence)
[09:00:32] HOP bucket=41551 L6 active=wlan1 ch7  | prep wlan0 ch7  | BL=['6']
[TX  ->  *] bucket=41551 L6 active=wlan1 ch7  BL=['6']
[?? SOFT    ] bucket=41551 L6 active=wlan1 ch7  silent across 35 frames but egress_drops=0  (no tc evidence)
[09:00:34] HOP bucket=41552 L6 active=wlan0 ch7  | prep wlan1 ch3  | BL=['6']
[TX  ->  *] bucket=41552 L6 active=wlan0 ch7  BL=['6']
[?? SOFT    ] bucket=41552 L6 active=wlan0 ch7  silent across 35 frames but egress_drops=0  (no tc evidence)
[09:00:36] HOP bucket=41553 L6 active=wlan1 ch3  | prep wlan0 ch10  | BL=[]
[TX  ->  *] bucket=41553 L6 active=wlan1 ch3  BL=[]
[RX  <- B] bucket=41553  peer_BL=['7']  my_BL=['7']
[<= MERGED  ] ch7 from peer's confirmed -> expires bucket=886262445
[09:00:38] HOP bucket=41554 L6 active=wlan0 ch10  | prep wlan1 ch8  | BL=['7']
[TX  ->  *] bucket=41554 L6 active=wlan0 ch10  BL=['7']
[RX  <- B] bucket=41554  peer_BL=['7']  my_BL=['7']
[09:00:40] HOP bucket=41555 L6 active=wlan1 ch8  | prep wlan0 ch4  | BL=['7']
[TX  ->  *] bucket=41555 L6 active=wlan1 ch8  BL=['7']
[RX  <- B] bucket=41555  peer_BL=['7']  my_BL=['7']
[09:00:42] HOP bucket=41556 L6 active=wlan0 ch4  | prep wlan1 ch10  | BL=['7']
[RX  <- B] bucket=41556  peer_BL=['7']  my_BL=['7']
[TX  ->  *] bucket=41556 L6 active=wlan0 ch4  BL=['7']
[09:00:44] HOP bucket=41557 L6 active=wlan1 ch10  | prep wlan0 ch9  | BL=['7']
[RX  <- B] bucket=41557  peer_BL=['7']  my_BL=['7']
[TX  ->  *] bucket=41557 L6 active=wlan1 ch10  BL=['7']
[09:00:46] HOP bucket=41558 L6 active=wlan0 ch9  | prep wlan1 ch8  | BL=['7']
[RX  <- B] bucket=41558  peer_BL=['7']  my_BL=['7']
[TX  ->  *] bucket=41558 L6 active=wlan0 ch9  BL=['7']
[09:00:48] HOP bucket=41559 L6 active=wlan1 ch8  | prep wlan0 ch10  | BL=['7']
[TX  ->  *] bucket=41559 L6 active=wlan1 ch8  BL=['7']
[RX  <- B] bucket=41559  peer_BL=['7']  my_BL=['7']
[09:00:50] HOP bucket=41560 L6 active=wlan0 ch10  | prep wlan1 ch8  | BL=['7']
[TX  ->  *] bucket=41560 L6 active=wlan0 ch10  BL=['7']
[RX  <- B] bucket=41560  peer_BL=['7']  my_BL=['7']
[09:00:52] HOP bucket=41561 L6 active=wlan1 ch8  | prep wlan0 ch8  | BL=['7']
[RX  <- B] bucket=41561  peer_BL=['7']  my_BL=['7']
[TX  ->  *] bucket=41561 L6 active=wlan1 ch8  BL=['7']
[09:00:54] HOP bucket=41562 L6 active=wlan0 ch8  | prep wlan1 ch9  | BL=['7']
[RX  <- B] bucket=41562  peer_BL=['7']  my_BL=['7']
[TX  ->  *] bucket=41562 L6 active=wlan0 ch8  BL=['7']
[09:00:56] HOP bucket=41563 L6 active=wlan1 ch9  | prep wlan0 ch6  | BL=['7']
[TX  ->  *] bucket=41563 L6 active=wlan1 ch9  BL=['7']
[RX  <- B] bucket=41563  peer_BL=['7']  my_BL=['7']
[09:00:58] HOP bucket=41564 L6 active=wlan0 ch6  | prep wlan1 ch9  | BL=['7']
[TX  ->  *] bucket=41564 L6 active=wlan0 ch6  BL=['7']
[RX  <- B] bucket=41564  peer_BL=['7']  my_BL=['7']
[09:01:00] HOP bucket=41565 L6 active=wlan1 ch9  | prep wlan0 ch8  | BL=['7']
[RX  <- B] bucket=41565  peer_BL=['7']  my_BL=['7']
[TX  ->  *] bucket=41565 L6 active=wlan1 ch9  BL=['7']
[09:01:02] HOP bucket=41566 L6 active=wlan0 ch8  | prep wlan1 ch6  | BL=['7']
[TX  ->  *] bucket=41566 L6 active=wlan0 ch8  BL=['7']
[RX  <- B] bucket=41566  peer_BL=['7']  my_BL=['7']
[09:01:04] HOP bucket=41567 L6 active=wlan1 ch6  | prep wlan0 ch4  | BL=['7']
[TX  ->  *] bucket=41567 L6 active=wlan1 ch6  BL=['7']
[RX  <- B] bucket=41567  peer_BL=['7']  my_BL=['7']
[09:01:06] HOP bucket=41568 L6 active=wlan0 ch4  | prep wlan1 ch11  | BL=['7']
[RX  <- B] bucket=41568  peer_BL=['7']  my_BL=['7']
[TX  ->  *] bucket=41568 L6 active=wlan0 ch4  BL=['7']
[09:01:08] HOP bucket=41569 L6 active=wlan1 ch11  | prep wlan0 ch8  | BL=['7']
[TX  ->  *] bucket=41569 L6 active=wlan1 ch11  BL=['7']
[RX  <- B] bucket=41569  peer_BL=['7']  my_BL=['7']
[09:01:10] HOP bucket=41570 L6 active=wlan0 ch8  | prep wlan1 ch4  | BL=['7']
[RX  <- B] bucket=41570  peer_BL=['7']  my_BL=['7']
[TX  ->  *] bucket=41570 L6 active=wlan0 ch8  BL=['7']
[09:01:12] HOP bucket=41571 L6 active=wlan1 ch4  | prep wlan0 ch3  | BL=['7']
[TX  ->  *] bucket=41571 L6 active=wlan1 ch4  BL=['7']
[RX  <- B] bucket=41571  peer_BL=['7']  my_BL=['7']
[09:01:14] HOP bucket=41572 L6 active=wlan0 ch3  | prep wlan1 ch11  | BL=['7']
[RX  <- B] bucket=41572  peer_BL=['7']  my_BL=['7']
[TX  ->  *] bucket=41572 L6 active=wlan0 ch3  BL=['7']
[09:01:16] HOP bucket=41573 L6 active=wlan1 ch11  | prep wlan0 ch4  | BL=['7']
[TX  ->  *] bucket=41573 L6 active=wlan1 ch11  BL=['7']
[RX  <- B] bucket=41573  peer_BL=['7']  my_BL=['7']
[09:01:18] HOP bucket=41574 L6 active=wlan0 ch4  | prep wlan1 ch11  | BL=['7']
[RX  <- B] bucket=41574  peer_BL=['7']  my_BL=['7']
[TX  ->  *] bucket=41574 L6 active=wlan0 ch4  BL=['7']
[09:01:20] HOP bucket=41575 L6 active=wlan1 ch11  | prep wlan0 ch8  | BL=['7']
[RX  <- B] bucket=41575  peer_BL=['7']  my_BL=['7']
[TX  ->  *] bucket=41575 L6 active=wlan1 ch11  BL=['7']
[09:01:22] HOP bucket=41576 L6 active=wlan0 ch8  | prep wlan1 ch8  | BL=['7']
[RX  <- B] bucket=41576  peer_BL=['7']  my_BL=['7']
[TX  ->  *] bucket=41576 L6 active=wlan0 ch8  BL=['7']
[09:01:24] HOP bucket=41577 L6 active=wlan1 ch8  | prep wlan0 ch11  | BL=['7']
[TX  ->  *] bucket=41577 L6 active=wlan1 ch8  BL=['7']
[RX  <- B] bucket=41577  peer_BL=['7']  my_BL=['7']
[09:01:26] HOP bucket=41578 L6 active=wlan0 ch11  | prep wlan1 ch4  | BL=['7']
[RX  <- B] bucket=41578  peer_BL=['7']  my_BL=['7']
[TX  ->  *] bucket=41578 L6 active=wlan0 ch11  BL=['7']
[09:01:28] HOP bucket=41579 L6 active=wlan1 ch4  | prep wlan0 ch6  | BL=['7']
[TX  ->  *] bucket=41579 L6 active=wlan1 ch4  BL=['7']
[RX  <- B] bucket=41579  peer_BL=['7']  my_BL=['7']
[09:01:30] HOP bucket=41580 L6 active=wlan0 ch6  | prep wlan1 ch10  | BL=[]
[TX  ->  *] bucket=41580 L6 active=wlan0 ch6  BL=[]
[RX  <- B] bucket=41580  peer_BL=[]  my_BL=[]
[09:01:32] HOP bucket=41581 L6 active=wlan1 ch10  | prep wlan0 ch7  | BL=[]
[TX  ->  *] bucket=41581 L6 active=wlan1 ch10  BL=[]
[RX  <- B] bucket=41581  peer_BL=[]  my_BL=[]
[09:01:34] HOP bucket=41582 L6 active=wlan0 ch7  | prep wlan1 ch4  | BL=[]
[TX  ->  *] bucket=41582 L6 active=wlan0 ch7  BL=[]
[!! JAMMED  ] bucket=41582 L6 active=wlan0 ch7  silent + egress_drops=39  -> BL until bucket=41612  BL=['7']
[09:01:36] HOP bucket=41583 L6 active=wlan1 ch4  | prep wlan0 ch5  | BL=['7']
[TX  ->  *] bucket=41583 L6 active=wlan1 ch4  BL=['7']
[RX  <- B] bucket=41583  peer_BL=['7']  my_BL=['7']
[09:01:38] HOP bucket=41584 L6 active=wlan0 ch5  | prep wlan1 ch6  | BL=['7']
[TX  ->  *] bucket=41584 L6 active=wlan0 ch5  BL=['7']
[RX  <- B] bucket=41584  peer_BL=['7']  my_BL=['7']
[09:01:40] HOP bucket=41585 L6 active=wlan1 ch6  | prep wlan0 ch10  | BL=['7']
[TX  ->  *] bucket=41585 L6 active=wlan1 ch6  BL=['7']
[RX  <- B] bucket=41585  peer_BL=['7']  my_BL=['7']
[09:01:42] HOP bucket=41586 L6 active=wlan0 ch10  | prep wlan1 ch10  | BL=['7']
[RX  <- B] bucket=41586  peer_BL=['7']  my_BL=['7']
[TX  ->  *] bucket=41586 L6 active=wlan0 ch10  BL=['7']
[09:01:44] HOP bucket=41587 L6 active=wlan1 ch10  | prep wlan0 ch9  | BL=['7']
[TX  ->  *] bucket=41587 L6 active=wlan1 ch10  BL=['7']
[RX  <- B] bucket=41587  peer_BL=['7']  my_BL=['7']
[09:01:46] HOP bucket=41588 L6 active=wlan0 ch9  | prep wlan1 ch9  | BL=['7']
[RX  <- B] bucket=41588  peer_BL=['7']  my_BL=['7']
[TX  ->  *] bucket=41588 L6 active=wlan0 ch9  BL=['7']
[09:01:48] HOP bucket=41589 L6 active=wlan1 ch9  | prep wlan0 ch8  | BL=['7']
[TX  ->  *] bucket=41589 L6 active=wlan1 ch9  BL=['7']
[RX  <- B] bucket=41589  peer_BL=['7']  my_BL=['7']
[09:01:50] HOP bucket=41590 L6 active=wlan0 ch8  | prep wlan1 ch5  | BL=['7']
[TX  ->  *] bucket=41590 L6 active=wlan0 ch8  BL=['7']
[RX  <- B] bucket=41590  peer_BL=['7']  my_BL=['7']
[09:01:52] HOP bucket=41591 L6 active=wlan1 ch5  | prep wlan0 ch5  | BL=['7']
[TX  ->  *] bucket=41591 L6 active=wlan1 ch5  BL=['7']
[RX  <- B] bucket=41591  peer_BL=['7']  my_BL=['7']
[09:01:54] HOP bucket=41592 L6 active=wlan0 ch5  | prep wlan1 ch10  | BL=['7']
[TX  ->  *] bucket=41592 L6 active=wlan0 ch5  BL=['7']
[RX  <- B] bucket=41592  peer_BL=['7']  my_BL=['7']
[09:01:56] HOP bucket=41593 L6 active=wlan1 ch10  | prep wlan0 ch8  | BL=['7']
[TX  ->  *] bucket=41593 L6 active=wlan1 ch10  BL=['7']
[RX  <- B] bucket=41593  peer_BL=['7']  my_BL=['7']
[09:01:58] HOP bucket=41594 L6 active=wlan0 ch8  | prep wlan1 ch10  | BL=['7']
[TX  ->  *] bucket=41594 L6 active=wlan0 ch8  BL=['7']
[RX  <- B] bucket=41594  peer_BL=['7']  my_BL=['7']
[09:02:00] HOP bucket=41595 L6 active=wlan1 ch10  | prep wlan0 ch11  | BL=['7']
[TX  ->  *] bucket=41595 L6 active=wlan1 ch10  BL=['7']
[RX  <- B] bucket=41595  peer_BL=['7']  my_BL=['7']
[09:02:02] HOP bucket=41596 L6 active=wlan0 ch11  | prep wlan1 ch8  | BL=['7']
[TX  ->  *] bucket=41596 L6 active=wlan0 ch11  BL=['7']
[RX  <- B] bucket=41596  peer_BL=['7']  my_BL=['7']
[09:02:04] HOP bucket=41597 L6 active=wlan1 ch8  | prep wlan0 ch4  | BL=['7']
[TX  ->  *] bucket=41597 L6 active=wlan1 ch8  BL=['7']
[RX  <- B] bucket=41597  peer_BL=['7']  my_BL=['7']
[09:02:06] HOP bucket=41598 L6 active=wlan0 ch4  | prep wlan1 ch6  | BL=['7']
[TX  ->  *] bucket=41598 L6 active=wlan0 ch4  BL=['7']
[RX  <- B] bucket=41598  peer_BL=['7']  my_BL=['7']
[09:02:08] HOP bucket=41599 L6 active=wlan1 ch6  | prep wlan0 ch8  | BL=['7']
[TX  ->  *] bucket=41599 L6 active=wlan1 ch6  BL=['7']
[RX  <- B] bucket=41599  peer_BL=['7']  my_BL=['7']
[09:02:10] HOP bucket=41600 L6 active=wlan0 ch8  | prep wlan1 ch10  | BL=['7']
[RX  <- B] bucket=41600  peer_BL=['7']  my_BL=['7']
[TX  ->  *] bucket=41600 L6 active=wlan0 ch8  BL=['7']
[09:02:12] HOP bucket=41601 L6 active=wlan1 ch10  | prep wlan0 ch6  | BL=['7']
[TX  ->  *] bucket=41601 L6 active=wlan1 ch10  BL=['7']
[RX  <- B] bucket=41601  peer_BL=['7']  my_BL=['7']
[09:02:14] HOP bucket=41602 L6 active=wlan0 ch6  | prep wlan1 ch11  | BL=['7']
[TX  ->  *] bucket=41602 L6 active=wlan0 ch6  BL=['7']
[RX  <- B] bucket=41602  peer_BL=['7']  my_BL=['7']
[09:02:16] HOP bucket=41603 L6 active=wlan1 ch11  | prep wlan0 ch10  | BL=['7']
[TX  ->  *] bucket=41603 L6 active=wlan1 ch11  BL=['7']
[RX  <- B] bucket=41603  peer_BL=['7']  my_BL=['7']
[09:02:18] HOP bucket=41604 L6 active=wlan0 ch10  | prep wlan1 ch9  | BL=['7']
[RX  <- B] bucket=41604  peer_BL=['7']  my_BL=['7']
[TX  ->  *] bucket=41604 L6 active=wlan0 ch10  BL=['7']
[09:02:20] HOP bucket=41605 L6 active=wlan1 ch9  | prep wlan0 ch3  | BL=['7']
[TX  ->  *] bucket=41605 L6 active=wlan1 ch9  BL=['7']
[RX  <- B] bucket=41605  peer_BL=['7']  my_BL=['7']
[09:02:22] HOP bucket=41606 L6 active=wlan0 ch3  | prep wlan1 ch6  | BL=['7']
[RX  <- B] bucket=41606  peer_BL=['7']  my_BL=['7']
[TX  ->  *] bucket=41606 L6 active=wlan0 ch3  BL=['7']
[09:02:24] HOP bucket=41607 L6 active=wlan1 ch6  | prep wlan0 ch4  | BL=['7']
[TX  ->  *] bucket=41607 L6 active=wlan1 ch6  BL=['7']
[RX  <- B] bucket=41607  peer_BL=['7']  my_BL=['7']
[09:02:26] HOP bucket=41608 L6 active=wlan0 ch4  | prep wlan1 ch4  | BL=['7']
[TX  ->  *] bucket=41608 L6 active=wlan0 ch4  BL=['7']
[RX  <- B] bucket=41608  peer_BL=['7']  my_BL=['7']
[09:02:28] HOP bucket=41609 L6 active=wlan1 ch4  | prep wlan0 ch8  | BL=['7']
[TX  ->  *] bucket=41609 L6 active=wlan1 ch4  BL=['7']
[RX  <- B] bucket=41609  peer_BL=['7']  my_BL=['7']
[09:02:30] HOP bucket=41610 L6 active=wlan0 ch8  | prep wlan1 ch9  | BL=['7']
[TX  ->  *] bucket=41610 L6 active=wlan0 ch8  BL=['7']
[!! JAMMED  ] bucket=41610 L6 active=wlan0 ch8  silent + egress_drops=37  -> BL until bucket=41640  BL=['7', '8']
[09:02:32] HOP bucket=41611 L6 active=wlan1 ch9  | prep wlan0 ch3  | BL=['7', '8']
[TX  ->  *] bucket=41611 L6 active=wlan1 ch9  BL=['7', '8']
[RX  <- B] bucket=41611  peer_BL=['7', '8']  my_BL=['7', '8']
[09:02:34] HOP bucket=41612 L6 active=wlan0 ch3  | prep wlan1 ch11  | BL=['8']
[TX  ->  *] bucket=41612 L6 active=wlan0 ch3  BL=['8']
[RX  <- B] bucket=41612  peer_BL=['8']  my_BL=['8']
[09:02:36] HOP bucket=41613 L6 active=wlan1 ch11  | prep wlan0 ch3  | BL=['8']
[TX  ->  *] bucket=41613 L6 active=wlan1 ch11  BL=['8']
[RX  <- B] bucket=41613  peer_BL=['8']  my_BL=['8']
[09:02:38] HOP bucket=41614 L6 active=wlan0 ch3  | prep wlan1 ch11  | BL=['8']
[RX  <- B] bucket=41614  peer_BL=['8']  my_BL=['8']
[TX  ->  *] bucket=41614 L6 active=wlan0 ch3  BL=['8']
[09:02:40] HOP bucket=41615 L6 active=wlan1 ch11  | prep wlan0 ch9  | BL=['8']
[RX  <- B] bucket=41615  peer_BL=['8']  my_BL=['8']
[TX  ->  *] bucket=41615 L6 active=wlan1 ch11  BL=['8']
[09:02:42] HOP bucket=41616 L6 active=wlan0 ch9  | prep wlan1 ch3  | BL=['8']
[RX  <- B] bucket=41616  peer_BL=['8']  my_BL=['8']
[TX  ->  *] bucket=41616 L6 active=wlan0 ch9  BL=['8']
[09:02:44] HOP bucket=41617 L6 active=wlan1 ch3  | prep wlan0 ch6  | BL=['8']
[TX  ->  *] bucket=41617 L6 active=wlan1 ch3  BL=['8']
[RX  <- B] bucket=41617  peer_BL=['8']  my_BL=['8']
[09:02:46] HOP bucket=41618 L6 active=wlan0 ch6  | prep wlan1 ch7  | BL=['8']
[TX  ->  *] bucket=41618 L6 active=wlan0 ch6  BL=['8']
[RX  <- B] bucket=41618  peer_BL=['8']  my_BL=['8']
[09:02:48] HOP bucket=41619 L6 active=wlan1 ch7  | prep wlan0 ch3  | BL=['8']
[TX  ->  *] bucket=41619 L6 active=wlan1 ch7  BL=['8']
[!! JAMMED  ] bucket=41619 L6 active=wlan1 ch7  silent + egress_drops=38  -> BL until bucket=41649  BL=['7', '8']
[09:02:50] HOP bucket=41620 L6 active=wlan0 ch3  | prep wlan1 ch9  | BL=['7', '8']
[TX  ->  *] bucket=41620 L6 active=wlan0 ch3  BL=['7', '8']
[RX  <- B] bucket=41620  peer_BL=['8', '7']  my_BL=['7', '8']
[09:02:52] HOP bucket=41621 L6 active=wlan1 ch9  | prep wlan0 ch10  | BL=['7', '8']
[TX  ->  *] bucket=41621 L6 active=wlan1 ch9  BL=['7', '8']
[RX  <- B] bucket=41621  peer_BL=['8', '7']  my_BL=['7', '8']
[09:02:54] HOP bucket=41622 L6 active=wlan0 ch10  | prep wlan1 ch3  | BL=['7', '8']
[TX  ->  *] bucket=41622 L6 active=wlan0 ch10  BL=['7', '8']
[RX  <- B] bucket=41622  peer_BL=['8', '7']  my_BL=['7', '8']
[09:02:56] HOP bucket=41623 L6 active=wlan1 ch3  | prep wlan0 ch11  | BL=['7', '8']
[TX  ->  *] bucket=41623 L6 active=wlan1 ch3  BL=['7', '8']
[RX  <- B] bucket=41623  peer_BL=['8', '7']  my_BL=['7', '8']
[09:02:58] HOP bucket=41624 L6 active=wlan0 ch11  | prep wlan1 ch6  | BL=['7', '8']
[RX  <- B] bucket=41624  peer_BL=['8', '7']  my_BL=['7', '8']
[TX  ->  *] bucket=41624 L6 active=wlan0 ch11  BL=['7', '8']
[09:03:00] HOP bucket=41625 L6 active=wlan1 ch6  | prep wlan0 ch3  | BL=['7', '8']
[TX  ->  *] bucket=41625 L6 active=wlan1 ch6  BL=['7', '8']
[RX  <- B] bucket=41625  peer_BL=['8', '7']  my_BL=['7', '8']
[09:03:02] HOP bucket=41626 L6 active=wlan0 ch3  | prep wlan1 ch3  | BL=['7', '8']
[RX  <- B] bucket=41626  peer_BL=['8', '7']  my_BL=['7', '8']
[TX  ->  *] bucket=41626 L6 active=wlan0 ch3  BL=['7', '8']
[09:03:04] HOP bucket=41627 L6 active=wlan1 ch3  | prep wlan0 ch11  | BL=['7', '8']
[TX  ->  *] bucket=41627 L6 active=wlan1 ch3  BL=['7', '8']
[RX  <- B] bucket=41627  peer_BL=['8', '7']  my_BL=['7', '8']
[09:03:06] HOP bucket=41628 L6 active=wlan0 ch11  | prep wlan1 ch10  | BL=['7', '8']
[TX  ->  *] bucket=41628 L6 active=wlan0 ch11  BL=['7', '8']
[RX  <- B] bucket=41628  peer_BL=['8', '7']  my_BL=['7', '8']
[09:03:08] HOP bucket=41629 L6 active=wlan1 ch10  | prep wlan0 ch11  | BL=['7', '8']
[TX  ->  *] bucket=41629 L6 active=wlan1 ch10  BL=['7', '8']
[RX  <- B] bucket=41629  peer_BL=['8', '7']  my_BL=['7', '8']
[09:03:10] HOP bucket=41630 L6 active=wlan0 ch11  | prep wlan1 ch11  | BL=['7', '8']
[RX  <- B] bucket=41630  peer_BL=['8', '7']  my_BL=['7', '8']
[TX  ->  *] bucket=41630 L6 active=wlan0 ch11  BL=['7', '8']
[09:03:12] HOP bucket=41631 L6 active=wlan1 ch11  | prep wlan0 ch11  | BL=['7', '8']
[TX  ->  *] bucket=41631 L6 active=wlan1 ch11  BL=['7', '8']
[RX  <- B] bucket=41631  peer_BL=['8', '7']  my_BL=['7', '8']
[09:03:14] HOP bucket=41632 L6 active=wlan0 ch11  | prep wlan1 ch3  | BL=['7', '8']
[TX  ->  *] bucket=41632 L6 active=wlan0 ch11  BL=['7', '8']
[RX  <- B] bucket=41632  peer_BL=['8', '7']  my_BL=['7', '8']
[09:03:16] HOP bucket=41633 L6 active=wlan1 ch3  | prep wlan0 ch9  | BL=['7', '8']
[TX  ->  *] bucket=41633 L6 active=wlan1 ch3  BL=['7', '8']
[RX  <- B] bucket=41633  peer_BL=['8', '7']  my_BL=['7', '8']
[09:03:18] HOP bucket=41634 L6 active=wlan0 ch9  | prep wlan1 ch4  | BL=['7', '8']
[RX  <- B] bucket=41634  peer_BL=['8', '7']  my_BL=['7', '8']
[TX  ->  *] bucket=41634 L6 active=wlan0 ch9  BL=['7', '8']
[09:03:20] HOP bucket=41635 L6 active=wlan1 ch4  | prep wlan0 ch11  | BL=['7', '8']
[TX  ->  *] bucket=41635 L6 active=wlan1 ch4  BL=['7', '8']
[RX  <- B] bucket=41635  peer_BL=['8', '7']  my_BL=['7', '8']
[09:03:22] HOP bucket=41636 L6 active=wlan0 ch11  | prep wlan1 ch10  | BL=['7', '8']
[TX  ->  *] bucket=41636 L6 active=wlan0 ch11  BL=['7', '8']
[RX  <- B] bucket=41636  peer_BL=['8', '7']  my_BL=['7', '8']
[09:03:24] HOP bucket=41637 L6 active=wlan1 ch10  | prep wlan0 ch6  | BL=['7', '8']
[RX  <- B] bucket=41637  peer_BL=['8', '7']  my_BL=['7', '8']
[TX  ->  *] bucket=41637 L6 active=wlan1 ch10  BL=['7', '8']
[09:03:26] HOP bucket=41638 L6 active=wlan0 ch6  | prep wlan1 ch10  | BL=['7', '8']
[RX  <- B] bucket=41638  peer_BL=['8', '7']  my_BL=['7', '8']
[TX  ->  *] bucket=41638 L6 active=wlan0 ch6  BL=['7', '8']
[09:03:28] HOP bucket=41639 L6 active=wlan1 ch10  | prep wlan0 ch9  | BL=['7', '8']
[TX  ->  *] bucket=41639 L6 active=wlan1 ch10  BL=['7', '8']
[RX  <- B] bucket=41639  peer_BL=['8', '7']  my_BL=['7', '8']
[09:03:30] HOP bucket=41640 L6 active=wlan0 ch9  (LAG: totp_says=ch8, physical=ch9)  | prep wlan1 ch8  | BL=['7']
[TX  ->  *] bucket=41640 L6 active=wlan0 ch9  BL=['7']
[?? SOFT    ] bucket=41640 L6 active=wlan0 ch9  silent across 35 frames but egress_drops=0  (no tc evidence)
[09:03:32] HOP bucket=41641 L6 active=wlan1 ch8  | prep wlan0 ch3  | BL=['7']
[TX  ->  *] bucket=41641 L6 active=wlan1 ch8  BL=['7']
[!! JAMMED  ] bucket=41641 L6 active=wlan1 ch8  silent + egress_drops=38  -> BL until bucket=41671  BL=['7', '8']
[09:03:34] HOP bucket=41642 L6 active=wlan0 ch3  | prep wlan1 ch9  | BL=['7', '8']
[TX  ->  *] bucket=41642 L6 active=wlan0 ch3  BL=['7', '8']
[RX  <- B] bucket=41642  peer_BL=['7', '9', '8']  my_BL=['7', '8', '9']
[<= MERGED  ] ch9 from peer's confirmed -> expires bucket=886262535
[09:03:36] HOP bucket=41643 L6 active=wlan1 ch9  (LAG: totp_says=ch10, physical=ch9)  | prep wlan0 ch10  | BL=['7', '8', '9']
[RX  <- B] bucket=41643  peer_BL=['7', '9', '8']  my_BL=['7', '8', '9']
[TX  ->  *] bucket=41643 L6 active=wlan1 ch9  BL=['7', '8', '9']
[09:03:38] HOP bucket=41644 L6 active=wlan0 ch10  | prep wlan1 ch4  | BL=['7', '8', '9']
[RX  <- B] bucket=41644  peer_BL=['7', '9', '8']  my_BL=['7', '8', '9']
[TX  ->  *] bucket=41644 L6 active=wlan0 ch10  BL=['7', '8', '9']
[09:03:40] HOP bucket=41645 L6 active=wlan1 ch4  | prep wlan0 ch10  | BL=['7', '8', '9']
[TX  ->  *] bucket=41645 L6 active=wlan1 ch4  BL=['7', '8', '9']
[RX  <- B] bucket=41645  peer_BL=['7', '9', '8']  my_BL=['7', '8', '9']
[09:03:42] HOP bucket=41646 L6 active=wlan0 ch10  | prep wlan1 ch6  | BL=['7', '8', '9']
[TX  ->  *] bucket=41646 L6 active=wlan0 ch10  BL=['7', '8', '9']
[RX  <- B] bucket=41646  peer_BL=['7', '9', '8']  my_BL=['7', '8', '9']
[09:03:44] HOP bucket=41647 L6 active=wlan1 ch6  | prep wlan0 ch10  | BL=['7', '8', '9']
[TX  ->  *] bucket=41647 L6 active=wlan1 ch6  BL=['7', '8', '9']
[?? SOFT    ] bucket=41647 L6 active=wlan1 ch6  silent across 35 frames but egress_drops=0  (no tc evidence)
[09:03:46] HOP bucket=41648 L6 active=wlan0 ch10  | prep wlan1 ch10  | BL=['7', '8', '9']
[TX  ->  *] bucket=41648 L6 active=wlan0 ch10  BL=['7', '8', '9']
[RX  <- B] bucket=41648  peer_BL=['7', '9', '8', '6']  my_BL=['6', '7', '8', '9']
[<= MERGED  ] ch6 from peer's confirmed -> expires bucket=886262542
[09:03:48] HOP bucket=41649 L6 active=wlan1 ch10  | prep wlan0 ch11  | BL=['6', '8', '9']
[TX  ->  *] bucket=41649 L6 active=wlan1 ch10  BL=['6', '8', '9']
[RX  <- B] bucket=41649  peer_BL=['9', '8', '6']  my_BL=['6', '8', '9']
[09:03:50] HOP bucket=41650 L6 active=wlan0 ch11  | prep wlan1 ch10  | BL=['6', '8', '9']
[TX  ->  *] bucket=41650 L6 active=wlan0 ch11  BL=['6', '8', '9']
[RX  <- B] bucket=41650  peer_BL=['9', '8', '6']  my_BL=['6', '8', '9']
[09:03:52] HOP bucket=41651 L6 active=wlan1 ch10  | prep wlan0 ch10  | BL=['6', '8', '9']
[RX  <- B] bucket=41651  peer_BL=['9', '8', '6']  my_BL=['6', '8', '9']
[TX  ->  *] bucket=41651 L6 active=wlan1 ch10  BL=['6', '8', '9']
[09:03:54] HOP bucket=41652 L6 active=wlan0 ch10  | prep wlan1 ch10  | BL=['6', '8', '9']
[RX  <- B] bucket=41652  peer_BL=['9', '8', '6']  my_BL=['6', '8', '9']
[TX  ->  *] bucket=41652 L6 active=wlan0 ch10  BL=['6', '8', '9']
[09:03:56] HOP bucket=41653 L6 active=wlan1 ch10  | prep wlan0 ch7  | BL=['6', '8', '9']
[TX  ->  *] bucket=41653 L6 active=wlan1 ch10  BL=['6', '8', '9']
[RX  <- B] bucket=41653  peer_BL=['9', '8', '6']  my_BL=['6', '8', '9']
[09:03:58] HOP bucket=41654 L6 active=wlan0 ch7  | prep wlan1 ch7  | BL=['6', '8', '9']
[TX  ->  *] bucket=41654 L6 active=wlan0 ch7  BL=['6', '8', '9']
[!! JAMMED  ] bucket=41654 L6 active=wlan0 ch7  silent + egress_drops=39  -> BL until bucket=41684  BL=['6', '7', '8', '9']
[09:04:00] HOP bucket=41655 L6 active=wlan1 ch7  (LAG: totp_says=ch10, physical=ch7)  | prep wlan0 ch5  | BL=['6', '7', '8', '9']
[TX  ->  *] bucket=41655 L6 active=wlan1 ch7  BL=['6', '7', '8', '9']
[09:04:02] HOP bucket=41656 L6 active=wlan0 ch5  | prep wlan1 ch10  | BL=['6', '7', '8', '9']
[TX  ->  *] bucket=41656 L6 active=wlan0 ch5  BL=['6', '7', '8', '9']
[!! JAMMED  ] bucket=41656 L6 active=wlan0 ch5  silent + egress_drops=78  -> BL until bucket=41686  BL=['5', '6', '7', '8', '9']
[09:04:04] HOP bucket=41657 L6 active=wlan1 ch10  | prep wlan0 ch10  | BL=['5', '6', '7', '8', '9']
[TX  ->  *] bucket=41657 L6 active=wlan1 ch10  BL=['5', '6', '7', '8', '9']
[RX  <- B] bucket=41657  peer_BL=['9', '8', '6', '7']  my_BL=['5', '6', '7', '8', '9']
[09:04:06] HOP bucket=41658 L6 active=wlan0 ch10  | prep wlan1 ch4  | BL=['5', '6', '7', '8', '9']
[TX  ->  *] bucket=41658 L6 active=wlan0 ch10  BL=['5', '6', '7', '8', '9']
[RX  <- B] bucket=41658  peer_BL=['9', '8', '6', '7', '5']  my_BL=['5', '6', '7', '8', '9']
[09:04:08] HOP bucket=41659 L6 active=wlan1 ch4  | prep wlan0 ch10  | BL=['5', '6', '7', '8', '9']
[TX  ->  *] bucket=41659 L6 active=wlan1 ch4  BL=['5', '6', '7', '8', '9']
[RX  <- B] bucket=41659  peer_BL=['9', '8', '6', '7', '5']  my_BL=['5', '6', '7', '8', '9']
[09:04:10] HOP bucket=41660 L6 active=wlan0 ch10  | prep wlan1 ch10  | BL=['5', '6', '7', '8', '9']
[TX  ->  *] bucket=41660 L6 active=wlan0 ch10  BL=['5', '6', '7', '8', '9']
[RX  <- B] bucket=41660  peer_BL=['9', '8', '6', '7', '5']  my_BL=['5', '6', '7', '8', '9']
[09:04:12] HOP bucket=41661 L6 active=wlan1 ch10  | prep wlan0 ch10  | BL=['5', '6', '7', '8', '9']
[TX  ->  *] bucket=41661 L6 active=wlan1 ch10  BL=['5', '6', '7', '8', '9']
[RX  <- B] bucket=41661  peer_BL=['9', '8', '6', '7', '5']  my_BL=['5', '6', '7', '8', '9']
[09:04:14] HOP bucket=41662 L6 active=wlan0 ch10  | prep wlan1 ch3  | BL=['5', '6', '7', '8', '9']
[TX  ->  *] bucket=41662 L6 active=wlan0 ch10  BL=['5', '6', '7', '8', '9']
[RX  <- B] bucket=41662  peer_BL=['9', '8', '6', '7', '5']  my_BL=['5', '6', '7', '8', '9']
[09:04:16] HOP bucket=41663 L6 active=wlan1 ch3  | prep wlan0 ch3  | BL=['5', '6', '7', '8', '9']
[TX  ->  *] bucket=41663 L6 active=wlan1 ch3  BL=['5', '6', '7', '8', '9']
[RX  <- B] bucket=41663  peer_BL=['9', '8', '6', '7', '5']  my_BL=['5', '6', '7', '8', '9']
[09:04:18] HOP bucket=41664 L6 active=wlan0 ch3  | prep wlan1 ch10  | BL=['5', '6', '7', '8', '9']
[RX  <- B] bucket=41664  peer_BL=['9', '8', '6', '7', '5']  my_BL=['5', '6', '7', '8', '9']
[TX  ->  *] bucket=41664 L6 active=wlan0 ch3  BL=['5', '6', '7', '8', '9']
[09:04:20] HOP bucket=41665 L6 active=wlan1 ch10  | prep wlan0 ch10  | BL=['5', '6', '7', '8', '9']
[TX  ->  *] bucket=41665 L6 active=wlan1 ch10  BL=['5', '6', '7', '8', '9']
[RX  <- B] bucket=41665  peer_BL=['9', '8', '6', '7', '5']  my_BL=['5', '6', '7', '8', '9']
[09:04:22] HOP bucket=41666 L6 active=wlan0 ch10  | prep wlan1 ch11  | BL=['5', '6', '7', '8', '9']
[RX  <- B] bucket=41666  peer_BL=['9', '8', '6', '7', '5']  my_BL=['5', '6', '7', '8', '9']
[TX  ->  *] bucket=41666 L6 active=wlan0 ch10  BL=['5', '6', '7', '8', '9']
[09:04:24] HOP bucket=41667 L6 active=wlan1 ch11  | prep wlan0 ch10  | BL=['5', '6', '7', '8', '9']
[TX  ->  *] bucket=41667 L6 active=wlan1 ch11  BL=['5', '6', '7', '8', '9']
[RX  <- B] bucket=41667  peer_BL=['9', '8', '6', '7', '5']  my_BL=['5', '6', '7', '8', '9']
[09:04:26] HOP bucket=41668 L6 active=wlan0 ch10  | prep wlan1 ch4  | BL=['5', '6', '7', '8', '9']
[TX  ->  *] bucket=41668 L6 active=wlan0 ch10  BL=['5', '6', '7', '8', '9']
[RX  <- B] bucket=41668  peer_BL=['9', '8', '6', '7', '5']  my_BL=['5', '6', '7', '8', '9']
[09:04:28] HOP bucket=41669 L6 active=wlan1 ch4  | prep wlan0 ch10  | BL=['5', '6', '7', '8', '9']
[TX  ->  *] bucket=41669 L6 active=wlan1 ch4  BL=['5', '6', '7', '8', '9']
[RX  <- B] bucket=41669  peer_BL=['9', '8', '6', '7', '5']  my_BL=['5', '6', '7', '8', '9']
[09:04:30] HOP bucket=41670 L6 active=wlan0 ch10  (LAG: totp_says=ch9, physical=ch10)  | prep wlan1 ch9  | BL=['5', '6', '7', '8']
[RX  <- B] bucket=41670  peer_BL=['8', '6', '7', '5']  my_BL=['5', '6', '7', '8']
[TX  ->  *] bucket=41670 L6 active=wlan0 ch10  BL=['5', '6', '7', '8']
[09:04:32] HOP bucket=41671 L6 active=wlan1 ch9  (LAG: totp_says=ch8, physical=ch9)  | prep wlan0 ch10  | BL=['5', '6', '7']
[RX  <- B] bucket=41671  peer_BL=['6', '7', '5']  my_BL=['5', '6', '7']
[TX  ->  *] bucket=41671 L6 active=wlan1 ch9  BL=['5', '6', '7']
[09:04:34] HOP bucket=41672 L6 active=wlan0 ch10  | prep wlan1 ch8  | BL=['5', '6', '7']
[TX  ->  *] bucket=41672 L6 active=wlan0 ch10  BL=['5', '6', '7']
[RX  <- B] bucket=41672  peer_BL=['6', '7', '5']  my_BL=['5', '6', '7']
[09:04:36] HOP bucket=41673 L6 active=wlan1 ch8  | prep wlan0 ch8  | BL=['5', '6', '7']
[TX  ->  *] bucket=41673 L6 active=wlan1 ch8  BL=['5', '6', '7']
[RX  <- B] bucket=41673  peer_BL=['6', '7', '5']  my_BL=['5', '6', '7']
[09:04:38] HOP bucket=41674 L6 active=wlan0 ch8  | prep wlan1 ch8  | BL=['5', '6', '7']
[RX  <- B] bucket=41674  peer_BL=['6', '7', '5']  my_BL=['5', '6', '7']
[TX  ->  *] bucket=41674 L6 active=wlan0 ch8  BL=['5', '6', '7']
[09:04:40] HOP bucket=41675 L6 active=wlan1 ch8  | prep wlan0 ch8  | BL=['5', '6', '7']
[TX  ->  *] bucket=41675 L6 active=wlan1 ch8  BL=['5', '6', '7']
[RX  <- B] bucket=41675  peer_BL=['6', '7', '5']  my_BL=['5', '6', '7']
[09:04:42] HOP bucket=41676 L6 active=wlan0 ch8  | prep wlan1 ch8  | BL=['5', '6', '7']
[TX  ->  *] bucket=41676 L6 active=wlan0 ch8  BL=['5', '6', '7']
[RX  <- B] bucket=41676  peer_BL=['6', '7', '5']  my_BL=['5', '6', '7']
[09:04:44] HOP bucket=41677 L6 active=wlan1 ch8  | prep wlan0 ch9  | BL=['5', '7']
[TX  ->  *] bucket=41677 L6 active=wlan1 ch8  BL=['5', '7']
[RX  <- B] bucket=41677  peer_BL=['7', '5']  my_BL=['5', '7']
[09:04:46] HOP bucket=41678 L6 active=wlan0 ch9  | prep wlan1 ch6  | BL=['5', '7']
[RX  <- B] bucket=41678  peer_BL=['7', '5']  my_BL=['5', '7']
[TX  ->  *] bucket=41678 L6 active=wlan0 ch9  BL=['5', '7']
[09:04:48] HOP bucket=41679 L6 active=wlan1 ch6  | prep wlan0 ch6  | BL=['5', '7']
[RX  <- B] bucket=41679  peer_BL=['7', '5']  my_BL=['5', '7']
[TX  ->  *] bucket=41679 L6 active=wlan1 ch6  BL=['5', '7']
[09:04:50] HOP bucket=41680 L6 active=wlan0 ch6  | prep wlan1 ch3  | BL=['5', '7']
[TX  ->  *] bucket=41680 L6 active=wlan0 ch6  BL=['5', '7']
[RX  <- B] bucket=41680  peer_BL=['7', '5']  my_BL=['5', '7']
[09:04:52] HOP bucket=41681 L6 active=wlan1 ch3  | prep wlan0 ch6  | BL=['5', '7']
[TX  ->  *] bucket=41681 L6 active=wlan1 ch3  BL=['5', '7']
[RX  <- B] bucket=41681  peer_BL=['7', '5']  my_BL=['5', '7']
[09:04:54] HOP bucket=41682 L6 active=wlan0 ch6  | prep wlan1 ch11  | BL=['5', '7']
[TX  ->  *] bucket=41682 L6 active=wlan0 ch6  BL=['5', '7']
[RX  <- B] bucket=41682  peer_BL=['7', '5']  my_BL=['5', '7']
[09:04:56] HOP bucket=41683 L6 active=wlan1 ch11  | prep wlan0 ch11  | BL=['5', '7']
[TX  ->  *] bucket=41683 L6 active=wlan1 ch11  BL=['5', '7']
[RX  <- B] bucket=41683  peer_BL=['7', '5']  my_BL=['5', '7']
[09:04:58] HOP bucket=41684 L6 active=wlan0 ch11  | prep wlan1 ch9  | BL=['5', '7']
[TX  ->  *] bucket=41684 L6 active=wlan0 ch11  BL=['5', '7']
[RX  <- B] bucket=41684  peer_BL=['7', '5']  my_BL=['5', '7']
[09:05:00] HOP bucket=41685 L6 active=wlan1 ch9  | prep wlan0 ch6  | BL=['5']
[TX  ->  *] bucket=41685 L6 active=wlan1 ch9  BL=['5']
[RX  <- B] bucket=41685  peer_BL=['5']  my_BL=['5']
[09:05:02] HOP bucket=41686 L6 active=wlan0 ch6  | prep wlan1 ch7  | BL=[]
[TX  ->  *] bucket=41686 L6 active=wlan0 ch6  BL=[]
[RX  <- B] bucket=41686  peer_BL=[]  my_BL=[]
[09:05:04] HOP bucket=41687 L6 active=wlan1 ch7  | prep wlan0 ch3  | BL=[]
[TX  ->  *] bucket=41687 L6 active=wlan1 ch7  BL=[]
[RX  <- B] bucket=41687  peer_BL=[]  my_BL=[]
[09:05:06] HOP bucket=41688 L6 active=wlan0 ch3  | prep wlan1 ch6  | BL=[]
[TX  ->  *] bucket=41688 L6 active=wlan0 ch3  BL=[]
[RX  <- B] bucket=41688  peer_BL=[]  my_BL=[]
[09:05:08] HOP bucket=41689 L6 active=wlan1 ch6  | prep wlan0 ch8  | BL=[]
[RX  <- B] bucket=41689  peer_BL=[]  my_BL=[]
[TX  ->  *] bucket=41689 L6 active=wlan1 ch6  BL=[]
[09:05:10] HOP bucket=41690 L6 active=wlan0 ch8  | prep wlan1 ch9  | BL=[]
[TX  ->  *] bucket=41690 L6 active=wlan0 ch8  BL=[]
[RX  <- B] bucket=41690  peer_BL=[]  my_BL=[]
[09:05:12] HOP bucket=41691 L6 active=wlan1 ch9  | prep wlan0 ch11  | BL=[]
[TX  ->  *] bucket=41691 L6 active=wlan1 ch9  BL=[]
[RX  <- B] bucket=41691  peer_BL=[]  my_BL=[]
[09:05:14] HOP bucket=41692 L6 active=wlan0 ch11  | prep wlan1 ch11  | BL=[]
[TX  ->  *] bucket=41692 L6 active=wlan0 ch11  BL=[]
[RX  <- B] bucket=41692  peer_BL=[]  my_BL=[]
[09:05:16] HOP bucket=41693 L6 active=wlan1 ch11  | prep wlan0 ch10  | BL=[]
[TX  ->  *] bucket=41693 L6 active=wlan1 ch11  BL=[]
[RX  <- B] bucket=41693  peer_BL=[]  my_BL=[]
[09:05:18] HOP bucket=41694 L6 active=wlan0 ch10  | prep wlan1 ch6  | BL=[]
[RX  <- B] bucket=41694  peer_BL=[]  my_BL=[]
[TX  ->  *] bucket=41694 L6 active=wlan0 ch10  BL=[]
[09:05:20] HOP bucket=41695 L6 active=wlan1 ch6  | prep wlan0 ch8  | BL=[]
[TX  ->  *] bucket=41695 L6 active=wlan1 ch6  BL=[]
[RX  <- B] bucket=41695  peer_BL=[]  my_BL=[]
[09:05:22] HOP bucket=41696 L6 active=wlan0 ch8  | prep wlan1 ch7  | BL=[]
[RX  <- B] bucket=41696  peer_BL=[]  my_BL=[]
[TX  ->  *] bucket=41696 L6 active=wlan0 ch8  BL=[]
[09:05:24] HOP bucket=41697 L6 active=wlan1 ch7  | prep wlan0 ch8  | BL=[]
[RX  <- B] bucket=41697  peer_BL=[]  my_BL=[]
[TX  ->  *] bucket=41697 L6 active=wlan1 ch7  BL=[]
[09:05:26] HOP bucket=41698 L6 active=wlan0 ch8  | prep wlan1 ch8  | BL=[]
[TX  ->  *] bucket=41698 L6 active=wlan0 ch8  BL=[]
[RX  <- B] bucket=41698  peer_BL=[]  my_BL=[]
[09:05:28] HOP bucket=41699 L6 active=wlan1 ch8  | prep wlan0 ch6  | BL=[]
[TX  ->  *] bucket=41699 L6 active=wlan1 ch8  BL=[]
[RX  <- B] bucket=41699  peer_BL=[]  my_BL=[]
[09:05:30] HOP bucket=41700 L6 active=wlan0 ch6  | prep wlan1 ch6  | BL=[]
[RX  <- B] bucket=41700  peer_BL=[]  my_BL=[]
[TX  ->  *] bucket=41700 L6 active=wlan0 ch6  BL=[]
[09:05:32] HOP bucket=41701 L6 active=wlan1 ch6  | prep wlan0 ch7  | BL=[]
[RX  <- B] bucket=41701  peer_BL=[]  my_BL=[]
[TX  ->  *] bucket=41701 L6 active=wlan1 ch6  BL=[]
[09:05:34] HOP bucket=41702 L6 active=wlan0 ch7  | prep wlan1 ch10  | BL=[]
[TX  ->  *] bucket=41702 L6 active=wlan0 ch7  BL=[]
[RX  <- B] bucket=41702  peer_BL=[]  my_BL=[]
[09:05:36] HOP bucket=41703 L6 active=wlan1 ch10  | prep wlan0 ch4  | BL=[]
[TX  ->  *] bucket=41703 L6 active=wlan1 ch10  BL=[]
[RX  <- B] bucket=41703  peer_BL=[]  my_BL=[]
[09:05:38] HOP bucket=41704 L6 active=wlan0 ch4  | prep wlan1 ch8  | BL=[]
[RX  <- B] bucket=41704  peer_BL=[]  my_BL=[]
[TX  ->  *] bucket=41704 L6 active=wlan0 ch4  BL=[]
[09:05:40] HOP bucket=41705 L6 active=wlan1 ch8  | prep wlan0 ch7  | BL=[]
[TX  ->  *] bucket=41705 L6 active=wlan1 ch8  BL=[]
[RX  <- B] bucket=41705  peer_BL=[]  my_BL=[]
[09:05:42] HOP bucket=41706 L6 active=wlan0 ch7  | prep wlan1 ch8  | BL=[]
[TX  ->  *] bucket=41706 L6 active=wlan0 ch7  BL=[]
[RX  <- B] bucket=41706  peer_BL=[]  my_BL=[]
[09:05:44] HOP bucket=41707 L6 active=wlan1 ch8  | prep wlan0 ch8  | BL=[]
[RX  <- B] bucket=41707  peer_BL=[]  my_BL=[]
[TX  ->  *] bucket=41707 L6 active=wlan1 ch8  BL=[]
[09:05:46] HOP bucket=41708 L6 active=wlan0 ch8  | prep wlan1 ch4  | BL=[]
[TX  ->  *] bucket=41708 L6 active=wlan0 ch8  BL=[]
[RX  <- B] bucket=41708  peer_BL=[]  my_BL=[]
[09:05:48] HOP bucket=41709 L6 active=wlan1 ch4  | prep wlan0 ch10  | BL=[]
[TX  ->  *] bucket=41709 L6 active=wlan1 ch4  BL=[]
[RX  <- B] bucket=41709  peer_BL=[]  my_BL=[]
[09:05:50] HOP bucket=41710 L6 active=wlan0 ch10  | prep wlan1 ch7  | BL=[]
[RX  <- B] bucket=41710  peer_BL=[]  my_BL=[]
[TX  ->  *] bucket=41710 L6 active=wlan0 ch10  BL=[]
[09:05:52] HOP bucket=41711 L6 active=wlan1 ch7  | prep wlan0 ch6  | BL=[]
[RX  <- B] bucket=41711  peer_BL=[]  my_BL=[]
[TX  ->  *] bucket=41711 L6 active=wlan1 ch7  BL=[]
[09:05:54] HOP bucket=41712 L6 active=wlan0 ch6  | prep wlan1 ch7  | BL=[]
[RX  <- B] bucket=41712  peer_BL=[]  my_BL=[]
[TX  ->  *] bucket=41712 L6 active=wlan0 ch6  BL=[]
[09:05:56] HOP bucket=41713 L6 active=wlan1 ch7  | prep wlan0 ch5  | BL=[]
[RX  <- B] bucket=41713  peer_BL=[]  my_BL=[]
[TX  ->  *] bucket=41713 L6 active=wlan1 ch7  BL=[]
[09:05:58] HOP bucket=41714 L6 active=wlan0 ch5  | prep wlan1 ch6  | BL=[]
[RX  <- B] bucket=41714  peer_BL=[]  my_BL=[]
[TX  ->  *] bucket=41714 L6 active=wlan0 ch5  BL=[]
[09:06:00] HOP bucket=41715 L6 active=wlan1 ch6  | prep wlan0 ch7  | BL=[]
[TX  ->  *] bucket=41715 L6 active=wlan1 ch6  BL=[]
[RX  <- B] bucket=41715  peer_BL=[]  my_BL=[]
[09:06:02] HOP bucket=41716 L6 active=wlan0 ch7  | prep wlan1 ch4  | BL=[]
[RX  <- B] bucket=41716  peer_BL=[]  my_BL=[]
[TX  ->  *] bucket=41716 L6 active=wlan0 ch7  BL=[]
[09:06:04] HOP bucket=41717 L6 active=wlan1 ch4  | prep wlan0 ch9  | BL=[]
[TX  ->  *] bucket=41717 L6 active=wlan1 ch4  BL=[]
[RX  <- B] bucket=41717  peer_BL=[]  my_BL=[]
[09:06:06] HOP bucket=41718 L6 active=wlan0 ch9  | prep wlan1 ch8  | BL=[]
[RX  <- B] bucket=41718  peer_BL=[]  my_BL=[]
[TX  ->  *] bucket=41718 L6 active=wlan0 ch9  BL=[]
[09:06:08] HOP bucket=41719 L6 active=wlan1 ch8  | prep wlan0 ch4  | BL=[]
[TX  ->  *] bucket=41719 L6 active=wlan1 ch8  BL=[]
[RX  <- B] bucket=41719  peer_BL=[]  my_BL=[]
[09:06:10] HOP bucket=41720 L6 active=wlan0 ch4  | prep wlan1 ch4  | BL=[]
[TX  ->  *] bucket=41720 L6 active=wlan0 ch4  BL=[]
[RX  <- B] bucket=41720  peer_BL=[]  my_BL=[]
[09:06:12] HOP bucket=41721 L6 active=wlan1 ch4  | prep wlan0 ch8  | BL=[]
[TX  ->  *] bucket=41721 L6 active=wlan1 ch4  BL=[]
[RX  <- B] bucket=41721  peer_BL=[]  my_BL=[]
[09:06:14] HOP bucket=41722 L6 active=wlan0 ch8  | prep wlan1 ch10  | BL=[]
[RX  <- B] bucket=41722  peer_BL=[]  my_BL=[]
[TX  ->  *] bucket=41722 L6 active=wlan0 ch8  BL=[]
[09:06:16] HOP bucket=41723 L6 active=wlan1 ch10  | prep wlan0 ch6  | BL=[]
[RX  <- B] bucket=41723  peer_BL=[]  my_BL=[]
[TX  ->  *] bucket=41723 L6 active=wlan1 ch10  BL=[]
[09:06:18] HOP bucket=41724 L6 active=wlan0 ch6  | prep wlan1 ch3  | BL=[]
[TX  ->  *] bucket=41724 L6 active=wlan0 ch6  BL=[]
[RX  <- B] bucket=41724  peer_BL=[]  my_BL=[]
[09:06:20] HOP bucket=41725 L6 active=wlan1 ch3  | prep wlan0 ch7  | BL=[]
[TX  ->  *] bucket=41725 L6 active=wlan1 ch3  BL=[]
[!! JAMMED  ] bucket=41725 L6 active=wlan1 ch3  silent + egress_drops=38  -> BL until bucket=41755  BL=['3']
[09:06:22] HOP bucket=41726 L6 active=wlan0 ch7  | prep wlan1 ch5  | BL=['3']
[RX  <- B] bucket=41726  peer_BL=['3']  my_BL=['3']
[TX  ->  *] bucket=41726 L6 active=wlan0 ch7  BL=['3']
[09:06:24] HOP bucket=41727 L6 active=wlan1 ch5  | prep wlan0 ch11  | BL=['3']
[TX  ->  *] bucket=41727 L6 active=wlan1 ch5  BL=['3']
[RX  <- B] bucket=41727  peer_BL=['3']  my_BL=['3']
[09:06:26] HOP bucket=41728 L6 active=wlan0 ch11  | prep wlan1 ch5  | BL=['3']
[RX  <- B] bucket=41728  peer_BL=['3']  my_BL=['3']
[TX  ->  *] bucket=41728 L6 active=wlan0 ch11  BL=['3']
[09:06:28] HOP bucket=41729 L6 active=wlan1 ch5  | prep wlan0 ch4  | BL=['3']
[TX  ->  *] bucket=41729 L6 active=wlan1 ch5  BL=['3']
[RX  <- B] bucket=41729  peer_BL=['3']  my_BL=['3']
[09:06:30] HOP bucket=41730 L6 active=wlan0 ch4  | prep wlan1 ch11  | BL=['3']
[TX  ->  *] bucket=41730 L6 active=wlan0 ch4  BL=['3']
[!! JAMMED  ] bucket=41730 L6 active=wlan0 ch4  silent + egress_drops=37  -> BL until bucket=41760  BL=['3', '4']
[09:06:32] HOP bucket=41731 L6 active=wlan1 ch11  | prep wlan0 ch9  | BL=['3', '4']
[TX  ->  *] bucket=41731 L6 active=wlan1 ch11  BL=['3', '4']
[RX  <- B] bucket=41731  peer_BL=['3']  my_BL=['3', '4']
[09:06:34] HOP bucket=41732 L6 active=wlan0 ch9  | prep wlan1 ch6  | BL=['3', '4']
[TX  ->  *] bucket=41732 L6 active=wlan0 ch9  BL=['3', '4']
[RX  <- B] bucket=41732  peer_BL=['3']  my_BL=['3', '4']
[09:06:36] HOP bucket=41733 L6 active=wlan1 ch6  | prep wlan0 ch5  | BL=['3', '4']
[TX  ->  *] bucket=41733 L6 active=wlan1 ch6  BL=['3', '4']
[RX  <- B] bucket=41733  peer_BL=['3']  my_BL=['3', '4']
[09:06:38] HOP bucket=41734 L6 active=wlan0 ch5  | prep wlan1 ch10  | BL=['3', '4']
[TX  ->  *] bucket=41734 L6 active=wlan0 ch5  BL=['3', '4']
[?? SOFT    ] bucket=41734 L6 active=wlan0 ch5  silent across 35 frames but egress_drops=0  (no tc evidence)
[09:06:40] HOP bucket=41735 L6 active=wlan1 ch10  | prep wlan0 ch5  | BL=['3', '4']
[TX  ->  *] bucket=41735 L6 active=wlan1 ch10  BL=['3', '4']
[RX  <- B] bucket=41735  peer_BL=['3', '5']  my_BL=['3', '4', '5']
[<= MERGED  ] ch5 from peer's confirmed -> expires bucket=886262629
[09:06:42] HOP bucket=41736 L6 active=wlan0 ch5  (LAG: totp_says=ch6, physical=ch5)  | prep wlan1 ch6  | BL=['3', '4', '5']
[TX  ->  *] bucket=41736 L6 active=wlan0 ch5  BL=['3', '4', '5']
[?? SOFT    ] bucket=41736 L6 active=wlan0 ch5  silent across 35 frames but egress_drops=0  (no tc evidence)
[09:06:44] HOP bucket=41737 L6 active=wlan1 ch6  | prep wlan0 ch10  | BL=['3', '4', '5']
[TX  ->  *] bucket=41737 L6 active=wlan1 ch6  BL=['3', '4', '5']
[RX  <- B] bucket=41737  peer_BL=['3', '5']  my_BL=['3', '4', '5']
[09:06:46] HOP bucket=41738 L6 active=wlan0 ch10  | prep wlan1 ch6  | BL=['3', '4', '5']
[TX  ->  *] bucket=41738 L6 active=wlan0 ch10  BL=['3', '4', '5']
[RX  <- B] bucket=41738  peer_BL=['3', '5']  my_BL=['3', '4', '5']
[09:06:48] HOP bucket=41739 L6 active=wlan1 ch6  | prep wlan0 ch6  | BL=['3', '4', '5']
[TX  ->  *] bucket=41739 L6 active=wlan1 ch6  BL=['3', '4', '5']
[RX  <- B] bucket=41739  peer_BL=['3', '5']  my_BL=['3', '4', '5']
[09:06:50] HOP bucket=41740 L6 active=wlan0 ch6  | prep wlan1 ch6  | BL=['3', '4', '5']
[TX  ->  *] bucket=41740 L6 active=wlan0 ch6  BL=['3', '4', '5']
[RX  <- B] bucket=41740  peer_BL=['3', '5']  my_BL=['3', '4', '5']
[09:06:52] HOP bucket=41741 L6 active=wlan1 ch6  | prep wlan0 ch8  | BL=['3', '4', '5']
[TX  ->  *] bucket=41741 L6 active=wlan1 ch6  BL=['3', '4', '5']
[RX  <- B] bucket=41741  peer_BL=['3', '5']  my_BL=['3', '4', '5']
[09:06:54] HOP bucket=41742 L6 active=wlan0 ch8  | prep wlan1 ch11  | BL=['3', '4', '5']
[TX  ->  *] bucket=41742 L6 active=wlan0 ch8  BL=['3', '4', '5']
[RX  <- B] bucket=41742  peer_BL=['3', '5']  my_BL=['3', '4', '5']
[09:06:56] HOP bucket=41743 L6 active=wlan1 ch11  | prep wlan0 ch6  | BL=['3', '4', '5']
[RX  <- B] bucket=41743  peer_BL=['3', '5']  my_BL=['3', '4', '5']
[TX  ->  *] bucket=41743 L6 active=wlan1 ch11  BL=['3', '4', '5']
[09:06:58] HOP bucket=41744 L6 active=wlan0 ch6  | prep wlan1 ch10  | BL=['3', '4', '5']
[TX  ->  *] bucket=41744 L6 active=wlan0 ch6  BL=['3', '4', '5']
[?? SOFT    ] bucket=41744 L6 active=wlan0 ch6  silent across 35 frames but egress_drops=0  (no tc evidence)
[09:07:00] HOP bucket=41745 L6 active=wlan1 ch10  | prep wlan0 ch6  | BL=['3', '4', '5']
[TX  ->  *] bucket=41745 L6 active=wlan1 ch10  BL=['3', '4', '5']
[RX  <- B] bucket=41745  peer_BL=['3', '5']  my_BL=['3', '4', '5']
[09:07:02] HOP bucket=41746 L6 active=wlan0 ch6  | prep wlan1 ch6  | BL=['3', '4', '5']
[RX  <- B] bucket=41746  peer_BL=['3', '5']  my_BL=['3', '4', '5']
[TX  ->  *] bucket=41746 L6 active=wlan0 ch6  BL=['3', '4', '5']
[09:07:04] HOP bucket=41747 L6 active=wlan1 ch6  | prep wlan0 ch11  | BL=['3', '4', '5']
[RX  <- B] bucket=41747  peer_BL=['3', '5']  my_BL=['3', '4', '5']
[TX  ->  *] bucket=41747 L6 active=wlan1 ch6  BL=['3', '4', '5']
[09:07:06] HOP bucket=41748 L6 active=wlan0 ch11  | prep wlan1 ch8  | BL=['3', '4', '5']
[TX  ->  *] bucket=41748 L6 active=wlan0 ch11  BL=['3', '4', '5']
[RX  <- B] bucket=41748  peer_BL=['3', '5']  my_BL=['3', '4', '5']
[09:07:08] HOP bucket=41749 L6 active=wlan1 ch8  | prep wlan0 ch7  | BL=['3', '4', '5']
[TX  ->  *] bucket=41749 L6 active=wlan1 ch8  BL=['3', '4', '5']
[RX  <- B] bucket=41749  peer_BL=['3', '5']  my_BL=['3', '4', '5']
[09:07:10] HOP bucket=41750 L6 active=wlan0 ch7  | prep wlan1 ch6  | BL=['3', '4', '5']
[RX  <- B] bucket=41750  peer_BL=['3', '5']  my_BL=['3', '4', '5']
[TX  ->  *] bucket=41750 L6 active=wlan0 ch7  BL=['3', '4', '5']
[09:07:12] HOP bucket=41751 L6 active=wlan1 ch6  | prep wlan0 ch6  | BL=['3', '4', '5']
[TX  ->  *] bucket=41751 L6 active=wlan1 ch6  BL=['3', '4', '5']
[RX  <- B] bucket=41751  peer_BL=['3', '5']  my_BL=['3', '4', '5']
[09:07:14] HOP bucket=41752 L6 active=wlan0 ch6  | prep wlan1 ch6  | BL=['3', '4', '5']
[TX  ->  *] bucket=41752 L6 active=wlan0 ch6  BL=['3', '4', '5']
[RX  <- B] bucket=41752  peer_BL=['3', '5']  my_BL=['3', '4', '5']
[09:07:16] HOP bucket=41753 L6 active=wlan1 ch6  | prep wlan0 ch7  | BL=['3', '4', '5']
[RX  <- B] bucket=41753  peer_BL=['3', '5']  my_BL=['3', '4', '5']
[TX  ->  *] bucket=41753 L6 active=wlan1 ch6  BL=['3', '4', '5']
[09:07:18] HOP bucket=41754 L6 active=wlan0 ch7  | prep wlan1 ch6  | BL=['3', '4', '5']
[RX  <- B] bucket=41754  peer_BL=['3', '5']  my_BL=['3', '4', '5']
[TX  ->  *] bucket=41754 L6 active=wlan0 ch7  BL=['3', '4', '5']
[09:07:20] HOP bucket=41755 L6 active=wlan1 ch6  | prep wlan0 ch6  | BL=['4', '5']
[RX  <- B] bucket=41755  peer_BL=['5']  my_BL=['4', '5']
[TX  ->  *] bucket=41755 L6 active=wlan1 ch6  BL=['4', '5']
[09:07:22] HOP bucket=41756 L6 active=wlan0 ch6  | prep wlan1 ch9  | BL=['4', '5']
[RX  <- B] bucket=41756  peer_BL=['5']  my_BL=['4', '5']
[TX  ->  *] bucket=41756 L6 active=wlan0 ch6  BL=['4', '5']
[09:07:24] HOP bucket=41757 L6 active=wlan1 ch9  | prep wlan0 ch11  | BL=['4', '5']
[TX  ->  *] bucket=41757 L6 active=wlan1 ch9  BL=['4', '5']
[RX  <- B] bucket=41757  peer_BL=['5']  my_BL=['4', '5']
[09:07:26] HOP bucket=41758 L6 active=wlan0 ch11  | prep wlan1 ch8  | BL=['4', '5']
[TX  ->  *] bucket=41758 L6 active=wlan0 ch11  BL=['4', '5']
[RX  <- B] bucket=41758  peer_BL=['5']  my_BL=['4', '5']
[09:07:28] HOP bucket=41759 L6 active=wlan1 ch8  | prep wlan0 ch8  | BL=['4', '5']
[TX  ->  *] bucket=41759 L6 active=wlan1 ch8  BL=['4', '5']
[RX  <- B] bucket=41759  peer_BL=['5']  my_BL=['4', '5']
[09:07:30] HOP bucket=41760 L6 active=wlan0 ch8  | prep wlan1 ch6  | BL=['5']
[TX  ->  *] bucket=41760 L6 active=wlan0 ch8  BL=['5']
[RX  <- B] bucket=41760  peer_BL=['5']  my_BL=['5']
[09:07:32] HOP bucket=41761 L6 active=wlan1 ch6  | prep wlan0 ch9  | BL=['5']
[TX  ->  *] bucket=41761 L6 active=wlan1 ch6  BL=['5']
[!! JAMMED  ] bucket=41761 L6 active=wlan1 ch6  silent + egress_drops=38  -> BL until bucket=41791  BL=['5', '6']
[09:07:34] HOP bucket=41762 L6 active=wlan0 ch9  | prep wlan1 ch10  | BL=['5', '6']
[TX  ->  *] bucket=41762 L6 active=wlan0 ch9  BL=['5', '6']
[RX  <- B] bucket=41762  peer_BL=['5', '6']  my_BL=['5', '6']
[09:07:36] HOP bucket=41763 L6 active=wlan1 ch10  | prep wlan0 ch7  | BL=['5', '6']
[TX  ->  *] bucket=41763 L6 active=wlan1 ch10  BL=['5', '6']
[RX  <- B] bucket=41763  peer_BL=['5', '6']  my_BL=['5', '6']
[09:07:38] HOP bucket=41764 L6 active=wlan0 ch7  | prep wlan1 ch5  | BL=['6']
[RX  <- B] bucket=41764  peer_BL=['6']  my_BL=['6']
[TX  ->  *] bucket=41764 L6 active=wlan0 ch7  BL=['6']
[09:07:40] HOP bucket=41765 L6 active=wlan1 ch5  | prep wlan0 ch7  | BL=['6']
[TX  ->  *] bucket=41765 L6 active=wlan1 ch5  BL=['6']
[!! JAMMED  ] bucket=41765 L6 active=wlan1 ch5  silent + egress_drops=38  -> BL until bucket=41795  BL=['5', '6']
[09:07:42] HOP bucket=41766 L6 active=wlan0 ch7  | prep wlan1 ch9  | BL=['5', '6']
[TX  ->  *] bucket=41766 L6 active=wlan0 ch7  BL=['5', '6']
[RX  <- B] bucket=41766  peer_BL=['6', '5']  my_BL=['5', '6']
[09:07:44] HOP bucket=41767 L6 active=wlan1 ch9  | prep wlan0 ch7  | BL=['5', '6']
[TX  ->  *] bucket=41767 L6 active=wlan1 ch9  BL=['5', '6']
[RX  <- B] bucket=41767  peer_BL=['6', '5']  my_BL=['5', '6']
[09:07:46] HOP bucket=41768 L6 active=wlan0 ch7  | prep wlan1 ch10  | BL=['5', '6']
[RX  <- B] bucket=41768  peer_BL=['6', '5']  my_BL=['5', '6']
[TX  ->  *] bucket=41768 L6 active=wlan0 ch7  BL=['5', '6']
[09:07:48] HOP bucket=41769 L6 active=wlan1 ch10  | prep wlan0 ch8  | BL=['5', '6']
[TX  ->  *] bucket=41769 L6 active=wlan1 ch10  BL=['5', '6']
[RX  <- B] bucket=41769  peer_BL=['6', '5']  my_BL=['5', '6']
[09:07:50] HOP bucket=41770 L6 active=wlan0 ch8  | prep wlan1 ch9  | BL=['5', '6']
[TX  ->  *] bucket=41770 L6 active=wlan0 ch8  BL=['5', '6']
[RX  <- B] bucket=41770  peer_BL=['6', '5']  my_BL=['5', '6']
[09:07:52] HOP bucket=41771 L6 active=wlan1 ch9  | prep wlan0 ch7  | BL=['5', '6']
[TX  ->  *] bucket=41771 L6 active=wlan1 ch9  BL=['5', '6']
[RX  <- B] bucket=41771  peer_BL=['6', '5']  my_BL=['5', '6']
[09:07:54] HOP bucket=41772 L6 active=wlan0 ch7  | prep wlan1 ch3  | BL=['5', '6']
[RX  <- B] bucket=41772  peer_BL=['6', '5']  my_BL=['5', '6']
[TX  ->  *] bucket=41772 L6 active=wlan0 ch7  BL=['5', '6']
[09:07:56] HOP bucket=41773 L6 active=wlan1 ch3  | prep wlan0 ch9  | BL=['5', '6']
[TX  ->  *] bucket=41773 L6 active=wlan1 ch3  BL=['5', '6']
[RX  <- B] bucket=41773  peer_BL=['6', '5']  my_BL=['5', '6']
[09:07:58] HOP bucket=41774 L6 active=wlan0 ch9  | prep wlan1 ch7  | BL=['5', '6']
[TX  ->  *] bucket=41774 L6 active=wlan0 ch9  BL=['5', '6']
[RX  <- B] bucket=41774  peer_BL=['6', '5']  my_BL=['5', '6']
[09:08:00] HOP bucket=41775 L6 active=wlan1 ch7  | prep wlan0 ch7  | BL=['5', '6']
[RX  <- B] bucket=41775  peer_BL=['6', '5']  my_BL=['5', '6']
[TX  ->  *] bucket=41775 L6 active=wlan1 ch7  BL=['5', '6']
[09:08:02] HOP bucket=41776 L6 active=wlan0 ch7  | prep wlan1 ch8  | BL=['5', '6']
[TX  ->  *] bucket=41776 L6 active=wlan0 ch7  BL=['5', '6']
[RX  <- B] bucket=41776  peer_BL=['6', '5']  my_BL=['5', '6']
[09:08:04] HOP bucket=41777 L6 active=wlan1 ch8  | prep wlan0 ch3  | BL=['5', '6']
[TX  ->  *] bucket=41777 L6 active=wlan1 ch8  BL=['5', '6']
[RX  <- B] bucket=41777  peer_BL=['6', '5']  my_BL=['5', '6']
[09:08:06] HOP bucket=41778 L6 active=wlan0 ch3  | prep wlan1 ch9  | BL=['5', '6']
[TX  ->  *] bucket=41778 L6 active=wlan0 ch3  BL=['5', '6']
[RX  <- B] bucket=41778  peer_BL=['6', '5']  my_BL=['5', '6']
[09:08:08] HOP bucket=41779 L6 active=wlan1 ch9  | prep wlan0 ch9  | BL=['5', '6']
[RX  <- B] bucket=41779  peer_BL=['6', '5']  my_BL=['5', '6']
[TX  ->  *] bucket=41779 L6 active=wlan1 ch9  BL=['5', '6']
[09:08:10] HOP bucket=41780 L6 active=wlan0 ch9  | prep wlan1 ch7  | BL=['5', '6']
[TX  ->  *] bucket=41780 L6 active=wlan0 ch9  BL=['5', '6']
[RX  <- B] bucket=41780  peer_BL=['6', '5']  my_BL=['5', '6']
[09:08:12] HOP bucket=41781 L6 active=wlan1 ch7  | prep wlan0 ch3  | BL=['5', '6']
[RX  <- B] bucket=41781  peer_BL=['6', '5']  my_BL=['5', '6']
[TX  ->  *] bucket=41781 L6 active=wlan1 ch7  BL=['5', '6']
[09:08:14] HOP bucket=41782 L6 active=wlan0 ch3  | prep wlan1 ch9  | BL=['5', '6']
[TX  ->  *] bucket=41782 L6 active=wlan0 ch3  BL=['5', '6']
[RX  <- B] bucket=41782  peer_BL=['6', '5']  my_BL=['5', '6']
[09:08:16] HOP bucket=41783 L6 active=wlan1 ch9  | prep wlan0 ch4  | BL=['5', '6']
[RX  <- B] bucket=41783  peer_BL=['6', '5']  my_BL=['5', '6']
[TX  ->  *] bucket=41783 L6 active=wlan1 ch9  BL=['5', '6']
[09:08:18] HOP bucket=41784 L6 active=wlan0 ch4  | prep wlan1 ch11  | BL=['5', '6']
[TX  ->  *] bucket=41784 L6 active=wlan0 ch4  BL=['5', '6']
[!! JAMMED  ] bucket=41784 L6 active=wlan0 ch4  silent + egress_drops=38  -> BL until bucket=41814  BL=['4', '5', '6']
[09:08:20] HOP bucket=41785 L6 active=wlan1 ch11  | prep wlan0 ch11  | BL=['4', '5', '6']
[TX  ->  *] bucket=41785 L6 active=wlan1 ch11  BL=['4', '5', '6']
[RX  <- B] bucket=41785  peer_BL=['6', '5', '4']  my_BL=['4', '5', '6']
[09:08:22] HOP bucket=41786 L6 active=wlan0 ch11  | prep wlan1 ch3  | BL=['4', '5', '6']
[TX  ->  *] bucket=41786 L6 active=wlan0 ch11  BL=['4', '5', '6']
[RX  <- B] bucket=41786  peer_BL=['6', '5', '4']  my_BL=['4', '5', '6']
[09:08:24] HOP bucket=41787 L6 active=wlan1 ch3  | prep wlan0 ch7  | BL=['4', '5', '6']
[TX  ->  *] bucket=41787 L6 active=wlan1 ch3  BL=['4', '5', '6']
[RX  <- B] bucket=41787  peer_BL=['6', '5', '4']  my_BL=['4', '5', '6']
[09:08:26] HOP bucket=41788 L6 active=wlan0 ch7  | prep wlan1 ch11  | BL=['4', '5', '6']
[TX  ->  *] bucket=41788 L6 active=wlan0 ch7  BL=['4', '5', '6']
[RX  <- B] bucket=41788  peer_BL=['6', '5', '4']  my_BL=['4', '5', '6']
[09:08:28] HOP bucket=41789 L6 active=wlan1 ch11  | prep wlan0 ch11  | BL=['4', '5', '6']
[RX  <- B] bucket=41789  peer_BL=['6', '5', '4']  my_BL=['4', '5', '6']
[TX  ->  *] bucket=41789 L6 active=wlan1 ch11  BL=['4', '5', '6']
[09:08:30] HOP bucket=41790 L6 active=wlan0 ch11  | prep wlan1 ch9  | BL=['4', '5', '6']
[TX  ->  *] bucket=41790 L6 active=wlan0 ch11  BL=['4', '5', '6']
[RX  <- B] bucket=41790  peer_BL=['6', '5', '4']  my_BL=['4', '5', '6']
[09:08:32] HOP bucket=41791 L6 active=wlan1 ch9  | prep wlan0 ch9  | BL=['4', '5']
[TX  ->  *] bucket=41791 L6 active=wlan1 ch9  BL=['4', '5']
[RX  <- B] bucket=41791  peer_BL=['5', '4']  my_BL=['4', '5']
[09:08:34] HOP bucket=41792 L6 active=wlan0 ch9  | prep wlan1 ch9  | BL=['4', '5']
[TX  ->  *] bucket=41792 L6 active=wlan0 ch9  BL=['4', '5']
[RX  <- B] bucket=41792  peer_BL=['5', '4']  my_BL=['4', '5']
[09:08:36] HOP bucket=41793 L6 active=wlan1 ch9  | prep wlan0 ch11  | BL=['4', '5']
[TX  ->  *] bucket=41793 L6 active=wlan1 ch9  BL=['4', '5']
[RX  <- B] bucket=41793  peer_BL=['5', '4']  my_BL=['4', '5']
[09:08:38] HOP bucket=41794 L6 active=wlan0 ch11  | prep wlan1 ch6  | BL=['4', '5']
[TX  ->  *] bucket=41794 L6 active=wlan0 ch11  BL=['4', '5']
[RX  <- B] bucket=41794  peer_BL=['5', '4']  my_BL=['4', '5']
[09:08:40] HOP bucket=41795 L6 active=wlan1 ch6  (LAG: totp_says=ch5, physical=ch6)  | prep wlan0 ch5  | BL=['4']
[TX  ->  *] bucket=41795 L6 active=wlan1 ch6  BL=['4']
[!! JAMMED  ] bucket=41795 L6 active=wlan1 ch6  silent + egress_drops=39  -> BL until bucket=41825  BL=['4', '6']
[09:08:42] HOP bucket=41796 L6 active=wlan0 ch5  | prep wlan1 ch11  | BL=['4', '6']
[TX  ->  *] bucket=41796 L6 active=wlan0 ch5  BL=['4', '6']
[!! JAMMED  ] bucket=41796 L6 active=wlan0 ch5  silent + egress_drops=38  -> BL until bucket=41826  BL=['4', '5', '6']
[09:08:44] HOP bucket=41797 L6 active=wlan1 ch11  | prep wlan0 ch3  | BL=['4', '5', '6']
[TX  ->  *] bucket=41797 L6 active=wlan1 ch11  BL=['4', '5', '6']
[RX  <- B] bucket=41797  peer_BL=['4', '6', '5']  my_BL=['4', '5', '6']
[09:08:46] HOP bucket=41798 L6 active=wlan0 ch3  | prep wlan1 ch7  | BL=['4', '5', '6']
[TX  ->  *] bucket=41798 L6 active=wlan0 ch3  BL=['4', '5', '6']
[RX  <- B] bucket=41798  peer_BL=['4', '6', '5']  my_BL=['4', '5', '6']
[09:08:48] HOP bucket=41799 L6 active=wlan1 ch7  | prep wlan0 ch7  | BL=['4', '5', '6']
[TX  ->  *] bucket=41799 L6 active=wlan1 ch7  BL=['4', '5', '6']
[!! JAMMED  ] bucket=41799 L6 active=wlan1 ch7  silent + egress_drops=38  -> BL until bucket=41829  BL=['4', '5', '6', '7']
[09:08:50] HOP bucket=41800 L6 active=wlan0 ch7  (LAG: totp_says=ch8, physical=ch7)  | prep wlan1 ch8  | BL=['4', '5', '6', '7']
[TX  ->  *] bucket=41800 L6 active=wlan0 ch7  BL=['4', '5', '6', '7']
[09:08:52] HOP bucket=41801 L6 active=wlan1 ch8  | prep wlan0 ch9  | BL=['4', '5', '6', '7']
[TX  ->  *] bucket=41801 L6 active=wlan1 ch8  BL=['4', '5', '6', '7']
[?? SOFT    ] bucket=41801 L6 active=wlan1 ch8  silent across 35 frames but egress_drops=0  (no tc evidence)
[09:08:54] HOP bucket=41802 L6 active=wlan0 ch9  | prep wlan1 ch9  | BL=['4', '5', '6', '7']
[TX  ->  *] bucket=41802 L6 active=wlan0 ch9  BL=['4', '5', '6', '7']
[RX  <- B] bucket=41802  peer_BL=['4', '6', '5', '7', '8']  my_BL=['4', '5', '6', '7', '8']
[<= MERGED  ] ch8 from peer's confirmed -> expires bucket=886262696
[09:08:56] HOP bucket=41803 L6 active=wlan1 ch9  | prep wlan0 ch9  | BL=['4', '5', '6', '7', '8']
[TX  ->  *] bucket=41803 L6 active=wlan1 ch9  BL=['4', '5', '6', '7', '8']
[RX  <- B] bucket=41803  peer_BL=['4', '6', '5', '7', '8']  my_BL=['4', '5', '6', '7', '8']
[09:08:58] HOP bucket=41804 L6 active=wlan0 ch9  | prep wlan1 ch9  | BL=['4', '5', '6', '7', '8']
[TX  ->  *] bucket=41804 L6 active=wlan0 ch9  BL=['4', '5', '6', '7', '8']
[RX  <- B] bucket=41804  peer_BL=['4', '6', '5', '7', '8']  my_BL=['4', '5', '6', '7', '8']
[09:09:00] HOP bucket=41805 L6 active=wlan1 ch9  | prep wlan0 ch9  | BL=['4', '5', '6', '7', '8']
[TX  ->  *] bucket=41805 L6 active=wlan1 ch9  BL=['4', '5', '6', '7', '8']
[RX  <- B] bucket=41805  peer_BL=['4', '6', '5', '7', '8']  my_BL=['4', '5', '6', '7', '8']
[09:09:02] HOP bucket=41806 L6 active=wlan0 ch9  | prep wlan1 ch3  | BL=['4', '5', '6', '7', '8']
[RX  <- B] bucket=41806  peer_BL=['4', '6', '5', '7', '8']  my_BL=['4', '5', '6', '7', '8']
[TX  ->  *] bucket=41806 L6 active=wlan0 ch9  BL=['4', '5', '6', '7', '8']
[09:09:04] HOP bucket=41807 L6 active=wlan1 ch3  | prep wlan0 ch9  | BL=['4', '5', '6', '7', '8']
[TX  ->  *] bucket=41807 L6 active=wlan1 ch3  BL=['4', '5', '6', '7', '8']
[RX  <- B] bucket=41807  peer_BL=['4', '6', '5', '7', '8']  my_BL=['4', '5', '6', '7', '8']
[09:09:06] HOP bucket=41808 L6 active=wlan0 ch9  | prep wlan1 ch9  | BL=['4', '5', '6', '7', '8']
[RX  <- B] bucket=41808  peer_BL=['4', '6', '5', '7', '8']  my_BL=['4', '5', '6', '7', '8']
[TX  ->  *] bucket=41808 L6 active=wlan0 ch9  BL=['4', '5', '6', '7', '8']
[09:09:08] HOP bucket=41809 L6 active=wlan1 ch9  | prep wlan0 ch11  | BL=['4', '5', '6', '7', '8']
[TX  ->  *] bucket=41809 L6 active=wlan1 ch9  BL=['4', '5', '6', '7', '8']
[RX  <- B] bucket=41809  peer_BL=['4', '6', '5', '7', '8']  my_BL=['4', '5', '6', '7', '8']
[09:09:10] HOP bucket=41810 L6 active=wlan0 ch11  | prep wlan1 ch3  | BL=['4', '5', '6', '7', '8']
[TX  ->  *] bucket=41810 L6 active=wlan0 ch11  BL=['4', '5', '6', '7', '8']
[RX  <- B] bucket=41810  peer_BL=['4', '6', '5', '7', '8']  my_BL=['4', '5', '6', '7', '8']
[09:09:12] HOP bucket=41811 L6 active=wlan1 ch3  | prep wlan0 ch9  | BL=['4', '5', '6', '7', '8']
[TX  ->  *] bucket=41811 L6 active=wlan1 ch3  BL=['4', '5', '6', '7', '8']
[RX  <- B] bucket=41811  peer_BL=['4', '6', '5', '7', '8']  my_BL=['4', '5', '6', '7', '8']
[09:09:14] HOP bucket=41812 L6 active=wlan0 ch9  | prep wlan1 ch10  | BL=['4', '5', '6', '7', '8']
[RX  <- B] bucket=41812  peer_BL=['4', '6', '5', '7', '8']  my_BL=['4', '5', '6', '7', '8']
[TX  ->  *] bucket=41812 L6 active=wlan0 ch9  BL=['4', '5', '6', '7', '8']
[09:09:16] HOP bucket=41813 L6 active=wlan1 ch10  | prep wlan0 ch9  | BL=['4', '5', '6', '7', '8']
[TX  ->  *] bucket=41813 L6 active=wlan1 ch10  BL=['4', '5', '6', '7', '8']
[RX  <- B] bucket=41813  peer_BL=['4', '6', '5', '7', '8']  my_BL=['4', '5', '6', '7', '8']
[09:09:18] HOP bucket=41814 L6 active=wlan0 ch9  | prep wlan1 ch10  | BL=['5', '6', '7', '8']
[RX  <- B] bucket=41814  peer_BL=['6', '5', '7', '8']  my_BL=['5', '6', '7', '8']
[TX  ->  *] bucket=41814 L6 active=wlan0 ch9  BL=['5', '6', '7', '8']
[09:09:20] HOP bucket=41815 L6 active=wlan1 ch10  | prep wlan0 ch3  | BL=['5', '6', '7', '8']
[TX  ->  *] bucket=41815 L6 active=wlan1 ch10  BL=['5', '6', '7', '8']
[RX  <- B] bucket=41815  peer_BL=['6', '5', '7', '8']  my_BL=['5', '6', '7', '8']
[09:09:22] HOP bucket=41816 L6 active=wlan0 ch3  | prep wlan1 ch9  | BL=['5', '6', '7', '8']
[RX  <- B] bucket=41816  peer_BL=['6', '5', '7', '8']  my_BL=['5', '6', '7', '8']
[TX  ->  *] bucket=41816 L6 active=wlan0 ch3  BL=['5', '6', '7', '8']
[09:09:24] HOP bucket=41817 L6 active=wlan1 ch9  | prep wlan0 ch4  | BL=['5', '6', '7', '8']
[TX  ->  *] bucket=41817 L6 active=wlan1 ch9  BL=['5', '6', '7', '8']
[RX  <- B] bucket=41817  peer_BL=['6', '5', '7', '8']  my_BL=['5', '6', '7', '8']
[09:09:26] HOP bucket=41818 L6 active=wlan0 ch4  | prep wlan1 ch4  | BL=['5', '6', '7', '8']
[TX  ->  *] bucket=41818 L6 active=wlan0 ch4  BL=['5', '6', '7', '8']
[!! JAMMED  ] bucket=41818 L6 active=wlan0 ch4  silent + egress_drops=39  -> BL until bucket=41848  BL=['4', '5', '6', '7', '8']
[09:09:28] HOP bucket=41819 L6 active=wlan1 ch4  (LAG: totp_says=ch9, physical=ch4)  | prep wlan0 ch9  | BL=['4', '5', '6', '7', '8']
[TX  ->  *] bucket=41819 L6 active=wlan1 ch4  BL=['4', '5', '6', '7', '8']
[09:09:30] HOP bucket=41820 L6 active=wlan0 ch9  | prep wlan1 ch9  | BL=['4', '5', '6', '7', '8']
[TX  ->  *] bucket=41820 L6 active=wlan0 ch9  BL=['4', '5', '6', '7', '8']
[!! JAMMED  ] bucket=41820 L6 active=wlan0 ch9  silent + egress_drops=37  -> BL until bucket=41850  BL=['4', '5', '6', '7', '8', '9']
[09:09:32] HOP bucket=41821 L6 active=wlan1 ch9  (LAG: totp_says=ch10, physical=ch9)  | prep wlan0 ch10  | BL=['4', '5', '6', '7', '8', '9']
[TX  ->  *] bucket=41821 L6 active=wlan1 ch9  BL=['4', '5', '6', '7', '8', '9']
[09:09:34] HOP bucket=41822 L6 active=wlan0 ch10  | prep wlan1 ch10  | BL=['4', '5', '6', '7', '8', '9']
[RX  <- B] bucket=41822  peer_BL=['6', '5', '7', '8']  my_BL=['4', '5', '6', '7', '8', '9']
[TX  ->  *] bucket=41822 L6 active=wlan0 ch10  BL=['4', '5', '6', '7', '8', '9']
[09:09:36] HOP bucket=41823 L6 active=wlan1 ch10  | prep wlan0 ch10  | BL=['4', '5', '6', '7', '8', '9']
[TX  ->  *] bucket=41823 L6 active=wlan1 ch10  BL=['4', '5', '6', '7', '8', '9']
[?? SOFT    ] bucket=41823 L6 active=wlan1 ch10  silent across 35 frames but egress_drops=0  (no tc evidence)
[09:09:38] HOP bucket=41824 L6 active=wlan0 ch10  | prep wlan1 ch3  | BL=['4', '5', '6', '7', '8', '9']
[TX  ->  *] bucket=41824 L6 active=wlan0 ch10  BL=['4', '5', '6', '7', '8', '9']
[?? SOFT    ] bucket=41824 L6 active=wlan0 ch10  silent across 35 frames but egress_drops=0  (no tc evidence)
[09:09:40] HOP bucket=41825 L6 active=wlan1 ch3  | prep wlan0 ch11  | BL=['4', '5', '7', '8', '9']
[TX  ->  *] bucket=41825 L6 active=wlan1 ch3  BL=['4', '5', '7', '8', '9']
[RX  <- B] bucket=41825  peer_BL=['5', '7', '8']  my_BL=['4', '5', '7', '8', '9']
[09:09:42] HOP bucket=41826 L6 active=wlan0 ch11  | prep wlan1 ch5  | BL=['4', '7', '8', '9']
[TX  ->  *] bucket=41826 L6 active=wlan0 ch11  BL=['4', '7', '8', '9']
[RX  <- B] bucket=41826  peer_BL=['7', '8']  my_BL=['4', '7', '8', '9']
[09:09:44] HOP bucket=41827 L6 active=wlan1 ch5  | prep wlan0 ch6  | BL=['4', '7', '8', '9']
[TX  ->  *] bucket=41827 L6 active=wlan1 ch5  BL=['4', '7', '8', '9']
[RX  <- B] bucket=41827  peer_BL=['7', '8']  my_BL=['4', '7', '8', '9']
[09:09:46] HOP bucket=41828 L6 active=wlan0 ch6  | prep wlan1 ch10  | BL=['4', '7', '8', '9']
[TX  ->  *] bucket=41828 L6 active=wlan0 ch6  BL=['4', '7', '8', '9']
[RX  <- B] bucket=41828  peer_BL=['7', '8']  my_BL=['4', '7', '8', '9']
[09:09:48] HOP bucket=41829 L6 active=wlan1 ch10  | prep wlan0 ch5  | BL=['4', '8', '9']
[TX  ->  *] bucket=41829 L6 active=wlan1 ch10  BL=['4', '8', '9']
[RX  <- B] bucket=41829  peer_BL=['8']  my_BL=['4', '8', '9']
[09:09:50] HOP bucket=41830 L6 active=wlan0 ch5  | prep wlan1 ch10  | BL=['4', '8', '9']
[TX  ->  *] bucket=41830 L6 active=wlan0 ch5  BL=['4', '8', '9']
[RX  <- B] bucket=41830  peer_BL=['8']  my_BL=['4', '8', '9']
[09:09:52] HOP bucket=41831 L6 active=wlan1 ch10  | prep wlan0 ch7  | BL=['4', '9']
[TX  ->  *] bucket=41831 L6 active=wlan1 ch10  BL=['4', '9']
[RX  <- B] bucket=41831  peer_BL=[]  my_BL=['4', '9']
[09:09:54] HOP bucket=41832 L6 active=wlan0 ch7  | prep wlan1 ch10  | BL=['4', '9']
[TX  ->  *] bucket=41832 L6 active=wlan0 ch7  BL=['4', '9']
[!! JAMMED  ] bucket=41832 L6 active=wlan0 ch7  silent + egress_drops=38  -> BL until bucket=41862  BL=['4', '7', '9']
[09:09:56] HOP bucket=41833 L6 active=wlan1 ch10  | prep wlan0 ch5  | BL=['4', '7', '9']
[TX  ->  *] bucket=41833 L6 active=wlan1 ch10  BL=['4', '7', '9']
[RX  <- B] bucket=41833  peer_BL=['7']  my_BL=['4', '7', '9']
[09:09:58] HOP bucket=41834 L6 active=wlan0 ch5  | prep wlan1 ch10  | BL=['4', '7', '9']
[TX  ->  *] bucket=41834 L6 active=wlan0 ch5  BL=['4', '7', '9']
[?? SOFT    ] bucket=41834 L6 active=wlan0 ch5  silent across 35 frames but egress_drops=0  (no tc evidence)
[09:10:00] HOP bucket=41835 L6 active=wlan1 ch10  | prep wlan0 ch6  | BL=['4', '7', '9']
[RX  <- B] bucket=41835  peer_BL=['7']  my_BL=['4', '7', '9']
[TX  ->  *] bucket=41835 L6 active=wlan1 ch10  BL=['4', '7', '9']
[09:10:02] HOP bucket=41836 L6 active=wlan0 ch6  | prep wlan1 ch3  | BL=['4', '7', '9']
[RX  <- B] bucket=41836  peer_BL=['7']  my_BL=['4', '7', '9']
[TX  ->  *] bucket=41836 L6 active=wlan0 ch6  BL=['4', '7', '9']
[09:10:04] HOP bucket=41837 L6 active=wlan1 ch3  | prep wlan0 ch8  | BL=['4', '7', '9']
[TX  ->  *] bucket=41837 L6 active=wlan1 ch3  BL=['4', '7', '9']
[RX  <- B] bucket=41837  peer_BL=['7']  my_BL=['4', '7', '9']
[09:10:06] HOP bucket=41838 L6 active=wlan0 ch8  | prep wlan1 ch10  | BL=['4', '7', '9']
[TX  ->  *] bucket=41838 L6 active=wlan0 ch8  BL=['4', '7', '9']
[!! JAMMED  ] bucket=41838 L6 active=wlan0 ch8  silent + egress_drops=39  -> BL until bucket=41868  BL=['4', '7', '8', '9']
[09:10:08] HOP bucket=41839 L6 active=wlan1 ch10  | prep wlan0 ch10  | BL=['4', '7', '8', '9']
[RX  <- B] bucket=41839  peer_BL=['7', '8']  my_BL=['4', '7', '8', '9']
[TX  ->  *] bucket=41839 L6 active=wlan1 ch10  BL=['4', '7', '8', '9']
[09:10:10] HOP bucket=41840 L6 active=wlan0 ch10  | prep wlan1 ch10  | BL=['4', '7', '8', '9']
[TX  ->  *] bucket=41840 L6 active=wlan0 ch10  BL=['4', '7', '8', '9']
[RX  <- B] bucket=41840  peer_BL=['7', '8']  my_BL=['4', '7', '8', '9']
[09:10:12] HOP bucket=41841 L6 active=wlan1 ch10  | prep wlan0 ch5  | BL=['4', '7', '8', '9']
[TX  ->  *] bucket=41841 L6 active=wlan1 ch10  BL=['4', '7', '8', '9']
[RX  <- B] bucket=41841  peer_BL=['7', '8']  my_BL=['4', '7', '8', '9']
[09:10:14] HOP bucket=41842 L6 active=wlan0 ch5  | prep wlan1 ch5  | BL=['4', '7', '8', '9']
[RX  <- B] bucket=41842  peer_BL=['7', '8']  my_BL=['4', '7', '8', '9']
[TX  ->  *] bucket=41842 L6 active=wlan0 ch5  BL=['4', '7', '8', '9']
[09:10:16] HOP bucket=41843 L6 active=wlan1 ch5  | prep wlan0 ch10  | BL=['4', '7', '8', '9']
[TX  ->  *] bucket=41843 L6 active=wlan1 ch5  BL=['4', '7', '8', '9']
[RX  <- B] bucket=41843  peer_BL=['7', '8']  my_BL=['4', '7', '8', '9']
[09:10:18] HOP bucket=41844 L6 active=wlan0 ch10  | prep wlan1 ch11  | BL=['4', '7', '8', '9']
[TX  ->  *] bucket=41844 L6 active=wlan0 ch10  BL=['4', '7', '8', '9']
[?? SOFT    ] bucket=41844 L6 active=wlan0 ch10  silent across 35 frames but egress_drops=0  (no tc evidence)
[09:10:20] HOP bucket=41845 L6 active=wlan1 ch11  | prep wlan0 ch5  | BL=['4', '7', '8', '9']
[TX  ->  *] bucket=41845 L6 active=wlan1 ch11  BL=['4', '7', '8', '9']
[RX  <- B] bucket=41845  peer_BL=['7', '8']  my_BL=['4', '7', '8', '9']
[09:10:22] HOP bucket=41846 L6 active=wlan0 ch5  | prep wlan1 ch10  | BL=['4', '7', '8', '9']
[TX  ->  *] bucket=41846 L6 active=wlan0 ch5  BL=['4', '7', '8', '9']
[?? SOFT    ] bucket=41846 L6 active=wlan0 ch5  silent across 35 frames but egress_drops=0  (no tc evidence)
[09:10:24] HOP bucket=41847 L6 active=wlan1 ch10  | prep wlan0 ch10  | BL=['4', '7', '8', '9']
[TX  ->  *] bucket=41847 L6 active=wlan1 ch10  BL=['4', '7', '8', '9']
[RX  <- B] bucket=41847  peer_BL=['7', '8']  my_BL=['4', '7', '8', '9']
[09:10:26] HOP bucket=41848 L6 active=wlan0 ch10  | prep wlan1 ch6  | BL=['7', '8', '9']
[TX  ->  *] bucket=41848 L6 active=wlan0 ch10  BL=['7', '8', '9']
[RX  <- B] bucket=41848  peer_BL=['7', '8']  my_BL=['7', '8', '9']
[09:10:28] HOP bucket=41849 L6 active=wlan1 ch6  | prep wlan0 ch10  | BL=['7', '8', '9']
[TX  ->  *] bucket=41849 L6 active=wlan1 ch6  BL=['7', '8', '9']
[RX  <- B] bucket=41849  peer_BL=['7', '8']  my_BL=['7', '8', '9']
[09:10:30] HOP bucket=41850 L6 active=wlan0 ch10  (LAG: totp_says=ch9, physical=ch10)  | prep wlan1 ch9  | BL=['7', '8']
[TX  ->  *] bucket=41850 L6 active=wlan0 ch10  BL=['7', '8']
[!! JAMMED  ] bucket=41850 L6 active=wlan0 ch10  silent + egress_drops=73  -> BL until bucket=41880  BL=['7', '8', '10']
[09:10:32] HOP bucket=41851 L6 active=wlan1 ch9  | prep wlan0 ch6  | BL=['7', '8', '10']
[TX  ->  *] bucket=41851 L6 active=wlan1 ch9  BL=['7', '8', '10']
[!! JAMMED  ] bucket=41851 L6 active=wlan1 ch9  silent + egress_drops=38  -> BL until bucket=41881  BL=['7', '8', '9', '10']
[09:10:34] HOP bucket=41852 L6 active=wlan0 ch6  | prep wlan1 ch5  | BL=['7', '8', '9', '10']
[RX  <- B] bucket=41852  peer_BL=['7', '8', '9']  my_BL=['7', '8', '9', '10']
[TX  ->  *] bucket=41852 L6 active=wlan0 ch6  BL=['7', '8', '9', '10']
[09:10:36] HOP bucket=41853 L6 active=wlan1 ch5  | prep wlan0 ch3  | BL=['7', '8', '9', '10']
[RX  <- B] bucket=41853  peer_BL=['7', '8', '9']  my_BL=['7', '8', '9', '10']
[TX  ->  *] bucket=41853 L6 active=wlan1 ch5  BL=['7', '8', '9', '10']
[09:10:38] HOP bucket=41854 L6 active=wlan0 ch3  | prep wlan1 ch11  | BL=['7', '8', '9', '10']
[RX  <- B] bucket=41854  peer_BL=['7', '8', '9']  my_BL=['7', '8', '9', '10']
[TX  ->  *] bucket=41854 L6 active=wlan0 ch3  BL=['7', '8', '9', '10']
[09:10:40] HOP bucket=41855 L6 active=wlan1 ch11  | prep wlan0 ch11  | BL=['7', '8', '9', '10']
[TX  ->  *] bucket=41855 L6 active=wlan1 ch11  BL=['7', '8', '9', '10']
[?? SOFT    ] bucket=41855 L6 active=wlan1 ch11  silent across 35 frames but egress_drops=0  (no tc evidence)
[09:10:42] HOP bucket=41856 L6 active=wlan0 ch11  | prep wlan1 ch4  | BL=['7', '8', '9', '10']
[TX  ->  *] bucket=41856 L6 active=wlan0 ch11  BL=['7', '8', '9', '10']
[?? SOFT    ] bucket=41856 L6 active=wlan0 ch11  silent across 35 frames but egress_drops=0  (no tc evidence)
[09:10:44] HOP bucket=41857 L6 active=wlan1 ch4  | prep wlan0 ch4  | BL=['7', '8', '9', '10']
[TX  ->  *] bucket=41857 L6 active=wlan1 ch4  BL=['7', '8', '9', '10']
[RX  <- B] bucket=41857  peer_BL=['7', '8', '9', '10', '11']  my_BL=['7', '8', '9', '10', '11']
[<= MERGED  ] ch11 from peer's confirmed -> expires bucket=886262751
[09:10:46] HOP bucket=41858 L6 active=wlan0 ch4  | prep wlan1 ch3  | BL=['7', '8', '9', '10', '11']
[RX  <- B] bucket=41858  peer_BL=['7', '8', '9', '10', '11']  my_BL=['7', '8', '9', '10', '11']
[TX  ->  *] bucket=41858 L6 active=wlan0 ch4  BL=['7', '8', '9', '10', '11']
[09:10:48] HOP bucket=41859 L6 active=wlan1 ch3  | prep wlan0 ch5  | BL=['7', '8', '9', '10', '11']
[TX  ->  *] bucket=41859 L6 active=wlan1 ch3  BL=['7', '8', '9', '10', '11']
[RX  <- B] bucket=41859  peer_BL=['7', '8', '9', '10', '11']  my_BL=['7', '8', '9', '10', '11']
[09:10:50] HOP bucket=41860 L6 active=wlan0 ch5  | prep wlan1 ch3  | BL=['7', '8', '9', '10', '11']
[RX  <- B] bucket=41860  peer_BL=['7', '8', '9', '10', '11']  my_BL=['7', '8', '9', '10', '11']
[TX  ->  *] bucket=41860 L6 active=wlan0 ch5  BL=['7', '8', '9', '10', '11']
[09:10:52] HOP bucket=41861 L6 active=wlan1 ch3  | prep wlan0 ch3  | BL=['7', '8', '9', '10', '11']
[TX  ->  *] bucket=41861 L6 active=wlan1 ch3  BL=['7', '8', '9', '10', '11']
[RX  <- B] bucket=41861  peer_BL=['7', '8', '9', '10', '11']  my_BL=['7', '8', '9', '10', '11']
[09:10:54] HOP bucket=41862 L6 active=wlan0 ch3  | prep wlan1 ch3  | BL=['8', '9', '10', '11']
[TX  ->  *] bucket=41862 L6 active=wlan0 ch3  BL=['8', '9', '10', '11']
[RX  <- B] bucket=41862  peer_BL=['8', '9', '10', '11']  my_BL=['8', '9', '10', '11']
[09:10:56] HOP bucket=41863 L6 active=wlan1 ch3  | prep wlan0 ch3  | BL=['8', '9', '10', '11']
[RX  <- B] bucket=41863  peer_BL=['8', '9', '10', '11']  my_BL=['8', '9', '10', '11']
[TX  ->  *] bucket=41863 L6 active=wlan1 ch3  BL=['8', '9', '10', '11']
[09:10:58] HOP bucket=41864 L6 active=wlan0 ch3  | prep wlan1 ch6  | BL=['8', '9', '10', '11']
[TX  ->  *] bucket=41864 L6 active=wlan0 ch3  BL=['8', '9', '10', '11']
[RX  <- B] bucket=41864  peer_BL=['8', '9', '10', '11']  my_BL=['8', '9', '10', '11']
[09:11:00] HOP bucket=41865 L6 active=wlan1 ch6  | prep wlan0 ch7  | BL=['8', '9', '10', '11']
[TX  ->  *] bucket=41865 L6 active=wlan1 ch6  BL=['8', '9', '10', '11']
[RX  <- B] bucket=41865  peer_BL=['8', '9', '10', '11']  my_BL=['8', '9', '10', '11']
[09:11:02] HOP bucket=41866 L6 active=wlan0 ch7  | prep wlan1 ch7  | BL=['8', '9', '10', '11']
[TX  ->  *] bucket=41866 L6 active=wlan0 ch7  BL=['8', '9', '10', '11']
[!! JAMMED  ] bucket=41866 L6 active=wlan0 ch7  silent + egress_drops=39  -> BL until bucket=41896  BL=['7', '8', '9', '10', '11']
[09:11:04] HOP bucket=41867 L6 active=wlan1 ch7  (LAG: totp_says=ch3, physical=ch7)  | prep wlan0 ch3  | BL=['7', '8', '9', '10', '11']
[TX  ->  *] bucket=41867 L6 active=wlan1 ch7  BL=['7', '8', '9', '10', '11']
[09:11:06] HOP bucket=41868 L6 active=wlan0 ch3  (LAG: totp_says=ch8, physical=ch3)  | prep wlan1 ch8  | BL=['7', '9', '10', '11']
[RX  <- B] bucket=41868  peer_BL=['9', '10', '11']  my_BL=['7', '9', '10', '11']
[TX  ->  *] bucket=41868 L6 active=wlan0 ch3  BL=['7', '9', '10', '11']
[09:11:08] HOP bucket=41869 L6 active=wlan1 ch8  | prep wlan0 ch3  | BL=['7', '9', '10', '11']
[TX  ->  *] bucket=41869 L6 active=wlan1 ch8  BL=['7', '9', '10', '11']
[!! JAMMED  ] bucket=41869 L6 active=wlan1 ch8  silent + egress_drops=38  -> BL until bucket=41899  BL=['7', '8', '9', '10', '11']
[09:11:10] HOP bucket=41870 L6 active=wlan0 ch3  | prep wlan1 ch3  | BL=['7', '8', '9', '10', '11']
[RX  <- B] bucket=41870  peer_BL=['9', '10', '11']  my_BL=['7', '8', '9', '10', '11']
[TX  ->  *] bucket=41870 L6 active=wlan0 ch3  BL=['7', '8', '9', '10', '11']
[09:11:12] HOP bucket=41871 L6 active=wlan1 ch3  | prep wlan0 ch5  | BL=['7', '8', '9', '10', '11']
[TX  ->  *] bucket=41871 L6 active=wlan1 ch3  BL=['7', '8', '9', '10', '11']
[?? SOFT    ] bucket=41871 L6 active=wlan1 ch3  silent across 35 frames but egress_drops=0  (no tc evidence)
[09:11:14] HOP bucket=41872 L6 active=wlan0 ch5  | prep wlan1 ch5  | BL=['7', '8', '9', '10', '11']
[TX  ->  *] bucket=41872 L6 active=wlan0 ch5  BL=['7', '8', '9', '10', '11']
[RX  <- B] bucket=41872  peer_BL=['9', '10', '11', '8']  my_BL=['7', '8', '9', '10', '11']
[09:11:16] HOP bucket=41873 L6 active=wlan1 ch5  | prep wlan0 ch4  | BL=['7', '8', '9', '10', '11']
[RX  <- B] bucket=41873  peer_BL=['9', '10', '11', '8']  my_BL=['7', '8', '9', '10', '11']
[TX  ->  *] bucket=41873 L6 active=wlan1 ch5  BL=['7', '8', '9', '10', '11']
[09:11:18] HOP bucket=41874 L6 active=wlan0 ch4  | prep wlan1 ch6  | BL=['7', '8', '9', '10', '11']
[TX  ->  *] bucket=41874 L6 active=wlan0 ch4  BL=['7', '8', '9', '10', '11']
[RX  <- B] bucket=41874  peer_BL=['9', '10', '11', '8']  my_BL=['7', '8', '9', '10', '11']
[09:11:20] HOP bucket=41875 L6 active=wlan1 ch6  | prep wlan0 ch5  | BL=['7', '8', '9', '10', '11']
[TX  ->  *] bucket=41875 L6 active=wlan1 ch6  BL=['7', '8', '9', '10', '11']
[RX  <- B] bucket=41875  peer_BL=['9', '10', '11', '8']  my_BL=['7', '8', '9', '10', '11']
[09:11:22] HOP bucket=41876 L6 active=wlan0 ch5  | prep wlan1 ch3  | BL=['7', '8', '9', '10', '11']
[RX  <- B] bucket=41876  peer_BL=['9', '10', '11', '8']  my_BL=['7', '8', '9', '10', '11']
[TX  ->  *] bucket=41876 L6 active=wlan0 ch5  BL=['7', '8', '9', '10', '11']
[09:11:24] HOP bucket=41877 L6 active=wlan1 ch3  | prep wlan0 ch5  | BL=['7', '8', '9', '10', '11']
[RX  <- B] bucket=41877  peer_BL=['9', '10', '11', '8']  my_BL=['7', '8', '9', '10', '11']
[TX  ->  *] bucket=41877 L6 active=wlan1 ch3  BL=['7', '8', '9', '10', '11']
[09:11:26] HOP bucket=41878 L6 active=wlan0 ch5  | prep wlan1 ch3  | BL=['7', '8', '9', '10', '11']
[TX  ->  *] bucket=41878 L6 active=wlan0 ch5  BL=['7', '8', '9', '10', '11']
[RX  <- B] bucket=41878  peer_BL=['9', '10', '11', '8']  my_BL=['7', '8', '9', '10', '11']
[09:11:28] HOP bucket=41879 L6 active=wlan1 ch3  | prep wlan0 ch3  | BL=['7', '8', '9', '10', '11']
[TX  ->  *] bucket=41879 L6 active=wlan1 ch3  BL=['7', '8', '9', '10', '11']
[RX  <- B] bucket=41879  peer_BL=['9', '10', '11', '8']  my_BL=['7', '8', '9', '10', '11']
[09:11:30] HOP bucket=41880 L6 active=wlan0 ch3  | prep wlan1 ch3  | BL=['7', '8', '9', '10', '11']
[TX  ->  *] bucket=41880 L6 active=wlan0 ch3  BL=['7', '8', '9', '10', '11']
[?? SOFT    ] bucket=41880 L6 active=wlan0 ch3  silent across 35 frames but egress_drops=0  (no tc evidence)
[09:11:32] HOP bucket=41881 L6 active=wlan1 ch3  | prep wlan0 ch3  | BL=['7', '8', '10', '11']
[TX  ->  *] bucket=41881 L6 active=wlan1 ch3  BL=['7', '8', '10', '11']
[RX  <- B] bucket=41881  peer_BL=['10', '11', '8']  my_BL=['7', '8', '10', '11']
[09:11:34] HOP bucket=41882 L6 active=wlan0 ch3  | prep wlan1 ch6  | BL=['7', '8', '10', '11']
[TX  ->  *] bucket=41882 L6 active=wlan0 ch3  BL=['7', '8', '10', '11']
[RX  <- B] bucket=41882  peer_BL=['10', '11', '8']  my_BL=['7', '8', '10', '11']
[09:11:36] HOP bucket=41883 L6 active=wlan1 ch6  | prep wlan0 ch4  | BL=['7', '8', '10', '11']
[TX  ->  *] bucket=41883 L6 active=wlan1 ch6  BL=['7', '8', '10', '11']
[RX  <- B] bucket=41883  peer_BL=['10', '11', '8']  my_BL=['7', '8', '10', '11']
[09:11:38] HOP bucket=41884 L6 active=wlan0 ch4  | prep wlan1 ch9  | BL=['7', '8', '10', '11']
[RX  <- B] bucket=41884  peer_BL=['10', '11', '8']  my_BL=['7', '8', '10', '11']
[TX  ->  *] bucket=41884 L6 active=wlan0 ch4  BL=['7', '8', '10', '11']
[09:11:40] HOP bucket=41885 L6 active=wlan1 ch9  | prep wlan0 ch3  | BL=['7', '8', '11']
[RX  <- B] bucket=41885  peer_BL=['11', '8']  my_BL=['7', '8', '11']
[TX  ->  *] bucket=41885 L6 active=wlan1 ch9  BL=['7', '8', '11']
[09:11:42] HOP bucket=41886 L6 active=wlan0 ch3  (LAG: totp_says=ch11, physical=ch3)  | prep wlan1 ch3  | BL=['7', '8']
[RX  <- B] bucket=41886  peer_BL=['8']  my_BL=['7', '8']
[TX  ->  *] bucket=41886 L6 active=wlan0 ch3  BL=['7', '8']
[09:11:44] HOP bucket=41887 L6 active=wlan1 ch3  | prep wlan0 ch9  | BL=['7', '8']
[TX  ->  *] bucket=41887 L6 active=wlan1 ch3  BL=['7', '8']
[RX  <- B] bucket=41887  peer_BL=['8']  my_BL=['7', '8']
[09:11:46] HOP bucket=41888 L6 active=wlan0 ch9  | prep wlan1 ch3  | BL=['7', '8']
[TX  ->  *] bucket=41888 L6 active=wlan0 ch9  BL=['7', '8']
[?? SOFT    ] bucket=41888 L6 active=wlan0 ch9  silent across 35 frames but egress_drops=0  (no tc evidence)
[09:11:48] HOP bucket=41889 L6 active=wlan1 ch3  | prep wlan0 ch10  | BL=['7', '8']
[TX  ->  *] bucket=41889 L6 active=wlan1 ch3  BL=['7', '8']
[RX  <- B] bucket=41889  peer_BL=['8']  my_BL=['7', '8']
[09:11:50] HOP bucket=41890 L6 active=wlan0 ch10  | prep wlan1 ch9  | BL=['7', '8']
[TX  ->  *] bucket=41890 L6 active=wlan0 ch10  BL=['7', '8']
[!! JAMMED  ] bucket=41890 L6 active=wlan0 ch10  silent + egress_drops=39  -> BL until bucket=41920  BL=['7', '8', '10']
[09:11:52] HOP bucket=41891 L6 active=wlan1 ch9  | prep wlan0 ch3  | BL=['7', '8', '10']
[TX  ->  *] bucket=41891 L6 active=wlan1 ch9  BL=['7', '8', '10']
[?? SOFT    ] bucket=41891 L6 active=wlan1 ch9  silent across 35 frames but egress_drops=0  (no tc evidence)
[09:11:54] HOP bucket=41892 L6 active=wlan0 ch3  | prep wlan1 ch11  | BL=['7', '8', '10']
[TX  ->  *] bucket=41892 L6 active=wlan0 ch3  BL=['7', '8', '10']
[RX  <- B] bucket=41892  peer_BL=['8', '10']  my_BL=['7', '8', '10']
[09:11:56] HOP bucket=41893 L6 active=wlan1 ch11  | prep wlan0 ch11  | BL=['7', '8', '10']
[TX  ->  *] bucket=41893 L6 active=wlan1 ch11  BL=['7', '8', '10']
[!! JAMMED  ] bucket=41893 L6 active=wlan1 ch11  silent + egress_drops=38  -> BL until bucket=41923  BL=['7', '8', '10', '11']
[09:11:58] HOP bucket=41894 L6 active=wlan0 ch11  (LAG: totp_says=ch3, physical=ch11)  | prep wlan1 ch5  | BL=['7', '8', '10', '11']
[TX  ->  *] bucket=41894 L6 active=wlan0 ch11  BL=['7', '8', '10', '11']
[09:12:00] HOP bucket=41895 L6 active=wlan1 ch5  | prep wlan0 ch9  | BL=['7', '8', '10', '11']
[RX  <- B] bucket=41895  peer_BL=['8', '10', '11']  my_BL=['7', '8', '10', '11']
[TX  ->  *] bucket=41895 L6 active=wlan1 ch5  BL=['7', '8', '10', '11']
[09:12:02] HOP bucket=41896 L6 active=wlan0 ch9  | prep wlan1 ch3  | BL=['8', '10', '11']
[RX  <- B] bucket=41896  peer_BL=['8', '10', '11']  my_BL=['8', '10', '11']
[TX  ->  *] bucket=41896 L6 active=wlan0 ch9  BL=['8', '10', '11']
[09:12:04] HOP bucket=41897 L6 active=wlan1 ch3  | prep wlan0 ch4  | BL=['8', '10', '11']
[TX  ->  *] bucket=41897 L6 active=wlan1 ch3  BL=['8', '10', '11']
[RX  <- B] bucket=41897  peer_BL=['8', '10', '11']  my_BL=['8', '10', '11']
[09:12:06] HOP bucket=41898 L6 active=wlan0 ch4  | prep wlan1 ch9  | BL=['8', '10', '11']
[RX  <- B] bucket=41898  peer_BL=['8', '10', '11']  my_BL=['8', '10', '11']
[TX  ->  *] bucket=41898 L6 active=wlan0 ch4  BL=['8', '10', '11']
[09:12:08] HOP bucket=41899 L6 active=wlan1 ch9  | prep wlan0 ch3  | BL=['8', '10', '11']
[TX  ->  *] bucket=41899 L6 active=wlan1 ch9  BL=['8', '10', '11']
[RX  <- B] bucket=41899  peer_BL=['8', '10', '11']  my_BL=['8', '10', '11']
[09:12:10] HOP bucket=41900 L6 active=wlan0 ch3  | prep wlan1 ch4  | BL=['8', '10', '11']
[RX  <- B] bucket=41900  peer_BL=['8', '10', '11']  my_BL=['8', '10', '11']
[TX  ->  *] bucket=41900 L6 active=wlan0 ch3  BL=['8', '10', '11']
[09:12:12] HOP bucket=41901 L6 active=wlan1 ch4  | prep wlan0 ch7  | BL=['10', '11']
[TX  ->  *] bucket=41901 L6 active=wlan1 ch4  BL=['10', '11']
[RX  <- B] bucket=41901  peer_BL=['10', '11']  my_BL=['10', '11']
[09:12:14] HOP bucket=41902 L6 active=wlan0 ch7  | prep wlan1 ch7  | BL=['10', '11']
[RX  <- B] bucket=41902  peer_BL=['10', '11']  my_BL=['10', '11']
[TX  ->  *] bucket=41902 L6 active=wlan0 ch7  BL=['10', '11']
[09:12:16] HOP bucket=41903 L6 active=wlan1 ch7  | prep wlan0 ch4  | BL=['10', '11']
[RX  <- B] bucket=41903  peer_BL=['10', '11']  my_BL=['10', '11']
[TX  ->  *] bucket=41903 L6 active=wlan1 ch7  BL=['10', '11']
[09:12:18] HOP bucket=41904 L6 active=wlan0 ch4  | prep wlan1 ch4  | BL=['10', '11']
[TX  ->  *] bucket=41904 L6 active=wlan0 ch4  BL=['10', '11']
[RX  <- B] bucket=41904  peer_BL=['10', '11']  my_BL=['10', '11']
[09:12:20] HOP bucket=41905 L6 active=wlan1 ch4  | prep wlan0 ch7  | BL=['10', '11']
[RX  <- B] bucket=41905  peer_BL=['10', '11']  my_BL=['10', '11']
[TX  ->  *] bucket=41905 L6 active=wlan1 ch4  BL=['10', '11']
[09:12:22] HOP bucket=41906 L6 active=wlan0 ch7  | prep wlan1 ch6  | BL=['10', '11']
[RX  <- B] bucket=41906  peer_BL=['10', '11']  my_BL=['10', '11']
[TX  ->  *] bucket=41906 L6 active=wlan0 ch7  BL=['10', '11']
[09:12:24] HOP bucket=41907 L6 active=wlan1 ch6  | prep wlan0 ch3  | BL=['10', '11']
[RX  <- B] bucket=41907  peer_BL=['10', '11']  my_BL=['10', '11']
[TX  ->  *] bucket=41907 L6 active=wlan1 ch6  BL=['10', '11']
[09:12:26] HOP bucket=41908 L6 active=wlan0 ch3  | prep wlan1 ch9  | BL=['10', '11']
[TX  ->  *] bucket=41908 L6 active=wlan0 ch3  BL=['10', '11']
[RX  <- B] bucket=41908  peer_BL=['10', '11']  my_BL=['10', '11']
[09:12:28] HOP bucket=41909 L6 active=wlan1 ch9  | prep wlan0 ch3  | BL=['10', '11']
[RX  <- B] bucket=41909  peer_BL=['10', '11']  my_BL=['10', '11']
[TX  ->  *] bucket=41909 L6 active=wlan1 ch9  BL=['10', '11']
[09:12:30] HOP bucket=41910 L6 active=wlan0 ch3  | prep wlan1 ch7  | BL=['10', '11']
[TX  ->  *] bucket=41910 L6 active=wlan0 ch3  BL=['10', '11']
[!! JAMMED  ] bucket=41910 L6 active=wlan0 ch3  silent + egress_drops=71  -> BL until bucket=41940  BL=['3', '10', '11']
[09:12:32] HOP bucket=41911 L6 active=wlan1 ch7  | prep wlan0 ch4  | BL=['3', '10', '11']
[TX  ->  *] bucket=41911 L6 active=wlan1 ch7  BL=['3', '10', '11']
[RX  <- B] bucket=41911  peer_BL=['10', '11', '3']  my_BL=['3', '10', '11']
[09:12:34] HOP bucket=41912 L6 active=wlan0 ch4  | prep wlan1 ch4  | BL=['3', '10', '11']
[TX  ->  *] bucket=41912 L6 active=wlan0 ch4  BL=['3', '10', '11']
[RX  <- B] bucket=41912  peer_BL=['10', '11', '3']  my_BL=['3', '10', '11']
[09:12:36] HOP bucket=41913 L6 active=wlan1 ch4  | prep wlan0 ch4  | BL=['3', '10', '11']
[RX  <- B] bucket=41913  peer_BL=['10', '11', '3']  my_BL=['3', '10', '11']
[TX  ->  *] bucket=41913 L6 active=wlan1 ch4  BL=['3', '10', '11']
[09:12:38] HOP bucket=41914 L6 active=wlan0 ch4  | prep wlan1 ch6  | BL=['3', '10', '11']
[RX  <- B] bucket=41914  peer_BL=['10', '11', '3']  my_BL=['3', '10', '11']
[TX  ->  *] bucket=41914 L6 active=wlan0 ch4  BL=['3', '10', '11']
[09:12:40] HOP bucket=41915 L6 active=wlan1 ch6  | prep wlan0 ch4  | BL=['3', '10', '11']
[TX  ->  *] bucket=41915 L6 active=wlan1 ch6  BL=['3', '10', '11']
[!! JAMMED  ] bucket=41915 L6 active=wlan1 ch6  silent + egress_drops=38  -> BL until bucket=41945  BL=['3', '6', '10', '11']
[09:12:42] HOP bucket=41916 L6 active=wlan0 ch4  | prep wlan1 ch4  | BL=['3', '6', '10', '11']
[TX  ->  *] bucket=41916 L6 active=wlan0 ch4  BL=['3', '6', '10', '11']
[RX  <- B] bucket=41916  peer_BL=['10', '11', '3', '6']  my_BL=['3', '6', '10', '11']
[09:12:44] HOP bucket=41917 L6 active=wlan1 ch4  | prep wlan0 ch9  | BL=['3', '6', '10', '11']
[RX  <- B] bucket=41917  peer_BL=['10', '11', '3', '6']  my_BL=['3', '6', '10', '11']
[TX  ->  *] bucket=41917 L6 active=wlan1 ch4  BL=['3', '6', '10', '11']
[09:12:46] HOP bucket=41918 L6 active=wlan0 ch9  | prep wlan1 ch7  | BL=['3', '6', '10', '11']
[TX  ->  *] bucket=41918 L6 active=wlan0 ch9  BL=['3', '6', '10', '11']
[!! JAMMED  ] bucket=41918 L6 active=wlan0 ch9  silent + egress_drops=38  -> BL until bucket=41948  BL=['3', '6', '9', '10', '11']
[09:12:48] HOP bucket=41919 L6 active=wlan1 ch7  | prep wlan0 ch4  | BL=['3', '6', '9', '10', '11']
[TX  ->  *] bucket=41919 L6 active=wlan1 ch7  BL=['3', '6', '9', '10', '11']
[RX  <- B] bucket=41919  peer_BL=['10', '11', '3', '6', '9']  my_BL=['3', '6', '9', '10', '11']
[09:12:50] HOP bucket=41920 L6 active=wlan0 ch4  | prep wlan1 ch10  | BL=['3', '6', '9', '11']
[TX  ->  *] bucket=41920 L6 active=wlan0 ch4  BL=['3', '6', '9', '11']
[RX  <- B] bucket=41920  peer_BL=['11', '3', '6', '9']  my_BL=['3', '6', '9', '11']
[09:12:52] HOP bucket=41921 L6 active=wlan1 ch10  | prep wlan0 ch5  | BL=['3', '6', '9', '11']
[TX  ->  *] bucket=41921 L6 active=wlan1 ch10  BL=['3', '6', '9', '11']
[RX  <- B] bucket=41921  peer_BL=['11', '3', '6', '9']  my_BL=['3', '6', '9', '11']
[09:12:54] HOP bucket=41922 L6 active=wlan0 ch5  | prep wlan1 ch7  | BL=['3', '6', '9', '11']
[TX  ->  *] bucket=41922 L6 active=wlan0 ch5  BL=['3', '6', '9', '11']
[RX  <- B] bucket=41922  peer_BL=['11', '3', '6', '9']  my_BL=['3', '6', '9', '11']
[09:12:56] HOP bucket=41923 L6 active=wlan1 ch7  | prep wlan0 ch7  | BL=['3', '6', '9']
[RX  <- B] bucket=41923  peer_BL=['3', '6', '9']  my_BL=['3', '6', '9']
[TX  ->  *] bucket=41923 L6 active=wlan1 ch7  BL=['3', '6', '9']
[09:12:58] HOP bucket=41924 L6 active=wlan0 ch7  | prep wlan1 ch8  | BL=['3', '6', '9']
[RX  <- B] bucket=41924  peer_BL=['3', '6', '9']  my_BL=['3', '6', '9']
[TX  ->  *] bucket=41924 L6 active=wlan0 ch7  BL=['3', '6', '9']
[09:13:00] HOP bucket=41925 L6 active=wlan1 ch8  | prep wlan0 ch7  | BL=['3', '6', '9']
[TX  ->  *] bucket=41925 L6 active=wlan1 ch8  BL=['3', '6', '9']
[RX  <- B] bucket=41925  peer_BL=['3', '6', '9']  my_BL=['3', '6', '9']
[09:13:02] HOP bucket=41926 L6 active=wlan0 ch7  | prep wlan1 ch5  | BL=['3', '6', '9']
[TX  ->  *] bucket=41926 L6 active=wlan0 ch7  BL=['3', '6', '9']
[RX  <- B] bucket=41926  peer_BL=['3', '6', '9']  my_BL=['3', '6', '9']
[09:13:04] HOP bucket=41927 L6 active=wlan1 ch5  | prep wlan0 ch11  | BL=['3', '6', '9']
[TX  ->  *] bucket=41927 L6 active=wlan1 ch5  BL=['3', '6', '9']
[RX  <- B] bucket=41927  peer_BL=['3', '6', '9']  my_BL=['3', '6', '9']
[09:13:06] HOP bucket=41928 L6 active=wlan0 ch11  | prep wlan1 ch10  | BL=['3', '6', '9']
[TX  ->  *] bucket=41928 L6 active=wlan0 ch11  BL=['3', '6', '9']
[!! JAMMED  ] bucket=41928 L6 active=wlan0 ch11  silent + egress_drops=38  -> BL until bucket=41958  BL=['3', '6', '9', '11']
[09:13:08] HOP bucket=41929 L6 active=wlan1 ch10  | prep wlan0 ch7  | BL=['3', '6', '9', '11']
[TX  ->  *] bucket=41929 L6 active=wlan1 ch10  BL=['3', '6', '9', '11']
[RX  <- B] bucket=41929  peer_BL=['3', '6', '9', '11']  my_BL=['3', '6', '9', '11']
[09:13:10] HOP bucket=41930 L6 active=wlan0 ch7  | prep wlan1 ch4  | BL=['3', '6', '9', '11']
[TX  ->  *] bucket=41930 L6 active=wlan0 ch7  BL=['3', '6', '9', '11']
[RX  <- B] bucket=41930  peer_BL=['3', '6', '9', '11']  my_BL=['3', '6', '9', '11']
[09:13:12] HOP bucket=41931 L6 active=wlan1 ch4  | prep wlan0 ch8  | BL=['3', '6', '9', '11']
[TX  ->  *] bucket=41931 L6 active=wlan1 ch4  BL=['3', '6', '9', '11']
[RX  <- B] bucket=41931  peer_BL=['3', '6', '9', '11']  my_BL=['3', '6', '9', '11']
[09:13:14] HOP bucket=41932 L6 active=wlan0 ch8  | prep wlan1 ch7  | BL=['3', '6', '9', '11']
[RX  <- B] bucket=41932  peer_BL=['3', '6', '9', '11']  my_BL=['3', '6', '9', '11']
[TX  ->  *] bucket=41932 L6 active=wlan0 ch8  BL=['3', '6', '9', '11']
[09:13:16] HOP bucket=41933 L6 active=wlan1 ch7  | prep wlan0 ch4  | BL=['3', '6', '9', '11']
[RX  <- B] bucket=41933  peer_BL=['3', '6', '9', '11']  my_BL=['3', '6', '9', '11']
[TX  ->  *] bucket=41933 L6 active=wlan1 ch7  BL=['3', '6', '9', '11']
[09:13:18] HOP bucket=41934 L6 active=wlan0 ch4  | prep wlan1 ch10  | BL=['3', '6', '9', '11']
[RX  <- B] bucket=41934  peer_BL=['3', '6', '9', '11']  my_BL=['3', '6', '9', '11']
[TX  ->  *] bucket=41934 L6 active=wlan0 ch4  BL=['3', '6', '9', '11']
[09:13:20] HOP bucket=41935 L6 active=wlan1 ch10  | prep wlan0 ch4  | BL=['3', '6', '9', '11']
[TX  ->  *] bucket=41935 L6 active=wlan1 ch10  BL=['3', '6', '9', '11']
[RX  <- B] bucket=41935  peer_BL=['3', '6', '9', '11']  my_BL=['3', '6', '9', '11']
[09:13:22] HOP bucket=41936 L6 active=wlan0 ch4  | prep wlan1 ch4  | BL=['3', '6', '9', '11']
[RX  <- B] bucket=41936  peer_BL=['3', '6', '9', '11']  my_BL=['3', '6', '9', '11']
[TX  ->  *] bucket=41936 L6 active=wlan0 ch4  BL=['3', '6', '9', '11']
[09:13:24] HOP bucket=41937 L6 active=wlan1 ch4  | prep wlan0 ch10  | BL=['3', '6', '9', '11']
[TX  ->  *] bucket=41937 L6 active=wlan1 ch4  BL=['3', '6', '9', '11']
[RX  <- B] bucket=41937  peer_BL=['3', '6', '9', '11']  my_BL=['3', '6', '9', '11']
[09:13:26] HOP bucket=41938 L6 active=wlan0 ch10  | prep wlan1 ch4  | BL=['3', '6', '9', '11']
[TX  ->  *] bucket=41938 L6 active=wlan0 ch10  BL=['3', '6', '9', '11']
[RX  <- B] bucket=41938  peer_BL=['3', '6', '9', '11']  my_BL=['3', '6', '9', '11']
[09:13:28] HOP bucket=41939 L6 active=wlan1 ch4  | prep wlan0 ch4  | BL=['3', '6', '9', '11']
[RX  <- B] bucket=41939  peer_BL=['3', '6', '9', '11']  my_BL=['3', '6', '9', '11']
[TX  ->  *] bucket=41939 L6 active=wlan1 ch4  BL=['3', '6', '9', '11']
[09:13:30] HOP bucket=41940 L6 active=wlan0 ch4  | prep wlan1 ch4  | BL=['6', '9', '11']
[TX  ->  *] bucket=41940 L6 active=wlan0 ch4  BL=['6', '9', '11']
[?? SOFT    ] bucket=41940 L6 active=wlan0 ch4  silent across 35 frames but egress_drops=0  (no tc evidence)
[09:13:32] HOP bucket=41941 L6 active=wlan1 ch4  | prep wlan0 ch5  | BL=['6', '9', '11']
[TX  ->  *] bucket=41941 L6 active=wlan1 ch4  BL=['6', '9', '11']
[?? SOFT    ] bucket=41941 L6 active=wlan1 ch4  silent across 35 frames but egress_drops=0  (no tc evidence)
[09:13:34] HOP bucket=41942 L6 active=wlan0 ch5  | prep wlan1 ch7  | BL=['6', '9', '11']
[TX  ->  *] bucket=41942 L6 active=wlan0 ch5  BL=['6', '9', '11']
[RX  <- B] bucket=41942  peer_BL=['6', '9', '11', '4']  my_BL=['4', '6', '9', '11']
[<= MERGED  ] ch4 from peer's confirmed -> expires bucket=886262835
[09:13:36] HOP bucket=41943 L6 active=wlan1 ch7  | prep wlan0 ch3  | BL=['4', '6', '9', '11']
[TX  ->  *] bucket=41943 L6 active=wlan1 ch7  BL=['4', '6', '9', '11']
[?? SOFT    ] bucket=41943 L6 active=wlan1 ch7  silent across 35 frames but egress_drops=0  (no tc evidence)
[09:13:38] HOP bucket=41944 L6 active=wlan0 ch3  | prep wlan1 ch10  | BL=['4', '6', '9', '11']
[TX  ->  *] bucket=41944 L6 active=wlan0 ch3  BL=['4', '6', '9', '11']
[!! JAMMED  ] bucket=41944 L6 active=wlan0 ch3  silent + egress_drops=38  -> BL until bucket=41974  BL=['3', '4', '6', '9', '11']
[09:13:40] HOP bucket=41945 L6 active=wlan1 ch10  | prep wlan0 ch6  | BL=['3', '4', '9', '11']
[TX  ->  *] bucket=41945 L6 active=wlan1 ch10  BL=['3', '4', '9', '11']
[?? SOFT    ] bucket=41945 L6 active=wlan1 ch10  silent across 35 frames but egress_drops=0  (no tc evidence)
[09:13:42] HOP bucket=41946 L6 active=wlan0 ch6  | prep wlan1 ch7  | BL=['3', '4', '9', '11']
[TX  ->  *] bucket=41946 L6 active=wlan0 ch6  BL=['3', '4', '9', '11']
[!! JAMMED  ] bucket=41946 L6 active=wlan0 ch6  silent + egress_drops=77  -> BL until bucket=41976  BL=['3', '4', '6', '9', '11']
[09:13:44] HOP bucket=41947 L6 active=wlan1 ch7  | prep wlan0 ch7  | BL=['3', '4', '6', '9', '11']
[RX  <- B] bucket=41947  peer_BL=['9', '11', '4', '7', '10']  my_BL=['3', '4', '6', '7', '9', '10', '11']
[<= MERGED  ] ch7 from peer's confirmed -> expires bucket=886262838
[<= MERGED  ] ch10 from peer's confirmed -> expires bucket=886262840
[TX  ->  *] bucket=41947 L6 active=wlan1 ch7  BL=['3', '4', '6', '7', '9', '10', '11']
[09:13:46] HOP bucket=41948 L6 active=wlan0 ch7  (LAG: totp_says=ch8, physical=ch7)  | prep wlan1 ch5  | BL=['3', '4', '6', '7', '10', '11']
[TX  ->  *] bucket=41948 L6 active=wlan0 ch7  BL=['3', '4', '6', '7', '10', '11']
[?? SOFT    ] bucket=41948 L6 active=wlan0 ch7  silent across 35 frames but egress_drops=0  (no tc evidence)
[09:13:48] HOP bucket=41949 L6 active=wlan1 ch5  | prep wlan0 ch9  | BL=['3', '4', '6', '7', '10', '11']
[TX  ->  *] bucket=41949 L6 active=wlan1 ch5  BL=['3', '4', '6', '7', '10', '11']
[RX  <- B] bucket=41949  peer_BL=['11', '4', '7', '10']  my_BL=['3', '4', '6', '7', '10', '11']
[09:13:50] HOP bucket=41950 L6 active=wlan0 ch9  | prep wlan1 ch5  | BL=['3', '4', '6', '7', '10', '11']
[TX  ->  *] bucket=41950 L6 active=wlan0 ch9  BL=['3', '4', '6', '7', '10', '11']
[!! JAMMED  ] bucket=41950 L6 active=wlan0 ch9  silent + egress_drops=38  -> BL until bucket=41980  BL=['3', '4', '6', '7', '9', '10', '11']
[09:13:52] HOP bucket=41951 L6 active=wlan1 ch5  | prep wlan0 ch5  | BL=['3', '4', '6', '7', '9', '10', '11']
[TX  ->  *] bucket=41951 L6 active=wlan1 ch5  BL=['3', '4', '6', '7', '9', '10', '11']
[RX  <- B] bucket=41951  peer_BL=['11', '4', '7', '10']  my_BL=['3', '4', '6', '7', '9', '10', '11']
[09:13:54] HOP bucket=41952 L6 active=wlan0 ch5  | prep wlan1 ch5  | BL=['3', '4', '6', '7', '9', '10', '11']
[TX  ->  *] bucket=41952 L6 active=wlan0 ch5  BL=['3', '4', '6', '7', '9', '10', '11']
[RX  <- B] bucket=41952  peer_BL=['11', '4', '7', '10']  my_BL=['3', '4', '6', '7', '9', '10', '11']
[09:13:56] HOP bucket=41953 L6 active=wlan1 ch5  | prep wlan0 ch5  | BL=['3', '4', '6', '7', '9', '10', '11']
[TX  ->  *] bucket=41953 L6 active=wlan1 ch5  BL=['3', '4', '6', '7', '9', '10', '11']
[RX  <- B] bucket=41953  peer_BL=['11', '4', '7', '10']  my_BL=['3', '4', '6', '7', '9', '10', '11']
[09:13:58] HOP bucket=41954 L6 active=wlan0 ch5  | prep wlan1 ch8  | BL=['3', '4', '6', '7', '9', '10', '11']
[TX  ->  *] bucket=41954 L6 active=wlan0 ch5  BL=['3', '4', '6', '7', '9', '10', '11']
[?? SOFT    ] bucket=41954 L6 active=wlan0 ch5  silent across 35 frames but egress_drops=0  (no tc evidence)
[09:14:00] HOP bucket=41955 L6 active=wlan1 ch8  | prep wlan0 ch5  | BL=['3', '4', '6', '7', '9', '10', '11']
[TX  ->  *] bucket=41955 L6 active=wlan1 ch8  BL=['3', '4', '6', '7', '9', '10', '11']
[RX  <- B] bucket=41955  peer_BL=['11', '4', '7', '10']  my_BL=['3', '4', '6', '7', '9', '10', '11']
[09:14:02] HOP bucket=41956 L6 active=wlan0 ch5  | prep wlan1 ch8  | BL=['3', '4', '6', '7', '9', '10', '11']
[TX  ->  *] bucket=41956 L6 active=wlan0 ch5  BL=['3', '4', '6', '7', '9', '10', '11']
[RX  <- B] bucket=41956  peer_BL=['11', '4', '7', '10']  my_BL=['3', '4', '6', '7', '9', '10', '11']
[09:14:04] HOP bucket=41957 L6 active=wlan1 ch8  | prep wlan0 ch5  | BL=['3', '4', '6', '7', '9', '10', '11']
[TX  ->  *] bucket=41957 L6 active=wlan1 ch8  BL=['3', '4', '6', '7', '9', '10', '11']
[RX  <- B] bucket=41957  peer_BL=['11', '4', '7', '10']  my_BL=['3', '4', '6', '7', '9', '10', '11']
[09:14:06] HOP bucket=41958 L6 active=wlan0 ch5  | prep wlan1 ch5  | BL=['3', '4', '6', '7', '9', '10']
[TX  ->  *] bucket=41958 L6 active=wlan0 ch5  BL=['3', '4', '6', '7', '9', '10']
[RX  <- B] bucket=41958  peer_BL=['4', '7', '10']  my_BL=['3', '4', '6', '7', '9', '10']
[09:14:08] HOP bucket=41959 L6 active=wlan1 ch5  | prep wlan0 ch5  | BL=['3', '4', '6', '7', '9', '10']
[TX  ->  *] bucket=41959 L6 active=wlan1 ch5  BL=['3', '4', '6', '7', '9', '10']
[RX  <- B] bucket=41959  peer_BL=['4', '7', '10']  my_BL=['3', '4', '6', '7', '9', '10']
[09:14:10] HOP bucket=41960 L6 active=wlan0 ch5  | prep wlan1 ch8  | BL=['3', '4', '6', '7', '9', '10']
[TX  ->  *] bucket=41960 L6 active=wlan0 ch5  BL=['3', '4', '6', '7', '9', '10']
[RX  <- B] bucket=41960  peer_BL=['4', '7', '10']  my_BL=['3', '4', '6', '7', '9', '10']
[09:14:12] HOP bucket=41961 L6 active=wlan1 ch8  | prep wlan0 ch11  | BL=['3', '4', '6', '7', '9', '10']
[RX  <- B] bucket=41961  peer_BL=['4', '7', '10']  my_BL=['3', '4', '6', '7', '9', '10']
[TX  ->  *] bucket=41961 L6 active=wlan1 ch8  BL=['3', '4', '6', '7', '9', '10']
[09:14:14] HOP bucket=41962 L6 active=wlan0 ch11  | prep wlan1 ch8  | BL=['3', '4', '6', '7', '9', '10']
[TX  ->  *] bucket=41962 L6 active=wlan0 ch11  BL=['3', '4', '6', '7', '9', '10']
[!! JAMMED  ] bucket=41962 L6 active=wlan0 ch11  silent + egress_drops=38  -> BL until bucket=41992  BL=['3', '4', '6', '7', '9', '10', '11']
[09:14:16] HOP bucket=41963 L6 active=wlan1 ch8  | prep wlan0 ch5  | BL=['3', '4', '6', '7', '9', '10', '11']
[RX  <- B] bucket=41963  peer_BL=['4', '7', '10', '11']  my_BL=['3', '4', '6', '7', '9', '10', '11']
[TX  ->  *] bucket=41963 L6 active=wlan1 ch8  BL=['3', '4', '6', '7', '9', '10', '11']
[09:14:18] HOP bucket=41964 L6 active=wlan0 ch5  | prep wlan1 ch8  | BL=['3', '4', '6', '7', '9', '10', '11']
[RX  <- B] bucket=41964  peer_BL=['4', '7', '10', '11']  my_BL=['3', '4', '6', '7', '9', '10', '11']
[TX  ->  *] bucket=41964 L6 active=wlan0 ch5  BL=['3', '4', '6', '7', '9', '10', '11']
[09:14:20] HOP bucket=41965 L6 active=wlan1 ch8  | prep wlan0 ch5  | BL=['3', '4', '6', '7', '9', '10', '11']
[TX  ->  *] bucket=41965 L6 active=wlan1 ch8  BL=['3', '4', '6', '7', '9', '10', '11']
[RX  <- B] bucket=41965  peer_BL=['4', '7', '10', '11']  my_BL=['3', '4', '6', '7', '9', '10', '11']
[09:14:22] HOP bucket=41966 L6 active=wlan0 ch5  | prep wlan1 ch8  | BL=['3', '4', '6', '7', '9', '10', '11']
[TX  ->  *] bucket=41966 L6 active=wlan0 ch5  BL=['3', '4', '6', '7', '9', '10', '11']
[?? SOFT    ] bucket=41966 L6 active=wlan0 ch5  silent across 35 frames but egress_drops=0  (no tc evidence)
[09:14:24] HOP bucket=41967 L6 active=wlan1 ch8  | prep wlan0 ch5  | BL=['3', '4', '6', '7', '9', '10', '11']
[TX  ->  *] bucket=41967 L6 active=wlan1 ch8  BL=['3', '4', '6', '7', '9', '10', '11']
[RX  <- B] bucket=41967  peer_BL=['4', '7', '10', '11']  my_BL=['3', '4', '6', '7', '9', '10', '11']
[09:14:26] HOP bucket=41968 L6 active=wlan0 ch5  | prep wlan1 ch5  | BL=['3', '4', '6', '7', '9', '10', '11']
[TX  ->  *] bucket=41968 L6 active=wlan0 ch5  BL=['3', '4', '6', '7', '9', '10', '11']
[?? SOFT    ] bucket=41968 L6 active=wlan0 ch5  silent across 35 frames but egress_drops=0  (no tc evidence)
[09:14:28] HOP bucket=41969 L6 active=wlan1 ch5  | prep wlan0 ch8  | BL=['3', '4', '6', '7', '9', '10', '11']
[TX  ->  *] bucket=41969 L6 active=wlan1 ch5  BL=['3', '4', '6', '7', '9', '10', '11']
[RX  <- B] bucket=41969  peer_BL=['4', '7', '10', '11']  my_BL=['3', '4', '6', '7', '9', '10', '11']
[09:14:30] HOP bucket=41970 L6 active=wlan0 ch8  | prep wlan1 ch4  | BL=['3', '6', '7', '9', '10', '11']
[RX  <- B] bucket=41970  peer_BL=['7', '10', '11']  my_BL=['3', '6', '7', '9', '10', '11']
[TX  ->  *] bucket=41970 L6 active=wlan0 ch8  BL=['3', '6', '7', '9', '10', '11']
[09:14:32] HOP bucket=41971 L6 active=wlan1 ch4  | prep wlan0 ch8  | BL=['3', '6', '7', '9', '10', '11']
[TX  ->  *] bucket=41971 L6 active=wlan1 ch4  BL=['3', '6', '7', '9', '10', '11']
[RX  <- B] bucket=41971  peer_BL=['7', '10', '11']  my_BL=['3', '6', '7', '9', '10', '11']
[09:14:34] HOP bucket=41972 L6 active=wlan0 ch8  | prep wlan1 ch8  | BL=['3', '6', '7', '9', '10', '11']
[TX  ->  *] bucket=41972 L6 active=wlan0 ch8  BL=['3', '6', '7', '9', '10', '11']
[?? SOFT    ] bucket=41972 L6 active=wlan0 ch8  silent across 35 frames but egress_drops=0  (no tc evidence)
[09:14:36] HOP bucket=41973 L6 active=wlan1 ch8  (LAG: totp_says=ch7, physical=ch8)  | prep wlan0 ch4  | BL=['3', '6', '9', '10', '11']
[TX  ->  *] bucket=41973 L6 active=wlan1 ch8  BL=['3', '6', '9', '10', '11']
[RX  <- B] bucket=41973  peer_BL=['10', '11']  my_BL=['3', '6', '9', '10', '11']
[09:14:38] HOP bucket=41974 L6 active=wlan0 ch4  (LAG: totp_says=ch3, physical=ch4)  | prep wlan1 ch8  | BL=['6', '9', '10', '11']
[TX  ->  *] bucket=41974 L6 active=wlan0 ch4  BL=['6', '9', '10', '11']
[?? SOFT    ] bucket=41974 L6 active=wlan0 ch4  silent across 35 frames but egress_drops=0  (no tc evidence)
[09:14:40] HOP bucket=41975 L6 active=wlan1 ch8  | prep wlan0 ch10  | BL=['6', '9', '11']
[RX  <- B] bucket=41975  peer_BL=['11']  my_BL=['6', '9', '11']
[TX  ->  *] bucket=41975 L6 active=wlan1 ch8  BL=['6', '9', '11']
[09:14:42] HOP bucket=41976 L6 active=wlan0 ch10  | prep wlan1 ch3  | BL=['9', '11']
[RX  <- B] bucket=41976  peer_BL=['11']  my_BL=['9', '11']
[TX  ->  *] bucket=41976 L6 active=wlan0 ch10  BL=['9', '11']
[09:14:44] HOP bucket=41977 L6 active=wlan1 ch3  | prep wlan0 ch7  | BL=['9', '11']
[TX  ->  *] bucket=41977 L6 active=wlan1 ch3  BL=['9', '11']
[RX  <- B] bucket=41977  peer_BL=['11']  my_BL=['9', '11']
[09:14:46] HOP bucket=41978 L6 active=wlan0 ch7  | prep wlan1 ch10  | BL=['9', '11']
[TX  ->  *] bucket=41978 L6 active=wlan0 ch7  BL=['9', '11']
[RX  <- B] bucket=41978  peer_BL=['11']  my_BL=['9', '11']
[09:14:48] HOP bucket=41979 L6 active=wlan1 ch10  | prep wlan0 ch5  | BL=['9', '11']
[TX  ->  *] bucket=41979 L6 active=wlan1 ch10  BL=['9', '11']
[RX  <- B] bucket=41979  peer_BL=['11']  my_BL=['9', '11']
[09:14:50] HOP bucket=41980 L6 active=wlan0 ch5  | prep wlan1 ch7  | BL=['11']
[RX  <- B] bucket=41980  peer_BL=['11']  my_BL=['11']
[TX  ->  *] bucket=41980 L6 active=wlan0 ch5  BL=['11']
[09:14:52] HOP bucket=41981 L6 active=wlan1 ch7  | prep wlan0 ch3  | BL=['11']
[RX  <- B] bucket=41981  peer_BL=['11']  my_BL=['11']
[TX  ->  *] bucket=41981 L6 active=wlan1 ch7  BL=['11']
[09:14:54] HOP bucket=41982 L6 active=wlan0 ch3  | prep wlan1 ch3  | BL=['11']
[RX  <- B] bucket=41982  peer_BL=['11']  my_BL=['11']
[TX  ->  *] bucket=41982 L6 active=wlan0 ch3  BL=['11']
[09:14:56] HOP bucket=41983 L6 active=wlan1 ch3  | prep wlan0 ch7  | BL=['11']
[RX  <- B] bucket=41983  peer_BL=['11']  my_BL=['11']
[TX  ->  *] bucket=41983 L6 active=wlan1 ch3  BL=['11']
[09:14:58] HOP bucket=41984 L6 active=wlan0 ch7  | prep wlan1 ch3  | BL=['11']
[TX  ->  *] bucket=41984 L6 active=wlan0 ch7  BL=['11']
[RX  <- B] bucket=41984  peer_BL=['11']  my_BL=['11']
[09:15:00] HOP bucket=41985 L6 active=wlan1 ch3  | prep wlan0 ch9  | BL=['11']
[RX  <- B] bucket=41985  peer_BL=['11']  my_BL=['11']
[TX  ->  *] bucket=41985 L6 active=wlan1 ch3  BL=['11']
[09:15:02] HOP bucket=41986 L6 active=wlan0 ch9  | prep wlan1 ch6  | BL=['11']
[TX  ->  *] bucket=41986 L6 active=wlan0 ch9  BL=['11']
[RX  <- B] bucket=41986  peer_BL=['11']  my_BL=['11']
[09:15:04] HOP bucket=41987 L6 active=wlan1 ch6  | prep wlan0 ch5  | BL=['11']
[TX  ->  *] bucket=41987 L6 active=wlan1 ch6  BL=['11']
[RX  <- B] bucket=41987  peer_BL=['11']  my_BL=['11']
[09:15:06] HOP bucket=41988 L6 active=wlan0 ch5  | prep wlan1 ch4  | BL=['11']
[TX  ->  *] bucket=41988 L6 active=wlan0 ch5  BL=['11']
[RX  <- B] bucket=41988  peer_BL=['11']  my_BL=['11']
[09:15:08] HOP bucket=41989 L6 active=wlan1 ch4  | prep wlan0 ch3  | BL=['11']
[TX  ->  *] bucket=41989 L6 active=wlan1 ch4  BL=['11']
[RX  <- B] bucket=41989  peer_BL=['11']  my_BL=['11']
[09:15:10] HOP bucket=41990 L6 active=wlan0 ch3  | prep wlan1 ch5  | BL=['11']
[RX  <- B] bucket=41990  peer_BL=['11']  my_BL=['11']
[TX  ->  *] bucket=41990 L6 active=wlan0 ch3  BL=['11']
[09:15:12] HOP bucket=41991 L6 active=wlan1 ch5  | prep wlan0 ch9  | BL=['11']
[RX  <- B] bucket=41991  peer_BL=['11']  my_BL=['11']
[TX  ->  *] bucket=41991 L6 active=wlan1 ch5  BL=['11']
[09:15:14] HOP bucket=41992 L6 active=wlan0 ch9  | prep wlan1 ch11  | BL=[]
[RX  <- B] bucket=41992  peer_BL=[]  my_BL=[]
[TX  ->  *] bucket=41992 L6 active=wlan0 ch9  BL=[]
[09:15:16] HOP bucket=41993 L6 active=wlan1 ch11  | prep wlan0 ch9  | BL=[]
[TX  ->  *] bucket=41993 L6 active=wlan1 ch11  BL=[]
[RX  <- B] bucket=41993  peer_BL=[]  my_BL=[]
[09:15:18] HOP bucket=41994 L6 active=wlan0 ch9  | prep wlan1 ch7  | BL=[]
[RX  <- B] bucket=41994  peer_BL=[]  my_BL=[]
[TX  ->  *] bucket=41994 L6 active=wlan0 ch9  BL=[]
[09:15:20] HOP bucket=41995 L6 active=wlan1 ch7  | prep wlan0 ch8  | BL=[]
[TX  ->  *] bucket=41995 L6 active=wlan1 ch7  BL=[]
[RX  <- B] bucket=41995  peer_BL=[]  my_BL=[]
[09:15:22] HOP bucket=41996 L6 active=wlan0 ch8  | prep wlan1 ch11  | BL=[]
[TX  ->  *] bucket=41996 L6 active=wlan0 ch8  BL=[]
[RX  <- B] bucket=41996  peer_BL=[]  my_BL=[]
[09:15:24] HOP bucket=41997 L6 active=wlan1 ch11  | prep wlan0 ch9  | BL=[]