============================================================
 ARTCHO NODE — MODE=L4 — NODE_ID=A
============================================================
 Bucket duration : 2.0s
 TEST_EPOCH      : 1772499036.0
 BUCKET_EPOCH    : 1772416236.0
 sim offset      : 82800s  (23.00h)
 Use blacklist   : False
 Detect enabled  : False
 Dual radio      : False
============================================================

[WAIT] sleeping 16.3s until TEST_EPOCH...
[INIT] L4 cold-start (bucket=41400): wlan0 -> ch6 (2437 MHz), wlan1 idle
       confirmed blacklist: []
[INIT] L4 cold-start complete.

[TX  ->  *] bucket=41400 L4 active=wlan0 ch6  BL=[]
[RX  <- B] bucket=41400  peer_BL=[]  my_BL=[]
[01:50:38] HOP bucket=41401 L4 wlan0 -> ch7  (retuning, ~700ms loss)  | BL=[]
[RX  <- B] bucket=41401  peer_BL=[]  my_BL=[]
[TX  ->  *] bucket=41401 L4 active=wlan0 ch7  BL=[]
[01:50:40] HOP bucket=41402 L4 wlan0 -> ch7  (retuning, ~700ms loss)  | BL=[]
[RX  <- B] bucket=41402  peer_BL=[]  my_BL=[]
[TX  ->  *] bucket=41402 L4 active=wlan0 ch7  BL=[]
[01:50:42] HOP bucket=41403 L4 wlan0 -> ch5  (retuning, ~700ms loss)  | BL=[]
[TX  ->  *] bucket=41403 L4 active=wlan0 ch5  BL=[]
[RX  <- B] bucket=41403  peer_BL=[]  my_BL=[]
[01:50:44] HOP bucket=41404 L4 wlan0 -> ch5  (retuning, ~700ms loss)  | BL=[]
[TX  ->  *] bucket=41404 L4 active=wlan0 ch5  BL=[]
[RX  <- B] bucket=41404  peer_BL=[]  my_BL=[]
[01:50:46] HOP bucket=41405 L4 wlan0 -> ch10  (retuning, ~700ms loss)  | BL=[]
[TX  ->  *] bucket=41405 L4 active=wlan0 ch10  BL=[]
[RX  <- B] bucket=41405  peer_BL=[]  my_BL=[]
[01:50:48] HOP bucket=41406 L4 wlan0 -> ch10  (retuning, ~700ms loss)  | BL=[]
[TX  ->  *] bucket=41406 L4 active=wlan0 ch10  BL=[]
[RX  <- B] bucket=41406  peer_BL=[]  my_BL=[]
[01:50:50] HOP bucket=41407 L4 wlan0 -> ch11  (retuning, ~700ms loss)  | BL=[]
[TX  ->  *] bucket=41407 L4 active=wlan0 ch11  BL=[]
[RX  <- B] bucket=41407  peer_BL=[]  my_BL=[]
[01:50:52] HOP bucket=41408 L4 wlan0 -> ch7  (retuning, ~700ms loss)  | BL=[]
[TX  ->  *] bucket=41408 L4 active=wlan0 ch7  BL=[]
[RX  <- B] bucket=41408  peer_BL=[]  my_BL=[]
[01:50:54] HOP bucket=41409 L4 wlan0 -> ch7  (retuning, ~700ms loss)  | BL=[]
[TX  ->  *] bucket=41409 L4 active=wlan0 ch7  BL=[]
[RX  <- B] bucket=41409  peer_BL=[]  my_BL=[]
[01:50:56] HOP bucket=41410 L4 wlan0 -> ch8  (retuning, ~700ms loss)  | BL=[]
[TX  ->  *] bucket=41410 L4 active=wlan0 ch8  BL=[]
[RX  <- B] bucket=41410  peer_BL=[]  my_BL=[]
[01:50:58] HOP bucket=41411 L4 wlan0 -> ch4  (retuning, ~700ms loss)  | BL=[]
[TX  ->  *] bucket=41411 L4 active=wlan0 ch4  BL=[]
[RX  <- B] bucket=41411  peer_BL=[]  my_BL=[]
[01:51:00] HOP bucket=41412 L4 wlan0 -> ch9  (retuning, ~700ms loss)  | BL=[]
[TX  ->  *] bucket=41412 L4 active=wlan0 ch9  BL=[]
[RX  <- B] bucket=41412  peer_BL=[]  my_BL=[]
[01:51:02] HOP bucket=41413 L4 wlan0 -> ch10  (retuning, ~700ms loss)  | BL=[]
[TX  ->  *] bucket=41413 L4 active=wlan0 ch10  BL=[]
[RX  <- B] bucket=41413  peer_BL=[]  my_BL=[]
[01:51:04] HOP bucket=41414 L4 wlan0 -> ch10  (retuning, ~700ms loss)  | BL=[]
[RX  <- B] bucket=41414  peer_BL=[]  my_BL=[]
[TX  ->  *] bucket=41414 L4 active=wlan0 ch10  BL=[]
[01:51:06] HOP bucket=41415 L4 wlan0 -> ch9  (retuning, ~700ms loss)  | BL=[]
[RX  <- B] bucket=41415  peer_BL=[]  my_BL=[]
[TX  ->  *] bucket=41415 L4 active=wlan0 ch9  BL=[]
[01:51:08] HOP bucket=41416 L4 wlan0 -> ch5  (retuning, ~700ms loss)  | BL=[]
[RX  <- B] bucket=41416  peer_BL=[]  my_BL=[]
[TX  ->  *] bucket=41416 L4 active=wlan0 ch5  BL=[]
[01:51:10] HOP bucket=41417 L4 wlan0 -> ch5  (retuning, ~700ms loss)  | BL=[]
[RX  <- B] bucket=41417  peer_BL=[]  my_BL=[]
[TX  ->  *] bucket=41417 L4 active=wlan0 ch5  BL=[]
[01:51:12] HOP bucket=41418 L4 wlan0 -> ch4  (retuning, ~700ms loss)  | BL=[]
[RX  <- B] bucket=41418  peer_BL=[]  my_BL=[]
[TX  ->  *] bucket=41418 L4 active=wlan0 ch4  BL=[]
[01:51:14] HOP bucket=41419 L4 wlan0 -> ch8  (retuning, ~700ms loss)  | BL=[]
[RX  <- B] bucket=41419  peer_BL=[]  my_BL=[]
[TX  ->  *] bucket=41419 L4 active=wlan0 ch8  BL=[]
[01:51:16] HOP bucket=41420 L4 wlan0 -> ch4  (retuning, ~700ms loss)  | BL=[]
[RX  <- B] bucket=41420  peer_BL=[]  my_BL=[]
[TX  ->  *] bucket=41420 L4 active=wlan0 ch4  BL=[]
[01:51:18] HOP bucket=41421 L4 wlan0 -> ch11  (retuning, ~700ms loss)  | BL=[]
[RX  <- B] bucket=41421  peer_BL=[]  my_BL=[]
[TX  ->  *] bucket=41421 L4 active=wlan0 ch11  BL=[]
[01:51:20] HOP bucket=41422 L4 wlan0 -> ch11  (retuning, ~700ms loss)  | BL=[]
[RX  <- B] bucket=41422  peer_BL=[]  my_BL=[]
[TX  ->  *] bucket=41422 L4 active=wlan0 ch11  BL=[]
[01:51:22] HOP bucket=41423 L4 wlan0 -> ch11  (retuning, ~700ms loss)  | BL=[]
[RX  <- B] bucket=41423  peer_BL=[]  my_BL=[]
[TX  ->  *] bucket=41423 L4 active=wlan0 ch11  BL=[]
[01:51:24] HOP bucket=41424 L4 wlan0 -> ch3  (retuning, ~700ms loss)  | BL=[]
[TX  ->  *] bucket=41424 L4 active=wlan0 ch3  BL=[]
[RX  <- B] bucket=41424  peer_BL=[]  my_BL=[]
[01:51:26] HOP bucket=41425 L4 wlan0 -> ch9  (retuning, ~700ms loss)  | BL=[]
[RX  <- B] bucket=41425  peer_BL=[]  my_BL=[]
[TX  ->  *] bucket=41425 L4 active=wlan0 ch9  BL=[]
[01:51:28] HOP bucket=41426 L4 wlan0 -> ch6  (retuning, ~700ms loss)  | BL=[]
[TX  ->  *] bucket=41426 L4 active=wlan0 ch6  BL=[]
[RX  <- B] bucket=41426  peer_BL=[]  my_BL=[]
[01:51:30] HOP bucket=41427 L4 wlan0 -> ch9  (retuning, ~700ms loss)  | BL=[]
[TX  ->  *] bucket=41427 L4 active=wlan0 ch9  BL=[]
[RX  <- B] bucket=41427  peer_BL=[]  my_BL=[]
[01:51:32] HOP bucket=41428 L4 wlan0 -> ch4  (retuning, ~700ms loss)  | BL=[]
[TX  ->  *] bucket=41428 L4 active=wlan0 ch4  BL=[]
[RX  <- B] bucket=41428  peer_BL=[]  my_BL=[]
[01:51:34] HOP bucket=41429 L4 wlan0 -> ch11  (retuning, ~700ms loss)  | BL=[]
[TX  ->  *] bucket=41429 L4 active=wlan0 ch11  BL=[]
[RX  <- B] bucket=41429  peer_BL=[]  my_BL=[]
[01:51:36] HOP bucket=41430 L4 wlan0 -> ch4  (retuning, ~700ms loss)  | BL=[]
[TX  ->  *] bucket=41430 L4 active=wlan0 ch4  BL=[]
[RX  <- B] bucket=41430  peer_BL=[]  my_BL=[]
[01:51:38] HOP bucket=41431 L4 wlan0 -> ch8  (retuning, ~700ms loss)  | BL=[]
[TX  ->  *] bucket=41431 L4 active=wlan0 ch8  BL=[]
[RX  <- B] bucket=41431  peer_BL=[]  my_BL=[]
[01:51:40] HOP bucket=41432 L4 wlan0 -> ch4  (retuning, ~700ms loss)  | BL=[]
[TX  ->  *] bucket=41432 L4 active=wlan0 ch4  BL=[]
[RX  <- B] bucket=41432  peer_BL=[]  my_BL=[]
[01:51:42] HOP bucket=41433 L4 wlan0 -> ch7  (retuning, ~700ms loss)  | BL=[]
[TX  ->  *] bucket=41433 L4 active=wlan0 ch7  BL=[]
[RX  <- B] bucket=41433  peer_BL=[]  my_BL=[]
[01:51:44] HOP bucket=41434 L4 wlan0 -> ch8  (retuning, ~700ms loss)  | BL=[]
[TX  ->  *] bucket=41434 L4 active=wlan0 ch8  BL=[]
[RX  <- B] bucket=41434  peer_BL=[]  my_BL=[]
[01:51:46] HOP bucket=41435 L4 wlan0 -> ch3  (retuning, ~700ms loss)  | BL=[]
[TX  ->  *] bucket=41435 L4 active=wlan0 ch3  BL=[]
[RX  <- B] bucket=41435  peer_BL=[]  my_BL=[]
[01:51:48] HOP bucket=41436 L4 wlan0 -> ch9  (retuning, ~700ms loss)  | BL=[]
[RX  <- B] bucket=41436  peer_BL=[]  my_BL=[]
[TX  ->  *] bucket=41436 L4 active=wlan0 ch9  BL=[]
[01:51:50] HOP bucket=41437 L4 wlan0 -> ch8  (retuning, ~700ms loss)  | BL=[]
[TX  ->  *] bucket=41437 L4 active=wlan0 ch8  BL=[]
[RX  <- B] bucket=41437  peer_BL=[]  my_BL=[]
[01:51:52] HOP bucket=41438 L4 wlan0 -> ch6  (retuning, ~700ms loss)  | BL=[]
[TX  ->  *] bucket=41438 L4 active=wlan0 ch6  BL=[]
[RX  <- B] bucket=41438  peer_BL=[]  my_BL=[]
[01:51:54] HOP bucket=41439 L4 wlan0 -> ch3  (retuning, ~700ms loss)  | BL=[]
[TX  ->  *] bucket=41439 L4 active=wlan0 ch3  BL=[]
[RX  <- B] bucket=41439  peer_BL=[]  my_BL=[]
[01:51:56] HOP bucket=41440 L4 wlan0 -> ch9  (retuning, ~700ms loss)  | BL=[]
[TX  ->  *] bucket=41440 L4 active=wlan0 ch9  BL=[]
[RX  <- B] bucket=41440  peer_BL=[]  my_BL=[]
[01:51:58] HOP bucket=41441 L4 wlan0 -> ch5  (retuning, ~700ms loss)  | BL=[]
[RX  <- B] bucket=41441  peer_BL=[]  my_BL=[]
[TX  ->  *] bucket=41441 L4 active=wlan0 ch5  BL=[]
[01:52:00] HOP bucket=41442 L4 wlan0 -> ch5  (retuning, ~700ms loss)  | BL=[]
[RX  <- B] bucket=41442  peer_BL=[]  my_BL=[]
[TX  ->  *] bucket=41442 L4 active=wlan0 ch5  BL=[]
[01:52:02] HOP bucket=41443 L4 wlan0 -> ch6  (retuning, ~700ms loss)  | BL=[]
[RX  <- B] bucket=41443  peer_BL=[]  my_BL=[]
[TX  ->  *] bucket=41443 L4 active=wlan0 ch6  BL=[]
[01:52:04] HOP bucket=41444 L4 wlan0 -> ch8  (retuning, ~700ms loss)  | BL=[]
[TX  ->  *] bucket=41444 L4 active=wlan0 ch8  BL=[]
[RX  <- B] bucket=41444  peer_BL=[]  my_BL=[]
[01:52:06] HOP bucket=41445 L4 wlan0 -> ch11  (retuning, ~700ms loss)  | BL=[]
[RX  <- B] bucket=41445  peer_BL=[]  my_BL=[]
[TX  ->  *] bucket=41445 L4 active=wlan0 ch11  BL=[]
[01:52:08] HOP bucket=41446 L4 wlan0 -> ch11  (retuning, ~700ms loss)  | BL=[]
[RX  <- B] bucket=41446  peer_BL=[]  my_BL=[]
[TX  ->  *] bucket=41446 L4 active=wlan0 ch11  BL=[]
[01:52:10] HOP bucket=41447 L4 wlan0 -> ch8  (retuning, ~700ms loss)  | BL=[]
[RX  <- B] bucket=41447  peer_BL=[]  my_BL=[]
[TX  ->  *] bucket=41447 L4 active=wlan0 ch8  BL=[]
[01:52:12] HOP bucket=41448 L4 wlan0 -> ch10  (retuning, ~700ms loss)  | BL=[]
[RX  <- B] bucket=41448  peer_BL=[]  my_BL=[]
[TX  ->  *] bucket=41448 L4 active=wlan0 ch10  BL=[]
[01:52:14] HOP bucket=41449 L4 wlan0 -> ch5  (retuning, ~700ms loss)  | BL=[]
[TX  ->  *] bucket=41449 L4 active=wlan0 ch5  BL=[]
[RX  <- B] bucket=41449  peer_BL=[]  my_BL=[]
[01:52:16] HOP bucket=41450 L4 wlan0 -> ch7  (retuning, ~700ms loss)  | BL=[]
[TX  ->  *] bucket=41450 L4 active=wlan0 ch7  BL=[]
[RX  <- B] bucket=41450  peer_BL=[]  my_BL=[]
[01:52:18] HOP bucket=41451 L4 wlan0 -> ch10  (retuning, ~700ms loss)  | BL=[]
[TX  ->  *] bucket=41451 L4 active=wlan0 ch10  BL=[]
[RX  <- B] bucket=41451  peer_BL=[]  my_BL=[]
[01:52:20] HOP bucket=41452 L4 wlan0 -> ch10  (retuning, ~700ms loss)  | BL=[]
[TX  ->  *] bucket=41452 L4 active=wlan0 ch10  BL=[]
[RX  <- B] bucket=41452  peer_BL=[]  my_BL=[]
[01:52:22] HOP bucket=41453 L4 wlan0 -> ch5  (retuning, ~700ms loss)  | BL=[]
[TX  ->  *] bucket=41453 L4 active=wlan0 ch5  BL=[]
[RX  <- B] bucket=41453  peer_BL=[]  my_BL=[]
[01:52:24] HOP bucket=41454 L4 wlan0 -> ch3  (retuning, ~700ms loss)  | BL=[]
[TX  ->  *] bucket=41454 L4 active=wlan0 ch3  BL=[]
[RX  <- B] bucket=41454  peer_BL=[]  my_BL=[]
[01:52:26] HOP bucket=41455 L4 wlan0 -> ch8  (retuning, ~700ms loss)  | BL=[]
[TX  ->  *] bucket=41455 L4 active=wlan0 ch8  BL=[]
[RX  <- B] bucket=41455  peer_BL=[]  my_BL=[]
[01:52:28] HOP bucket=41456 L4 wlan0 -> ch4  (retuning, ~700ms loss)  | BL=[]
[TX  ->  *] bucket=41456 L4 active=wlan0 ch4  BL=[]
[RX  <- B] bucket=41456  peer_BL=[]  my_BL=[]
[01:52:30] HOP bucket=41457 L4 wlan0 -> ch3  (retuning, ~700ms loss)  | BL=[]
[TX  ->  *] bucket=41457 L4 active=wlan0 ch3  BL=[]
[RX  <- B] bucket=41457  peer_BL=[]  my_BL=[]
[01:52:32] HOP bucket=41458 L4 wlan0 -> ch4  (retuning, ~700ms loss)  | BL=[]
[TX  ->  *] bucket=41458 L4 active=wlan0 ch4  BL=[]
[RX  <- B] bucket=41458  peer_BL=[]  my_BL=[]
[01:52:34] HOP bucket=41459 L4 wlan0 -> ch9  (retuning, ~700ms loss)  | BL=[]
[TX  ->  *] bucket=41459 L4 active=wlan0 ch9  BL=[]
[RX  <- B] bucket=41459  peer_BL=[]  my_BL=[]
[01:52:36] HOP bucket=41460 L4 wlan0 -> ch8  (retuning, ~700ms loss)  | BL=[]
[TX  ->  *] bucket=41460 L4 active=wlan0 ch8  BL=[]
[RX  <- B] bucket=41460  peer_BL=[]  my_BL=[]
[01:52:38] HOP bucket=41461 L4 wlan0 -> ch7  (retuning, ~700ms loss)  | BL=[]
[RX  <- B] bucket=41461  peer_BL=[]  my_BL=[]
[TX  ->  *] bucket=41461 L4 active=wlan0 ch7  BL=[]
[01:52:40] HOP bucket=41462 L4 wlan0 -> ch3  (retuning, ~700ms loss)  | BL=[]
[TX  ->  *] bucket=41462 L4 active=wlan0 ch3  BL=[]
[RX  <- B] bucket=41462  peer_BL=[]  my_BL=[]
[01:52:42] HOP bucket=41463 L4 wlan0 -> ch5  (retuning, ~700ms loss)  | BL=[]
[RX  <- B] bucket=41463  peer_BL=[]  my_BL=[]
[TX  ->  *] bucket=41463 L4 active=wlan0 ch5  BL=[]
[01:52:44] HOP bucket=41464 L4 wlan0 -> ch9  (retuning, ~700ms loss)  | BL=[]
[TX  ->  *] bucket=41464 L4 active=wlan0 ch9  BL=[]
[RX  <- B] bucket=41464  peer_BL=[]  my_BL=[]
[01:52:46] HOP bucket=41465 L4 wlan0 -> ch7  (retuning, ~700ms loss)  | BL=[]
[RX  <- B] bucket=41465  peer_BL=[]  my_BL=[]
[TX  ->  *] bucket=41465 L4 active=wlan0 ch7  BL=[]
[01:52:48] HOP bucket=41466 L4 wlan0 -> ch4  (retuning, ~700ms loss)  | BL=[]
[TX  ->  *] bucket=41466 L4 active=wlan0 ch4  BL=[]
[RX  <- B] bucket=41466  peer_BL=[]  my_BL=[]
[01:52:50] HOP bucket=41467 L4 wlan0 -> ch3  (retuning, ~700ms loss)  | BL=[]
[TX  ->  *] bucket=41467 L4 active=wlan0 ch3  BL=[]
[RX  <- B] bucket=41467  peer_BL=[]  my_BL=[]
[01:52:52] HOP bucket=41468 L4 wlan0 -> ch6  (retuning, ~700ms loss)  | BL=[]
[TX  ->  *] bucket=41468 L4 active=wlan0 ch6  BL=[]
[RX  <- B] bucket=41468  peer_BL=[]  my_BL=[]
[01:52:54] HOP bucket=41469 L4 wlan0 -> ch3  (retuning, ~700ms loss)  | BL=[]
[TX  ->  *] bucket=41469 L4 active=wlan0 ch3  BL=[]
[RX  <- B] bucket=41469  peer_BL=[]  my_BL=[]
[01:52:56] HOP bucket=41470 L4 wlan0 -> ch3  (retuning, ~700ms loss)  | BL=[]
[TX  ->  *] bucket=41470 L4 active=wlan0 ch3  BL=[]
[RX  <- B] bucket=41470  peer_BL=[]  my_BL=[]
[01:52:58] HOP bucket=41471 L4 wlan0 -> ch10  (retuning, ~700ms loss)  | BL=[]
[TX  ->  *] bucket=41471 L4 active=wlan0 ch10  BL=[]
[RX  <- B] bucket=41471  peer_BL=[]  my_BL=[]
[01:53:00] HOP bucket=41472 L4 wlan0 -> ch9  (retuning, ~700ms loss)  | BL=[]
[RX  <- B] bucket=41472  peer_BL=[]  my_BL=[]
[TX  ->  *] bucket=41472 L4 active=wlan0 ch9  BL=[]
[01:53:02] HOP bucket=41473 L4 wlan0 -> ch5  (retuning, ~700ms loss)  | BL=[]
[TX  ->  *] bucket=41473 L4 active=wlan0 ch5  BL=[]
[RX  <- B] bucket=41473  peer_BL=[]  my_BL=[]
[01:53:04] HOP bucket=41474 L4 wlan0 -> ch3  (retuning, ~700ms loss)  | BL=[]
[RX  <- B] bucket=41474  peer_BL=[]  my_BL=[]
[TX  ->  *] bucket=41474 L4 active=wlan0 ch3  BL=[]
[01:53:06] HOP bucket=41475 L4 wlan0 -> ch5  (retuning, ~700ms loss)  | BL=[]
[TX  ->  *] bucket=41475 L4 active=wlan0 ch5  BL=[]
[RX  <- B] bucket=41475  peer_BL=[]  my_BL=[]
[01:53:08] HOP bucket=41476 L4 wlan0 -> ch3  (retuning, ~700ms loss)  | BL=[]
[RX  <- B] bucket=41476  peer_BL=[]  my_BL=[]
[TX  ->  *] bucket=41476 L4 active=wlan0 ch3  BL=[]
[01:53:10] HOP bucket=41477 L4 wlan0 -> ch4  (retuning, ~700ms loss)  | BL=[]
[TX  ->  *] bucket=41477 L4 active=wlan0 ch4  BL=[]
[RX  <- B] bucket=41477  peer_BL=[]  my_BL=[]
[01:53:12] HOP bucket=41478 L4 wlan0 -> ch11  (retuning, ~700ms loss)  | BL=[]
[TX  ->  *] bucket=41478 L4 active=wlan0 ch11  BL=[]
[RX  <- B] bucket=41478  peer_BL=[]  my_BL=[]
[01:53:14] HOP bucket=41479 L4 wlan0 -> ch4  (retuning, ~700ms loss)  | BL=[]
[RX  <- B] bucket=41479  peer_BL=[]  my_BL=[]
[TX  ->  *] bucket=41479 L4 active=wlan0 ch4  BL=[]
[01:53:16] HOP bucket=41480 L4 wlan0 -> ch4  (retuning, ~700ms loss)  | BL=[]
[RX  <- B] bucket=41480  peer_BL=[]  my_BL=[]
[TX  ->  *] bucket=41480 L4 active=wlan0 ch4  BL=[]
[01:53:18] HOP bucket=41481 L4 wlan0 -> ch11  (retuning, ~700ms loss)  | BL=[]
[RX  <- B] bucket=41481  peer_BL=[]  my_BL=[]
[TX  ->  *] bucket=41481 L4 active=wlan0 ch11  BL=[]
[01:53:20] HOP bucket=41482 L4 wlan0 -> ch3  (retuning, ~700ms loss)  | BL=[]
[TX  ->  *] bucket=41482 L4 active=wlan0 ch3  BL=[]
[RX  <- B] bucket=41482  peer_BL=[]  my_BL=[]
[01:53:22] HOP bucket=41483 L4 wlan0 -> ch6  (retuning, ~700ms loss)  | BL=[]
[TX  ->  *] bucket=41483 L4 active=wlan0 ch6  BL=[]
[RX  <- B] bucket=41483  peer_BL=[]  my_BL=[]
[01:53:24] HOP bucket=41484 L4 wlan0 -> ch3  (retuning, ~700ms loss)  | BL=[]
[TX  ->  *] bucket=41484 L4 active=wlan0 ch3  BL=[]
[RX  <- B] bucket=41484  peer_BL=[]  my_BL=[]
[01:53:26] HOP bucket=41485 L4 wlan0 -> ch7  (retuning, ~700ms loss)  | BL=[]
[RX  <- B] bucket=41485  peer_BL=[]  my_BL=[]
[TX  ->  *] bucket=41485 L4 active=wlan0 ch7  BL=[]
[01:53:28] HOP bucket=41486 L4 wlan0 -> ch10  (retuning, ~700ms loss)  | BL=[]
[TX  ->  *] bucket=41486 L4 active=wlan0 ch10  BL=[]
[RX  <- B] bucket=41486  peer_BL=[]  my_BL=[]
[01:53:30] HOP bucket=41487 L4 wlan0 -> ch10  (retuning, ~700ms loss)  | BL=[]
[TX  ->  *] bucket=41487 L4 active=wlan0 ch10  BL=[]
[RX  <- B] bucket=41487  peer_BL=[]  my_BL=[]
[01:53:32] HOP bucket=41488 L4 wlan0 -> ch11  (retuning, ~700ms loss)  | BL=[]
[RX  <- B] bucket=41488  peer_BL=[]  my_BL=[]
[TX  ->  *] bucket=41488 L4 active=wlan0 ch11  BL=[]
[01:53:34] HOP bucket=41489 L4 wlan0 -> ch9  (retuning, ~700ms loss)  | BL=[]
[TX  ->  *] bucket=41489 L4 active=wlan0 ch9  BL=[]
[RX  <- B] bucket=41489  peer_BL=[]  my_BL=[]
[01:53:36] HOP bucket=41490 L4 wlan0 -> ch3  (retuning, ~700ms loss)  | BL=[]
[TX  ->  *] bucket=41490 L4 active=wlan0 ch3  BL=[]
[RX  <- B] bucket=41490  peer_BL=[]  my_BL=[]
[01:53:38] HOP bucket=41491 L4 wlan0 -> ch5  (retuning, ~700ms loss)  | BL=[]
[RX  <- B] bucket=41491  peer_BL=[]  my_BL=[]
[TX  ->  *] bucket=41491 L4 active=wlan0 ch5  BL=[]
[01:53:40] HOP bucket=41492 L4 wlan0 -> ch10  (retuning, ~700ms loss)  | BL=[]
[TX  ->  *] bucket=41492 L4 active=wlan0 ch10  BL=[]
[RX  <- B] bucket=41492  peer_BL=[]  my_BL=[]
[01:53:42] HOP bucket=41493 L4 wlan0 -> ch6  (retuning, ~700ms loss)  | BL=[]
[RX  <- B] bucket=41493  peer_BL=[]  my_BL=[]
[TX  ->  *] bucket=41493 L4 active=wlan0 ch6  BL=[]
[01:53:44] HOP bucket=41494 L4 wlan0 -> ch8  (retuning, ~700ms loss)  | BL=[]
[TX  ->  *] bucket=41494 L4 active=wlan0 ch8  BL=[]
[RX  <- B] bucket=41494  peer_BL=[]  my_BL=[]
[01:53:46] HOP bucket=41495 L4 wlan0 -> ch6  (retuning, ~700ms loss)  | BL=[]
[TX  ->  *] bucket=41495 L4 active=wlan0 ch6  BL=[]
[RX  <- B] bucket=41495  peer_BL=[]  my_BL=[]
[01:53:48] HOP bucket=41496 L4 wlan0 -> ch3  (retuning, ~700ms loss)  | BL=[]
[RX  <- B] bucket=41496  peer_BL=[]  my_BL=[]
[TX  ->  *] bucket=41496 L4 active=wlan0 ch3  BL=[]
[01:53:50] HOP bucket=41497 L4 wlan0 -> ch4  (retuning, ~700ms loss)  | BL=[]
[TX  ->  *] bucket=41497 L4 active=wlan0 ch4  BL=[]
[RX  <- B] bucket=41497  peer_BL=[]  my_BL=[]
[01:53:52] HOP bucket=41498 L4 wlan0 -> ch10  (retuning, ~700ms loss)  | BL=[]
[TX  ->  *] bucket=41498 L4 active=wlan0 ch10  BL=[]
[RX  <- B] bucket=41498  peer_BL=[]  my_BL=[]
[01:53:54] HOP bucket=41499 L4 wlan0 -> ch3  (retuning, ~700ms loss)  | BL=[]
[TX  ->  *] bucket=41499 L4 active=wlan0 ch3  BL=[]
[RX  <- B] bucket=41499  peer_BL=[]  my_BL=[]
[01:53:56] HOP bucket=41500 L4 wlan0 -> ch4  (retuning, ~700ms loss)  | BL=[]
[TX  ->  *] bucket=41500 L4 active=wlan0 ch4  BL=[]
[RX  <- B] bucket=41500  peer_BL=[]  my_BL=[]
[01:53:58] HOP bucket=41501 L4 wlan0 -> ch5  (retuning, ~700ms loss)  | BL=[]
[TX  ->  *] bucket=41501 L4 active=wlan0 ch5  BL=[]
[RX  <- B] bucket=41501  peer_BL=[]  my_BL=[]
[01:54:00] HOP bucket=41502 L4 wlan0 -> ch5  (retuning, ~700ms loss)  | BL=[]
[TX  ->  *] bucket=41502 L4 active=wlan0 ch5  BL=[]
[RX  <- B] bucket=41502  peer_BL=[]  my_BL=[]
[01:54:02] HOP bucket=41503 L4 wlan0 -> ch6  (retuning, ~700ms loss)  | BL=[]
[TX  ->  *] bucket=41503 L4 active=wlan0 ch6  BL=[]
[RX  <- B] bucket=41503  peer_BL=[]  my_BL=[]
[01:54:04] HOP bucket=41504 L4 wlan0 -> ch11  (retuning, ~700ms loss)  | BL=[]
[RX  <- B] bucket=41504  peer_BL=[]  my_BL=[]
[TX  ->  *] bucket=41504 L4 active=wlan0 ch11  BL=[]
[01:54:06] HOP bucket=41505 L4 wlan0 -> ch9  (retuning, ~700ms loss)  | BL=[]
[RX  <- B] bucket=41505  peer_BL=[]  my_BL=[]
[TX  ->  *] bucket=41505 L4 active=wlan0 ch9  BL=[]
[01:54:08] HOP bucket=41506 L4 wlan0 -> ch7  (retuning, ~700ms loss)  | BL=[]
[TX  ->  *] bucket=41506 L4 active=wlan0 ch7  BL=[]
[RX  <- B] bucket=41506  peer_BL=[]  my_BL=[]
[01:54:10] HOP bucket=41507 L4 wlan0 -> ch9  (retuning, ~700ms loss)  | BL=[]
[TX  ->  *] bucket=41507 L4 active=wlan0 ch9  BL=[]
[RX  <- B] bucket=41507  peer_BL=[]  my_BL=[]
[01:54:12] HOP bucket=41508 L4 wlan0 -> ch4  (retuning, ~700ms loss)  | BL=[]
[TX  ->  *] bucket=41508 L4 active=wlan0 ch4  BL=[]
[RX  <- B] bucket=41508  peer_BL=[]  my_BL=[]
[01:54:14] HOP bucket=41509 L4 wlan0 -> ch4  (retuning, ~700ms loss)  | BL=[]
[TX  ->  *] bucket=41509 L4 active=wlan0 ch4  BL=[]
[RX  <- B] bucket=41509  peer_BL=[]  my_BL=[]
[01:54:16] HOP bucket=41510 L4 wlan0 -> ch11  (retuning, ~700ms loss)  | BL=[]
[TX  ->  *] bucket=41510 L4 active=wlan0 ch11  BL=[]
[RX  <- B] bucket=41510  peer_BL=[]  my_BL=[]
[01:54:18] HOP bucket=41511 L4 wlan0 -> ch8  (retuning, ~700ms loss)  | BL=[]
[TX  ->  *] bucket=41511 L4 active=wlan0 ch8  BL=[]
[RX  <- B] bucket=41511  peer_BL=[]  my_BL=[]
[01:54:20] HOP bucket=41512 L4 wlan0 -> ch6  (retuning, ~700ms loss)  | BL=[]
[TX  ->  *] bucket=41512 L4 active=wlan0 ch6  BL=[]
[RX  <- B] bucket=41512  peer_BL=[]  my_BL=[]
[01:54:22] HOP bucket=41513 L4 wlan0 -> ch5  (retuning, ~700ms loss)  | BL=[]
[RX  <- B] bucket=41513  peer_BL=[]  my_BL=[]
[TX  ->  *] bucket=41513 L4 active=wlan0 ch5  BL=[]
[01:54:24] HOP bucket=41514 L4 wlan0 -> ch11  (retuning, ~700ms loss)  | BL=[]
[RX  <- B] bucket=41514  peer_BL=[]  my_BL=[]
[TX  ->  *] bucket=41514 L4 active=wlan0 ch11  BL=[]
[01:54:26] HOP bucket=41515 L4 wlan0 -> ch3  (retuning, ~700ms loss)  | BL=[]
[TX  ->  *] bucket=41515 L4 active=wlan0 ch3  BL=[]
[RX  <- B] bucket=41515  peer_BL=[]  my_BL=[]
[01:54:28] HOP bucket=41516 L4 wlan0 -> ch10  (retuning, ~700ms loss)  | BL=[]
[RX  <- B] bucket=41516  peer_BL=[]  my_BL=[]
[TX  ->  *] bucket=41516 L4 active=wlan0 ch10  BL=[]
[01:54:30] HOP bucket=41517 L4 wlan0 -> ch10  (retuning, ~700ms loss)  | BL=[]
[RX  <- B] bucket=41517  peer_BL=[]  my_BL=[]
[TX  ->  *] bucket=41517 L4 active=wlan0 ch10  BL=[]
[01:54:32] HOP bucket=41518 L4 wlan0 -> ch4  (retuning, ~700ms loss)  | BL=[]
[RX  <- B] bucket=41518  peer_BL=[]  my_BL=[]
[TX  ->  *] bucket=41518 L4 active=wlan0 ch4  BL=[]
[01:54:34] HOP bucket=41519 L4 wlan0 -> ch7  (retuning, ~700ms loss)  | BL=[]
[RX  <- B] bucket=41519  peer_BL=[]  my_BL=[]
[TX  ->  *] bucket=41519 L4 active=wlan0 ch7  BL=[]
[01:54:36] HOP bucket=41520 L4 wlan0 -> ch4  (retuning, ~700ms loss)  | BL=[]
[RX  <- B] bucket=41520  peer_BL=[]  my_BL=[]
[TX  ->  *] bucket=41520 L4 active=wlan0 ch4  BL=[]
[01:54:38] HOP bucket=41521 L4 wlan0 -> ch7  (retuning, ~700ms loss)  | BL=[]
[TX  ->  *] bucket=41521 L4 active=wlan0 ch7  BL=[]
[RX  <- B] bucket=41521  peer_BL=[]  my_BL=[]
[01:54:40] HOP bucket=41522 L4 wlan0 -> ch5  (retuning, ~700ms loss)  | BL=[]
[TX  ->  *] bucket=41522 L4 active=wlan0 ch5  BL=[]
[RX  <- B] bucket=41522  peer_BL=[]  my_BL=[]
[01:54:42] HOP bucket=41523 L4 wlan0 -> ch6  (retuning, ~700ms loss)  | BL=[]
[TX  ->  *] bucket=41523 L4 active=wlan0 ch6  BL=[]
[RX  <- B] bucket=41523  peer_BL=[]  my_BL=[]
[01:54:44] HOP bucket=41524 L4 wlan0 -> ch8  (retuning, ~700ms loss)  | BL=[]
[TX  ->  *] bucket=41524 L4 active=wlan0 ch8  BL=[]
[RX  <- B] bucket=41524  peer_BL=[]  my_BL=[]
[01:54:46] HOP bucket=41525 L4 wlan0 -> ch9  (retuning, ~700ms loss)  | BL=[]
[TX  ->  *] bucket=41525 L4 active=wlan0 ch9  BL=[]
[RX  <- B] bucket=41525  peer_BL=[]  my_BL=[]
[01:54:48] HOP bucket=41526 L4 wlan0 -> ch11  (retuning, ~700ms loss)  | BL=[]
[TX  ->  *] bucket=41526 L4 active=wlan0 ch11  BL=[]
[RX  <- B] bucket=41526  peer_BL=[]  my_BL=[]
[01:54:50] HOP bucket=41527 L4 wlan0 -> ch9  (retuning, ~700ms loss)  | BL=[]
[TX  ->  *] bucket=41527 L4 active=wlan0 ch9  BL=[]
[RX  <- B] bucket=41527  peer_BL=[]  my_BL=[]
[01:54:52] HOP bucket=41528 L4 wlan0 -> ch3  (retuning, ~700ms loss)  | BL=[]
[TX  ->  *] bucket=41528 L4 active=wlan0 ch3  BL=[]
[RX  <- B] bucket=41528  peer_BL=[]  my_BL=[]
[01:54:54] HOP bucket=41529 L4 wlan0 -> ch10  (retuning, ~700ms loss)  | BL=[]
[TX  ->  *] bucket=41529 L4 active=wlan0 ch10  BL=[]
[RX  <- B] bucket=41529  peer_BL=[]  my_BL=[]
[01:54:56] HOP bucket=41530 L4 wlan0 -> ch7  (retuning, ~700ms loss)  | BL=[]
[RX  <- B] bucket=41530  peer_BL=[]  my_BL=[]
[TX  ->  *] bucket=41530 L4 active=wlan0 ch7  BL=[]
[01:54:58] HOP bucket=41531 L4 wlan0 -> ch3  (retuning, ~700ms loss)  | BL=[]
[TX  ->  *] bucket=41531 L4 active=wlan0 ch3  BL=[]
[RX  <- B] bucket=41531  peer_BL=[]  my_BL=[]
[01:55:00] HOP bucket=41532 L4 wlan0 -> ch10  (retuning, ~700ms loss)  | BL=[]
[TX  ->  *] bucket=41532 L4 active=wlan0 ch10  BL=[]
[RX  <- B] bucket=41532  peer_BL=[]  my_BL=[]
[01:55:02] HOP bucket=41533 L4 wlan0 -> ch10  (retuning, ~700ms loss)  | BL=[]
[TX  ->  *] bucket=41533 L4 active=wlan0 ch10  BL=[]
[RX  <- B] bucket=41533  peer_BL=[]  my_BL=[]
[01:55:04] HOP bucket=41534 L4 wlan0 -> ch5  (retuning, ~700ms loss)  | BL=[]
[RX  <- B] bucket=41534  peer_BL=[]  my_BL=[]
[TX  ->  *] bucket=41534 L4 active=wlan0 ch5  BL=[]
[01:55:06] HOP bucket=41535 L4 wlan0 -> ch5  (retuning, ~700ms loss)  | BL=[]
[TX  ->  *] bucket=41535 L4 active=wlan0 ch5  BL=[]
[RX  <- B] bucket=41535  peer_BL=[]  my_BL=[]
[01:55:08] HOP bucket=41536 L4 wlan0 -> ch6  (retuning, ~700ms loss)  | BL=[]
[TX  ->  *] bucket=41536 L4 active=wlan0 ch6  BL=[]
[RX  <- B] bucket=41536  peer_BL=[]  my_BL=[]
[01:55:10] HOP bucket=41537 L4 wlan0 -> ch7  (retuning, ~700ms loss)  | BL=[]
[RX  <- B] bucket=41537  peer_BL=[]  my_BL=[]
[TX  ->  *] bucket=41537 L4 active=wlan0 ch7  BL=[]
[01:55:12] HOP bucket=41538 L4 wlan0 -> ch11  (retuning, ~700ms loss)  | BL=[]
[TX  ->  *] bucket=41538 L4 active=wlan0 ch11  BL=[]
[RX  <- B] bucket=41538  peer_BL=[]  my_BL=[]
[01:55:14] HOP bucket=41539 L4 wlan0 -> ch9  (retuning, ~700ms loss)  | BL=[]
[RX  <- B] bucket=41539  peer_BL=[]  my_BL=[]
[TX  ->  *] bucket=41539 L4 active=wlan0 ch9  BL=[]
[01:55:16] HOP bucket=41540 L4 wlan0 -> ch8  (retuning, ~700ms loss)  | BL=[]
[TX  ->  *] bucket=41540 L4 active=wlan0 ch8  BL=[]
[RX  <- B] bucket=41540  peer_BL=[]  my_BL=[]
[01:55:18] HOP bucket=41541 L4 wlan0 -> ch11  (retuning, ~700ms loss)  | BL=[]
[TX  ->  *] bucket=41541 L4 active=wlan0 ch11  BL=[]
[RX  <- B] bucket=41541  peer_BL=[]  my_BL=[]
[01:55:20] HOP bucket=41542 L4 wlan0 -> ch9  (retuning, ~700ms loss)  | BL=[]
[RX  <- B] bucket=41542  peer_BL=[]  my_BL=[]
[TX  ->  *] bucket=41542 L4 active=wlan0 ch9  BL=[]
[01:55:22] HOP bucket=41543 L4 wlan0 -> ch4  (retuning, ~700ms loss)  | BL=[]
[TX  ->  *] bucket=41543 L4 active=wlan0 ch4  BL=[]
[RX  <- B] bucket=41543  peer_BL=[]  my_BL=[]
[01:55:24] HOP bucket=41544 L4 wlan0 -> ch9  (retuning, ~700ms loss)  | BL=[]
[TX  ->  *] bucket=41544 L4 active=wlan0 ch9  BL=[]
[RX  <- B] bucket=41544  peer_BL=[]  my_BL=[]
[01:55:26] HOP bucket=41545 L4 wlan0 -> ch11  (retuning, ~700ms loss)  | BL=[]
[TX  ->  *] bucket=41545 L4 active=wlan0 ch11  BL=[]
[RX  <- B] bucket=41545  peer_BL=[]  my_BL=[]
[01:55:28] HOP bucket=41546 L4 wlan0 -> ch11  (retuning, ~700ms loss)  | BL=[]
[TX  ->  *] bucket=41546 L4 active=wlan0 ch11  BL=[]
[RX  <- B] bucket=41546  peer_BL=[]  my_BL=[]
[01:55:30] HOP bucket=41547 L4 wlan0 -> ch5  (retuning, ~700ms loss)  | BL=[]
[RX  <- B] bucket=41547  peer_BL=[]  my_BL=[]
[TX  ->  *] bucket=41547 L4 active=wlan0 ch5  BL=[]
[01:55:32] HOP bucket=41548 L4 wlan0 -> ch8  (retuning, ~700ms loss)  | BL=[]
[RX  <- B] bucket=41548  peer_BL=[]  my_BL=[]
[TX  ->  *] bucket=41548 L4 active=wlan0 ch8  BL=[]
[01:55:34] HOP bucket=41549 L4 wlan0 -> ch8  (retuning, ~700ms loss)  | BL=[]
[RX  <- B] bucket=41549  peer_BL=[]  my_BL=[]
[TX  ->  *] bucket=41549 L4 active=wlan0 ch8  BL=[]
[01:55:36] HOP bucket=41550 L4 wlan0 -> ch7  (retuning, ~700ms loss)  | BL=[]
[RX  <- B] bucket=41550  peer_BL=[]  my_BL=[]
[TX  ->  *] bucket=41550 L4 active=wlan0 ch7  BL=[]
[01:55:38] HOP bucket=41551 L4 wlan0 -> ch6  (retuning, ~700ms loss)  | BL=[]
[RX  <- B] bucket=41551  peer_BL=[]  my_BL=[]
[TX  ->  *] bucket=41551 L4 active=wlan0 ch6  BL=[]
[01:55:40] HOP bucket=41552 L4 wlan0 -> ch6  (retuning, ~700ms loss)  | BL=[]
[RX  <- B] bucket=41552  peer_BL=[]  my_BL=[]
[TX  ->  *] bucket=41552 L4 active=wlan0 ch6  BL=[]
[01:55:42] HOP bucket=41553 L4 wlan0 -> ch3  (retuning, ~700ms loss)  | BL=[]
[TX  ->  *] bucket=41553 L4 active=wlan0 ch3  BL=[]
[RX  <- B] bucket=41553  peer_BL=[]  my_BL=[]
[01:55:44] HOP bucket=41554 L4 wlan0 -> ch10  (retuning, ~700ms loss)  | BL=[]
[TX  ->  *] bucket=41554 L4 active=wlan0 ch10  BL=[]
[RX  <- B] bucket=41554  peer_BL=[]  my_BL=[]
[01:55:46] HOP bucket=41555 L4 wlan0 -> ch8  (retuning, ~700ms loss)  | BL=[]
[TX  ->  *] bucket=41555 L4 active=wlan0 ch8  BL=[]
[RX  <- B] bucket=41555  peer_BL=[]  my_BL=[]
[01:55:48] HOP bucket=41556 L4 wlan0 -> ch4  (retuning, ~700ms loss)  | BL=[]
[TX  ->  *] bucket=41556 L4 active=wlan0 ch4  BL=[]
[RX  <- B] bucket=41556  peer_BL=[]  my_BL=[]
[01:55:50] HOP bucket=41557 L4 wlan0 -> ch10  (retuning, ~700ms loss)  | BL=[]
[TX  ->  *] bucket=41557 L4 active=wlan0 ch10  BL=[]
[RX  <- B] bucket=41557  peer_BL=[]  my_BL=[]
[01:55:52] HOP bucket=41558 L4 wlan0 -> ch9  (retuning, ~700ms loss)  | BL=[]
[TX  ->  *] bucket=41558 L4 active=wlan0 ch9  BL=[]
[RX  <- B] bucket=41558  peer_BL=[]  my_BL=[]
[01:55:54] HOP bucket=41559 L4 wlan0 -> ch7  (retuning, ~700ms loss)  | BL=[]
[RX  <- B] bucket=41559  peer_BL=[]  my_BL=[]
[TX  ->  *] bucket=41559 L4 active=wlan0 ch7  BL=[]
[01:55:56] HOP bucket=41560 L4 wlan0 -> ch10  (retuning, ~700ms loss)  | BL=[]
[TX  ->  *] bucket=41560 L4 active=wlan0 ch10  BL=[]
[RX  <- B] bucket=41560  peer_BL=[]  my_BL=[]
[01:55:58] HOP bucket=41561 L4 wlan0 -> ch7  (retuning, ~700ms loss)  | BL=[]
[RX  <- B] bucket=41561  peer_BL=[]  my_BL=[]
[TX  ->  *] bucket=41561 L4 active=wlan0 ch7  BL=[]
[01:56:00] HOP bucket=41562 L4 wlan0 -> ch7  (retuning, ~700ms loss)  | BL=[]
[RX  <- B] bucket=41562  peer_BL=[]  my_BL=[]
[TX  ->  *] bucket=41562 L4 active=wlan0 ch7  BL=[]
[01:56:02] HOP bucket=41563 L4 wlan0 -> ch9  (retuning, ~700ms loss)  | BL=[]
[TX  ->  *] bucket=41563 L4 active=wlan0 ch9  BL=[]
[RX  <- B] bucket=41563  peer_BL=[]  my_BL=[]
[01:56:04] HOP bucket=41564 L4 wlan0 -> ch6  (retuning, ~700ms loss)  | BL=[]
[TX  ->  *] bucket=41564 L4 active=wlan0 ch6  BL=[]
[RX  <- B] bucket=41564  peer_BL=[]  my_BL=[]
[01:56:06] HOP bucket=41565 L4 wlan0 -> ch9  (retuning, ~700ms loss)  | BL=[]
[TX  ->  *] bucket=41565 L4 active=wlan0 ch9  BL=[]
[RX  <- B] bucket=41565  peer_BL=[]  my_BL=[]
[01:56:08] HOP bucket=41566 L4 wlan0 -> ch8  (retuning, ~700ms loss)  | BL=[]
[TX  ->  *] bucket=41566 L4 active=wlan0 ch8  BL=[]
[RX  <- B] bucket=41566  peer_BL=[]  my_BL=[]
[01:56:10] HOP bucket=41567 L4 wlan0 -> ch6  (retuning, ~700ms loss)  | BL=[]
[RX  <- B] bucket=41567  peer_BL=[]  my_BL=[]
[TX  ->  *] bucket=41567 L4 active=wlan0 ch6  BL=[]
[01:56:12] HOP bucket=41568 L4 wlan0 -> ch4  (retuning, ~700ms loss)  | BL=[]
[TX  ->  *] bucket=41568 L4 active=wlan0 ch4  BL=[]
[RX  <- B] bucket=41568  peer_BL=[]  my_BL=[]
[01:56:14] HOP bucket=41569 L4 wlan0 -> ch11  (retuning, ~700ms loss)  | BL=[]
[RX  <- B] bucket=41569  peer_BL=[]  my_BL=[]
[TX  ->  *] bucket=41569 L4 active=wlan0 ch11  BL=[]
[01:56:16] HOP bucket=41570 L4 wlan0 -> ch7  (retuning, ~700ms loss)  | BL=[]
[RX  <- B] bucket=41570  peer_BL=[]  my_BL=[]
[TX  ->  *] bucket=41570 L4 active=wlan0 ch7  BL=[]
[01:56:18] HOP bucket=41571 L4 wlan0 -> ch4  (retuning, ~700ms loss)  | BL=[]
[TX  ->  *] bucket=41571 L4 active=wlan0 ch4  BL=[]
[RX  <- B] bucket=41571  peer_BL=[]  my_BL=[]
[01:56:20] HOP bucket=41572 L4 wlan0 -> ch3  (retuning, ~700ms loss)  | BL=[]
[TX  ->  *] bucket=41572 L4 active=wlan0 ch3  BL=[]
[RX  <- B] bucket=41572  peer_BL=[]  my_BL=[]
[01:56:22] HOP bucket=41573 L4 wlan0 -> ch11  (retuning, ~700ms loss)  | BL=[]
[RX  <- B] bucket=41573  peer_BL=[]  my_BL=[]
[TX  ->  *] bucket=41573 L4 active=wlan0 ch11  BL=[]
[01:56:24] HOP bucket=41574 L4 wlan0 -> ch4  (retuning, ~700ms loss)  | BL=[]
[RX  <- B] bucket=41574  peer_BL=[]  my_BL=[]
[TX  ->  *] bucket=41574 L4 active=wlan0 ch4  BL=[]
[01:56:26] HOP bucket=41575 L4 wlan0 -> ch11  (retuning, ~700ms loss)  | BL=[]
[TX  ->  *] bucket=41575 L4 active=wlan0 ch11  BL=[]
[RX  <- B] bucket=41575  peer_BL=[]  my_BL=[]
[01:56:28] HOP bucket=41576 L4 wlan0 -> ch7  (retuning, ~700ms loss)  | BL=[]
[TX  ->  *] bucket=41576 L4 active=wlan0 ch7  BL=[]
[RX  <- B] bucket=41576  peer_BL=[]  my_BL=[]
[01:56:30] HOP bucket=41577 L4 wlan0 -> ch7  (retuning, ~700ms loss)  | BL=[]
[RX  <- B] bucket=41577  peer_BL=[]  my_BL=[]
[TX  ->  *] bucket=41577 L4 active=wlan0 ch7  BL=[]
[01:56:32] HOP bucket=41578 L4 wlan0 -> ch11  (retuning, ~700ms loss)  | BL=[]
[TX  ->  *] bucket=41578 L4 active=wlan0 ch11  BL=[]
[RX  <- B] bucket=41578  peer_BL=[]  my_BL=[]
[01:56:34] HOP bucket=41579 L4 wlan0 -> ch4  (retuning, ~700ms loss)  | BL=[]
[TX  ->  *] bucket=41579 L4 active=wlan0 ch4  BL=[]
[RX  <- B] bucket=41579  peer_BL=[]  my_BL=[]
[01:56:36] HOP bucket=41580 L4 wlan0 -> ch6  (retuning, ~700ms loss)  | BL=[]
[TX  ->  *] bucket=41580 L4 active=wlan0 ch6  BL=[]
[RX  <- B] bucket=41580  peer_BL=[]  my_BL=[]
[01:56:38] HOP bucket=41581 L4 wlan0 -> ch10  (retuning, ~700ms loss)  | BL=[]
[RX  <- B] bucket=41581  peer_BL=[]  my_BL=[]
[TX  ->  *] bucket=41581 L4 active=wlan0 ch10  BL=[]
[01:56:40] HOP bucket=41582 L4 wlan0 -> ch7  (retuning, ~700ms loss)  | BL=[]
[RX  <- B] bucket=41582  peer_BL=[]  my_BL=[]
[TX  ->  *] bucket=41582 L4 active=wlan0 ch7  BL=[]
[01:56:42] HOP bucket=41583 L4 wlan0 -> ch4  (retuning, ~700ms loss)  | BL=[]
[TX  ->  *] bucket=41583 L4 active=wlan0 ch4  BL=[]
[RX  <- B] bucket=41583  peer_BL=[]  my_BL=[]
[01:56:44] HOP bucket=41584 L4 wlan0 -> ch5  (retuning, ~700ms loss)  | BL=[]
[RX  <- B] bucket=41584  peer_BL=[]  my_BL=[]
[TX  ->  *] bucket=41584 L4 active=wlan0 ch5  BL=[]
[01:56:46] HOP bucket=41585 L4 wlan0 -> ch6  (retuning, ~700ms loss)  | BL=[]
[TX  ->  *] bucket=41585 L4 active=wlan0 ch6  BL=[]
[RX  <- B] bucket=41585  peer_BL=[]  my_BL=[]
[01:56:48] HOP bucket=41586 L4 wlan0 -> ch10  (retuning, ~700ms loss)  | BL=[]
[TX  ->  *] bucket=41586 L4 active=wlan0 ch10  BL=[]
[RX  <- B] bucket=41586  peer_BL=[]  my_BL=[]
[01:56:50] HOP bucket=41587 L4 wlan0 -> ch10  (retuning, ~700ms loss)  | BL=[]
[TX  ->  *] bucket=41587 L4 active=wlan0 ch10  BL=[]
[RX  <- B] bucket=41587  peer_BL=[]  my_BL=[]
[01:56:52] HOP bucket=41588 L4 wlan0 -> ch9  (retuning, ~700ms loss)  | BL=[]
[RX  <- B] bucket=41588  peer_BL=[]  my_BL=[]
[TX  ->  *] bucket=41588 L4 active=wlan0 ch9  BL=[]
[01:56:54] HOP bucket=41589 L4 wlan0 -> ch9  (retuning, ~700ms loss)  | BL=[]
[RX  <- B] bucket=41589  peer_BL=[]  my_BL=[]
[TX  ->  *] bucket=41589 L4 active=wlan0 ch9  BL=[]
[01:56:56] HOP bucket=41590 L4 wlan0 -> ch7  (retuning, ~700ms loss)  | BL=[]
[RX  <- B] bucket=41590  peer_BL=[]  my_BL=[]
[TX  ->  *] bucket=41590 L4 active=wlan0 ch7  BL=[]
[01:56:58] HOP bucket=41591 L4 wlan0 -> ch5  (retuning, ~700ms loss)  | BL=[]
[RX  <- B] bucket=41591  peer_BL=[]  my_BL=[]
[TX  ->  *] bucket=41591 L4 active=wlan0 ch5  BL=[]
[01:57:00] HOP bucket=41592 L4 wlan0 -> ch5  (retuning, ~700ms loss)  | BL=[]
[TX  ->  *] bucket=41592 L4 active=wlan0 ch5  BL=[]
[RX  <- B] bucket=41592  peer_BL=[]  my_BL=[]
[01:57:02] HOP bucket=41593 L4 wlan0 -> ch10  (retuning, ~700ms loss)  | BL=[]
[RX  <- B] bucket=41593  peer_BL=[]  my_BL=[]
[TX  ->  *] bucket=41593 L4 active=wlan0 ch10  BL=[]
[01:57:04] HOP bucket=41594 L4 wlan0 -> ch8  (retuning, ~700ms loss)  | BL=[]
[TX  ->  *] bucket=41594 L4 active=wlan0 ch8  BL=[]
[RX  <- B] bucket=41594  peer_BL=[]  my_BL=[]
[01:57:06] HOP bucket=41595 L4 wlan0 -> ch10  (retuning, ~700ms loss)  | BL=[]
[TX  ->  *] bucket=41595 L4 active=wlan0 ch10  BL=[]
[RX  <- B] bucket=41595  peer_BL=[]  my_BL=[]
[01:57:08] HOP bucket=41596 L4 wlan0 -> ch11  (retuning, ~700ms loss)  | BL=[]
[TX  ->  *] bucket=41596 L4 active=wlan0 ch11  BL=[]
[RX  <- B] bucket=41596  peer_BL=[]  my_BL=[]
[01:57:10] HOP bucket=41597 L4 wlan0 -> ch8  (retuning, ~700ms loss)  | BL=[]
[TX  ->  *] bucket=41597 L4 active=wlan0 ch8  BL=[]
[RX  <- B] bucket=41597  peer_BL=[]  my_BL=[]
[01:57:12] HOP bucket=41598 L4 wlan0 -> ch4  (retuning, ~700ms loss)  | BL=[]
[RX  <- B] bucket=41598  peer_BL=[]  my_BL=[]
[TX  ->  *] bucket=41598 L4 active=wlan0 ch4  BL=[]
[01:57:14] HOP bucket=41599 L4 wlan0 -> ch6  (retuning, ~700ms loss)  | BL=[]
[TX  ->  *] bucket=41599 L4 active=wlan0 ch6  BL=[]
[RX  <- B] bucket=41599  peer_BL=[]  my_BL=[]
[01:57:16] HOP bucket=41600 L4 wlan0 -> ch8  (retuning, ~700ms loss)  | BL=[]
[RX  <- B] bucket=41600  peer_BL=[]  my_BL=[]
[TX  ->  *] bucket=41600 L4 active=wlan0 ch8  BL=[]
[01:57:18] HOP bucket=41601 L4 wlan0 -> ch10  (retuning, ~700ms loss)  | BL=[]
[RX  <- B] bucket=41601  peer_BL=[]  my_BL=[]
[TX  ->  *] bucket=41601 L4 active=wlan0 ch10  BL=[]
[01:57:20] HOP bucket=41602 L4 wlan0 -> ch6  (retuning, ~700ms loss)  | BL=[]
[RX  <- B] bucket=41602  peer_BL=[]  my_BL=[]
[TX  ->  *] bucket=41602 L4 active=wlan0 ch6  BL=[]
[01:57:22] HOP bucket=41603 L4 wlan0 -> ch11  (retuning, ~700ms loss)  | BL=[]
[RX  <- B] bucket=41603  peer_BL=[]  my_BL=[]
[TX  ->  *] bucket=41603 L4 active=wlan0 ch11  BL=[]
[01:57:24] HOP bucket=41604 L4 wlan0 -> ch10  (retuning, ~700ms loss)  | BL=[]
[TX  ->  *] bucket=41604 L4 active=wlan0 ch10  BL=[]
[RX  <- B] bucket=41604  peer_BL=[]  my_BL=[]
[01:57:26] HOP bucket=41605 L4 wlan0 -> ch9  (retuning, ~700ms loss)  | BL=[]
[TX  ->  *] bucket=41605 L4 active=wlan0 ch9  BL=[]
[RX  <- B] bucket=41605  peer_BL=[]  my_BL=[]
[01:57:28] HOP bucket=41606 L4 wlan0 -> ch3  (retuning, ~700ms loss)  | BL=[]
[TX  ->  *] bucket=41606 L4 active=wlan0 ch3  BL=[]
[RX  <- B] bucket=41606  peer_BL=[]  my_BL=[]
[01:57:30] HOP bucket=41607 L4 wlan0 -> ch6  (retuning, ~700ms loss)  | BL=[]
[TX  ->  *] bucket=41607 L4 active=wlan0 ch6  BL=[]
[RX  <- B] bucket=41607  peer_BL=[]  my_BL=[]
[01:57:32] HOP bucket=41608 L4 wlan0 -> ch4  (retuning, ~700ms loss)  | BL=[]
[TX  ->  *] bucket=41608 L4 active=wlan0 ch4  BL=[]
[RX  <- B] bucket=41608  peer_BL=[]  my_BL=[]
[01:57:34] HOP bucket=41609 L4 wlan0 -> ch4  (retuning, ~700ms loss)  | BL=[]
[RX  <- B] bucket=41609  peer_BL=[]  my_BL=[]
[TX  ->  *] bucket=41609 L4 active=wlan0 ch4  BL=[]
[01:57:36] HOP bucket=41610 L4 wlan0 -> ch8  (retuning, ~700ms loss)  | BL=[]
[TX  ->  *] bucket=41610 L4 active=wlan0 ch8  BL=[]
[RX  <- B] bucket=41610  peer_BL=[]  my_BL=[]
[01:57:38] HOP bucket=41611 L4 wlan0 -> ch9  (retuning, ~700ms loss)  | BL=[]
[RX  <- B] bucket=41611  peer_BL=[]  my_BL=[]
[TX  ->  *] bucket=41611 L4 active=wlan0 ch9  BL=[]
[01:57:40] HOP bucket=41612 L4 wlan0 -> ch3  (retuning, ~700ms loss)  | BL=[]
[RX  <- B] bucket=41612  peer_BL=[]  my_BL=[]
[TX  ->  *] bucket=41612 L4 active=wlan0 ch3  BL=[]
[01:57:42] HOP bucket=41613 L4 wlan0 -> ch11  (retuning, ~700ms loss)  | BL=[]
[RX  <- B] bucket=41613  peer_BL=[]  my_BL=[]
[TX  ->  *] bucket=41613 L4 active=wlan0 ch11  BL=[]
[01:57:44] HOP bucket=41614 L4 wlan0 -> ch3  (retuning, ~700ms loss)  | BL=[]
[RX  <- B] bucket=41614  peer_BL=[]  my_BL=[]
[TX  ->  *] bucket=41614 L4 active=wlan0 ch3  BL=[]
[01:57:46] HOP bucket=41615 L4 wlan0 -> ch11  (retuning, ~700ms loss)  | BL=[]
[RX  <- B] bucket=41615  peer_BL=[]  my_BL=[]
[TX  ->  *] bucket=41615 L4 active=wlan0 ch11  BL=[]
[01:57:48] HOP bucket=41616 L4 wlan0 -> ch9  (retuning, ~700ms loss)  | BL=[]
[TX  ->  *] bucket=41616 L4 active=wlan0 ch9  BL=[]
[RX  <- B] bucket=41616  peer_BL=[]  my_BL=[]
[01:57:50] HOP bucket=41617 L4 wlan0 -> ch3  (retuning, ~700ms loss)  | BL=[]
[TX  ->  *] bucket=41617 L4 active=wlan0 ch3  BL=[]
[RX  <- B] bucket=41617  peer_BL=[]  my_BL=[]
[01:57:52] HOP bucket=41618 L4 wlan0 -> ch6  (retuning, ~700ms loss)  | BL=[]
[TX  ->  *] bucket=41618 L4 active=wlan0 ch6  BL=[]
[RX  <- B] bucket=41618  peer_BL=[]  my_BL=[]
[01:57:54] HOP bucket=41619 L4 wlan0 -> ch7  (retuning, ~700ms loss)  | BL=[]
[TX  ->  *] bucket=41619 L4 active=wlan0 ch7  BL=[]
[RX  <- B] bucket=41619  peer_BL=[]  my_BL=[]
[01:57:56] HOP bucket=41620 L4 wlan0 -> ch3  (retuning, ~700ms loss)  | BL=[]
[TX  ->  *] bucket=41620 L4 active=wlan0 ch3  BL=[]
[RX  <- B] bucket=41620  peer_BL=[]  my_BL=[]
[01:57:58] HOP bucket=41621 L4 wlan0 -> ch8  (retuning, ~700ms loss)  | BL=[]
[TX  ->  *] bucket=41621 L4 active=wlan0 ch8  BL=[]
[RX  <- B] bucket=41621  peer_BL=[]  my_BL=[]
[01:58:00] HOP bucket=41622 L4 wlan0 -> ch10  (retuning, ~700ms loss)  | BL=[]
[RX  <- B] bucket=41622  peer_BL=[]  my_BL=[]
[TX  ->  *] bucket=41622 L4 active=wlan0 ch10  BL=[]
[01:58:02] HOP bucket=41623 L4 wlan0 -> ch3  (retuning, ~700ms loss)  | BL=[]
[TX  ->  *] bucket=41623 L4 active=wlan0 ch3  BL=[]
[RX  <- B] bucket=41623  peer_BL=[]  my_BL=[]
[01:58:04] HOP bucket=41624 L4 wlan0 -> ch11  (retuning, ~700ms loss)  | BL=[]
[RX  <- B] bucket=41624  peer_BL=[]  my_BL=[]
[TX  ->  *] bucket=41624 L4 active=wlan0 ch11  BL=[]
[01:58:06] HOP bucket=41625 L4 wlan0 -> ch6  (retuning, ~700ms loss)  | BL=[]
[TX  ->  *] bucket=41625 L4 active=wlan0 ch6  BL=[]
[RX  <- B] bucket=41625  peer_BL=[]  my_BL=[]
[01:58:08] HOP bucket=41626 L4 wlan0 -> ch3  (retuning, ~700ms loss)  | BL=[]
[TX  ->  *] bucket=41626 L4 active=wlan0 ch3  BL=[]
[RX  <- B] bucket=41626  peer_BL=[]  my_BL=[]
[01:58:10] HOP bucket=41627 L4 wlan0 -> ch3  (retuning, ~700ms loss)  | BL=[]
[RX  <- B] bucket=41627  peer_BL=[]  my_BL=[]
[TX  ->  *] bucket=41627 L4 active=wlan0 ch3  BL=[]
[01:58:12] HOP bucket=41628 L4 wlan0 -> ch11  (retuning, ~700ms loss)  | BL=[]
[RX  <- B] bucket=41628  peer_BL=[]  my_BL=[]
[TX  ->  *] bucket=41628 L4 active=wlan0 ch11  BL=[]
[01:58:14] HOP bucket=41629 L4 wlan0 -> ch10  (retuning, ~700ms loss)  | BL=[]
[TX  ->  *] bucket=41629 L4 active=wlan0 ch10  BL=[]
[RX  <- B] bucket=41629  peer_BL=[]  my_BL=[]
[01:58:16] HOP bucket=41630 L4 wlan0 -> ch11  (retuning, ~700ms loss)  | BL=[]
[RX  <- B] bucket=41630  peer_BL=[]  my_BL=[]
[TX  ->  *] bucket=41630 L4 active=wlan0 ch11  BL=[]
[01:58:18] HOP bucket=41631 L4 wlan0 -> ch11  (retuning, ~700ms loss)  | BL=[]
[RX  <- B] bucket=41631  peer_BL=[]  my_BL=[]
[TX  ->  *] bucket=41631 L4 active=wlan0 ch11  BL=[]
[01:58:20] HOP bucket=41632 L4 wlan0 -> ch11  (retuning, ~700ms loss)  | BL=[]
[RX  <- B] bucket=41632  peer_BL=[]  my_BL=[]
[TX  ->  *] bucket=41632 L4 active=wlan0 ch11  BL=[]
[01:58:22] HOP bucket=41633 L4 wlan0 -> ch3  (retuning, ~700ms loss)  | BL=[]
[RX  <- B] bucket=41633  peer_BL=[]  my_BL=[]
[TX  ->  *] bucket=41633 L4 active=wlan0 ch3  BL=[]
[01:58:24] HOP bucket=41634 L4 wlan0 -> ch7  (retuning, ~700ms loss)  | BL=[]
[RX  <- B] bucket=41634  peer_BL=[]  my_BL=[]
[TX  ->  *] bucket=41634 L4 active=wlan0 ch7  BL=[]
[01:58:26] HOP bucket=41635 L4 wlan0 -> ch4  (retuning, ~700ms loss)  | BL=[]
[RX  <- B] bucket=41635  peer_BL=[]  my_BL=[]
[TX  ->  *] bucket=41635 L4 active=wlan0 ch4  BL=[]
[01:58:28] HOP bucket=41636 L4 wlan0 -> ch11  (retuning, ~700ms loss)  | BL=[]
[RX  <- B] bucket=41636  peer_BL=[]  my_BL=[]
[TX  ->  *] bucket=41636 L4 active=wlan0 ch11  BL=[]
[01:58:30] HOP bucket=41637 L4 wlan0 -> ch10  (retuning, ~700ms loss)  | BL=[]
[RX  <- B] bucket=41637  peer_BL=[]  my_BL=[]
[TX  ->  *] bucket=41637 L4 active=wlan0 ch10  BL=[]
[01:58:32] HOP bucket=41638 L4 wlan0 -> ch6  (retuning, ~700ms loss)  | BL=[]
[RX  <- B] bucket=41638  peer_BL=[]  my_BL=[]
[TX  ->  *] bucket=41638 L4 active=wlan0 ch6  BL=[]
[01:58:34] HOP bucket=41639 L4 wlan0 -> ch10  (retuning, ~700ms loss)  | BL=[]
[RX  <- B] bucket=41639  peer_BL=[]  my_BL=[]
[TX  ->  *] bucket=41639 L4 active=wlan0 ch10  BL=[]
[01:58:36] HOP bucket=41640 L4 wlan0 -> ch7  (retuning, ~700ms loss)  | BL=[]
[RX  <- B] bucket=41640  peer_BL=[]  my_BL=[]
[TX  ->  *] bucket=41640 L4 active=wlan0 ch7  BL=[]
[01:58:38] HOP bucket=41641 L4 wlan0 -> ch8  (retuning, ~700ms loss)  | BL=[]
[TX  ->  *] bucket=41641 L4 active=wlan0 ch8  BL=[]
[RX  <- B] bucket=41641  peer_BL=[]  my_BL=[]
[01:58:40] HOP bucket=41642 L4 wlan0 -> ch3  (retuning, ~700ms loss)  | BL=[]
[RX  <- B] bucket=41642  peer_BL=[]  my_BL=[]
[TX  ->  *] bucket=41642 L4 active=wlan0 ch3  BL=[]
[01:58:42] HOP bucket=41643 L4 wlan0 -> ch9  (retuning, ~700ms loss)  | BL=[]
[TX  ->  *] bucket=41643 L4 active=wlan0 ch9  BL=[]
[RX  <- B] bucket=41643  peer_BL=[]  my_BL=[]
[01:58:44] HOP bucket=41644 L4 wlan0 -> ch8  (retuning, ~700ms loss)  | BL=[]
[RX  <- B] bucket=41644  peer_BL=[]  my_BL=[]
[TX  ->  *] bucket=41644 L4 active=wlan0 ch8  BL=[]
[01:58:46] HOP bucket=41645 L4 wlan0 -> ch4  (retuning, ~700ms loss)  | BL=[]
[RX  <- B] bucket=41645  peer_BL=[]  my_BL=[]
[TX  ->  *] bucket=41645 L4 active=wlan0 ch4  BL=[]
[01:58:48] HOP bucket=41646 L4 wlan0 -> ch8  (retuning, ~700ms loss)  | BL=[]
[RX  <- B] bucket=41646  peer_BL=[]  my_BL=[]
[TX  ->  *] bucket=41646 L4 active=wlan0 ch8  BL=[]
[01:58:50] HOP bucket=41647 L4 wlan0 -> ch6  (retuning, ~700ms loss)  | BL=[]
[RX  <- B] bucket=41647  peer_BL=[]  my_BL=[]
[TX  ->  *] bucket=41647 L4 active=wlan0 ch6  BL=[]
[01:58:52] HOP bucket=41648 L4 wlan0 -> ch7  (retuning, ~700ms loss)  | BL=[]
[TX  ->  *] bucket=41648 L4 active=wlan0 ch7  BL=[]
[RX  <- B] bucket=41648  peer_BL=[]  my_BL=[]
[01:58:54] HOP bucket=41649 L4 wlan0 -> ch10  (retuning, ~700ms loss)  | BL=[]
[RX  <- B] bucket=41649  peer_BL=[]  my_BL=[]
[TX  ->  *] bucket=41649 L4 active=wlan0 ch10  BL=[]
[01:58:56] HOP bucket=41650 L4 wlan0 -> ch11  (retuning, ~700ms loss)  | BL=[]
[TX  ->  *] bucket=41650 L4 active=wlan0 ch11  BL=[]
[RX  <- B] bucket=41650  peer_BL=[]  my_BL=[]
[01:58:58] HOP bucket=41651 L4 wlan0 -> ch8  (retuning, ~700ms loss)  | BL=[]
[TX  ->  *] bucket=41651 L4 active=wlan0 ch8  BL=[]
[RX  <- B] bucket=41651  peer_BL=[]  my_BL=[]
[01:59:00] HOP bucket=41652 L4 wlan0 -> ch8  (retuning, ~700ms loss)  | BL=[]
[TX  ->  *] bucket=41652 L4 active=wlan0 ch8  BL=[]
[RX  <- B] bucket=41652  peer_BL=[]  my_BL=[]
[01:59:02] HOP bucket=41653 L4 wlan0 -> ch8  (retuning, ~700ms loss)  | BL=[]
[TX  ->  *] bucket=41653 L4 active=wlan0 ch8  BL=[]
[RX  <- B] bucket=41653  peer_BL=[]  my_BL=[]
[01:59:04] HOP bucket=41654 L4 wlan0 -> ch7  (retuning, ~700ms loss)  | BL=[]
[RX  <- B] bucket=41654  peer_BL=[]  my_BL=[]
[TX  ->  *] bucket=41654 L4 active=wlan0 ch7  BL=[]
[01:59:06] HOP bucket=41655 L4 wlan0 -> ch7  (retuning, ~700ms loss)  | BL=[]
[TX  ->  *] bucket=41655 L4 active=wlan0 ch7  BL=[]
[RX  <- B] bucket=41655  peer_BL=[]  my_BL=[]
[01:59:08] HOP bucket=41656 L4 wlan0 -> ch5  (retuning, ~700ms loss)  | BL=[]
[TX  ->  *] bucket=41656 L4 active=wlan0 ch5  BL=[]
[RX  <- B] bucket=41656  peer_BL=[]  my_BL=[]
[01:59:10] HOP bucket=41657 L4 wlan0 -> ch8  (retuning, ~700ms loss)  | BL=[]
[TX  ->  *] bucket=41657 L4 active=wlan0 ch8  BL=[]
[RX  <- B] bucket=41657  peer_BL=[]  my_BL=[]
[01:59:12] HOP bucket=41658 L4 wlan0 -> ch6  (retuning, ~700ms loss)  | BL=[]
[TX  ->  *] bucket=41658 L4 active=wlan0 ch6  BL=[]
[RX  <- B] bucket=41658  peer_BL=[]  my_BL=[]
[01:59:14] HOP bucket=41659 L4 wlan0 -> ch4  (retuning, ~700ms loss)  | BL=[]
[TX  ->  *] bucket=41659 L4 active=wlan0 ch4  BL=[]
[RX  <- B] bucket=41659  peer_BL=[]  my_BL=[]
[01:59:16] HOP bucket=41660 L4 wlan0 -> ch6  (retuning, ~700ms loss)  | BL=[]
[TX  ->  *] bucket=41660 L4 active=wlan0 ch6  BL=[]
[RX  <- B] bucket=41660  peer_BL=[]  my_BL=[]
[01:59:18] HOP bucket=41661 L4 wlan0 -> ch6  (retuning, ~700ms loss)  | BL=[]
[TX  ->  *] bucket=41661 L4 active=wlan0 ch6  BL=[]
[RX  <- B] bucket=41661  peer_BL=[]  my_BL=[]
[01:59:20] HOP bucket=41662 L4 wlan0 -> ch7  (retuning, ~700ms loss)  | BL=[]
[TX  ->  *] bucket=41662 L4 active=wlan0 ch7  BL=[]
[RX  <- B] bucket=41662  peer_BL=[]  my_BL=[]
[01:59:22] HOP bucket=41663 L4 wlan0 -> ch3  (retuning, ~700ms loss)  | BL=[]
[TX  ->  *] bucket=41663 L4 active=wlan0 ch3  BL=[]
[RX  <- B] bucket=41663  peer_BL=[]  my_BL=[]
[01:59:24] HOP bucket=41664 L4 wlan0 -> ch3  (retuning, ~700ms loss)  | BL=[]
[RX  <- B] bucket=41664  peer_BL=[]  my_BL=[]
[TX  ->  *] bucket=41664 L4 active=wlan0 ch3  BL=[]
[01:59:26] HOP bucket=41665 L4 wlan0 -> ch7  (retuning, ~700ms loss)  | BL=[]
[TX  ->  *] bucket=41665 L4 active=wlan0 ch7  BL=[]
[RX  <- B] bucket=41665  peer_BL=[]  my_BL=[]
[01:59:28] HOP bucket=41666 L4 wlan0 -> ch10  (retuning, ~700ms loss)  | BL=[]
[TX  ->  *] bucket=41666 L4 active=wlan0 ch10  BL=[]
[RX  <- B] bucket=41666  peer_BL=[]  my_BL=[]
[01:59:30] HOP bucket=41667 L4 wlan0 -> ch11  (retuning, ~700ms loss)  | BL=[]
[TX  ->  *] bucket=41667 L4 active=wlan0 ch11  BL=[]
[RX  <- B] bucket=41667  peer_BL=[]  my_BL=[]
[01:59:32] HOP bucket=41668 L4 wlan0 -> ch8  (retuning, ~700ms loss)  | BL=[]
[RX  <- B] bucket=41668  peer_BL=[]  my_BL=[]
[TX  ->  *] bucket=41668 L4 active=wlan0 ch8  BL=[]
[01:59:34] HOP bucket=41669 L4 wlan0 -> ch4  (retuning, ~700ms loss)  | BL=[]
[TX  ->  *] bucket=41669 L4 active=wlan0 ch4  BL=[]
[RX  <- B] bucket=41669  peer_BL=[]  my_BL=[]
[01:59:36] HOP bucket=41670 L4 wlan0 -> ch7  (retuning, ~700ms loss)  | BL=[]
[TX  ->  *] bucket=41670 L4 active=wlan0 ch7  BL=[]
[RX  <- B] bucket=41670  peer_BL=[]  my_BL=[]
[01:59:38] HOP bucket=41671 L4 wlan0 -> ch6  (retuning, ~700ms loss)  | BL=[]
[TX  ->  *] bucket=41671 L4 active=wlan0 ch6  BL=[]
[RX  <- B] bucket=41671  peer_BL=[]  my_BL=[]
[01:59:40] HOP bucket=41672 L4 wlan0 -> ch10  (retuning, ~700ms loss)  | BL=[]
[TX  ->  *] bucket=41672 L4 active=wlan0 ch10  BL=[]
[RX  <- B] bucket=41672  peer_BL=[]  my_BL=[]
[01:59:42] HOP bucket=41673 L4 wlan0 -> ch7  (retuning, ~700ms loss)  | BL=[]
[RX  <- B] bucket=41673  peer_BL=[]  my_BL=[]
[TX  ->  *] bucket=41673 L4 active=wlan0 ch7  BL=[]
[01:59:44] HOP bucket=41674 L4 wlan0 -> ch6  (retuning, ~700ms loss)  | BL=[]
[RX  <- B] bucket=41674  peer_BL=[]  my_BL=[]
[TX  ->  *] bucket=41674 L4 active=wlan0 ch6  BL=[]
[01:59:46] HOP bucket=41675 L4 wlan0 -> ch5  (retuning, ~700ms loss)  | BL=[]
[TX  ->  *] bucket=41675 L4 active=wlan0 ch5  BL=[]
[RX  <- B] bucket=41675  peer_BL=[]  my_BL=[]
[01:59:48] HOP bucket=41676 L4 wlan0 -> ch7  (retuning, ~700ms loss)  | BL=[]
[TX  ->  *] bucket=41676 L4 active=wlan0 ch7  BL=[]
[RX  <- B] bucket=41676  peer_BL=[]  my_BL=[]
[01:59:50] HOP bucket=41677 L4 wlan0 -> ch8  (retuning, ~700ms loss)  | BL=[]
[TX  ->  *] bucket=41677 L4 active=wlan0 ch8  BL=[]
[RX  <- B] bucket=41677  peer_BL=[]  my_BL=[]
[01:59:52] HOP bucket=41678 L4 wlan0 -> ch9  (retuning, ~700ms loss)  | BL=[]
[RX  <- B] bucket=41678  peer_BL=[]  my_BL=[]
[TX  ->  *] bucket=41678 L4 active=wlan0 ch9  BL=[]
[01:59:54] HOP bucket=41679 L4 wlan0 -> ch6  (retuning, ~700ms loss)  | BL=[]
[TX  ->  *] bucket=41679 L4 active=wlan0 ch6  BL=[]
[RX  <- B] bucket=41679  peer_BL=[]  my_BL=[]
[01:59:56] HOP bucket=41680 L4 wlan0 -> ch5  (retuning, ~700ms loss)  | BL=[]
[TX  ->  *] bucket=41680 L4 active=wlan0 ch5  BL=[]
[RX  <- B] bucket=41680  peer_BL=[]  my_BL=[]
[01:59:58] HOP bucket=41681 L4 wlan0 -> ch3  (retuning, ~700ms loss)  | BL=[]
[TX  ->  *] bucket=41681 L4 active=wlan0 ch3  BL=[]
[RX  <- B] bucket=41681  peer_BL=[]  my_BL=[]
[02:00:00] HOP bucket=41682 L4 wlan0 -> ch6  (retuning, ~700ms loss)  | BL=[]
[TX  ->  *] bucket=41682 L4 active=wlan0 ch6  BL=[]
[RX  <- B] bucket=41682  peer_BL=[]  my_BL=[]
[02:00:02] HOP bucket=41683 L4 wlan0 -> ch11  (retuning, ~700ms loss)  | BL=[]
[TX  ->  *] bucket=41683 L4 active=wlan0 ch11  BL=[]
[RX  <- B] bucket=41683  peer_BL=[]  my_BL=[]
[02:00:04] HOP bucket=41684 L4 wlan0 -> ch11  (retuning, ~700ms loss)  | BL=[]
[RX  <- B] bucket=41684  peer_BL=[]  my_BL=[]
[TX  ->  *] bucket=41684 L4 active=wlan0 ch11  BL=[]
[02:00:06] HOP bucket=41685 L4 wlan0 -> ch9  (retuning, ~700ms loss)  | BL=[]
[RX  <- B] bucket=41685  peer_BL=[]  my_BL=[]
[TX  ->  *] bucket=41685 L4 active=wlan0 ch9  BL=[]
[02:00:08] HOP bucket=41686 L4 wlan0 -> ch6  (retuning, ~700ms loss)  | BL=[]
[TX  ->  *] bucket=41686 L4 active=wlan0 ch6  BL=[]
[RX  <- B] bucket=41686  peer_BL=[]  my_BL=[]
[02:00:10] HOP bucket=41687 L4 wlan0 -> ch7  (retuning, ~700ms loss)  | BL=[]
[TX  ->  *] bucket=41687 L4 active=wlan0 ch7  BL=[]
[RX  <- B] bucket=41687  peer_BL=[]  my_BL=[]
[02:00:12] HOP bucket=41688 L4 wlan0 -> ch3  (retuning, ~700ms loss)  | BL=[]
[TX  ->  *] bucket=41688 L4 active=wlan0 ch3  BL=[]
[RX  <- B] bucket=41688  peer_BL=[]  my_BL=[]
[02:00:14] HOP bucket=41689 L4 wlan0 -> ch6  (retuning, ~700ms loss)  | BL=[]
[TX  ->  *] bucket=41689 L4 active=wlan0 ch6  BL=[]
[RX  <- B] bucket=41689  peer_BL=[]  my_BL=[]
[02:00:16] HOP bucket=41690 L4 wlan0 -> ch8  (retuning, ~700ms loss)  | BL=[]
[TX  ->  *] bucket=41690 L4 active=wlan0 ch8  BL=[]
[RX  <- B] bucket=41690  peer_BL=[]  my_BL=[]
[02:00:18] HOP bucket=41691 L4 wlan0 -> ch9  (retuning, ~700ms loss)  | BL=[]
[TX  ->  *] bucket=41691 L4 active=wlan0 ch9  BL=[]
[RX  <- B] bucket=41691  peer_BL=[]  my_BL=[]
[02:00:20] HOP bucket=41692 L4 wlan0 -> ch11  (retuning, ~700ms loss)  | BL=[]
[TX  ->  *] bucket=41692 L4 active=wlan0 ch11  BL=[]
[RX  <- B] bucket=41692  peer_BL=[]  my_BL=[]
[02:00:22] HOP bucket=41693 L4 wlan0 -> ch11  (retuning, ~700ms loss)  | BL=[]
[TX  ->  *] bucket=41693 L4 active=wlan0 ch11  BL=[]
[RX  <- B] bucket=41693  peer_BL=[]  my_BL=[]
[02:00:24] HOP bucket=41694 L4 wlan0 -> ch10  (retuning, ~700ms loss)  | BL=[]
[TX  ->  *] bucket=41694 L4 active=wlan0 ch10  BL=[]
[RX  <- B] bucket=41694  peer_BL=[]  my_BL=[]
[02:00:26] HOP bucket=41695 L4 wlan0 -> ch6  (retuning, ~700ms loss)  | BL=[]
[TX  ->  *] bucket=41695 L4 active=wlan0 ch6  BL=[]
[RX  <- B] bucket=41695  peer_BL=[]  my_BL=[]
[02:00:28] HOP bucket=41696 L4 wlan0 -> ch8  (retuning, ~700ms loss)  | BL=[]
[TX  ->  *] bucket=41696 L4 active=wlan0 ch8  BL=[]
[RX  <- B] bucket=41696  peer_BL=[]  my_BL=[]
[02:00:30] HOP bucket=41697 L4 wlan0 -> ch7  (retuning, ~700ms loss)  | BL=[]
[TX  ->  *] bucket=41697 L4 active=wlan0 ch7  BL=[]
[RX  <- B] bucket=41697  peer_BL=[]  my_BL=[]
[02:00:32] HOP bucket=41698 L4 wlan0 -> ch8  (retuning, ~700ms loss)  | BL=[]
[TX  ->  *] bucket=41698 L4 active=wlan0 ch8  BL=[]
[RX  <- B] bucket=41698  peer_BL=[]  my_BL=[]
[02:00:34] HOP bucket=41699 L4 wlan0 -> ch8  (retuning, ~700ms loss)  | BL=[]
[TX  ->  *] bucket=41699 L4 active=wlan0 ch8  BL=[]
[RX  <- B] bucket=41699  peer_BL=[]  my_BL=[]
[02:00:36] HOP bucket=41700 L4 wlan0 -> ch6  (retuning, ~700ms loss)  | BL=[]
[RX  <- B] bucket=41700  peer_BL=[]  my_BL=[]
[TX  ->  *] bucket=41700 L4 active=wlan0 ch6  BL=[]
[02:00:38] HOP bucket=41701 L4 wlan0 -> ch6  (retuning, ~700ms loss)  | BL=[]
[TX  ->  *] bucket=41701 L4 active=wlan0 ch6  BL=[]
[RX  <- B] bucket=41701  peer_BL=[]  my_BL=[]
[02:00:40] HOP bucket=41702 L4 wlan0 -> ch7  (retuning, ~700ms loss)  | BL=[]
[TX  ->  *] bucket=41702 L4 active=wlan0 ch7  BL=[]
[RX  <- B] bucket=41702  peer_BL=[]  my_BL=[]
[02:00:42] HOP bucket=41703 L4 wlan0 -> ch10  (retuning, ~700ms loss)  | BL=[]
[TX  ->  *] bucket=41703 L4 active=wlan0 ch10  BL=[]
[RX  <- B] bucket=41703  peer_BL=[]  my_BL=[]
[02:00:44] HOP bucket=41704 L4 wlan0 -> ch4  (retuning, ~700ms loss)  | BL=[]
[TX  ->  *] bucket=41704 L4 active=wlan0 ch4  BL=[]
[RX  <- B] bucket=41704  peer_BL=[]  my_BL=[]
[02:00:46] HOP bucket=41705 L4 wlan0 -> ch8  (retuning, ~700ms loss)  | BL=[]
[TX  ->  *] bucket=41705 L4 active=wlan0 ch8  BL=[]
[RX  <- B] bucket=41705  peer_BL=[]  my_BL=[]
[02:00:48] HOP bucket=41706 L4 wlan0 -> ch7  (retuning, ~700ms loss)  | BL=[]
[RX  <- B] bucket=41706  peer_BL=[]  my_BL=[]
[TX  ->  *] bucket=41706 L4 active=wlan0 ch7  BL=[]
[02:00:50] HOP bucket=41707 L4 wlan0 -> ch8  (retuning, ~700ms loss)  | BL=[]
[RX  <- B] bucket=41707  peer_BL=[]  my_BL=[]
[TX  ->  *] bucket=41707 L4 active=wlan0 ch8  BL=[]
[02:00:52] HOP bucket=41708 L4 wlan0 -> ch8  (retuning, ~700ms loss)  | BL=[]
[RX  <- B] bucket=41708  peer_BL=[]  my_BL=[]
[TX  ->  *] bucket=41708 L4 active=wlan0 ch8  BL=[]
[02:00:54] HOP bucket=41709 L4 wlan0 -> ch4  (retuning, ~700ms loss)  | BL=[]
[RX  <- B] bucket=41709  peer_BL=[]  my_BL=[]
[TX  ->  *] bucket=41709 L4 active=wlan0 ch4  BL=[]
[02:00:56] HOP bucket=41710 L4 wlan0 -> ch10  (retuning, ~700ms loss)  | BL=[]
[RX  <- B] bucket=41710  peer_BL=[]  my_BL=[]
[TX  ->  *] bucket=41710 L4 active=wlan0 ch10  BL=[]
[02:00:58] HOP bucket=41711 L4 wlan0 -> ch7  (retuning, ~700ms loss)  | BL=[]
[RX  <- B] bucket=41711  peer_BL=[]  my_BL=[]
[TX  ->  *] bucket=41711 L4 active=wlan0 ch7  BL=[]
[02:01:00] HOP bucket=41712 L4 wlan0 -> ch6  (retuning, ~700ms loss)  | BL=[]
[TX  ->  *] bucket=41712 L4 active=wlan0 ch6  BL=[]
[RX  <- B] bucket=41712  peer_BL=[]  my_BL=[]
[02:01:02] HOP bucket=41713 L4 wlan0 -> ch7  (retuning, ~700ms loss)  | BL=[]
[TX  ->  *] bucket=41713 L4 active=wlan0 ch7  BL=[]
[RX  <- B] bucket=41713  peer_BL=[]  my_BL=[]
[02:01:04] HOP bucket=41714 L4 wlan0 -> ch5  (retuning, ~700ms loss)  | BL=[]
[TX  ->  *] bucket=41714 L4 active=wlan0 ch5  BL=[]
[RX  <- B] bucket=41714  peer_BL=[]  my_BL=[]
[02:01:06] HOP bucket=41715 L4 wlan0 -> ch6  (retuning, ~700ms loss)  | BL=[]
[TX  ->  *] bucket=41715 L4 active=wlan0 ch6  BL=[]
[RX  <- B] bucket=41715  peer_BL=[]  my_BL=[]
[02:01:08] HOP bucket=41716 L4 wlan0 -> ch7  (retuning, ~700ms loss)  | BL=[]
[RX  <- B] bucket=41716  peer_BL=[]  my_BL=[]
[TX  ->  *] bucket=41716 L4 active=wlan0 ch7  BL=[]
[02:01:10] HOP bucket=41717 L4 wlan0 -> ch4  (retuning, ~700ms loss)  | BL=[]
[TX  ->  *] bucket=41717 L4 active=wlan0 ch4  BL=[]
[RX  <- B] bucket=41717  peer_BL=[]  my_BL=[]
[02:01:12] HOP bucket=41718 L4 wlan0 -> ch9  (retuning, ~700ms loss)  | BL=[]
[TX  ->  *] bucket=41718 L4 active=wlan0 ch9  BL=[]
[RX  <- B] bucket=41718  peer_BL=[]  my_BL=[]
[02:01:14] HOP bucket=41719 L4 wlan0 -> ch8  (retuning, ~700ms loss)  | BL=[]
[TX  ->  *] bucket=41719 L4 active=wlan0 ch8  BL=[]
[RX  <- B] bucket=41719  peer_BL=[]  my_BL=[]
[02:01:16] HOP bucket=41720 L4 wlan0 -> ch4  (retuning, ~700ms loss)  | BL=[]
[TX  ->  *] bucket=41720 L4 active=wlan0 ch4  BL=[]
[RX  <- B] bucket=41720  peer_BL=[]  my_BL=[]
[02:01:18] HOP bucket=41721 L4 wlan0 -> ch4  (retuning, ~700ms loss)  | BL=[]
[TX  ->  *] bucket=41721 L4 active=wlan0 ch4  BL=[]
[RX  <- B] bucket=41721  peer_BL=[]  my_BL=[]
[02:01:20] HOP bucket=41722 L4 wlan0 -> ch8  (retuning, ~700ms loss)  | BL=[]
[TX  ->  *] bucket=41722 L4 active=wlan0 ch8  BL=[]
[RX  <- B] bucket=41722  peer_BL=[]  my_BL=[]
[02:01:22] HOP bucket=41723 L4 wlan0 -> ch10  (retuning, ~700ms loss)  | BL=[]
[RX  <- B] bucket=41723  peer_BL=[]  my_BL=[]
[TX  ->  *] bucket=41723 L4 active=wlan0 ch10  BL=[]
[02:01:24] HOP bucket=41724 L4 wlan0 -> ch6  (retuning, ~700ms loss)  | BL=[]
[RX  <- B] bucket=41724  peer_BL=[]  my_BL=[]
[TX  ->  *] bucket=41724 L4 active=wlan0 ch6  BL=[]
[02:01:26] HOP bucket=41725 L4 wlan0 -> ch3  (retuning, ~700ms loss)  | BL=[]
[RX  <- B] bucket=41725  peer_BL=[]  my_BL=[]
[TX  ->  *] bucket=41725 L4 active=wlan0 ch3  BL=[]
[02:01:28] HOP bucket=41726 L4 wlan0 -> ch7  (retuning, ~700ms loss)  | BL=[]
[RX  <- B] bucket=41726  peer_BL=[]  my_BL=[]
[TX  ->  *] bucket=41726 L4 active=wlan0 ch7  BL=[]
[02:01:30] HOP bucket=41727 L4 wlan0 -> ch5  (retuning, ~700ms loss)  | BL=[]
[RX  <- B] bucket=41727  peer_BL=[]  my_BL=[]
[TX  ->  *] bucket=41727 L4 active=wlan0 ch5  BL=[]
[02:01:32] HOP bucket=41728 L4 wlan0 -> ch11  (retuning, ~700ms loss)  | BL=[]
[TX  ->  *] bucket=41728 L4 active=wlan0 ch11  BL=[]
[RX  <- B] bucket=41728  peer_BL=[]  my_BL=[]
[02:01:34] HOP bucket=41729 L4 wlan0 -> ch5  (retuning, ~700ms loss)  | BL=[]
[TX  ->  *] bucket=41729 L4 active=wlan0 ch5  BL=[]
[RX  <- B] bucket=41729  peer_BL=[]  my_BL=[]
[02:01:36] HOP bucket=41730 L4 wlan0 -> ch4  (retuning, ~700ms loss)  | BL=[]
[TX  ->  *] bucket=41730 L4 active=wlan0 ch4  BL=[]
[RX  <- B] bucket=41730  peer_BL=[]  my_BL=[]
[02:01:38] HOP bucket=41731 L4 wlan0 -> ch11  (retuning, ~700ms loss)  | BL=[]
[TX  ->  *] bucket=41731 L4 active=wlan0 ch11  BL=[]
[RX  <- B] bucket=41731  peer_BL=[]  my_BL=[]
[02:01:40] HOP bucket=41732 L4 wlan0 -> ch9  (retuning, ~700ms loss)  | BL=[]
[TX  ->  *] bucket=41732 L4 active=wlan0 ch9  BL=[]
[RX  <- B] bucket=41732  peer_BL=[]  my_BL=[]
[02:01:42] HOP bucket=41733 L4 wlan0 -> ch6  (retuning, ~700ms loss)  | BL=[]
[TX  ->  *] bucket=41733 L4 active=wlan0 ch6  BL=[]
[RX  <- B] bucket=41733  peer_BL=[]  my_BL=[]
[02:01:44] HOP bucket=41734 L4 wlan0 -> ch5  (retuning, ~700ms loss)  | BL=[]
[TX  ->  *] bucket=41734 L4 active=wlan0 ch5  BL=[]
[RX  <- B] bucket=41734  peer_BL=[]  my_BL=[]
[02:01:46] HOP bucket=41735 L4 wlan0 -> ch10  (retuning, ~700ms loss)  | BL=[]
[TX  ->  *] bucket=41735 L4 active=wlan0 ch10  BL=[]
[RX  <- B] bucket=41735  peer_BL=[]  my_BL=[]
[02:01:48] HOP bucket=41736 L4 wlan0 -> ch4  (retuning, ~700ms loss)  | BL=[]
[RX  <- B] bucket=41736  peer_BL=[]  my_BL=[]
[TX  ->  *] bucket=41736 L4 active=wlan0 ch4  BL=[]
[02:01:50] HOP bucket=41737 L4 wlan0 -> ch6  (retuning, ~700ms loss)  | BL=[]
[TX  ->  *] bucket=41737 L4 active=wlan0 ch6  BL=[]
[RX  <- B] bucket=41737  peer_BL=[]  my_BL=[]
[02:01:52] HOP bucket=41738 L4 wlan0 -> ch10  (retuning, ~700ms loss)  | BL=[]
[RX  <- B] bucket=41738  peer_BL=[]  my_BL=[]
[TX  ->  *] bucket=41738 L4 active=wlan0 ch10  BL=[]
[02:01:54] HOP bucket=41739 L4 wlan0 -> ch5  (retuning, ~700ms loss)  | BL=[]
[RX  <- B] bucket=41739  peer_BL=[]  my_BL=[]
[TX  ->  *] bucket=41739 L4 active=wlan0 ch5  BL=[]
[02:01:56] HOP bucket=41740 L4 wlan0 -> ch5  (retuning, ~700ms loss)  | BL=[]
[RX  <- B] bucket=41740  peer_BL=[]  my_BL=[]
[TX  ->  *] bucket=41740 L4 active=wlan0 ch5  BL=[]
[02:01:58] HOP bucket=41741 L4 wlan0 -> ch5  (retuning, ~700ms loss)  | BL=[]
[RX  <- B] bucket=41741  peer_BL=[]  my_BL=[]
[TX  ->  *] bucket=41741 L4 active=wlan0 ch5  BL=[]
[02:02:00] HOP bucket=41742 L4 wlan0 -> ch8  (retuning, ~700ms loss)  | BL=[]
[TX  ->  *] bucket=41742 L4 active=wlan0 ch8  BL=[]
[RX  <- B] bucket=41742  peer_BL=[]  my_BL=[]
[02:02:02] HOP bucket=41743 L4 wlan0 -> ch11  (retuning, ~700ms loss)  | BL=[]
[RX  <- B] bucket=41743  peer_BL=[]  my_BL=[]
[TX  ->  *] bucket=41743 L4 active=wlan0 ch11  BL=[]
[02:02:04] HOP bucket=41744 L4 wlan0 -> ch3  (retuning, ~700ms loss)  | BL=[]
[TX  ->  *] bucket=41744 L4 active=wlan0 ch3  BL=[]
[RX  <- B] bucket=41744  peer_BL=[]  my_BL=[]
[02:02:06] HOP bucket=41745 L4 wlan0 -> ch10  (retuning, ~700ms loss)  | BL=[]
[TX  ->  *] bucket=41745 L4 active=wlan0 ch10  BL=[]
[RX  <- B] bucket=41745  peer_BL=[]  my_BL=[]
[02:02:08] HOP bucket=41746 L4 wlan0 -> ch6  (retuning, ~700ms loss)  | BL=[]
[TX  ->  *] bucket=41746 L4 active=wlan0 ch6  BL=[]
[RX  <- B] bucket=41746  peer_BL=[]  my_BL=[]
[02:02:10] HOP bucket=41747 L4 wlan0 -> ch6  (retuning, ~700ms loss)  | BL=[]
[TX  ->  *] bucket=41747 L4 active=wlan0 ch6  BL=[]
[RX  <- B] bucket=41747  peer_BL=[]  my_BL=[]
[02:02:12] HOP bucket=41748 L4 wlan0 -> ch11  (retuning, ~700ms loss)  | BL=[]
[TX  ->  *] bucket=41748 L4 active=wlan0 ch11  BL=[]
[RX  <- B] bucket=41748  peer_BL=[]  my_BL=[]
[02:02:14] HOP bucket=41749 L4 wlan0 -> ch8  (retuning, ~700ms loss)  | BL=[]
[TX  ->  *] bucket=41749 L4 active=wlan0 ch8  BL=[]
[RX  <- B] bucket=41749  peer_BL=[]  my_BL=[]
[02:02:16] HOP bucket=41750 L4 wlan0 -> ch7  (retuning, ~700ms loss)  | BL=[]
[TX  ->  *] bucket=41750 L4 active=wlan0 ch7  BL=[]
[RX  <- B] bucket=41750  peer_BL=[]  my_BL=[]
[02:02:18] HOP bucket=41751 L4 wlan0 -> ch3  (retuning, ~700ms loss)  | BL=[]
[RX  <- B] bucket=41751  peer_BL=[]  my_BL=[]
[TX  ->  *] bucket=41751 L4 active=wlan0 ch3  BL=[]
[02:02:20] HOP bucket=41752 L4 wlan0 -> ch6  (retuning, ~700ms loss)  | BL=[]
[RX  <- B] bucket=41752  peer_BL=[]  my_BL=[]
[TX  ->  *] bucket=41752 L4 active=wlan0 ch6  BL=[]
[02:02:22] HOP bucket=41753 L4 wlan0 -> ch5  (retuning, ~700ms loss)  | BL=[]
[RX  <- B] bucket=41753  peer_BL=[]  my_BL=[]
[TX  ->  *] bucket=41753 L4 active=wlan0 ch5  BL=[]
[02:02:24] HOP bucket=41754 L4 wlan0 -> ch7  (retuning, ~700ms loss)  | BL=[]
[RX  <- B] bucket=41754  peer_BL=[]  my_BL=[]
[TX  ->  *] bucket=41754 L4 active=wlan0 ch7  BL=[]
[02:02:26] HOP bucket=41755 L4 wlan0 -> ch5  (retuning, ~700ms loss)  | BL=[]
[TX  ->  *] bucket=41755 L4 active=wlan0 ch5  BL=[]
[RX  <- B] bucket=41755  peer_BL=[]  my_BL=[]
[02:02:28] HOP bucket=41756 L4 wlan0 -> ch5  (retuning, ~700ms loss)  | BL=[]
[RX  <- B] bucket=41756  peer_BL=[]  my_BL=[]
[TX  ->  *] bucket=41756 L4 active=wlan0 ch5  BL=[]
[02:02:30] HOP bucket=41757 L4 wlan0 -> ch9  (retuning, ~700ms loss)  | BL=[]
[RX  <- B] bucket=41757  peer_BL=[]  my_BL=[]
[TX  ->  *] bucket=41757 L4 active=wlan0 ch9  BL=[]
[02:02:32] HOP bucket=41758 L4 wlan0 -> ch11  (retuning, ~700ms loss)  | BL=[]
[TX  ->  *] bucket=41758 L4 active=wlan0 ch11  BL=[]
[RX  <- B] bucket=41758  peer_BL=[]  my_BL=[]
[02:02:34] HOP bucket=41759 L4 wlan0 -> ch8  (retuning, ~700ms loss)  | BL=[]
[TX  ->  *] bucket=41759 L4 active=wlan0 ch8  BL=[]
[RX  <- B] bucket=41759  peer_BL=[]  my_BL=[]
[02:02:36] HOP bucket=41760 L4 wlan0 -> ch8  (retuning, ~700ms loss)  | BL=[]
[RX  <- B] bucket=41760  peer_BL=[]  my_BL=[]
[TX  ->  *] bucket=41760 L4 active=wlan0 ch8  BL=[]
[02:02:38] HOP bucket=41761 L4 wlan0 -> ch5  (retuning, ~700ms loss)  | BL=[]
[TX  ->  *] bucket=41761 L4 active=wlan0 ch5  BL=[]
[RX  <- B] bucket=41761  peer_BL=[]  my_BL=[]
[02:02:40] HOP bucket=41762 L4 wlan0 -> ch9  (retuning, ~700ms loss)  | BL=[]
[RX  <- B] bucket=41762  peer_BL=[]  my_BL=[]
[TX  ->  *] bucket=41762 L4 active=wlan0 ch9  BL=[]
[02:02:42] HOP bucket=41763 L4 wlan0 -> ch10  (retuning, ~700ms loss)  | BL=[]
[RX  <- B] bucket=41763  peer_BL=[]  my_BL=[]
[TX  ->  *] bucket=41763 L4 active=wlan0 ch10  BL=[]
[02:02:44] HOP bucket=41764 L4 wlan0 -> ch7  (retuning, ~700ms loss)  | BL=[]
[TX  ->  *] bucket=41764 L4 active=wlan0 ch7  BL=[]
[RX  <- B] bucket=41764  peer_BL=[]  my_BL=[]
[02:02:46] HOP bucket=41765 L4 wlan0 -> ch5  (retuning, ~700ms loss)  | BL=[]
[RX  <- B] bucket=41765  peer_BL=[]  my_BL=[]
[TX  ->  *] bucket=41765 L4 active=wlan0 ch5  BL=[]
[02:02:48] HOP bucket=41766 L4 wlan0 -> ch7  (retuning, ~700ms loss)  | BL=[]
[TX  ->  *] bucket=41766 L4 active=wlan0 ch7  BL=[]
[RX  <- B] bucket=41766  peer_BL=[]  my_BL=[]
[02:02:50] HOP bucket=41767 L4 wlan0 -> ch9  (retuning, ~700ms loss)  | BL=[]
[RX  <- B] bucket=41767  peer_BL=[]  my_BL=[]
[TX  ->  *] bucket=41767 L4 active=wlan0 ch9  BL=[]
[02:02:52] HOP bucket=41768 L4 wlan0 -> ch5  (retuning, ~700ms loss)  | BL=[]
[TX  ->  *] bucket=41768 L4 active=wlan0 ch5  BL=[]
[RX  <- B] bucket=41768  peer_BL=[]  my_BL=[]
[02:02:54] HOP bucket=41769 L4 wlan0 -> ch10  (retuning, ~700ms loss)  | BL=[]
[TX  ->  *] bucket=41769 L4 active=wlan0 ch10  BL=[]
[RX  <- B] bucket=41769  peer_BL=[]  my_BL=[]
[02:02:56] HOP bucket=41770 L4 wlan0 -> ch8  (retuning, ~700ms loss)  | BL=[]
[TX  ->  *] bucket=41770 L4 active=wlan0 ch8  BL=[]
[RX  <- B] bucket=41770  peer_BL=[]  my_BL=[]
[02:02:58] HOP bucket=41771 L4 wlan0 -> ch9  (retuning, ~700ms loss)  | BL=[]
[TX  ->  *] bucket=41771 L4 active=wlan0 ch9  BL=[]
[RX  <- B] bucket=41771  peer_BL=[]  my_BL=[]
[02:03:00] HOP bucket=41772 L4 wlan0 -> ch5  (retuning, ~700ms loss)  | BL=[]
[TX  ->  *] bucket=41772 L4 active=wlan0 ch5  BL=[]
[RX  <- B] bucket=41772  peer_BL=[]  my_BL=[]
[02:03:02] HOP bucket=41773 L4 wlan0 -> ch3  (retuning, ~700ms loss)  | BL=[]
[TX  ->  *] bucket=41773 L4 active=wlan0 ch3  BL=[]
[RX  <- B] bucket=41773  peer_BL=[]  my_BL=[]
[02:03:04] HOP bucket=41774 L4 wlan0 -> ch9  (retuning, ~700ms loss)  | BL=[]
[TX  ->  *] bucket=41774 L4 active=wlan0 ch9  BL=[]
[RX  <- B] bucket=41774  peer_BL=[]  my_BL=[]
[02:03:06] HOP bucket=41775 L4 wlan0 -> ch7  (retuning, ~700ms loss)  | BL=[]
[TX  ->  *] bucket=41775 L4 active=wlan0 ch7  BL=[]
[RX  <- B] bucket=41775  peer_BL=[]  my_BL=[]
[02:03:08] HOP bucket=41776 L4 wlan0 -> ch6  (retuning, ~700ms loss)  | BL=[]
[TX  ->  *] bucket=41776 L4 active=wlan0 ch6  BL=[]
[RX  <- B] bucket=41776  peer_BL=[]  my_BL=[]
[02:03:10] HOP bucket=41777 L4 wlan0 -> ch8  (retuning, ~700ms loss)  | BL=[]
[TX  ->  *] bucket=41777 L4 active=wlan0 ch8  BL=[]
[RX  <- B] bucket=41777  peer_BL=[]  my_BL=[]
[02:03:12] HOP bucket=41778 L4 wlan0 -> ch3  (retuning, ~700ms loss)  | BL=[]
[TX  ->  *] bucket=41778 L4 active=wlan0 ch3  BL=[]
[RX  <- B] bucket=41778  peer_BL=[]  my_BL=[]
[02:03:14] HOP bucket=41779 L4 wlan0 -> ch9  (retuning, ~700ms loss)  | BL=[]
[RX  <- B] bucket=41779  peer_BL=[]  my_BL=[]
[TX  ->  *] bucket=41779 L4 active=wlan0 ch9  BL=[]
[02:03:16] HOP bucket=41780 L4 wlan0 -> ch9  (retuning, ~700ms loss)  | BL=[]
[RX  <- B] bucket=41780  peer_BL=[]  my_BL=[]
[TX  ->  *] bucket=41780 L4 active=wlan0 ch9  BL=[]
[02:03:18] HOP bucket=41781 L4 wlan0 -> ch7  (retuning, ~700ms loss)  | BL=[]
[TX  ->  *] bucket=41781 L4 active=wlan0 ch7  BL=[]
[RX  <- B] bucket=41781  peer_BL=[]  my_BL=[]
[02:03:20] HOP bucket=41782 L4 wlan0 -> ch3  (retuning, ~700ms loss)  | BL=[]
[RX  <- B] bucket=41782  peer_BL=[]  my_BL=[]
[TX  ->  *] bucket=41782 L4 active=wlan0 ch3  BL=[]
[02:03:22] HOP bucket=41783 L4 wlan0 -> ch9  (retuning, ~700ms loss)  | BL=[]
[TX  ->  *] bucket=41783 L4 active=wlan0 ch9  BL=[]
[RX  <- B] bucket=41783  peer_BL=[]  my_BL=[]
[02:03:24] HOP bucket=41784 L4 wlan0 -> ch4  (retuning, ~700ms loss)  | BL=[]
[RX  <- B] bucket=41784  peer_BL=[]  my_BL=[]
[TX  ->  *] bucket=41784 L4 active=wlan0 ch4  BL=[]
[02:03:26] HOP bucket=41785 L4 wlan0 -> ch11  (retuning, ~700ms loss)  | BL=[]
[RX  <- B] bucket=41785  peer_BL=[]  my_BL=[]
[TX  ->  *] bucket=41785 L4 active=wlan0 ch11  BL=[]
[02:03:28] HOP bucket=41786 L4 wlan0 -> ch11  (retuning, ~700ms loss)  | BL=[]
[TX  ->  *] bucket=41786 L4 active=wlan0 ch11  BL=[]
[RX  <- B] bucket=41786  peer_BL=[]  my_BL=[]
[02:03:30] HOP bucket=41787 L4 wlan0 -> ch3  (retuning, ~700ms loss)  | BL=[]
[RX  <- B] bucket=41787  peer_BL=[]  my_BL=[]
[TX  ->  *] bucket=41787 L4 active=wlan0 ch3  BL=[]
[02:03:32] HOP bucket=41788 L4 wlan0 -> ch6  (retuning, ~700ms loss)  | BL=[]
[RX  <- B] bucket=41788  peer_BL=[]  my_BL=[]
[TX  ->  *] bucket=41788 L4 active=wlan0 ch6  BL=[]
[02:03:34] HOP bucket=41789 L4 wlan0 -> ch11  (retuning, ~700ms loss)  | BL=[]
[RX  <- B] bucket=41789  peer_BL=[]  my_BL=[]
[TX  ->  *] bucket=41789 L4 active=wlan0 ch11  BL=[]
[02:03:36] HOP bucket=41790 L4 wlan0 -> ch11  (retuning, ~700ms loss)  | BL=[]
[TX  ->  *] bucket=41790 L4 active=wlan0 ch11  BL=[]
[RX  <- B] bucket=41790  peer_BL=[]  my_BL=[]
[02:03:38] HOP bucket=41791 L4 wlan0 -> ch9  (retuning, ~700ms loss)  | BL=[]
[RX  <- B] bucket=41791  peer_BL=[]  my_BL=[]
[TX  ->  *] bucket=41791 L4 active=wlan0 ch9  BL=[]
[02:03:40] HOP bucket=41792 L4 wlan0 -> ch9  (retuning, ~700ms loss)  | BL=[]
[TX  ->  *] bucket=41792 L4 active=wlan0 ch9  BL=[]
[RX  <- B] bucket=41792  peer_BL=[]  my_BL=[]
[02:03:42] HOP bucket=41793 L4 wlan0 -> ch9  (retuning, ~700ms loss)  | BL=[]
[RX  <- B] bucket=41793  peer_BL=[]  my_BL=[]
[TX  ->  *] bucket=41793 L4 active=wlan0 ch9  BL=[]
[02:03:44] HOP bucket=41794 L4 wlan0 -> ch11  (retuning, ~700ms loss)  | BL=[]
[RX  <- B] bucket=41794  peer_BL=[]  my_BL=[]
[TX  ->  *] bucket=41794 L4 active=wlan0 ch11  BL=[]
[02:03:46] HOP bucket=41795 L4 wlan0 -> ch5  (retuning, ~700ms loss)  | BL=[]
[TX  ->  *] bucket=41795 L4 active=wlan0 ch5  BL=[]
[RX  <- B] bucket=41795  peer_BL=[]  my_BL=[]
[02:03:48] HOP bucket=41796 L4 wlan0 -> ch4  (retuning, ~700ms loss)  | BL=[]
[TX  ->  *] bucket=41796 L4 active=wlan0 ch4  BL=[]
[RX  <- B] bucket=41796  peer_BL=[]  my_BL=[]
[02:03:50] HOP bucket=41797 L4 wlan0 -> ch11  (retuning, ~700ms loss)  | BL=[]
[RX  <- B] bucket=41797  peer_BL=[]  my_BL=[]
[TX  ->  *] bucket=41797 L4 active=wlan0 ch11  BL=[]
[02:03:52] HOP bucket=41798 L4 wlan0 -> ch3  (retuning, ~700ms loss)  | BL=[]
[TX  ->  *] bucket=41798 L4 active=wlan0 ch3  BL=[]
[RX  <- B] bucket=41798  peer_BL=[]  my_BL=[]
[02:03:54] HOP bucket=41799 L4 wlan0 -> ch7  (retuning, ~700ms loss)  | BL=[]
[TX  ->  *] bucket=41799 L4 active=wlan0 ch7  BL=[]
[RX  <- B] bucket=41799  peer_BL=[]  my_BL=[]
[02:03:56] HOP bucket=41800 L4 wlan0 -> ch5  (retuning, ~700ms loss)  | BL=[]
[TX  ->  *] bucket=41800 L4 active=wlan0 ch5  BL=[]
[RX  <- B] bucket=41800  peer_BL=[]  my_BL=[]
[02:03:58] HOP bucket=41801 L4 wlan0 -> ch7  (retuning, ~700ms loss)  | BL=[]
[RX  <- B] bucket=41801  peer_BL=[]  my_BL=[]
[TX  ->  *] bucket=41801 L4 active=wlan0 ch7  BL=[]
[02:04:00] HOP bucket=41802 L4 wlan0 -> ch9  (retuning, ~700ms loss)  | BL=[]
[TX  ->  *] bucket=41802 L4 active=wlan0 ch9  BL=[]
[RX  <- B] bucket=41802  peer_BL=[]  my_BL=[]
[02:04:02] HOP bucket=41803 L4 wlan0 -> ch9  (retuning, ~700ms loss)  | BL=[]
[TX  ->  *] bucket=41803 L4 active=wlan0 ch9  BL=[]
[RX  <- B] bucket=41803  peer_BL=[]  my_BL=[]
[02:04:04] HOP bucket=41804 L4 wlan0 -> ch8  (retuning, ~700ms loss)  | BL=[]
[TX  ->  *] bucket=41804 L4 active=wlan0 ch8  BL=[]
[RX  <- B] bucket=41804  peer_BL=[]  my_BL=[]
[02:04:06] HOP bucket=41805 L4 wlan0 -> ch9  (retuning, ~700ms loss)  | BL=[]
[TX  ->  *] bucket=41805 L4 active=wlan0 ch9  BL=[]
[RX  <- B] bucket=41805  peer_BL=[]  my_BL=[]
[02:04:08] HOP bucket=41806 L4 wlan0 -> ch6  (retuning, ~700ms loss)  | BL=[]
[TX  ->  *] bucket=41806 L4 active=wlan0 ch6  BL=[]
[RX  <- B] bucket=41806  peer_BL=[]  my_BL=[]
[02:04:10] HOP bucket=41807 L4 wlan0 -> ch3  (retuning, ~700ms loss)  | BL=[]
[TX  ->  *] bucket=41807 L4 active=wlan0 ch3  BL=[]
[RX  <- B] bucket=41807  peer_BL=[]  my_BL=[]
[02:04:12] HOP bucket=41808 L4 wlan0 -> ch9  (retuning, ~700ms loss)  | BL=[]
[TX  ->  *] bucket=41808 L4 active=wlan0 ch9  BL=[]
[RX  <- B] bucket=41808  peer_BL=[]  my_BL=[]
[02:04:14] HOP bucket=41809 L4 wlan0 -> ch9  (retuning, ~700ms loss)  | BL=[]
[TX  ->  *] bucket=41809 L4 active=wlan0 ch9  BL=[]
[RX  <- B] bucket=41809  peer_BL=[]  my_BL=[]
[02:04:16] HOP bucket=41810 L4 wlan0 -> ch11  (retuning, ~700ms loss)  | BL=[]
[TX  ->  *] bucket=41810 L4 active=wlan0 ch11  BL=[]
[RX  <- B] bucket=41810  peer_BL=[]  my_BL=[]
[02:04:18] HOP bucket=41811 L4 wlan0 -> ch3  (retuning, ~700ms loss)  | BL=[]
[TX  ->  *] bucket=41811 L4 active=wlan0 ch3  BL=[]
[RX  <- B] bucket=41811  peer_BL=[]  my_BL=[]
[02:04:20] HOP bucket=41812 L4 wlan0 -> ch9  (retuning, ~700ms loss)  | BL=[]
[RX  <- B] bucket=41812  peer_BL=[]  my_BL=[]
[TX  ->  *] bucket=41812 L4 active=wlan0 ch9  BL=[]
[02:04:22] HOP bucket=41813 L4 wlan0 -> ch10  (retuning, ~700ms loss)  | BL=[]
[TX  ->  *] bucket=41813 L4 active=wlan0 ch10  BL=[]
[RX  <- B] bucket=41813  peer_BL=[]  my_BL=[]
[02:04:24] HOP bucket=41814 L4 wlan0 -> ch8  (retuning, ~700ms loss)  | BL=[]
[TX  ->  *] bucket=41814 L4 active=wlan0 ch8  BL=[]
[RX  <- B] bucket=41814  peer_BL=[]  my_BL=[]
[02:04:26] HOP bucket=41815 L4 wlan0 -> ch10  (retuning, ~700ms loss)  | BL=[]
[TX  ->  *] bucket=41815 L4 active=wlan0 ch10  BL=[]
[RX  <- B] bucket=41815  peer_BL=[]  my_BL=[]
[02:04:28] HOP bucket=41816 L4 wlan0 -> ch3  (retuning, ~700ms loss)  | BL=[]
[TX  ->  *] bucket=41816 L4 active=wlan0 ch3  BL=[]
[RX  <- B] bucket=41816  peer_BL=[]  my_BL=[]
[02:04:30] HOP bucket=41817 L4 wlan0 -> ch9  (retuning, ~700ms loss)  | BL=[]
[TX  ->  *] bucket=41817 L4 active=wlan0 ch9  BL=[]
[RX  <- B] bucket=41817  peer_BL=[]  my_BL=[]
[02:04:32] HOP bucket=41818 L4 wlan0 -> ch4  (retuning, ~700ms loss)  | BL=[]
[RX  <- B] bucket=41818  peer_BL=[]  my_BL=[]
[TX  ->  *] bucket=41818 L4 active=wlan0 ch4  BL=[]
[02:04:34] HOP bucket=41819 L4 wlan0 -> ch4  (retuning, ~700ms loss)  | BL=[]
[TX  ->  *] bucket=41819 L4 active=wlan0 ch4  BL=[]
[02:04:36] HOP bucket=41820 L4 wlan0 -> ch4  (retuning, ~700ms loss)  | BL=[]
[TX  ->  *] bucket=41820 L4 active=wlan0 ch4  BL=[]
[RX  <- B] bucket=41820  peer_BL=[]  my_BL=[]
[02:04:38] HOP bucket=41821 L4 wlan0 -> ch9  (retuning, ~700ms loss)  | BL=[]
[TX  ->  *] bucket=41821 L4 active=wlan0 ch9  BL=[]
[RX  <- B] bucket=41821  peer_BL=[]  my_BL=[]
[02:04:40] HOP bucket=41822 L4 wlan0 -> ch10  (retuning, ~700ms loss)  | BL=[]
[TX  ->  *] bucket=41822 L4 active=wlan0 ch10  BL=[]
[RX  <- B] bucket=41822  peer_BL=[]  my_BL=[]
[02:04:42] HOP bucket=41823 L4 wlan0 -> ch4  (retuning, ~700ms loss)  | BL=[]
[RX  <- B] bucket=41823  peer_BL=[]  my_BL=[]
[TX  ->  *] bucket=41823 L4 active=wlan0 ch4  BL=[]
[02:04:44] HOP bucket=41824 L4 wlan0 -> ch8  (retuning, ~700ms loss)  | BL=[]
[TX  ->  *] bucket=41824 L4 active=wlan0 ch8  BL=[]
[RX  <- B] bucket=41824  peer_BL=[]  my_BL=[]
[02:04:46] HOP bucket=41825 L4 wlan0 -> ch3  (retuning, ~700ms loss)  | BL=[]
[TX  ->  *] bucket=41825 L4 active=wlan0 ch3  BL=[]
[RX  <- B] bucket=41825  peer_BL=[]  my_BL=[]
[02:04:48] HOP bucket=41826 L4 wlan0 -> ch11  (retuning, ~700ms loss)  | BL=[]
[RX  <- B] bucket=41826  peer_BL=[]  my_BL=[]
[TX  ->  *] bucket=41826 L4 active=wlan0 ch11  BL=[]
[02:04:50] HOP bucket=41827 L4 wlan0 -> ch4  (retuning, ~700ms loss)  | BL=[]
[TX  ->  *] bucket=41827 L4 active=wlan0 ch4  BL=[]
[RX  <- B] bucket=41827  peer_BL=[]  my_BL=[]
[02:04:52] HOP bucket=41828 L4 wlan0 -> ch6  (retuning, ~700ms loss)  | BL=[]
[TX  ->  *] bucket=41828 L4 active=wlan0 ch6  BL=[]
[RX  <- B] bucket=41828  peer_BL=[]  my_BL=[]
[02:04:54] HOP bucket=41829 L4 wlan0 -> ch10  (retuning, ~700ms loss)  | BL=[]
[TX  ->  *] bucket=41829 L4 active=wlan0 ch10  BL=[]
[RX  <- B] bucket=41829  peer_BL=[]  my_BL=[]
[02:04:56] HOP bucket=41830 L4 wlan0 -> ch5  (retuning, ~700ms loss)  | BL=[]
[TX  ->  *] bucket=41830 L4 active=wlan0 ch5  BL=[]
[RX  <- B] bucket=41830  peer_BL=[]  my_BL=[]
[02:04:58] HOP bucket=41831 L4 wlan0 -> ch9  (retuning, ~700ms loss)  | BL=[]
[TX  ->  *] bucket=41831 L4 active=wlan0 ch9  BL=[]
[RX  <- B] bucket=41831  peer_BL=[]  my_BL=[]
[02:05:00] HOP bucket=41832 L4 wlan0 -> ch7  (retuning, ~700ms loss)  | BL=[]
[TX  ->  *] bucket=41832 L4 active=wlan0 ch7  BL=[]
[RX  <- B] bucket=41832  peer_BL=[]  my_BL=[]
[02:05:02] HOP bucket=41833 L4 wlan0 -> ch10  (retuning, ~700ms loss)  | BL=[]
[TX  ->  *] bucket=41833 L4 active=wlan0 ch10  BL=[]
[RX  <- B] bucket=41833  peer_BL=[]  my_BL=[]
[02:05:04] HOP bucket=41834 L4 wlan0 -> ch4  (retuning, ~700ms loss)  | BL=[]
[TX  ->  *] bucket=41834 L4 active=wlan0 ch4  BL=[]
[RX  <- B] bucket=41834  peer_BL=[]  my_BL=[]
[02:05:06] HOP bucket=41835 L4 wlan0 -> ch9  (retuning, ~700ms loss)  | BL=[]
[RX  <- B] bucket=41835  peer_BL=[]  my_BL=[]
[TX  ->  *] bucket=41835 L4 active=wlan0 ch9  BL=[]
[02:05:08] HOP bucket=41836 L4 wlan0 -> ch6  (retuning, ~700ms loss)  | BL=[]
[TX  ->  *] bucket=41836 L4 active=wlan0 ch6  BL=[]
[RX  <- B] bucket=41836  peer_BL=[]  my_BL=[]
[02:05:10] HOP bucket=41837 L4 wlan0 -> ch3  (retuning, ~700ms loss)  | BL=[]
[TX  ->  *] bucket=41837 L4 active=wlan0 ch3  BL=[]
[RX  <- B] bucket=41837  peer_BL=[]  my_BL=[]
[02:05:12] HOP bucket=41838 L4 wlan0 -> ch7  (retuning, ~700ms loss)  | BL=[]
[RX  <- B] bucket=41838  peer_BL=[]  my_BL=[]
[TX  ->  *] bucket=41838 L4 active=wlan0 ch7  BL=[]
[02:05:14] HOP bucket=41839 L4 wlan0 -> ch9  (retuning, ~700ms loss)  | BL=[]
[TX  ->  *] bucket=41839 L4 active=wlan0 ch9  BL=[]
[RX  <- B] bucket=41839  peer_BL=[]  my_BL=[]
[02:05:16] HOP bucket=41840 L4 wlan0 -> ch7  (retuning, ~700ms loss)  | BL=[]
[TX  ->  *] bucket=41840 L4 active=wlan0 ch7  BL=[]
[RX  <- B] bucket=41840  peer_BL=[]  my_BL=[]
[02:05:18] HOP bucket=41841 L4 wlan0 -> ch7  (retuning, ~700ms loss)  | BL=[]
[TX  ->  *] bucket=41841 L4 active=wlan0 ch7  BL=[]
[RX  <- B] bucket=41841  peer_BL=[]  my_BL=[]
[02:05:20] HOP bucket=41842 L4 wlan0 -> ch5  (retuning, ~700ms loss)  | BL=[]
[TX  ->  *] bucket=41842 L4 active=wlan0 ch5  BL=[]
[RX  <- B] bucket=41842  peer_BL=[]  my_BL=[]
[02:05:22] HOP bucket=41843 L4 wlan0 -> ch4  (retuning, ~700ms loss)  | BL=[]
[TX  ->  *] bucket=41843 L4 active=wlan0 ch4  BL=[]
[RX  <- B] bucket=41843  peer_BL=[]  my_BL=[]
[02:05:24] HOP bucket=41844 L4 wlan0 -> ch9  (retuning, ~700ms loss)  | BL=[]
[TX  ->  *] bucket=41844 L4 active=wlan0 ch9  BL=[]
[RX  <- B] bucket=41844  peer_BL=[]  my_BL=[]
[02:05:26] HOP bucket=41845 L4 wlan0 -> ch11  (retuning, ~700ms loss)  | BL=[]
[TX  ->  *] bucket=41845 L4 active=wlan0 ch11  BL=[]
[RX  <- B] bucket=41845  peer_BL=[]  my_BL=[]
[02:05:28] HOP bucket=41846 L4 wlan0 -> ch4  (retuning, ~700ms loss)  | BL=[]
[TX  ->  *] bucket=41846 L4 active=wlan0 ch4  BL=[]
[RX  <- B] bucket=41846  peer_BL=[]  my_BL=[]
[02:05:30] HOP bucket=41847 L4 wlan0 -> ch8  (retuning, ~700ms loss)  | BL=[]
[TX  ->  *] bucket=41847 L4 active=wlan0 ch8  BL=[]
[RX  <- B] bucket=41847  peer_BL=[]  my_BL=[]
[02:05:32] HOP bucket=41848 L4 wlan0 -> ch10  (retuning, ~700ms loss)  | BL=[]
[RX  <- B] bucket=41848  peer_BL=[]  my_BL=[]
[TX  ->  *] bucket=41848 L4 active=wlan0 ch10  BL=[]
[02:05:34] HOP bucket=41849 L4 wlan0 -> ch6  (retuning, ~700ms loss)  | BL=[]
[TX  ->  *] bucket=41849 L4 active=wlan0 ch6  BL=[]
[RX  <- B] bucket=41849  peer_BL=[]  my_BL=[]
[02:05:36] HOP bucket=41850 L4 wlan0 -> ch8  (retuning, ~700ms loss)  | BL=[]
[TX  ->  *] bucket=41850 L4 active=wlan0 ch8  BL=[]
[RX  <- B] bucket=41850  peer_BL=[]  my_BL=[]
[02:05:38] HOP bucket=41851 L4 wlan0 -> ch9  (retuning, ~700ms loss)  | BL=[]
[RX  <- B] bucket=41851  peer_BL=[]  my_BL=[]
[TX  ->  *] bucket=41851 L4 active=wlan0 ch9  BL=[]
[02:05:40] HOP bucket=41852 L4 wlan0 -> ch6  (retuning, ~700ms loss)  | BL=[]
[RX  <- B] bucket=41852  peer_BL=[]  my_BL=[]
[TX  ->  *] bucket=41852 L4 active=wlan0 ch6  BL=[]
[02:05:42] HOP bucket=41853 L4 wlan0 -> ch5  (retuning, ~700ms loss)  | BL=[]
[RX  <- B] bucket=41853  peer_BL=[]  my_BL=[]
[TX  ->  *] bucket=41853 L4 active=wlan0 ch5  BL=[]
[02:05:44] HOP bucket=41854 L4 wlan0 -> ch3  (retuning, ~700ms loss)  | BL=[]
[TX  ->  *] bucket=41854 L4 active=wlan0 ch3  BL=[]
[RX  <- B] bucket=41854  peer_BL=[]  my_BL=[]
[02:05:46] HOP bucket=41855 L4 wlan0 -> ch9  (retuning, ~700ms loss)  | BL=[]
[RX  <- B] bucket=41855  peer_BL=[]  my_BL=[]
[TX  ->  *] bucket=41855 L4 active=wlan0 ch9  BL=[]
[02:05:48] HOP bucket=41856 L4 wlan0 -> ch11  (retuning, ~700ms loss)  | BL=[]
[TX  ->  *] bucket=41856 L4 active=wlan0 ch11  BL=[]
[RX  <- B] bucket=41856  peer_BL=[]  my_BL=[]
[02:05:50] HOP bucket=41857 L4 wlan0 -> ch4  (retuning, ~700ms loss)  | BL=[]
[TX  ->  *] bucket=41857 L4 active=wlan0 ch4  BL=[]
[RX  <- B] bucket=41857  peer_BL=[]  my_BL=[]
[02:05:52] HOP bucket=41858 L4 wlan0 -> ch4  (retuning, ~700ms loss)  | BL=[]
[TX  ->  *] bucket=41858 L4 active=wlan0 ch4  BL=[]
[RX  <- B] bucket=41858  peer_BL=[]  my_BL=[]
[02:05:54] HOP bucket=41859 L4 wlan0 -> ch11  (retuning, ~700ms loss)  | BL=[]
[TX  ->  *] bucket=41859 L4 active=wlan0 ch11  BL=[]
[RX  <- B] bucket=41859  peer_BL=[]  my_BL=[]
[02:05:56] HOP bucket=41860 L4 wlan0 -> ch5  (retuning, ~700ms loss)  | BL=[]
[RX  <- B] bucket=41860  peer_BL=[]  my_BL=[]
[TX  ->  *] bucket=41860 L4 active=wlan0 ch5  BL=[]
[02:05:58] HOP bucket=41861 L4 wlan0 -> ch11  (retuning, ~700ms loss)  | BL=[]
[RX  <- B] bucket=41861  peer_BL=[]  my_BL=[]
[TX  ->  *] bucket=41861 L4 active=wlan0 ch11  BL=[]
[02:06:00] HOP bucket=41862 L4 wlan0 -> ch11  (retuning, ~700ms loss)  | BL=[]
[TX  ->  *] bucket=41862 L4 active=wlan0 ch11  BL=[]
[RX  <- B] bucket=41862  peer_BL=[]  my_BL=[]
[02:06:02] HOP bucket=41863 L4 wlan0 -> ch8  (retuning, ~700ms loss)  | BL=[]
[RX  <- B] bucket=41863  peer_BL=[]  my_BL=[]
[TX  ->  *] bucket=41863 L4 active=wlan0 ch8  BL=[]
[02:06:04] HOP bucket=41864 L4 wlan0 -> ch10  (retuning, ~700ms loss)  | BL=[]
[TX  ->  *] bucket=41864 L4 active=wlan0 ch10  BL=[]
[RX  <- B] bucket=41864  peer_BL=[]  my_BL=[]
[02:06:06] HOP bucket=41865 L4 wlan0 -> ch6  (retuning, ~700ms loss)  | BL=[]
[TX  ->  *] bucket=41865 L4 active=wlan0 ch6  BL=[]
[RX  <- B] bucket=41865  peer_BL=[]  my_BL=[]
[02:06:08] HOP bucket=41866 L4 wlan0 -> ch7  (retuning, ~700ms loss)  | BL=[]
[TX  ->  *] bucket=41866 L4 active=wlan0 ch7  BL=[]
[RX  <- B] bucket=41866  peer_BL=[]  my_BL=[]
[02:06:10] HOP bucket=41867 L4 wlan0 -> ch7  (retuning, ~700ms loss)  | BL=[]
[TX  ->  *] bucket=41867 L4 active=wlan0 ch7  BL=[]
[RX  <- B] bucket=41867  peer_BL=[]  my_BL=[]
[02:06:12] HOP bucket=41868 L4 wlan0 -> ch8  (retuning, ~700ms loss)  | BL=[]
[TX  ->  *] bucket=41868 L4 active=wlan0 ch8  BL=[]
[RX  <- B] bucket=41868  peer_BL=[]  my_BL=[]
[02:06:14] HOP bucket=41869 L4 wlan0 -> ch7  (retuning, ~700ms loss)  | BL=[]
[TX  ->  *] bucket=41869 L4 active=wlan0 ch7  BL=[]
[RX  <- B] bucket=41869  peer_BL=[]  my_BL=[]
[02:06:16] HOP bucket=41870 L4 wlan0 -> ch11  (retuning, ~700ms loss)  | BL=[]
[TX  ->  *] bucket=41870 L4 active=wlan0 ch11  BL=[]
[RX  <- B] bucket=41870  peer_BL=[]  my_BL=[]
[02:06:18] HOP bucket=41871 L4 wlan0 -> ch8  (retuning, ~700ms loss)  | BL=[]
[TX  ->  *] bucket=41871 L4 active=wlan0 ch8  BL=[]
[RX  <- B] bucket=41871  peer_BL=[]  my_BL=[]
[02:06:20] HOP bucket=41872 L4 wlan0 -> ch5  (retuning, ~700ms loss)  | BL=[]
[RX  <- B] bucket=41872  peer_BL=[]  my_BL=[]
[TX  ->  *] bucket=41872 L4 active=wlan0 ch5  BL=[]
[02:06:22] HOP bucket=41873 L4 wlan0 -> ch5  (retuning, ~700ms loss)  | BL=[]
[TX  ->  *] bucket=41873 L4 active=wlan0 ch5  BL=[]
[RX  <- B] bucket=41873  peer_BL=[]  my_BL=[]
[02:06:24] HOP bucket=41874 L4 wlan0 -> ch4  (retuning, ~700ms loss)  | BL=[]
[TX  ->  *] bucket=41874 L4 active=wlan0 ch4  BL=[]
[RX  <- B] bucket=41874  peer_BL=[]  my_BL=[]
[02:06:26] HOP bucket=41875 L4 wlan0 -> ch6  (retuning, ~700ms loss)  | BL=[]
[TX  ->  *] bucket=41875 L4 active=wlan0 ch6  BL=[]
[RX  <- B] bucket=41875  peer_BL=[]  my_BL=[]
[02:06:28] HOP bucket=41876 L4 wlan0 -> ch5  (retuning, ~700ms loss)  | BL=[]
[TX  ->  *] bucket=41876 L4 active=wlan0 ch5  BL=[]
[RX  <- B] bucket=41876  peer_BL=[]  my_BL=[]
[02:06:30] HOP bucket=41877 L4 wlan0 -> ch11  (retuning, ~700ms loss)  | BL=[]
[RX  <- B] bucket=41877  peer_BL=[]  my_BL=[]
[TX  ->  *] bucket=41877 L4 active=wlan0 ch11  BL=[]
[02:06:32] HOP bucket=41878 L4 wlan0 -> ch5  (retuning, ~700ms loss)  | BL=[]
[RX  <- B] bucket=41878  peer_BL=[]  my_BL=[]
[TX  ->  *] bucket=41878 L4 active=wlan0 ch5  BL=[]
[02:06:34] HOP bucket=41879 L4 wlan0 -> ch9  (retuning, ~700ms loss)  | BL=[]
[TX  ->  *] bucket=41879 L4 active=wlan0 ch9  BL=[]
[RX  <- B] bucket=41879  peer_BL=[]  my_BL=[]
[02:06:36] HOP bucket=41880 L4 wlan0 -> ch7  (retuning, ~700ms loss)  | BL=[]
[TX  ->  *] bucket=41880 L4 active=wlan0 ch7  BL=[]
[RX  <- B] bucket=41880  peer_BL=[]  my_BL=[]
[02:06:38] HOP bucket=41881 L4 wlan0 -> ch11  (retuning, ~700ms loss)  | BL=[]
[RX  <- B] bucket=41881  peer_BL=[]  my_BL=[]
[TX  ->  *] bucket=41881 L4 active=wlan0 ch11  BL=[]
[02:06:40] HOP bucket=41882 L4 wlan0 -> ch11  (retuning, ~700ms loss)  | BL=[]
[TX  ->  *] bucket=41882 L4 active=wlan0 ch11  BL=[]
[RX  <- B] bucket=41882  peer_BL=[]  my_BL=[]
[02:06:42] HOP bucket=41883 L4 wlan0 -> ch6  (retuning, ~700ms loss)  | BL=[]
[RX  <- B] bucket=41883  peer_BL=[]  my_BL=[]
[TX  ->  *] bucket=41883 L4 active=wlan0 ch6  BL=[]
[02:06:44] HOP bucket=41884 L4 wlan0 -> ch4  (retuning, ~700ms loss)  | BL=[]
[TX  ->  *] bucket=41884 L4 active=wlan0 ch4  BL=[]
[RX  <- B] bucket=41884  peer_BL=[]  my_BL=[]
[02:06:46] HOP bucket=41885 L4 wlan0 -> ch9  (retuning, ~700ms loss)  | BL=[]
[TX  ->  *] bucket=41885 L4 active=wlan0 ch9  BL=[]
[RX  <- B] bucket=41885  peer_BL=[]  my_BL=[]
[02:06:48] HOP bucket=41886 L4 wlan0 -> ch11  (retuning, ~700ms loss)  | BL=[]
[TX  ->  *] bucket=41886 L4 active=wlan0 ch11  BL=[]
[RX  <- B] bucket=41886  peer_BL=[]  my_BL=[]
[02:06:50] HOP bucket=41887 L4 wlan0 -> ch3  (retuning, ~700ms loss)  | BL=[]
[TX  ->  *] bucket=41887 L4 active=wlan0 ch3  BL=[]
[RX  <- B] bucket=41887  peer_BL=[]  my_BL=[]
[02:06:52] HOP bucket=41888 L4 wlan0 -> ch7  (retuning, ~700ms loss)  | BL=[]
[RX  <- B] bucket=41888  peer_BL=[]  my_BL=[]
[TX  ->  *] bucket=41888 L4 active=wlan0 ch7  BL=[]
[02:06:54] HOP bucket=41889 L4 wlan0 -> ch3  (retuning, ~700ms loss)  | BL=[]
[TX  ->  *] bucket=41889 L4 active=wlan0 ch3  BL=[]
[RX  <- B] bucket=41889  peer_BL=[]  my_BL=[]
[02:06:56] HOP bucket=41890 L4 wlan0 -> ch10  (retuning, ~700ms loss)  | BL=[]
[TX  ->  *] bucket=41890 L4 active=wlan0 ch10  BL=[]
[RX  <- B] bucket=41890  peer_BL=[]  my_BL=[]
[02:06:58] HOP bucket=41891 L4 wlan0 -> ch7  (retuning, ~700ms loss)  | BL=[]
[TX  ->  *] bucket=41891 L4 active=wlan0 ch7  BL=[]
[RX  <- B] bucket=41891  peer_BL=[]  my_BL=[]
[02:07:00] HOP bucket=41892 L4 wlan0 -> ch3  (retuning, ~700ms loss)  | BL=[]
[TX  ->  *] bucket=41892 L4 active=wlan0 ch3  BL=[]
[RX  <- B] bucket=41892  peer_BL=[]  my_BL=[]
[02:07:02] HOP bucket=41893 L4 wlan0 -> ch11  (retuning, ~700ms loss)  | BL=[]
[RX  <- B] bucket=41893  peer_BL=[]  my_BL=[]
[TX  ->  *] bucket=41893 L4 active=wlan0 ch11  BL=[]
[02:07:04] HOP bucket=41894 L4 wlan0 -> ch10  (retuning, ~700ms loss)  | BL=[]
[TX  ->  *] bucket=41894 L4 active=wlan0 ch10  BL=[]
[RX  <- B] bucket=41894  peer_BL=[]  my_BL=[]
[02:07:06] HOP bucket=41895 L4 wlan0 -> ch5  (retuning, ~700ms loss)  | BL=[]
[TX  ->  *] bucket=41895 L4 active=wlan0 ch5  BL=[]
[RX  <- B] bucket=41895  peer_BL=[]  my_BL=[]
[02:07:08] HOP bucket=41896 L4 wlan0 -> ch8  (retuning, ~700ms loss)  | BL=[]
[TX  ->  *] bucket=41896 L4 active=wlan0 ch8  BL=[]
[RX  <- B] bucket=41896  peer_BL=[]  my_BL=[]
[02:07:10] HOP bucket=41897 L4 wlan0 -> ch3  (retuning, ~700ms loss)  | BL=[]
[TX  ->  *] bucket=41897 L4 active=wlan0 ch3  BL=[]
[RX  <- B] bucket=41897  peer_BL=[]  my_BL=[]
[02:07:12] HOP bucket=41898 L4 wlan0 -> ch4  (retuning, ~700ms loss)  | BL=[]
[TX  ->  *] bucket=41898 L4 active=wlan0 ch4  BL=[]
[RX  <- B] bucket=41898  peer_BL=[]  my_BL=[]
[02:07:14] HOP bucket=41899 L4 wlan0 -> ch9  (retuning, ~700ms loss)  | BL=[]
[TX  ->  *] bucket=41899 L4 active=wlan0 ch9  BL=[]
[RX  <- B] bucket=41899  peer_BL=[]  my_BL=[]
[02:07:16] HOP bucket=41900 L4 wlan0 -> ch10  (retuning, ~700ms loss)  | BL=[]
[RX  <- B] bucket=41900  peer_BL=[]  my_BL=[]
[TX  ->  *] bucket=41900 L4 active=wlan0 ch10  BL=[]
[02:07:18] HOP bucket=41901 L4 wlan0 -> ch4  (retuning, ~700ms loss)  | BL=[]
[RX  <- B] bucket=41901  peer_BL=[]  my_BL=[]
[TX  ->  *] bucket=41901 L4 active=wlan0 ch4  BL=[]
[02:07:20] HOP bucket=41902 L4 wlan0 -> ch7  (retuning, ~700ms loss)  | BL=[]
[RX  <- B] bucket=41902  peer_BL=[]  my_BL=[]
[TX  ->  *] bucket=41902 L4 active=wlan0 ch7  BL=[]
[02:07:22] HOP bucket=41903 L4 wlan0 -> ch7  (retuning, ~700ms loss)  | BL=[]
[TX  ->  *] bucket=41903 L4 active=wlan0 ch7  BL=[]
[RX  <- B] bucket=41903  peer_BL=[]  my_BL=[]
[02:07:24] HOP bucket=41904 L4 wlan0 -> ch4  (retuning, ~700ms loss)  | BL=[]
[RX  <- B] bucket=41904  peer_BL=[]  my_BL=[]
[TX  ->  *] bucket=41904 L4 active=wlan0 ch4  BL=[]
[02:07:26] HOP bucket=41905 L4 wlan0 -> ch4  (retuning, ~700ms loss)  | BL=[]
[TX  ->  *] bucket=41905 L4 active=wlan0 ch4  BL=[]
[RX  <- B] bucket=41905  peer_BL=[]  my_BL=[]
[02:07:28] HOP bucket=41906 L4 wlan0 -> ch7  (retuning, ~700ms loss)  | BL=[]
[TX  ->  *] bucket=41906 L4 active=wlan0 ch7  BL=[]
[RX  <- B] bucket=41906  peer_BL=[]  my_BL=[]
[02:07:30] HOP bucket=41907 L4 wlan0 -> ch6  (retuning, ~700ms loss)  | BL=[]
[TX  ->  *] bucket=41907 L4 active=wlan0 ch6  BL=[]
[RX  <- B] bucket=41907  peer_BL=[]  my_BL=[]
[02:07:32] HOP bucket=41908 L4 wlan0 -> ch10  (retuning, ~700ms loss)  | BL=[]
[TX  ->  *] bucket=41908 L4 active=wlan0 ch10  BL=[]
[RX  <- B] bucket=41908  peer_BL=[]  my_BL=[]
[02:07:34] HOP bucket=41909 L4 wlan0 -> ch9  (retuning, ~700ms loss)  | BL=[]
[RX  <- B] bucket=41909  peer_BL=[]  my_BL=[]
[TX  ->  *] bucket=41909 L4 active=wlan0 ch9  BL=[]
[02:07:36] HOP bucket=41910 L4 wlan0 -> ch3  (retuning, ~700ms loss)  | BL=[]
[RX  <- B] bucket=41910  peer_BL=[]  my_BL=[]
[TX  ->  *] bucket=41910 L4 active=wlan0 ch3  BL=[]
[02:07:38] HOP bucket=41911 L4 wlan0 -> ch7  (retuning, ~700ms loss)  | BL=[]
[RX  <- B] bucket=41911  peer_BL=[]  my_BL=[]
[TX  ->  *] bucket=41911 L4 active=wlan0 ch7  BL=[]
[02:07:40] HOP bucket=41912 L4 wlan0 -> ch11  (retuning, ~700ms loss)  | BL=[]
[RX  <- B] bucket=41912  peer_BL=[]  my_BL=[]
[TX  ->  *] bucket=41912 L4 active=wlan0 ch11  BL=[]
[02:07:42] HOP bucket=41913 L4 wlan0 -> ch10  (retuning, ~700ms loss)  | BL=[]
[RX  <- B] bucket=41913  peer_BL=[]  my_BL=[]
[TX  ->  *] bucket=41913 L4 active=wlan0 ch10  BL=[]
[02:07:44] HOP bucket=41914 L4 wlan0 -> ch11  (retuning, ~700ms loss)  | BL=[]
[RX  <- B] bucket=41914  peer_BL=[]  my_BL=[]
[TX  ->  *] bucket=41914 L4 active=wlan0 ch11  BL=[]
[02:07:46] HOP bucket=41915 L4 wlan0 -> ch6  (retuning, ~700ms loss)  | BL=[]
[RX  <- B] bucket=41915  peer_BL=[]  my_BL=[]
[TX  ->  *] bucket=41915 L4 active=wlan0 ch6  BL=[]
[02:07:48] HOP bucket=41916 L4 wlan0 -> ch3  (retuning, ~700ms loss)  | BL=[]
[RX  <- B] bucket=41916  peer_BL=[]  my_BL=[]
[TX  ->  *] bucket=41916 L4 active=wlan0 ch3  BL=[]
[02:07:50] HOP bucket=41917 L4 wlan0 -> ch4  (retuning, ~700ms loss)  | BL=[]
[TX  ->  *] bucket=41917 L4 active=wlan0 ch4  BL=[]
[RX  <- B] bucket=41917  peer_BL=[]  my_BL=[]
[02:07:52] HOP bucket=41918 L4 wlan0 -> ch9  (retuning, ~700ms loss)  | BL=[]
[RX  <- B] bucket=41918  peer_BL=[]  my_BL=[]
[TX  ->  *] bucket=41918 L4 active=wlan0 ch9  BL=[]
[02:07:54] HOP bucket=41919 L4 wlan0 -> ch7  (retuning, ~700ms loss)  | BL=[]
[RX  <- B] bucket=41919  peer_BL=[]  my_BL=[]
[TX  ->  *] bucket=41919 L4 active=wlan0 ch7  BL=[]
[02:07:56] HOP bucket=41920 L4 wlan0 -> ch3  (retuning, ~700ms loss)  | BL=[]
[TX  ->  *] bucket=41920 L4 active=wlan0 ch3  BL=[]
[RX  <- B] bucket=41920  peer_BL=[]  my_BL=[]
[02:07:58] HOP bucket=41921 L4 wlan0 -> ch9  (retuning, ~700ms loss)  | BL=[]
[TX  ->  *] bucket=41921 L4 active=wlan0 ch9  BL=[]
[RX  <- B] bucket=41921  peer_BL=[]  my_BL=[]
[02:08:00] HOP bucket=41922 L4 wlan0 -> ch5  (retuning, ~700ms loss)  | BL=[]
[RX  <- B] bucket=41922  peer_BL=[]  my_BL=[]
[TX  ->  *] bucket=41922 L4 active=wlan0 ch5  BL=[]
[02:08:02] HOP bucket=41923 L4 wlan0 -> ch7  (retuning, ~700ms loss)  | BL=[]
[TX  ->  *] bucket=41923 L4 active=wlan0 ch7  BL=[]
[RX  <- B] bucket=41923  peer_BL=[]  my_BL=[]
[02:08:04] HOP bucket=41924 L4 wlan0 -> ch7  (retuning, ~700ms loss)  | BL=[]
[RX  <- B] bucket=41924  peer_BL=[]  my_BL=[]
[TX  ->  *] bucket=41924 L4 active=wlan0 ch7  BL=[]
[02:08:06] HOP bucket=41925 L4 wlan0 -> ch8  (retuning, ~700ms loss)  | BL=[]
[TX  ->  *] bucket=41925 L4 active=wlan0 ch8  BL=[]
[RX  <- B] bucket=41925  peer_BL=[]  my_BL=[]
[02:08:08] HOP bucket=41926 L4 wlan0 -> ch6  (retuning, ~700ms loss)  | BL=[]
[TX  ->  *] bucket=41926 L4 active=wlan0 ch6  BL=[]
[RX  <- B] bucket=41926  peer_BL=[]  my_BL=[]
[02:08:10] HOP bucket=41927 L4 wlan0 -> ch5  (retuning, ~700ms loss)  | BL=[]
[TX  ->  *] bucket=41927 L4 active=wlan0 ch5  BL=[]
[RX  <- B] bucket=41927  peer_BL=[]  my_BL=[]
[02:08:12] HOP bucket=41928 L4 wlan0 -> ch11  (retuning, ~700ms loss)  | BL=[]
[TX  ->  *] bucket=41928 L4 active=wlan0 ch11  BL=[]
[RX  <- B] bucket=41928  peer_BL=[]  my_BL=[]
[02:08:14] HOP bucket=41929 L4 wlan0 -> ch9  (retuning, ~700ms loss)  | BL=[]
[RX  <- B] bucket=41929  peer_BL=[]  my_BL=[]
[TX  ->  *] bucket=41929 L4 active=wlan0 ch9  BL=[]
[02:08:16] HOP bucket=41930 L4 wlan0 -> ch7  (retuning, ~700ms loss)  | BL=[]
[TX  ->  *] bucket=41930 L4 active=wlan0 ch7  BL=[]
[RX  <- B] bucket=41930  peer_BL=[]  my_BL=[]
[02:08:18] HOP bucket=41931 L4 wlan0 -> ch3  (retuning, ~700ms loss)  | BL=[]
[TX  ->  *] bucket=41931 L4 active=wlan0 ch3  BL=[]
[RX  <- B] bucket=41931  peer_BL=[]  my_BL=[]
[02:08:20] HOP bucket=41932 L4 wlan0 -> ch8  (retuning, ~700ms loss)  | BL=[]
[TX  ->  *] bucket=41932 L4 active=wlan0 ch8  BL=[]
[RX  <- B] bucket=41932  peer_BL=[]  my_BL=[]
[02:08:22] HOP bucket=41933 L4 wlan0 -> ch7  (retuning, ~700ms loss)  | BL=[]
[TX  ->  *] bucket=41933 L4 active=wlan0 ch7  BL=[]
[RX  <- B] bucket=41933  peer_BL=[]  my_BL=[]
[02:08:24] HOP bucket=41934 L4 wlan0 -> ch11  (retuning, ~700ms loss)  | BL=[]
[TX  ->  *] bucket=41934 L4 active=wlan0 ch11  BL=[]
[RX  <- B] bucket=41934  peer_BL=[]  my_BL=[]
[02:08:26] HOP bucket=41935 L4 wlan0 -> ch9  (retuning, ~700ms loss)  | BL=[]
[TX  ->  *] bucket=41935 L4 active=wlan0 ch9  BL=[]
[RX  <- B] bucket=41935  peer_BL=[]  my_BL=[]
[02:08:28] HOP bucket=41936 L4 wlan0 -> ch11  (retuning, ~700ms loss)  | BL=[]
[TX  ->  *] bucket=41936 L4 active=wlan0 ch11  BL=[]
[RX  <- B] bucket=41936  peer_BL=[]  my_BL=[]
[02:08:30] HOP bucket=41937 L4 wlan0 -> ch3  (retuning, ~700ms loss)  | BL=[]
[TX  ->  *] bucket=41937 L4 active=wlan0 ch3  BL=[]
[RX  <- B] bucket=41937  peer_BL=[]  my_BL=[]
[02:08:32] HOP bucket=41938 L4 wlan0 -> ch10  (retuning, ~700ms loss)  | BL=[]
[TX  ->  *] bucket=41938 L4 active=wlan0 ch10  BL=[]
[RX  <- B] bucket=41938  peer_BL=[]  my_BL=[]
[02:08:34] HOP bucket=41939 L4 wlan0 -> ch3  (retuning, ~700ms loss)  | BL=[]
[TX  ->  *] bucket=41939 L4 active=wlan0 ch3  BL=[]
[RX  <- B] bucket=41939  peer_BL=[]  my_BL=[]
[02:08:36] HOP bucket=41940 L4 wlan0 -> ch4  (retuning, ~700ms loss)  | BL=[]
[RX  <- B] bucket=41940  peer_BL=[]  my_BL=[]
[TX  ->  *] bucket=41940 L4 active=wlan0 ch4  BL=[]
[02:08:38] HOP bucket=41941 L4 wlan0 -> ch4  (retuning, ~700ms loss)  | BL=[]
[TX  ->  *] bucket=41941 L4 active=wlan0 ch4  BL=[]
[RX  <- B] bucket=41941  peer_BL=[]  my_BL=[]
[02:08:40] HOP bucket=41942 L4 wlan0 -> ch5  (retuning, ~700ms loss)  | BL=[]
[TX  ->  *] bucket=41942 L4 active=wlan0 ch5  BL=[]
[RX  <- B] bucket=41942  peer_BL=[]  my_BL=[]
[02:08:42] HOP bucket=41943 L4 wlan0 -> ch7  (retuning, ~700ms loss)  | BL=[]
[RX  <- B] bucket=41943  peer_BL=[]  my_BL=[]
[TX  ->  *] bucket=41943 L4 active=wlan0 ch7  BL=[]
[02:08:44] HOP bucket=41944 L4 wlan0 -> ch11  (retuning, ~700ms loss)  | BL=[]
[RX  <- B] bucket=41944  peer_BL=[]  my_BL=[]
[TX  ->  *] bucket=41944 L4 active=wlan0 ch11  BL=[]
[02:08:46] HOP bucket=41945 L4 wlan0 -> ch9  (retuning, ~700ms loss)  | BL=[]
[TX  ->  *] bucket=41945 L4 active=wlan0 ch9  BL=[]
[RX  <- B] bucket=41945  peer_BL=[]  my_BL=[]
[02:08:48] HOP bucket=41946 L4 wlan0 -> ch6  (retuning, ~700ms loss)  | BL=[]
[TX  ->  *] bucket=41946 L4 active=wlan0 ch6  BL=[]
[RX  <- B] bucket=41946  peer_BL=[]  my_BL=[]
[02:08:50] HOP bucket=41947 L4 wlan0 -> ch7  (retuning, ~700ms loss)  | BL=[]
[TX  ->  *] bucket=41947 L4 active=wlan0 ch7  BL=[]
[RX  <- B] bucket=41947  peer_BL=[]  my_BL=[]
[02:08:52] HOP bucket=41948 L4 wlan0 -> ch6  (retuning, ~700ms loss)  | BL=[]
[TX  ->  *] bucket=41948 L4 active=wlan0 ch6  BL=[]
[RX  <- B] bucket=41948  peer_BL=[]  my_BL=[]
[02:08:54] HOP bucket=41949 L4 wlan0 -> ch5  (retuning, ~700ms loss)  | BL=[]
[TX  ->  *] bucket=41949 L4 active=wlan0 ch5  BL=[]
[RX  <- B] bucket=41949  peer_BL=[]  my_BL=[]
[02:08:56] HOP bucket=41950 L4 wlan0 -> ch9  (retuning, ~700ms loss)  | BL=[]
[TX  ->  *] bucket=41950 L4 active=wlan0 ch9  BL=[]
[RX  <- B] bucket=41950  peer_BL=[]  my_BL=[]
[02:08:58] HOP bucket=41951 L4 wlan0 -> ch11  (retuning, ~700ms loss)  | BL=[]
[TX  ->  *] bucket=41951 L4 active=wlan0 ch11  BL=[]
[RX  <- B] bucket=41951  peer_BL=[]  my_BL=[]
[02:09:00] HOP bucket=41952 L4 wlan0 -> ch11  (retuning, ~700ms loss)  | BL=[]
[TX  ->  *] bucket=41952 L4 active=wlan0 ch11  BL=[]
[RX  <- B] bucket=41952  peer_BL=[]  my_BL=[]
[02:09:02] HOP bucket=41953 L4 wlan0 -> ch3  (retuning, ~700ms loss)  | BL=[]
[TX  ->  *] bucket=41953 L4 active=wlan0 ch3  BL=[]
[RX  <- B] bucket=41953  peer_BL=[]  my_BL=[]
[02:09:04] HOP bucket=41954 L4 wlan0 -> ch3  (retuning, ~700ms loss)  | BL=[]
[TX  ->  *] bucket=41954 L4 active=wlan0 ch3  BL=[]
[RX  <- B] bucket=41954  peer_BL=[]  my_BL=[]
[02:09:06] HOP bucket=41955 L4 wlan0 -> ch8  (retuning, ~700ms loss)  | BL=[]
[RX  <- B] bucket=41955  peer_BL=[]  my_BL=[]
[TX  ->  *] bucket=41955 L4 active=wlan0 ch8  BL=[]
[02:09:08] HOP bucket=41956 L4 wlan0 -> ch3  (retuning, ~700ms loss)  | BL=[]
[RX  <- B] bucket=41956  peer_BL=[]  my_BL=[]
[TX  ->  *] bucket=41956 L4 active=wlan0 ch3  BL=[]
[02:09:10] HOP bucket=41957 L4 wlan0 -> ch8  (retuning, ~700ms loss)  | BL=[]
[RX  <- B] bucket=41957  peer_BL=[]  my_BL=[]
[TX  ->  *] bucket=41957 L4 active=wlan0 ch8  BL=[]
[02:09:12] HOP bucket=41958 L4 wlan0 -> ch3  (retuning, ~700ms loss)  | BL=[]
[TX  ->  *] bucket=41958 L4 active=wlan0 ch3  BL=[]
[RX  <- B] bucket=41958  peer_BL=[]  my_BL=[]
[02:09:14] HOP bucket=41959 L4 wlan0 -> ch3  (retuning, ~700ms loss)  | BL=[]
[RX  <- B] bucket=41959  peer_BL=[]  my_BL=[]
[TX  ->  *] bucket=41959 L4 active=wlan0 ch3  BL=[]
[02:09:16] HOP bucket=41960 L4 wlan0 -> ch4  (retuning, ~700ms loss)  | BL=[]
[TX  ->  *] bucket=41960 L4 active=wlan0 ch4  BL=[]
[RX  <- B] bucket=41960  peer_BL=[]  my_BL=[]
[02:09:18] HOP bucket=41961 L4 wlan0 -> ch8  (retuning, ~700ms loss)  | BL=[]
[TX  ->  *] bucket=41961 L4 active=wlan0 ch8  BL=[]
[RX  <- B] bucket=41961  peer_BL=[]  my_BL=[]
[02:09:20] HOP bucket=41962 L4 wlan0 -> ch10  (retuning, ~700ms loss)  | BL=[]
[RX  <- B] bucket=41962  peer_BL=[]  my_BL=[]
[TX  ->  *] bucket=41962 L4 active=wlan0 ch10  BL=[]
[02:09:22] HOP bucket=41963 L4 wlan0 -> ch8  (retuning, ~700ms loss)  | BL=[]
[TX  ->  *] bucket=41963 L4 active=wlan0 ch8  BL=[]
[RX  <- B] bucket=41963  peer_BL=[]  my_BL=[]
[02:09:24] HOP bucket=41964 L4 wlan0 -> ch5  (retuning, ~700ms loss)  | BL=[]
[TX  ->  *] bucket=41964 L4 active=wlan0 ch5  BL=[]
[RX  <- B] bucket=41964  peer_BL=[]  my_BL=[]
[02:09:26] HOP bucket=41965 L4 wlan0 -> ch7  (retuning, ~700ms loss)  | BL=[]
[TX  ->  *] bucket=41965 L4 active=wlan0 ch7  BL=[]
[RX  <- B] bucket=41965  peer_BL=[]  my_BL=[]
[02:09:28] HOP bucket=41966 L4 wlan0 -> ch11  (retuning, ~700ms loss)  | BL=[]
[TX  ->  *] bucket=41966 L4 active=wlan0 ch11  BL=[]
[RX  <- B] bucket=41966  peer_BL=[]  my_BL=[]
[02:09:30] HOP bucket=41967 L4 wlan0 -> ch6  (retuning, ~700ms loss)  | BL=[]
[TX  ->  *] bucket=41967 L4 active=wlan0 ch6  BL=[]
[RX  <- B] bucket=41967  peer_BL=[]  my_BL=[]
[02:09:32] HOP bucket=41968 L4 wlan0 -> ch10  (retuning, ~700ms loss)  | BL=[]
[TX  ->  *] bucket=41968 L4 active=wlan0 ch10  BL=[]
[RX  <- B] bucket=41968  peer_BL=[]  my_BL=[]
[02:09:34] HOP bucket=41969 L4 wlan0 -> ch4  (retuning, ~700ms loss)  | BL=[]
[TX  ->  *] bucket=41969 L4 active=wlan0 ch4  BL=[]
[RX  <- B] bucket=41969  peer_BL=[]  my_BL=[]
[02:09:36] HOP bucket=41970 L4 wlan0 -> ch7  (retuning, ~700ms loss)  | BL=[]
[TX  ->  *] bucket=41970 L4 active=wlan0 ch7  BL=[]
[RX  <- B] bucket=41970  peer_BL=[]  my_BL=[]
[02:09:38] HOP bucket=41971 L4 wlan0 -> ch9  (retuning, ~700ms loss)  | BL=[]
[TX  ->  *] bucket=41971 L4 active=wlan0 ch9  BL=[]
[RX  <- B] bucket=41971  peer_BL=[]  my_BL=[]
[02:09:40] HOP bucket=41972 L4 wlan0 -> ch6  (retuning, ~700ms loss)  | BL=[]
[TX  ->  *] bucket=41972 L4 active=wlan0 ch6  BL=[]
[RX  <- B] bucket=41972  peer_BL=[]  my_BL=[]
[02:09:42] HOP bucket=41973 L4 wlan0 -> ch6  (retuning, ~700ms loss)  | BL=[]
[TX  ->  *] bucket=41973 L4 active=wlan0 ch6  BL=[]
[RX  <- B] bucket=41973  peer_BL=[]  my_BL=[]
[02:09:44] HOP bucket=41974 L4 wlan0 -> ch11  (retuning, ~700ms loss)  | BL=[]
[TX  ->  *] bucket=41974 L4 active=wlan0 ch11  BL=[]
[RX  <- B] bucket=41974  peer_BL=[]  my_BL=[]
[02:09:46] HOP bucket=41975 L4 wlan0 -> ch8  (retuning, ~700ms loss)  | BL=[]
[TX  ->  *] bucket=41975 L4 active=wlan0 ch8  BL=[]
[RX  <- B] bucket=41975  peer_BL=[]  my_BL=[]
[02:09:48] HOP bucket=41976 L4 wlan0 -> ch10  (retuning, ~700ms loss)  | BL=[]
[RX  <- B] bucket=41976  peer_BL=[]  my_BL=[]
[TX  ->  *] bucket=41976 L4 active=wlan0 ch10  BL=[]
[02:09:50] HOP bucket=41977 L4 wlan0 -> ch11  (retuning, ~700ms loss)  | BL=[]
[RX  <- B] bucket=41977  peer_BL=[]  my_BL=[]
[TX  ->  *] bucket=41977 L4 active=wlan0 ch11  BL=[]
[02:09:52] HOP bucket=41978 L4 wlan0 -> ch7  (retuning, ~700ms loss)  | BL=[]
[RX  <- B] bucket=41978  peer_BL=[]  my_BL=[]
[TX  ->  *] bucket=41978 L4 active=wlan0 ch7  BL=[]
[02:09:54] HOP bucket=41979 L4 wlan0 -> ch9  (retuning, ~700ms loss)  | BL=[]
[RX  <- B] bucket=41979  peer_BL=[]  my_BL=[]
[TX  ->  *] bucket=41979 L4 active=wlan0 ch9  BL=[]
[02:09:56] HOP bucket=41980 L4 wlan0 -> ch5  (retuning, ~700ms loss)  | BL=[]
[RX  <- B] bucket=41980  peer_BL=[]  my_BL=[]
[TX  ->  *] bucket=41980 L4 active=wlan0 ch5  BL=[]
[02:09:58] HOP bucket=41981 L4 wlan0 -> ch7  (retuning, ~700ms loss)  | BL=[]
[RX  <- B] bucket=41981  peer_BL=[]  my_BL=[]
[TX  ->  *] bucket=41981 L4 active=wlan0 ch7  BL=[]
[02:10:00] HOP bucket=41982 L4 wlan0 -> ch11  (retuning, ~700ms loss)  | BL=[]
[TX  ->  *] bucket=41982 L4 active=wlan0 ch11  BL=[]
[RX  <- B] bucket=41982  peer_BL=[]  my_BL=[]
[02:10:02] HOP bucket=41983 L4 wlan0 -> ch11  (retuning, ~700ms loss)  | BL=[]
[TX  ->  *] bucket=41983 L4 active=wlan0 ch11  BL=[]
[RX  <- B] bucket=41983  peer_BL=[]  my_BL=[]
[02:10:04] HOP bucket=41984 L4 wlan0 -> ch7  (retuning, ~700ms loss)  | BL=[]
[TX  ->  *] bucket=41984 L4 active=wlan0 ch7  BL=[]
[RX  <- B] bucket=41984  peer_BL=[]  my_BL=[]
[02:10:06] HOP bucket=41985 L4 wlan0 -> ch3  (retuning, ~700ms loss)  | BL=[]
[TX  ->  *] bucket=41985 L4 active=wlan0 ch3  BL=[]
[RX  <- B] bucket=41985  peer_BL=[]  my_BL=[]
[02:10:08] HOP bucket=41986 L4 wlan0 -> ch9  (retuning, ~700ms loss)  | BL=[]
[TX  ->  *] bucket=41986 L4 active=wlan0 ch9  BL=[]
[RX  <- B] bucket=41986  peer_BL=[]  my_BL=[]
[02:10:10] HOP bucket=41987 L4 wlan0 -> ch6  (retuning, ~700ms loss)  | BL=[]
[RX  <- B] bucket=41987  peer_BL=[]  my_BL=[]
[TX  ->  *] bucket=41987 L4 active=wlan0 ch6  BL=[]
[02:10:12] HOP bucket=41988 L4 wlan0 -> ch5  (retuning, ~700ms loss)  | BL=[]
[TX  ->  *] bucket=41988 L4 active=wlan0 ch5  BL=[]
[RX  <- B] bucket=41988  peer_BL=[]  my_BL=[]
[02:10:14] HOP bucket=41989 L4 wlan0 -> ch4  (retuning, ~700ms loss)  | BL=[]
[TX  ->  *] bucket=41989 L4 active=wlan0 ch4  BL=[]
[RX  <- B] bucket=41989  peer_BL=[]  my_BL=[]
[02:10:16] HOP bucket=41990 L4 wlan0 -> ch3  (retuning, ~700ms loss)  | BL=[]
[RX  <- B] bucket=41990  peer_BL=[]  my_BL=[]
[TX  ->  *] bucket=41990 L4 active=wlan0 ch3  BL=[]
[02:10:18] HOP bucket=41991 L4 wlan0 -> ch5  (retuning, ~700ms loss)  | BL=[]
[RX  <- B] bucket=41991  peer_BL=[]  my_BL=[]
[TX  ->  *] bucket=41991 L4 active=wlan0 ch5  BL=[]
[02:10:20] HOP bucket=41992 L4 wlan0 -> ch9  (retuning, ~700ms loss)  | BL=[]
[TX  ->  *] bucket=41992 L4 active=wlan0 ch9  BL=[]
[RX  <- B] bucket=41992  peer_BL=[]  my_BL=[]
[02:10:22] HOP bucket=41993 L4 wlan0 -> ch11  (retuning, ~700ms loss)  | BL=[]
[RX  <- B] bucket=41993  peer_BL=[]  my_BL=[]
[TX  ->  *] bucket=41993 L4 active=wlan0 ch11  BL=[]
[02:10:24] HOP bucket=41994 L4 wlan0 -> ch9  (retuning, ~700ms loss)  | BL=[]
[TX  ->  *] bucket=41994 L4 active=wlan0 ch9  BL=[]
[RX  <- B] bucket=41994  peer_BL=[]  my_BL=[]
[02:10:26] HOP bucket=41995 L4 wlan0 -> ch7  (retuning, ~700ms loss)  | BL=[]
[TX  ->  *] bucket=41995 L4 active=wlan0 ch7  BL=[]
[RX  <- B] bucket=41995  peer_BL=[]  my_BL=[]
[02:10:28] HOP bucket=41996 L4 wlan0 -> ch8  (retuning, ~700ms loss)  | BL=[]
[TX  ->  *] bucket=41996 L4 active=wlan0 ch8  BL=[]
[RX  <- B] bucket=41996  peer_BL=[]  my_BL=[]
[02:10:30] HOP bucket=41997 L4 wlan0 -> ch11  (retuning, ~700ms loss)  | BL=[]
[TX  ->  *] bucket=41997 L4 active=wlan0 ch11  BL=[]
[RX  <- B] bucket=41997  peer_BL=[]  my_BL=[]
[02:10:32] HOP bucket=41998 L4 wlan0 -> ch9  (retuning, ~700ms loss)  | BL=[]
[TX  ->  *] bucket=41998 L4 active=wlan0 ch9  BL=[]
[RX  <- B] bucket=41998  peer_BL=[]  my_BL=[]
[02:10:34] HOP bucket=41999 L4 wlan0 -> ch8  (retuning, ~700ms loss)  | BL=[]
[RX  <- B] bucket=41999  peer_BL=[]  my_BL=[]
[TX  ->  *] bucket=41999 L4 active=wlan0 ch8  BL=[]
[02:10:36] HOP bucket=42000 L4 wlan0 -> ch10  (retuning, ~700ms loss)  | BL=[]
[TX  ->  *] bucket=42000 L4 active=wlan0 ch10  BL=[]
[RX  <- B] bucket=42000  peer_BL=[]  my_BL=[]
[02:10:38] HOP bucket=42001 L4 wlan0 -> ch4  (retuning, ~700ms loss)  | BL=[]
[RX  <- B] bucket=42001  peer_BL=[]  my_BL=[]
[TX  ->  *] bucket=42001 L4 active=wlan0 ch4  BL=[]
[02:10:40] HOP bucket=42002 L4 wlan0 -> ch8  (retuning, ~700ms loss)  | BL=[]