============================================================
 ARTCHO NODE — MODE=L3 — NODE_ID=B
============================================================
 Bucket duration : 2.0s
 TEST_EPOCH      : 1776801942.0
 BUCKET_EPOCH    : 1776801942.0
 sim offset      : 0s  (0.00h)
 Use blacklist   : True
 Detect enabled  : True
 Dual radio      : True
============================================================

[WAIT] sleeping 19.0s until TEST_EPOCH...
[INIT] L3 cold-start (bucket=0):
       active  wlan0 -> ch7 (2442 MHz)
       bg      wlan1 -> ch9 (2452 MHz)
       confirmed blacklist: []
[INIT] L3 cold-start complete.

[TX  ->  *] bucket=0 L3 active=wlan0 ch7  BL=[]
[RX  <- A] bucket=0  peer_BL=[]  my_BL=[]
[22:05:44] HOP bucket=1 L3 active=wlan1 ch9  | prep wlan0 ch9  | BL=[]
[TX  ->  *] bucket=1 L3 active=wlan1 ch9  BL=[]
[RX  <- A] bucket=1  peer_BL=[]  my_BL=[]
[22:05:46] HOP bucket=2 L3 active=wlan0 ch9  | prep wlan1 ch8  | BL=[]
[TX  ->  *] bucket=2 L3 active=wlan0 ch9  BL=[]
[RX  <- A] bucket=2  peer_BL=[]  my_BL=[]
[22:05:48] HOP bucket=3 L3 active=wlan1 ch8  | prep wlan0 ch9  | BL=[]
[TX  ->  *] bucket=3 L3 active=wlan1 ch8  BL=[]
[RX  <- A] bucket=3  peer_BL=[]  my_BL=[]
[22:05:50] HOP bucket=4 L3 active=wlan0 ch9  | prep wlan1 ch11  | BL=[]
[TX  ->  *] bucket=4 L3 active=wlan0 ch9  BL=[]
[RX  <- A] bucket=4  peer_BL=[]  my_BL=[]
[22:05:52] HOP bucket=5 L3 active=wlan1 ch11  | prep wlan0 ch7  | BL=[]
[TX  ->  *] bucket=5 L3 active=wlan1 ch11  BL=[]
[RX  <- A] bucket=5  peer_BL=[]  my_BL=[]
[22:05:54] HOP bucket=6 L3 active=wlan0 ch7  | prep wlan1 ch9  | BL=[]
[TX  ->  *] bucket=6 L3 active=wlan0 ch7  BL=[]
[RX  <- A] bucket=6  peer_BL=[]  my_BL=[]
[22:05:56] HOP bucket=7 L3 active=wlan1 ch9  | prep wlan0 ch10  | BL=[]
[TX  ->  *] bucket=7 L3 active=wlan1 ch9  BL=[]
[RX  <- A] bucket=7  peer_BL=[]  my_BL=[]
[22:05:58] HOP bucket=8 L3 active=wlan0 ch10  | prep wlan1 ch7  | BL=[]
[RX  <- A] bucket=8  peer_BL=[]  my_BL=[]
[TX  ->  *] bucket=8 L3 active=wlan0 ch10  BL=[]
[22:06:00] HOP bucket=9 L3 active=wlan1 ch7  | prep wlan0 ch9  | BL=[]
[RX  <- A] bucket=9  peer_BL=[]  my_BL=[]
[TX  ->  *] bucket=9 L3 active=wlan1 ch7  BL=[]
[22:06:02] HOP bucket=10 L3 active=wlan0 ch9  | prep wlan1 ch7  | BL=[]
[RX  <- A] bucket=10  peer_BL=[]  my_BL=[]
[TX  ->  *] bucket=10 L3 active=wlan0 ch9  BL=[]
[22:06:04] HOP bucket=11 L3 active=wlan1 ch7  | prep wlan0 ch5  | BL=[]
[TX  ->  *] bucket=11 L3 active=wlan1 ch7  BL=[]
[RX  <- A] bucket=11  peer_BL=[]  my_BL=[]
[22:06:06] HOP bucket=12 L3 active=wlan0 ch5  | prep wlan1 ch5  | BL=[]
[TX  ->  *] bucket=12 L3 active=wlan0 ch5  BL=[]
[RX  <- A] bucket=12  peer_BL=[]  my_BL=[]
[22:06:08] HOP bucket=13 L3 active=wlan1 ch5  | prep wlan0 ch10  | BL=[]
[TX  ->  *] bucket=13 L3 active=wlan1 ch5  BL=[]
[RX  <- A] bucket=13  peer_BL=[]  my_BL=[]
[22:06:10] HOP bucket=14 L3 active=wlan0 ch10  | prep wlan1 ch9  | BL=[]
[TX  ->  *] bucket=14 L3 active=wlan0 ch10  BL=[]
[RX  <- A] bucket=14  peer_BL=[]  my_BL=[]
[22:06:12] HOP bucket=15 L3 active=wlan1 ch9  | prep wlan0 ch8  | BL=[]
[TX  ->  *] bucket=15 L3 active=wlan1 ch9  BL=[]
[RX  <- A] bucket=15  peer_BL=[]  my_BL=[]
[22:06:14] HOP bucket=16 L3 active=wlan0 ch8  | prep wlan1 ch8  | BL=[]
[TX  ->  *] bucket=16 L3 active=wlan0 ch8  BL=[]
[RX  <- A] bucket=16  peer_BL=[]  my_BL=[]
[22:06:16] HOP bucket=17 L3 active=wlan1 ch8  | prep wlan0 ch8  | BL=[]
[TX  ->  *] bucket=17 L3 active=wlan1 ch8  BL=[]
[RX  <- A] bucket=17  peer_BL=[]  my_BL=[]
[22:06:18] HOP bucket=18 L3 active=wlan0 ch8  | prep wlan1 ch3  | BL=[]
[TX  ->  *] bucket=18 L3 active=wlan0 ch8  BL=[]
[RX  <- A] bucket=18  peer_BL=[]  my_BL=[]
[22:06:20] HOP bucket=19 L3 active=wlan1 ch3  | prep wlan0 ch8  | BL=[]
[TX  ->  *] bucket=19 L3 active=wlan1 ch3  BL=[]
[RX  <- A] bucket=19  peer_BL=[]  my_BL=[]
[22:06:22] HOP bucket=20 L3 active=wlan0 ch8  | prep wlan1 ch9  | BL=[]
[TX  ->  *] bucket=20 L3 active=wlan0 ch8  BL=[]
[RX  <- A] bucket=20  peer_BL=[]  my_BL=[]
[22:06:24] HOP bucket=21 L3 active=wlan1 ch9  | prep wlan0 ch11  | BL=[]
[TX  ->  *] bucket=21 L3 active=wlan1 ch9  BL=[]
[RX  <- A] bucket=21  peer_BL=[]  my_BL=[]
[22:06:26] HOP bucket=22 L3 active=wlan0 ch11  | prep wlan1 ch10  | BL=[]
[TX  ->  *] bucket=22 L3 active=wlan0 ch11  BL=[]
[RX  <- A] bucket=22  peer_BL=[]  my_BL=[]
[22:06:28] HOP bucket=23 L3 active=wlan1 ch10  | prep wlan0 ch9  | BL=[]
[TX  ->  *] bucket=23 L3 active=wlan1 ch10  BL=[]
[RX  <- A] bucket=23  peer_BL=[]  my_BL=[]
[22:06:30] HOP bucket=24 L3 active=wlan0 ch9  | prep wlan1 ch11  | BL=[]
[TX  ->  *] bucket=24 L3 active=wlan0 ch9  BL=[]
[RX  <- A] bucket=24  peer_BL=[]  my_BL=[]
[22:06:32] HOP bucket=25 L3 active=wlan1 ch11  | prep wlan0 ch11  | BL=[]
[TX  ->  *] bucket=25 L3 active=wlan1 ch11  BL=[]
[RX  <- A] bucket=25  peer_BL=[]  my_BL=[]
[22:06:34] HOP bucket=26 L3 active=wlan0 ch11  | prep wlan1 ch4  | BL=[]
[TX  ->  *] bucket=26 L3 active=wlan0 ch11  BL=[]
[RX  <- A] bucket=26  peer_BL=[]  my_BL=[]
[22:06:36] HOP bucket=27 L3 active=wlan1 ch4  | prep wlan0 ch3  | BL=[]
[TX  ->  *] bucket=27 L3 active=wlan1 ch4  BL=[]
[RX  <- A] bucket=27  peer_BL=[]  my_BL=[]
[22:06:38] HOP bucket=28 L3 active=wlan0 ch3  | prep wlan1 ch10  | BL=[]
[RX  <- A] bucket=28  peer_BL=[]  my_BL=[]
[TX  ->  *] bucket=28 L3 active=wlan0 ch3  BL=[]
[22:06:40] HOP bucket=29 L3 active=wlan1 ch10  | prep wlan0 ch3  | BL=[]
[TX  ->  *] bucket=29 L3 active=wlan1 ch10  BL=[]
[RX  <- A] bucket=29  peer_BL=[]  my_BL=[]
[22:06:42] HOP bucket=30 L3 active=wlan0 ch3  | prep wlan1 ch10  | BL=[]
[TX  ->  *] bucket=30 L3 active=wlan0 ch3  BL=[]
[RX  <- A] bucket=30  peer_BL=[]  my_BL=[]
[22:06:44] HOP bucket=31 L3 active=wlan1 ch10  | prep wlan0 ch10  | BL=[]
[RX  <- A] bucket=31  peer_BL=[]  my_BL=[]
[TX  ->  *] bucket=31 L3 active=wlan1 ch10  BL=[]
[22:06:46] HOP bucket=32 L3 active=wlan0 ch10  | prep wlan1 ch10  | BL=[]
[TX  ->  *] bucket=32 L3 active=wlan0 ch10  BL=[]
[RX  <- A] bucket=32  peer_BL=[]  my_BL=[]
[22:06:48] HOP bucket=33 L3 active=wlan1 ch10  | prep wlan0 ch10  | BL=[]
[RX  <- A] bucket=33  peer_BL=[]  my_BL=[]
[TX  ->  *] bucket=33 L3 active=wlan1 ch10  BL=[]
[22:06:50] HOP bucket=34 L3 active=wlan0 ch10  | prep wlan1 ch4  | BL=[]
[TX  ->  *] bucket=34 L3 active=wlan0 ch10  BL=[]
[RX  <- A] bucket=34  peer_BL=[]  my_BL=[]
[22:06:52] HOP bucket=35 L3 active=wlan1 ch4  | prep wlan0 ch11  | BL=[]
[TX  ->  *] bucket=35 L3 active=wlan1 ch4  BL=[]
[RX  <- A] bucket=35  peer_BL=[]  my_BL=[]
[22:06:54] HOP bucket=36 L3 active=wlan0 ch11  | prep wlan1 ch5  | BL=[]
[TX  ->  *] bucket=36 L3 active=wlan0 ch11  BL=[]
[RX  <- A] bucket=36  peer_BL=[]  my_BL=[]
[22:06:56] HOP bucket=37 L3 active=wlan1 ch5  | prep wlan0 ch8  | BL=[]
[TX  ->  *] bucket=37 L3 active=wlan1 ch5  BL=[]
[RX  <- A] bucket=37  peer_BL=[]  my_BL=[]
[22:06:58] HOP bucket=38 L3 active=wlan0 ch8  | prep wlan1 ch11  | BL=[]
[TX  ->  *] bucket=38 L3 active=wlan0 ch8  BL=[]
[RX  <- A] bucket=38  peer_BL=[]  my_BL=[]
[22:07:00] HOP bucket=39 L3 active=wlan1 ch11  | prep wlan0 ch5  | BL=[]
[TX  ->  *] bucket=39 L3 active=wlan1 ch11  BL=[]
[RX  <- A] bucket=39  peer_BL=[]  my_BL=[]
[22:07:02] HOP bucket=40 L3 active=wlan0 ch5  | prep wlan1 ch10  | BL=[]
[TX  ->  *] bucket=40 L3 active=wlan0 ch5  BL=[]
[RX  <- A] bucket=40  peer_BL=[]  my_BL=[]
[22:07:04] HOP bucket=41 L3 active=wlan1 ch10  | prep wlan0 ch11  | BL=[]
[TX  ->  *] bucket=41 L3 active=wlan1 ch10  BL=[]
[RX  <- A] bucket=41  peer_BL=[]  my_BL=[]
[22:07:06] HOP bucket=42 L3 active=wlan0 ch11  | prep wlan1 ch8  | BL=[]
[RX  <- A] bucket=42  peer_BL=[]  my_BL=[]
[TX  ->  *] bucket=42 L3 active=wlan0 ch11  BL=[]
[22:07:08] HOP bucket=43 L3 active=wlan1 ch8  | prep wlan0 ch7  | BL=[]
[TX  ->  *] bucket=43 L3 active=wlan1 ch8  BL=[]
[RX  <- A] bucket=43  peer_BL=[]  my_BL=[]
[22:07:10] HOP bucket=44 L3 active=wlan0 ch7  | prep wlan1 ch4  | BL=[]
[TX  ->  *] bucket=44 L3 active=wlan0 ch7  BL=[]
[RX  <- A] bucket=44  peer_BL=[]  my_BL=[]
[22:07:12] HOP bucket=45 L3 active=wlan1 ch4  | prep wlan0 ch10  | BL=[]
[TX  ->  *] bucket=45 L3 active=wlan1 ch4  BL=[]
[RX  <- A] bucket=45  peer_BL=[]  my_BL=[]
[22:07:14] HOP bucket=46 L3 active=wlan0 ch10  | prep wlan1 ch7  | BL=[]
[RX  <- A] bucket=46  peer_BL=[]  my_BL=[]
[TX  ->  *] bucket=46 L3 active=wlan0 ch10  BL=[]
[22:07:16] HOP bucket=47 L3 active=wlan1 ch7  | prep wlan0 ch3  | BL=[]
[TX  ->  *] bucket=47 L3 active=wlan1 ch7  BL=[]
[RX  <- A] bucket=47  peer_BL=[]  my_BL=[]
[22:07:18] HOP bucket=48 L3 active=wlan0 ch3  | prep wlan1 ch11  | BL=[]
[TX  ->  *] bucket=48 L3 active=wlan0 ch3  BL=[]
[RX  <- A] bucket=48  peer_BL=[]  my_BL=[]
[22:07:20] HOP bucket=49 L3 active=wlan1 ch11  | prep wlan0 ch6  | BL=[]
[TX  ->  *] bucket=49 L3 active=wlan1 ch11  BL=[]
[RX  <- A] bucket=49  peer_BL=[]  my_BL=[]
[22:07:22] HOP bucket=50 L3 active=wlan0 ch6  | prep wlan1 ch3  | BL=[]
[TX  ->  *] bucket=50 L3 active=wlan0 ch6  BL=[]
[!! JAMMED  ] bucket=50 L3 active=wlan0 ch6  silent + egress_drops=38  -> BL until bucket=80  BL=['6']
[22:07:24] HOP bucket=51 L3 active=wlan1 ch3  | prep wlan0 ch11  | BL=['6']
[TX  ->  *] bucket=51 L3 active=wlan1 ch3  BL=['6']
[RX  <- A] bucket=51  peer_BL=['6']  my_BL=['6']
[22:07:26] HOP bucket=52 L3 active=wlan0 ch11  | prep wlan1 ch5  | BL=['6']
[RX  <- A] bucket=52  peer_BL=['6']  my_BL=['6']
[TX  ->  *] bucket=52 L3 active=wlan0 ch11  BL=['6']
[22:07:28] HOP bucket=53 L3 active=wlan1 ch5  | prep wlan0 ch7  | BL=['6']
[TX  ->  *] bucket=53 L3 active=wlan1 ch5  BL=['6']
[RX  <- A] bucket=53  peer_BL=['6']  my_BL=['6']
[22:07:30] HOP bucket=54 L3 active=wlan0 ch7  | prep wlan1 ch7  | BL=['6']
[TX  ->  *] bucket=54 L3 active=wlan0 ch7  BL=['6']
[RX  <- A] bucket=54  peer_BL=['6']  my_BL=['6']
[22:07:32] HOP bucket=55 L3 active=wlan1 ch7  | prep wlan0 ch11  | BL=['6']
[RX  <- A] bucket=55  peer_BL=['6']  my_BL=['6']
[TX  ->  *] bucket=55 L3 active=wlan1 ch7  BL=['6']
[22:07:34] HOP bucket=56 L3 active=wlan0 ch11  | prep wlan1 ch7  | BL=['6']
[TX  ->  *] bucket=56 L3 active=wlan0 ch11  BL=['6']
[RX  <- A] bucket=56  peer_BL=['6']  my_BL=['6']
[22:07:36] HOP bucket=57 L3 active=wlan1 ch7  | prep wlan0 ch3  | BL=['6']
[TX  ->  *] bucket=57 L3 active=wlan1 ch7  BL=['6']
[RX  <- A] bucket=57  peer_BL=['6']  my_BL=['6']
[22:07:38] HOP bucket=58 L3 active=wlan0 ch3  | prep wlan1 ch7  | BL=['6']
[RX  <- A] bucket=58  peer_BL=['6']  my_BL=['6']
[TX  ->  *] bucket=58 L3 active=wlan0 ch3  BL=['6']
[22:07:40] HOP bucket=59 L3 active=wlan1 ch7  | prep wlan0 ch4  | BL=['6']
[RX  <- A] bucket=59  peer_BL=['6']  my_BL=['6']
[TX  ->  *] bucket=59 L3 active=wlan1 ch7  BL=['6']
[22:07:42] HOP bucket=60 L3 active=wlan0 ch4  | prep wlan1 ch7  | BL=['6']
[TX  ->  *] bucket=60 L3 active=wlan0 ch4  BL=['6']
[RX  <- A] bucket=60  peer_BL=['6']  my_BL=['6']
[22:07:44] HOP bucket=61 L3 active=wlan1 ch7  | prep wlan0 ch11  | BL=['6']
[RX  <- A] bucket=61  peer_BL=['6']  my_BL=['6']
[TX  ->  *] bucket=61 L3 active=wlan1 ch7  BL=['6']
[22:07:46] HOP bucket=62 L3 active=wlan0 ch11  | prep wlan1 ch7  | BL=['6']
[TX  ->  *] bucket=62 L3 active=wlan0 ch11  BL=['6']
[RX  <- A] bucket=62  peer_BL=['6']  my_BL=['6']
[22:07:48] HOP bucket=63 L3 active=wlan1 ch7  | prep wlan0 ch9  | BL=['6']
[TX  ->  *] bucket=63 L3 active=wlan1 ch7  BL=['6']
[RX  <- A] bucket=63  peer_BL=['6']  my_BL=['6']
[22:07:50] HOP bucket=64 L3 active=wlan0 ch9  | prep wlan1 ch8  | BL=['6']
[RX  <- A] bucket=64  peer_BL=['6']  my_BL=['6']
[TX  ->  *] bucket=64 L3 active=wlan0 ch9  BL=['6']
[22:07:52] HOP bucket=65 L3 active=wlan1 ch8  | prep wlan0 ch11  | BL=['6']
[RX  <- A] bucket=65  peer_BL=['6']  my_BL=['6']
[TX  ->  *] bucket=65 L3 active=wlan1 ch8  BL=['6']
[22:07:54] HOP bucket=66 L3 active=wlan0 ch11  | prep wlan1 ch10  | BL=['6']
[TX  ->  *] bucket=66 L3 active=wlan0 ch11  BL=['6']
[RX  <- A] bucket=66  peer_BL=['6']  my_BL=['6']
[22:07:56] HOP bucket=67 L3 active=wlan1 ch10  | prep wlan0 ch9  | BL=['6']
[RX  <- A] bucket=67  peer_BL=['6']  my_BL=['6']
[TX  ->  *] bucket=67 L3 active=wlan1 ch10  BL=['6']
[22:07:58] HOP bucket=68 L3 active=wlan0 ch9  | prep wlan1 ch10  | BL=['6']
[RX  <- A] bucket=68  peer_BL=['6']  my_BL=['6']
[TX  ->  *] bucket=68 L3 active=wlan0 ch9  BL=['6']
[22:08:00] HOP bucket=69 L3 active=wlan1 ch10  | prep wlan0 ch11  | BL=['6']
[RX  <- A] bucket=69  peer_BL=['6']  my_BL=['6']
[TX  ->  *] bucket=69 L3 active=wlan1 ch10  BL=['6']
[22:08:02] HOP bucket=70 L3 active=wlan0 ch11  | prep wlan1 ch4  | BL=['6']
[RX  <- A] bucket=70  peer_BL=['6']  my_BL=['6']
[TX  ->  *] bucket=70 L3 active=wlan0 ch11  BL=['6']
[22:08:04] HOP bucket=71 L3 active=wlan1 ch4  | prep wlan0 ch9  | BL=['6']
[RX  <- A] bucket=71  peer_BL=['6']  my_BL=['6']
[TX  ->  *] bucket=71 L3 active=wlan1 ch4  BL=['6']
[22:08:06] HOP bucket=72 L3 active=wlan0 ch9  | prep wlan1 ch7  | BL=['6']
[RX  <- A] bucket=72  peer_BL=['6']  my_BL=['6']
[TX  ->  *] bucket=72 L3 active=wlan0 ch9  BL=['6']
[22:08:08] HOP bucket=73 L3 active=wlan1 ch7  | prep wlan0 ch11  | BL=['6']
[TX  ->  *] bucket=73 L3 active=wlan1 ch7  BL=['6']
[RX  <- A] bucket=73  peer_BL=['6']  my_BL=['6']
[22:08:10] HOP bucket=74 L3 active=wlan0 ch11  | prep wlan1 ch7  | BL=['6']
[RX  <- A] bucket=74  peer_BL=['6']  my_BL=['6']
[TX  ->  *] bucket=74 L3 active=wlan0 ch11  BL=['6']
[22:08:12] HOP bucket=75 L3 active=wlan1 ch7  | prep wlan0 ch8  | BL=['6']
[TX  ->  *] bucket=75 L3 active=wlan1 ch7  BL=['6']
[RX  <- A] bucket=75  peer_BL=['6']  my_BL=['6']
[22:08:14] HOP bucket=76 L3 active=wlan0 ch8  | prep wlan1 ch9  | BL=['6']
[TX  ->  *] bucket=76 L3 active=wlan0 ch8  BL=['6']
[RX  <- A] bucket=76  peer_BL=['6']  my_BL=['6']
[22:08:16] HOP bucket=77 L3 active=wlan1 ch9  | prep wlan0 ch11  | BL=['6']
[TX  ->  *] bucket=77 L3 active=wlan1 ch9  BL=['6']
[RX  <- A] bucket=77  peer_BL=['6']  my_BL=['6']
[22:08:18] HOP bucket=78 L3 active=wlan0 ch11  | prep wlan1 ch4  | BL=['6']
[RX  <- A] bucket=78  peer_BL=['6']  my_BL=['6']
[TX  ->  *] bucket=78 L3 active=wlan0 ch11  BL=['6']
[22:08:20] HOP bucket=79 L3 active=wlan1 ch4  | prep wlan0 ch8  | BL=['6']
[TX  ->  *] bucket=79 L3 active=wlan1 ch4  BL=['6']
[RX  <- A] bucket=79  peer_BL=['6']  my_BL=['6']
[22:08:22] HOP bucket=80 L3 active=wlan0 ch8  | prep wlan1 ch7  | BL=[]
[RX  <- A] bucket=80  peer_BL=[]  my_BL=[]
[TX  ->  *] bucket=80 L3 active=wlan0 ch8  BL=[]
[22:08:24] HOP bucket=81 L3 active=wlan1 ch7  | prep wlan0 ch9  | BL=[]
[TX  ->  *] bucket=81 L3 active=wlan1 ch7  BL=[]
[RX  <- A] bucket=81  peer_BL=[]  my_BL=[]
[22:08:26] HOP bucket=82 L3 active=wlan0 ch9  | prep wlan1 ch4  | BL=[]
[RX  <- A] bucket=82  peer_BL=[]  my_BL=[]
[TX  ->  *] bucket=82 L3 active=wlan0 ch9  BL=[]
[22:08:28] HOP bucket=83 L3 active=wlan1 ch4  | prep wlan0 ch9  | BL=[]
[RX  <- A] bucket=83  peer_BL=[]  my_BL=[]
[TX  ->  *] bucket=83 L3 active=wlan1 ch4  BL=[]
[22:08:30] HOP bucket=84 L3 active=wlan0 ch9  | prep wlan1 ch8  | BL=[]
[RX  <- A] bucket=84  peer_BL=[]  my_BL=[]
[TX  ->  *] bucket=84 L3 active=wlan0 ch9  BL=[]
[22:08:32] HOP bucket=85 L3 active=wlan1 ch8  | prep wlan0 ch6  | BL=[]
[TX  ->  *] bucket=85 L3 active=wlan1 ch8  BL=[]
[RX  <- A] bucket=85  peer_BL=[]  my_BL=[]
[22:08:34] HOP bucket=86 L3 active=wlan0 ch6  | prep wlan1 ch3  | BL=[]
[TX  ->  *] bucket=86 L3 active=wlan0 ch6  BL=[]
[!! JAMMED  ] bucket=86 L3 active=wlan0 ch6  silent + egress_drops=39  -> BL until bucket=116  BL=['6']
[22:08:36] HOP bucket=87 L3 active=wlan1 ch3  | prep wlan0 ch3  | BL=['6']
[TX  ->  *] bucket=87 L3 active=wlan1 ch3  BL=['6']
[RX  <- A] bucket=87  peer_BL=['6']  my_BL=['6']
[22:08:38] HOP bucket=88 L3 active=wlan0 ch3  | prep wlan1 ch7  | BL=['6']
[TX  ->  *] bucket=88 L3 active=wlan0 ch3  BL=['6']
[RX  <- A] bucket=88  peer_BL=['6']  my_BL=['6']
[22:08:40] HOP bucket=89 L3 active=wlan1 ch7  | prep wlan0 ch7  | BL=['6']
[RX  <- A] bucket=89  peer_BL=['6']  my_BL=['6']
[TX  ->  *] bucket=89 L3 active=wlan1 ch7  BL=['6']
[22:08:42] HOP bucket=90 L3 active=wlan0 ch7  | prep wlan1 ch5  | BL=['6']
[TX  ->  *] bucket=90 L3 active=wlan0 ch7  BL=['6']
[!! JAMMED  ] bucket=90 L3 active=wlan0 ch7  silent + egress_drops=71  -> BL until bucket=120  BL=['6', '7']
[22:08:44] HOP bucket=91 L3 active=wlan1 ch5  | prep wlan0 ch8  | BL=['6', '7']
[TX  ->  *] bucket=91 L3 active=wlan1 ch5  BL=['6', '7']
[RX  <- A] bucket=91  peer_BL=['6', '7']  my_BL=['6', '7']
[22:08:46] HOP bucket=92 L3 active=wlan0 ch8  | prep wlan1 ch9  | BL=['6', '7']
[RX  <- A] bucket=92  peer_BL=['6', '7']  my_BL=['6', '7']
[TX  ->  *] bucket=92 L3 active=wlan0 ch8  BL=['6', '7']
[22:08:48] HOP bucket=93 L3 active=wlan1 ch9  | prep wlan0 ch8  | BL=['6', '7']
[TX  ->  *] bucket=93 L3 active=wlan1 ch9  BL=['6', '7']
[RX  <- A] bucket=93  peer_BL=['6', '7']  my_BL=['6', '7']
[22:08:50] HOP bucket=94 L3 active=wlan0 ch8  | prep wlan1 ch8  | BL=['6', '7']
[RX  <- A] bucket=94  peer_BL=['6', '7']  my_BL=['6', '7']
[TX  ->  *] bucket=94 L3 active=wlan0 ch8  BL=['6', '7']
[22:08:52] HOP bucket=95 L3 active=wlan1 ch8  | prep wlan0 ch9  | BL=['6', '7']
[TX  ->  *] bucket=95 L3 active=wlan1 ch8  BL=['6', '7']
[RX  <- A] bucket=95  peer_BL=['6', '7']  my_BL=['6', '7']
[22:08:54] HOP bucket=96 L3 active=wlan0 ch9  | prep wlan1 ch10  | BL=['6', '7']
[RX  <- A] bucket=96  peer_BL=['6', '7']  my_BL=['6', '7']
[TX  ->  *] bucket=96 L3 active=wlan0 ch9  BL=['6', '7']
[22:08:56] HOP bucket=97 L3 active=wlan1 ch10  | prep wlan0 ch3  | BL=['6', '7']
[TX  ->  *] bucket=97 L3 active=wlan1 ch10  BL=['6', '7']
[RX  <- A] bucket=97  peer_BL=['6', '7']  my_BL=['6', '7']
[22:08:58] HOP bucket=98 L3 active=wlan0 ch3  | prep wlan1 ch11  | BL=['6', '7']
[TX  ->  *] bucket=98 L3 active=wlan0 ch3  BL=['6', '7']
[RX  <- A] bucket=98  peer_BL=['6', '7']  my_BL=['6', '7']
[22:09:00] HOP bucket=99 L3 active=wlan1 ch11  | prep wlan0 ch5  | BL=['6', '7']
[TX  ->  *] bucket=99 L3 active=wlan1 ch11  BL=['6', '7']
[RX  <- A] bucket=99  peer_BL=['6', '7']  my_BL=['6', '7']
[22:09:02] HOP bucket=100 L3 active=wlan0 ch5  | prep wlan1 ch3  | BL=['6', '7']
[RX  <- A] bucket=100  peer_BL=['6', '7']  my_BL=['6', '7']
[TX  ->  *] bucket=100 L3 active=wlan0 ch5  BL=['6', '7']
[22:09:04] HOP bucket=101 L3 active=wlan1 ch3  | prep wlan0 ch9  | BL=['6', '7']
[TX  ->  *] bucket=101 L3 active=wlan1 ch3  BL=['6', '7']
[RX  <- A] bucket=101  peer_BL=['6', '7']  my_BL=['6', '7']
[22:09:06] HOP bucket=102 L3 active=wlan0 ch9  | prep wlan1 ch5  | BL=['6', '7']
[RX  <- A] bucket=102  peer_BL=['6', '7']  my_BL=['6', '7']
[TX  ->  *] bucket=102 L3 active=wlan0 ch9  BL=['6', '7']
[22:09:08] HOP bucket=103 L3 active=wlan1 ch5  | prep wlan0 ch5  | BL=['6', '7']
[TX  ->  *] bucket=103 L3 active=wlan1 ch5  BL=['6', '7']
[RX  <- A] bucket=103  peer_BL=['6', '7']  my_BL=['6', '7']
[22:09:10] HOP bucket=104 L3 active=wlan0 ch5  | prep wlan1 ch9  | BL=['6', '7']
[TX  ->  *] bucket=104 L3 active=wlan0 ch5  BL=['6', '7']
[RX  <- A] bucket=104  peer_BL=['6', '7']  my_BL=['6', '7']
[22:09:12] HOP bucket=105 L3 active=wlan1 ch9  | prep wlan0 ch11  | BL=['6', '7']
[RX  <- A] bucket=105  peer_BL=['6', '7']  my_BL=['6', '7']
[TX  ->  *] bucket=105 L3 active=wlan1 ch9  BL=['6', '7']
[22:09:14] HOP bucket=106 L3 active=wlan0 ch11  | prep wlan1 ch4  | BL=['6', '7']
[TX  ->  *] bucket=106 L3 active=wlan0 ch11  BL=['6', '7']
[RX  <- A] bucket=106  peer_BL=['6', '7']  my_BL=['6', '7']
[22:09:16] HOP bucket=107 L3 active=wlan1 ch4  | prep wlan0 ch9  | BL=['6', '7']
[TX  ->  *] bucket=107 L3 active=wlan1 ch4  BL=['6', '7']
[RX  <- A] bucket=107  peer_BL=['6', '7']  my_BL=['6', '7']
[22:09:18] HOP bucket=108 L3 active=wlan0 ch9  | prep wlan1 ch11  | BL=['6', '7']
[TX  ->  *] bucket=108 L3 active=wlan0 ch9  BL=['6', '7']
[RX  <- A] bucket=108  peer_BL=['6', '7']  my_BL=['6', '7']
[22:09:20] HOP bucket=109 L3 active=wlan1 ch11  | prep wlan0 ch3  | BL=['6', '7']
[TX  ->  *] bucket=109 L3 active=wlan1 ch11  BL=['6', '7']
[RX  <- A] bucket=109  peer_BL=['6', '7']  my_BL=['6', '7']
[22:09:22] HOP bucket=110 L3 active=wlan0 ch3  | prep wlan1 ch9  | BL=['6', '7']
[TX  ->  *] bucket=110 L3 active=wlan0 ch3  BL=['6', '7']
[RX  <- A] bucket=110  peer_BL=['6', '7']  my_BL=['6', '7']
[22:09:24] HOP bucket=111 L3 active=wlan1 ch9  | prep wlan0 ch11  | BL=['6', '7']
[TX  ->  *] bucket=111 L3 active=wlan1 ch9  BL=['6', '7']
[RX  <- A] bucket=111  peer_BL=['6', '7']  my_BL=['6', '7']
[22:09:26] HOP bucket=112 L3 active=wlan0 ch11  | prep wlan1 ch4  | BL=['6', '7']
[TX  ->  *] bucket=112 L3 active=wlan0 ch11  BL=['6', '7']
[RX  <- A] bucket=112  peer_BL=['6', '7']  my_BL=['6', '7']
[22:09:28] HOP bucket=113 L3 active=wlan1 ch4  | prep wlan0 ch9  | BL=['6', '7']
[RX  <- A] bucket=113  peer_BL=['6', '7']  my_BL=['6', '7']
[TX  ->  *] bucket=113 L3 active=wlan1 ch4  BL=['6', '7']
[22:09:30] HOP bucket=114 L3 active=wlan0 ch9  | prep wlan1 ch4  | BL=['6', '7']
[TX  ->  *] bucket=114 L3 active=wlan0 ch9  BL=['6', '7']
[RX  <- A] bucket=114  peer_BL=['6', '7']  my_BL=['6', '7']
[22:09:32] HOP bucket=115 L3 active=wlan1 ch4  | prep wlan0 ch9  | BL=['6', '7']
[TX  ->  *] bucket=115 L3 active=wlan1 ch4  BL=['6', '7']
[RX  <- A] bucket=115  peer_BL=['6', '7']  my_BL=['6', '7']
[22:09:34] HOP bucket=116 L3 active=wlan0 ch9  | prep wlan1 ch4  | BL=['7']
[TX  ->  *] bucket=116 L3 active=wlan0 ch9  BL=['7']
[RX  <- A] bucket=116  peer_BL=['7']  my_BL=['7']
[22:09:36] HOP bucket=117 L3 active=wlan1 ch4  | prep wlan0 ch11  | BL=['7']
[TX  ->  *] bucket=117 L3 active=wlan1 ch4  BL=['7']
[RX  <- A] bucket=117  peer_BL=['7']  my_BL=['7']
[22:09:38] HOP bucket=118 L3 active=wlan0 ch11  | prep wlan1 ch6  | BL=['7']
[TX  ->  *] bucket=118 L3 active=wlan0 ch11  BL=['7']
[RX  <- A] bucket=118  peer_BL=['7']  my_BL=['7']
[22:09:40] HOP bucket=119 L3 active=wlan1 ch6  | prep wlan0 ch8  | BL=['7']
[TX  ->  *] bucket=119 L3 active=wlan1 ch6  BL=['7']
[!! JAMMED  ] bucket=119 L3 active=wlan1 ch6  silent + egress_drops=38  -> BL until bucket=149  BL=['6', '7']
[22:09:42] HOP bucket=120 L3 active=wlan0 ch8  (LAG: totp_says=ch7, physical=ch8)  | prep wlan1 ch9  | BL=['6']
[TX  ->  *] bucket=120 L3 active=wlan0 ch8  BL=['6']
[RX  <- A] bucket=120  peer_BL=['6']  my_BL=['6']
[22:09:44] HOP bucket=121 L3 active=wlan1 ch9  | prep wlan0 ch7  | BL=['6']
[TX  ->  *] bucket=121 L3 active=wlan1 ch9  BL=['6']
[RX  <- A] bucket=121  peer_BL=['6']  my_BL=['6']
[22:09:46] HOP bucket=122 L3 active=wlan0 ch7  | prep wlan1 ch7  | BL=['6']
[TX  ->  *] bucket=122 L3 active=wlan0 ch7  BL=['6']
[!! JAMMED  ] bucket=122 L3 active=wlan0 ch7  silent + egress_drops=38  -> BL until bucket=152  BL=['6', '7']
[22:09:48] HOP bucket=123 L3 active=wlan1 ch7  (LAG: totp_says=ch8, physical=ch7)  | prep wlan0 ch5  | BL=['6', '7']
[TX  ->  *] bucket=123 L3 active=wlan1 ch7  BL=['6', '7']
[22:09:50] HOP bucket=124 L3 active=wlan0 ch5  | prep wlan1 ch5  | BL=['6', '7']
[RX  <- A] bucket=124  peer_BL=['6', '7']  my_BL=['6', '7']
[TX  ->  *] bucket=124 L3 active=wlan0 ch5  BL=['6', '7']
[22:09:52] HOP bucket=125 L3 active=wlan1 ch5  | prep wlan0 ch8  | BL=['6', '7']
[TX  ->  *] bucket=125 L3 active=wlan1 ch5  BL=['6', '7']
[RX  <- A] bucket=125  peer_BL=['6', '7']  my_BL=['6', '7']
[22:09:54] HOP bucket=126 L3 active=wlan0 ch8  | prep wlan1 ch11  | BL=['6', '7']
[TX  ->  *] bucket=126 L3 active=wlan0 ch8  BL=['6', '7']
[RX  <- A] bucket=126  peer_BL=['6', '7']  my_BL=['6', '7']
[22:09:56] HOP bucket=127 L3 active=wlan1 ch11  | prep wlan0 ch3  | BL=['6', '7']
[RX  <- A] bucket=127  peer_BL=['6', '7']  my_BL=['6', '7']
[TX  ->  *] bucket=127 L3 active=wlan1 ch11  BL=['6', '7']
[22:09:58] HOP bucket=128 L3 active=wlan0 ch3  | prep wlan1 ch10  | BL=['6', '7']
[RX  <- A] bucket=128  peer_BL=['6', '7']  my_BL=['6', '7']
[TX  ->  *] bucket=128 L3 active=wlan0 ch3  BL=['6', '7']
[22:10:00] HOP bucket=129 L3 active=wlan1 ch10  | prep wlan0 ch8  | BL=['6', '7']
[RX  <- A] bucket=129  peer_BL=['6', '7']  my_BL=['6', '7']
[TX  ->  *] bucket=129 L3 active=wlan1 ch10  BL=['6', '7']
[22:10:02] HOP bucket=130 L3 active=wlan0 ch8  | prep wlan1 ch8  | BL=['6', '7']
[RX  <- A] bucket=130  peer_BL=['6', '7']  my_BL=['6', '7']
[TX  ->  *] bucket=130 L3 active=wlan0 ch8  BL=['6', '7']
[22:10:04] HOP bucket=131 L3 active=wlan1 ch8  | prep wlan0 ch8  | BL=['6', '7']
[RX  <- A] bucket=131  peer_BL=['6', '7']  my_BL=['6', '7']
[TX  ->  *] bucket=131 L3 active=wlan1 ch8  BL=['6', '7']
[22:10:06] HOP bucket=132 L3 active=wlan0 ch8  | prep wlan1 ch8  | BL=['6', '7']
[TX  ->  *] bucket=132 L3 active=wlan0 ch8  BL=['6', '7']
[RX  <- A] bucket=132  peer_BL=['6', '7']  my_BL=['6', '7']
[22:10:08] HOP bucket=133 L3 active=wlan1 ch8  | prep wlan0 ch8  | BL=['6', '7']
[RX  <- A] bucket=133  peer_BL=['6', '7']  my_BL=['6', '7']
[TX  ->  *] bucket=133 L3 active=wlan1 ch8  BL=['6', '7']
[22:10:10] HOP bucket=134 L3 active=wlan0 ch8  | prep wlan1 ch8  | BL=['6', '7']
[TX  ->  *] bucket=134 L3 active=wlan0 ch8  BL=['6', '7']
[RX  <- A] bucket=134  peer_BL=['6', '7']  my_BL=['6', '7']
[22:10:12] HOP bucket=135 L3 active=wlan1 ch8  | prep wlan0 ch8  | BL=['6', '7']
[TX  ->  *] bucket=135 L3 active=wlan1 ch8  BL=['6', '7']
[RX  <- A] bucket=135  peer_BL=['6', '7']  my_BL=['6', '7']
[22:10:14] HOP bucket=136 L3 active=wlan0 ch8  | prep wlan1 ch11  | BL=['6', '7']
[TX  ->  *] bucket=136 L3 active=wlan0 ch8  BL=['6', '7']
[RX  <- A] bucket=136  peer_BL=['6', '7']  my_BL=['6', '7']
[22:10:16] HOP bucket=137 L3 active=wlan1 ch11  | prep wlan0 ch3  | BL=['6', '7']
[TX  ->  *] bucket=137 L3 active=wlan1 ch11  BL=['6', '7']
[RX  <- A] bucket=137  peer_BL=['6', '7']  my_BL=['6', '7']
[22:10:18] HOP bucket=138 L3 active=wlan0 ch3  | prep wlan1 ch8  | BL=['6', '7']
[RX  <- A] bucket=138  peer_BL=['6', '7']  my_BL=['6', '7']
[TX  ->  *] bucket=138 L3 active=wlan0 ch3  BL=['6', '7']
[22:10:20] HOP bucket=139 L3 active=wlan1 ch8  | prep wlan0 ch10  | BL=['6', '7']
[TX  ->  *] bucket=139 L3 active=wlan1 ch8  BL=['6', '7']
[RX  <- A] bucket=139  peer_BL=['6', '7']  my_BL=['6', '7']
[22:10:22] HOP bucket=140 L3 active=wlan0 ch10  | prep wlan1 ch8  | BL=['6', '7']
[TX  ->  *] bucket=140 L3 active=wlan0 ch10  BL=['6', '7']
[RX  <- A] bucket=140  peer_BL=['6', '7']  my_BL=['6', '7']
[22:10:24] HOP bucket=141 L3 active=wlan1 ch8  | prep wlan0 ch8  | BL=['6', '7']
[TX  ->  *] bucket=141 L3 active=wlan1 ch8  BL=['6', '7']
[RX  <- A] bucket=141  peer_BL=['6', '7']  my_BL=['6', '7']
[22:10:26] HOP bucket=142 L3 active=wlan0 ch8  | prep wlan1 ch3  | BL=['6', '7']
[TX  ->  *] bucket=142 L3 active=wlan0 ch8  BL=['6', '7']
[RX  <- A] bucket=142  peer_BL=['6', '7']  my_BL=['6', '7']
[22:10:28] HOP bucket=143 L3 active=wlan1 ch3  | prep wlan0 ch4  | BL=['6', '7']
[RX  <- A] bucket=143  peer_BL=['6', '7']  my_BL=['6', '7']
[TX  ->  *] bucket=143 L3 active=wlan1 ch3  BL=['6', '7']
[22:10:30] HOP bucket=144 L3 active=wlan0 ch4  | prep wlan1 ch3  | BL=['6', '7']
[TX  ->  *] bucket=144 L3 active=wlan0 ch4  BL=['6', '7']
[RX  <- A] bucket=144  peer_BL=['6', '7']  my_BL=['6', '7']
[22:10:32] HOP bucket=145 L3 active=wlan1 ch3  | prep wlan0 ch8  | BL=['6', '7']
[TX  ->  *] bucket=145 L3 active=wlan1 ch3  BL=['6', '7']
[RX  <- A] bucket=145  peer_BL=['6', '7']  my_BL=['6', '7']
[22:10:34] HOP bucket=146 L3 active=wlan0 ch8  | prep wlan1 ch5  | BL=['6', '7']
[TX  ->  *] bucket=146 L3 active=wlan0 ch8  BL=['6', '7']
[RX  <- A] bucket=146  peer_BL=['6', '7']  my_BL=['6', '7']
[22:10:36] HOP bucket=147 L3 active=wlan1 ch5  | prep wlan0 ch11  | BL=['6', '7']
[TX  ->  *] bucket=147 L3 active=wlan1 ch5  BL=['6', '7']
[RX  <- A] bucket=147  peer_BL=['6', '7']  my_BL=['6', '7']
[22:10:38] HOP bucket=148 L3 active=wlan0 ch11  | prep wlan1 ch11  | BL=['6', '7']
[TX  ->  *] bucket=148 L3 active=wlan0 ch11  BL=['6', '7']
[RX  <- A] bucket=148  peer_BL=['6', '7']  my_BL=['6', '7']
[22:10:40] HOP bucket=149 L3 active=wlan1 ch11  | prep wlan0 ch8  | BL=['7']
[TX  ->  *] bucket=149 L3 active=wlan1 ch11  BL=['7']
[RX  <- A] bucket=149  peer_BL=['7']  my_BL=['7']
[22:10:42] HOP bucket=150 L3 active=wlan0 ch8  | prep wlan1 ch8  | BL=['7']
[RX  <- A] bucket=150  peer_BL=['7']  my_BL=['7']
[TX  ->  *] bucket=150 L3 active=wlan0 ch8  BL=['7']
[22:10:44] HOP bucket=151 L3 active=wlan1 ch8  | prep wlan0 ch3  | BL=['7']
[TX  ->  *] bucket=151 L3 active=wlan1 ch8  BL=['7']
[RX  <- A] bucket=151  peer_BL=['7']  my_BL=['7']
[22:10:46] HOP bucket=152 L3 active=wlan0 ch3  | prep wlan1 ch10  | BL=[]
[RX  <- A] bucket=152  peer_BL=[]  my_BL=[]
[TX  ->  *] bucket=152 L3 active=wlan0 ch3  BL=[]
[22:10:48] HOP bucket=153 L3 active=wlan1 ch10  | prep wlan0 ch9  | BL=[]
[TX  ->  *] bucket=153 L3 active=wlan1 ch10  BL=[]
[RX  <- A] bucket=153  peer_BL=[]  my_BL=[]
[22:10:50] HOP bucket=154 L3 active=wlan0 ch9  | prep wlan1 ch4  | BL=[]
[TX  ->  *] bucket=154 L3 active=wlan0 ch9  BL=[]
[RX  <- A] bucket=154  peer_BL=[]  my_BL=[]
[22:10:52] HOP bucket=155 L3 active=wlan1 ch4  | prep wlan0 ch3  | BL=[]
[TX  ->  *] bucket=155 L3 active=wlan1 ch4  BL=[]
[RX  <- A] bucket=155  peer_BL=[]  my_BL=[]
[22:10:54] HOP bucket=156 L3 active=wlan0 ch3  | prep wlan1 ch5  | BL=[]
[RX  <- A] bucket=156  peer_BL=[]  my_BL=[]
[TX  ->  *] bucket=156 L3 active=wlan0 ch3  BL=[]
[22:10:56] HOP bucket=157 L3 active=wlan1 ch5  | prep wlan0 ch5  | BL=[]
[RX  <- A] bucket=157  peer_BL=[]  my_BL=[]
[TX  ->  *] bucket=157 L3 active=wlan1 ch5  BL=[]
[22:10:58] HOP bucket=158 L3 active=wlan0 ch5  | prep wlan1 ch11  | BL=[]
[TX  ->  *] bucket=158 L3 active=wlan0 ch5  BL=[]
[RX  <- A] bucket=158  peer_BL=[]  my_BL=[]
[22:11:00] HOP bucket=159 L3 active=wlan1 ch11  | prep wlan0 ch6  | BL=[]
[TX  ->  *] bucket=159 L3 active=wlan1 ch11  BL=[]
[RX  <- A] bucket=159  peer_BL=[]  my_BL=[]
[22:11:02] HOP bucket=160 L3 active=wlan0 ch6  | prep wlan1 ch11  | BL=[]
[RX  <- A] bucket=160  peer_BL=[]  my_BL=[]
[TX  ->  *] bucket=160 L3 active=wlan0 ch6  BL=[]
[22:11:04] HOP bucket=161 L3 active=wlan1 ch11  | prep wlan0 ch9  | BL=[]
[TX  ->  *] bucket=161 L3 active=wlan1 ch11  BL=[]
[RX  <- A] bucket=161  peer_BL=[]  my_BL=[]
[22:11:06] HOP bucket=162 L3 active=wlan0 ch9  | prep wlan1 ch6  | BL=[]
[TX  ->  *] bucket=162 L3 active=wlan0 ch9  BL=[]
[RX  <- A] bucket=162  peer_BL=[]  my_BL=[]
[22:11:08] HOP bucket=163 L3 active=wlan1 ch6  | prep wlan0 ch6  | BL=[]
[TX  ->  *] bucket=163 L3 active=wlan1 ch6  BL=[]
[RX  <- A] bucket=163  peer_BL=[]  my_BL=[]
[22:11:10] HOP bucket=164 L3 active=wlan0 ch6  | prep wlan1 ch10  | BL=[]
[TX  ->  *] bucket=164 L3 active=wlan0 ch6  BL=[]
[RX  <- A] bucket=164  peer_BL=[]  my_BL=[]
[22:11:12] HOP bucket=165 L3 active=wlan1 ch10  | prep wlan0 ch6  | BL=[]
[TX  ->  *] bucket=165 L3 active=wlan1 ch10  BL=[]
[RX  <- A] bucket=165  peer_BL=[]  my_BL=[]
[22:11:14] HOP bucket=166 L3 active=wlan0 ch6  | prep wlan1 ch8  | BL=[]
[TX  ->  *] bucket=166 L3 active=wlan0 ch6  BL=[]
[RX  <- A] bucket=166  peer_BL=[]  my_BL=[]
[22:11:16] HOP bucket=167 L3 active=wlan1 ch8  | prep wlan0 ch10  | BL=[]
[TX  ->  *] bucket=167 L3 active=wlan1 ch8  BL=[]
[RX  <- A] bucket=167  peer_BL=[]  my_BL=[]
[22:11:18] HOP bucket=168 L3 active=wlan0 ch10  | prep wlan1 ch5  | BL=[]
[TX  ->  *] bucket=168 L3 active=wlan0 ch10  BL=[]
[RX  <- A] bucket=168  peer_BL=[]  my_BL=[]
[22:11:20] HOP bucket=169 L3 active=wlan1 ch5  | prep wlan0 ch4  | BL=[]
[TX  ->  *] bucket=169 L3 active=wlan1 ch5  BL=[]
[RX  <- A] bucket=169  peer_BL=[]  my_BL=[]
[22:11:22] HOP bucket=170 L3 active=wlan0 ch4  | prep wlan1 ch10  | BL=[]
[TX  ->  *] bucket=170 L3 active=wlan0 ch4  BL=[]
[RX  <- A] bucket=170  peer_BL=[]  my_BL=[]
[22:11:24] HOP bucket=171 L3 active=wlan1 ch10  | prep wlan0 ch3  | BL=[]
[TX  ->  *] bucket=171 L3 active=wlan1 ch10  BL=[]
[RX  <- A] bucket=171  peer_BL=[]  my_BL=[]
[22:11:26] HOP bucket=172 L3 active=wlan0 ch3  | prep wlan1 ch7  | BL=[]
[TX  ->  *] bucket=172 L3 active=wlan0 ch3  BL=[]
[RX  <- A] bucket=172  peer_BL=[]  my_BL=[]
[22:11:28] HOP bucket=173 L3 active=wlan1 ch7  | prep wlan0 ch3  | BL=[]
[TX  ->  *] bucket=173 L3 active=wlan1 ch7  BL=[]
[!! JAMMED  ] bucket=173 L3 active=wlan1 ch7  silent + egress_drops=38  -> BL until bucket=203  BL=['7']
[22:11:30] HOP bucket=174 L3 active=wlan0 ch3  | prep wlan1 ch8  | BL=['7']
[TX  ->  *] bucket=174 L3 active=wlan0 ch3  BL=['7']
[RX  <- A] bucket=174  peer_BL=['7']  my_BL=['7']
[22:11:32] HOP bucket=175 L3 active=wlan1 ch8  | prep wlan0 ch6  | BL=['7']
[RX  <- A] bucket=175  peer_BL=['7']  my_BL=['7']
[TX  ->  *] bucket=175 L3 active=wlan1 ch8  BL=['7']
[22:11:34] HOP bucket=176 L3 active=wlan0 ch6  | prep wlan1 ch5  | BL=['7']
[TX  ->  *] bucket=176 L3 active=wlan0 ch6  BL=['7']
[RX  <- A] bucket=176  peer_BL=['7']  my_BL=['7']
[22:11:36] HOP bucket=177 L3 active=wlan1 ch5  | prep wlan0 ch8  | BL=['7']
[TX  ->  *] bucket=177 L3 active=wlan1 ch5  BL=['7']
[RX  <- A] bucket=177  peer_BL=['7']  my_BL=['7']
[22:11:38] HOP bucket=178 L3 active=wlan0 ch8  | prep wlan1 ch11  | BL=['7']
[RX  <- A] bucket=178  peer_BL=['7']  my_BL=['7']
[TX  ->  *] bucket=178 L3 active=wlan0 ch8  BL=['7']
[22:11:40] HOP bucket=179 L3 active=wlan1 ch11  | prep wlan0 ch10  | BL=['7']
[RX  <- A] bucket=179  peer_BL=['7']  my_BL=['7']
[TX  ->  *] bucket=179 L3 active=wlan1 ch11  BL=['7']
[22:11:42] HOP bucket=180 L3 active=wlan0 ch10  | prep wlan1 ch6  | BL=['7']
[TX  ->  *] bucket=180 L3 active=wlan0 ch10  BL=['7']
[RX  <- A] bucket=180  peer_BL=['7']  my_BL=['7']
[22:11:44] HOP bucket=181 L3 active=wlan1 ch6  | prep wlan0 ch10  | BL=['7']
[TX  ->  *] bucket=181 L3 active=wlan1 ch6  BL=['7']
[RX  <- A] bucket=181  peer_BL=['7']  my_BL=['7']
[22:11:46] HOP bucket=182 L3 active=wlan0 ch10  | prep wlan1 ch4  | BL=['7']
[TX  ->  *] bucket=182 L3 active=wlan0 ch10  BL=['7']
[RX  <- A] bucket=182  peer_BL=['7']  my_BL=['7']
[22:11:48] HOP bucket=183 L3 active=wlan1 ch4  | prep wlan0 ch6  | BL=['7']
[TX  ->  *] bucket=183 L3 active=wlan1 ch4  BL=['7']
[RX  <- A] bucket=183  peer_BL=['7']  my_BL=['7']
[22:11:50] HOP bucket=184 L3 active=wlan0 ch6  | prep wlan1 ch5  | BL=['7']
[RX  <- A] bucket=184  peer_BL=['7']  my_BL=['7']
[TX  ->  *] bucket=184 L3 active=wlan0 ch6  BL=['7']
[22:11:52] HOP bucket=185 L3 active=wlan1 ch5  | prep wlan0 ch3  | BL=['7']
[TX  ->  *] bucket=185 L3 active=wlan1 ch5  BL=['7']
[RX  <- A] bucket=185  peer_BL=['7']  my_BL=['7']
[22:11:54] HOP bucket=186 L3 active=wlan0 ch3  | prep wlan1 ch4  | BL=['7']
[RX  <- A] bucket=186  peer_BL=['7']  my_BL=['7']
[TX  ->  *] bucket=186 L3 active=wlan0 ch3  BL=['7']
[22:11:56] HOP bucket=187 L3 active=wlan1 ch4  | prep wlan0 ch4  | BL=['7']
[TX  ->  *] bucket=187 L3 active=wlan1 ch4  BL=['7']
[RX  <- A] bucket=187  peer_BL=['7']  my_BL=['7']
[22:11:58] HOP bucket=188 L3 active=wlan0 ch4  | prep wlan1 ch9  | BL=['7']
[TX  ->  *] bucket=188 L3 active=wlan0 ch4  BL=['7']
[RX  <- A] bucket=188  peer_BL=['7']  my_BL=['7']
[22:12:00] HOP bucket=189 L3 active=wlan1 ch9  | prep wlan0 ch11  | BL=['7']
[TX  ->  *] bucket=189 L3 active=wlan1 ch9  BL=['7']
[RX  <- A] bucket=189  peer_BL=['7']  my_BL=['7']
[22:12:02] HOP bucket=190 L3 active=wlan0 ch11  | prep wlan1 ch3  | BL=['7']
[RX  <- A] bucket=190  peer_BL=['7']  my_BL=['7']
[TX  ->  *] bucket=190 L3 active=wlan0 ch11  BL=['7']
[22:12:04] HOP bucket=191 L3 active=wlan1 ch3  | prep wlan0 ch9  | BL=['7']
[RX  <- A] bucket=191  peer_BL=['7']  my_BL=['7']
[TX  ->  *] bucket=191 L3 active=wlan1 ch3  BL=['7']
[22:12:06] HOP bucket=192 L3 active=wlan0 ch9  | prep wlan1 ch8  | BL=['7']
[RX  <- A] bucket=192  peer_BL=['7']  my_BL=['7']
[TX  ->  *] bucket=192 L3 active=wlan0 ch9  BL=['7']
[22:12:08] HOP bucket=193 L3 active=wlan1 ch8  | prep wlan0 ch9  | BL=['7']
[RX  <- A] bucket=193  peer_BL=['7']  my_BL=['7']
[TX  ->  *] bucket=193 L3 active=wlan1 ch8  BL=['7']
[22:12:10] HOP bucket=194 L3 active=wlan0 ch9  | prep wlan1 ch6  | BL=['7']
[RX  <- A] bucket=194  peer_BL=['7']  my_BL=['7']
[TX  ->  *] bucket=194 L3 active=wlan0 ch9  BL=['7']
[22:12:12] HOP bucket=195 L3 active=wlan1 ch6  | prep wlan0 ch11  | BL=['7']
[TX  ->  *] bucket=195 L3 active=wlan1 ch6  BL=['7']
[RX  <- A] bucket=195  peer_BL=['7']  my_BL=['7']
[22:12:14] HOP bucket=196 L3 active=wlan0 ch11  | prep wlan1 ch8  | BL=['7']
[TX  ->  *] bucket=196 L3 active=wlan0 ch11  BL=['7']
[RX  <- A] bucket=196  peer_BL=['7']  my_BL=['7']
[22:12:16] HOP bucket=197 L3 active=wlan1 ch8  | prep wlan0 ch10  | BL=['7']
[TX  ->  *] bucket=197 L3 active=wlan1 ch8  BL=['7']
[RX  <- A] bucket=197  peer_BL=['7']  my_BL=['7']
[22:12:18] HOP bucket=198 L3 active=wlan0 ch10  | prep wlan1 ch5  | BL=['7']
[RX  <- A] bucket=198  peer_BL=['7']  my_BL=['7']
[TX  ->  *] bucket=198 L3 active=wlan0 ch10  BL=['7']
[22:12:20] HOP bucket=199 L3 active=wlan1 ch5  | prep wlan0 ch9  | BL=['7']
[RX  <- A] bucket=199  peer_BL=['7']  my_BL=['7']
[TX  ->  *] bucket=199 L3 active=wlan1 ch5  BL=['7']
[22:12:22] HOP bucket=200 L3 active=wlan0 ch9  | prep wlan1 ch3  | BL=['7']
[RX  <- A] bucket=200  peer_BL=['7']  my_BL=['7']
[TX  ->  *] bucket=200 L3 active=wlan0 ch9  BL=['7']
[22:12:24] HOP bucket=201 L3 active=wlan1 ch3  | prep wlan0 ch9  | BL=['7']
[TX  ->  *] bucket=201 L3 active=wlan1 ch3  BL=['7']
[RX  <- A] bucket=201  peer_BL=['7']  my_BL=['7']
[22:12:26] HOP bucket=202 L3 active=wlan0 ch9  | prep wlan1 ch6  | BL=['7']
[RX  <- A] bucket=202  peer_BL=['7']  my_BL=['7']
[TX  ->  *] bucket=202 L3 active=wlan0 ch9  BL=['7']
[22:12:28] HOP bucket=203 L3 active=wlan1 ch6  | prep wlan0 ch10  | BL=[]
[RX  <- A] bucket=203  peer_BL=[]  my_BL=[]
[TX  ->  *] bucket=203 L3 active=wlan1 ch6  BL=[]
[22:12:30] HOP bucket=204 L3 active=wlan0 ch10  | prep wlan1 ch11  | BL=[]
[TX  ->  *] bucket=204 L3 active=wlan0 ch10  BL=[]
[RX  <- A] bucket=204  peer_BL=[]  my_BL=[]
[22:12:32] HOP bucket=205 L3 active=wlan1 ch11  | prep wlan0 ch5  | BL=[]
[TX  ->  *] bucket=205 L3 active=wlan1 ch11  BL=[]
[RX  <- A] bucket=205  peer_BL=[]  my_BL=[]
[22:12:34] HOP bucket=206 L3 active=wlan0 ch5  | prep wlan1 ch6  | BL=[]
[RX  <- A] bucket=206  peer_BL=[]  my_BL=[]
[TX  ->  *] bucket=206 L3 active=wlan0 ch5  BL=[]
[22:12:36] HOP bucket=207 L3 active=wlan1 ch6  | prep wlan0 ch5  | BL=[]
[TX  ->  *] bucket=207 L3 active=wlan1 ch6  BL=[]
[RX  <- A] bucket=207  peer_BL=[]  my_BL=[]
[22:12:38] HOP bucket=208 L3 active=wlan0 ch5  | prep wlan1 ch11  | BL=[]
[RX  <- A] bucket=208  peer_BL=[]  my_BL=[]
[TX  ->  *] bucket=208 L3 active=wlan0 ch5  BL=[]
[22:12:40] HOP bucket=209 L3 active=wlan1 ch11  | prep wlan0 ch3  | BL=[]
[RX  <- A] bucket=209  peer_BL=[]  my_BL=[]
[TX  ->  *] bucket=209 L3 active=wlan1 ch11  BL=[]
[22:12:42] HOP bucket=210 L3 active=wlan0 ch3  | prep wlan1 ch7  | BL=[]
[RX  <- A] bucket=210  peer_BL=[]  my_BL=[]
[TX  ->  *] bucket=210 L3 active=wlan0 ch3  BL=[]
[22:12:44] HOP bucket=211 L3 active=wlan1 ch7  | prep wlan0 ch9  | BL=[]
[TX  ->  *] bucket=211 L3 active=wlan1 ch7  BL=[]
[!! JAMMED  ] bucket=211 L3 active=wlan1 ch7  silent + egress_drops=38  -> BL until bucket=241  BL=['7']
[22:12:46] HOP bucket=212 L3 active=wlan0 ch9  | prep wlan1 ch6  | BL=['7']
[TX  ->  *] bucket=212 L3 active=wlan0 ch9  BL=['7']
[RX  <- A] bucket=212  peer_BL=['7']  my_BL=['7']
[22:12:48] HOP bucket=213 L3 active=wlan1 ch6  | prep wlan0 ch9  | BL=['7']
[TX  ->  *] bucket=213 L3 active=wlan1 ch6  BL=['7']
[RX  <- A] bucket=213  peer_BL=['7']  my_BL=['7']
[22:12:50] HOP bucket=214 L3 active=wlan0 ch9  | prep wlan1 ch8  | BL=['7']
[TX  ->  *] bucket=214 L3 active=wlan0 ch9  BL=['7']
[RX  <- A] bucket=214  peer_BL=['7']  my_BL=['7']
[22:12:52] HOP bucket=215 L3 active=wlan1 ch8  | prep wlan0 ch4  | BL=['7']
[TX  ->  *] bucket=215 L3 active=wlan1 ch8  BL=['7']
[!! JAMMED  ] bucket=215 L3 active=wlan1 ch8  silent + egress_drops=38  -> BL until bucket=245  BL=['7', '8']
[22:12:54] HOP bucket=216 L3 active=wlan0 ch4  | prep wlan1 ch9  | BL=['7', '8']
[RX  <- A] bucket=216  peer_BL=['7', '8']  my_BL=['7', '8']
[TX  ->  *] bucket=216 L3 active=wlan0 ch4  BL=['7', '8']
[22:12:56] HOP bucket=217 L3 active=wlan1 ch9  | prep wlan0 ch9  | BL=['7', '8']
[TX  ->  *] bucket=217 L3 active=wlan1 ch9  BL=['7', '8']
[RX  <- A] bucket=217  peer_BL=['7', '8']  my_BL=['7', '8']
[22:12:58] HOP bucket=218 L3 active=wlan0 ch9  | prep wlan1 ch3  | BL=['7', '8']
[TX  ->  *] bucket=218 L3 active=wlan0 ch9  BL=['7', '8']
[RX  <- A] bucket=218  peer_BL=['7', '8']  my_BL=['7', '8']
[22:13:00] HOP bucket=219 L3 active=wlan1 ch3  | prep wlan0 ch6  | BL=['7', '8']
[TX  ->  *] bucket=219 L3 active=wlan1 ch3  BL=['7', '8']
[RX  <- A] bucket=219  peer_BL=['7', '8']  my_BL=['7', '8']
[22:13:02] HOP bucket=220 L3 active=wlan0 ch6  | prep wlan1 ch9  | BL=['7', '8']
[RX  <- A] bucket=220  peer_BL=['7', '8']  my_BL=['7', '8']
[TX  ->  *] bucket=220 L3 active=wlan0 ch6  BL=['7', '8']
[22:13:04] HOP bucket=221 L3 active=wlan1 ch9  | prep wlan0 ch9  | BL=['7', '8']
[TX  ->  *] bucket=221 L3 active=wlan1 ch9  BL=['7', '8']
[RX  <- A] bucket=221  peer_BL=['7', '8']  my_BL=['7', '8']
[22:13:06] HOP bucket=222 L3 active=wlan0 ch9  | prep wlan1 ch9  | BL=['7', '8']
[TX  ->  *] bucket=222 L3 active=wlan0 ch9  BL=['7', '8']
[RX  <- A] bucket=222  peer_BL=['7', '8']  my_BL=['7', '8']
[22:13:08] HOP bucket=223 L3 active=wlan1 ch9  | prep wlan0 ch9  | BL=['7', '8']
[TX  ->  *] bucket=223 L3 active=wlan1 ch9  BL=['7', '8']
[RX  <- A] bucket=223  peer_BL=['7', '8']  my_BL=['7', '8']
[22:13:10] HOP bucket=224 L3 active=wlan0 ch9  | prep wlan1 ch9  | BL=['7', '8']
[TX  ->  *] bucket=224 L3 active=wlan0 ch9  BL=['7', '8']
[RX  <- A] bucket=224  peer_BL=['7', '8']  my_BL=['7', '8']
[22:13:12] HOP bucket=225 L3 active=wlan1 ch9  | prep wlan0 ch10  | BL=['7', '8']
[RX  <- A] bucket=225  peer_BL=['7', '8']  my_BL=['7', '8']
[TX  ->  *] bucket=225 L3 active=wlan1 ch9  BL=['7', '8']
[22:13:14] HOP bucket=226 L3 active=wlan0 ch10  | prep wlan1 ch9  | BL=['7', '8']
[RX  <- A] bucket=226  peer_BL=['7', '8']  my_BL=['7', '8']
[TX  ->  *] bucket=226 L3 active=wlan0 ch10  BL=['7', '8']
[22:13:16] HOP bucket=227 L3 active=wlan1 ch9  | prep wlan0 ch6  | BL=['7', '8']
[RX  <- A] bucket=227  peer_BL=['7', '8']  my_BL=['7', '8']
[TX  ->  *] bucket=227 L3 active=wlan1 ch9  BL=['7', '8']
[22:13:18] HOP bucket=228 L3 active=wlan0 ch6  | prep wlan1 ch3  | BL=['7', '8']
[TX  ->  *] bucket=228 L3 active=wlan0 ch6  BL=['7', '8']
[RX  <- A] bucket=228  peer_BL=['7', '8']  my_BL=['7', '8']
[22:13:20] HOP bucket=229 L3 active=wlan1 ch3  | prep wlan0 ch4  | BL=['7', '8']
[TX  ->  *] bucket=229 L3 active=wlan1 ch3  BL=['7', '8']
[RX  <- A] bucket=229  peer_BL=['7', '8']  my_BL=['7', '8']
[22:13:22] HOP bucket=230 L3 active=wlan0 ch4  | prep wlan1 ch3  | BL=['7', '8']
[RX  <- A] bucket=230  peer_BL=['7', '8']  my_BL=['7', '8']
[TX  ->  *] bucket=230 L3 active=wlan0 ch4  BL=['7', '8']
[22:13:24] HOP bucket=231 L3 active=wlan1 ch3  | prep wlan0 ch9  | BL=['7', '8']
[TX  ->  *] bucket=231 L3 active=wlan1 ch3  BL=['7', '8']
[RX  <- A] bucket=231  peer_BL=['7', '8']  my_BL=['7', '8']
[22:13:26] HOP bucket=232 L3 active=wlan0 ch9  | prep wlan1 ch6  | BL=['7', '8']
[TX  ->  *] bucket=232 L3 active=wlan0 ch9  BL=['7', '8']
[RX  <- A] bucket=232  peer_BL=['7', '8']  my_BL=['7', '8']
[22:13:28] HOP bucket=233 L3 active=wlan1 ch6  | prep wlan0 ch9  | BL=['7', '8']
[TX  ->  *] bucket=233 L3 active=wlan1 ch6  BL=['7', '8']
[RX  <- A] bucket=233  peer_BL=['7', '8']  my_BL=['7', '8']
[22:13:30] HOP bucket=234 L3 active=wlan0 ch9  | prep wlan1 ch9  | BL=['7', '8']
[TX  ->  *] bucket=234 L3 active=wlan0 ch9  BL=['7', '8']
[RX  <- A] bucket=234  peer_BL=['7', '8']  my_BL=['7', '8']
[22:13:32] HOP bucket=235 L3 active=wlan1 ch9  | prep wlan0 ch11  | BL=['7', '8']
[TX  ->  *] bucket=235 L3 active=wlan1 ch9  BL=['7', '8']
[RX  <- A] bucket=235  peer_BL=['7', '8']  my_BL=['7', '8']
[22:13:34] HOP bucket=236 L3 active=wlan0 ch11  | prep wlan1 ch5  | BL=['7', '8']
[TX  ->  *] bucket=236 L3 active=wlan0 ch11  BL=['7', '8']
[RX  <- A] bucket=236  peer_BL=['7', '8']  my_BL=['7', '8']
[22:13:36] HOP bucket=237 L3 active=wlan1 ch5  | prep wlan0 ch9  | BL=['7', '8']
[TX  ->  *] bucket=237 L3 active=wlan1 ch5  BL=['7', '8']
[!! JAMMED  ] bucket=237 L3 active=wlan1 ch5  silent + egress_drops=38  -> BL until bucket=267  BL=['5', '7', '8']
[22:13:38] HOP bucket=238 L3 active=wlan0 ch9  | prep wlan1 ch6  | BL=['5', '7', '8']
[TX  ->  *] bucket=238 L3 active=wlan0 ch9  BL=['5', '7', '8']
[RX  <- A] bucket=238  peer_BL=['7', '8', '5']  my_BL=['5', '7', '8']
[22:13:40] HOP bucket=239 L3 active=wlan1 ch6  | prep wlan0 ch9  | BL=['5', '7', '8']
[RX  <- A] bucket=239  peer_BL=['7', '8', '5']  my_BL=['5', '7', '8']
[TX  ->  *] bucket=239 L3 active=wlan1 ch6  BL=['5', '7', '8']
[22:13:42] HOP bucket=240 L3 active=wlan0 ch9  | prep wlan1 ch10  | BL=['5', '7', '8']
[TX  ->  *] bucket=240 L3 active=wlan0 ch9  BL=['5', '7', '8']
[RX  <- A] bucket=240  peer_BL=['7', '8', '5']  my_BL=['5', '7', '8']
[22:13:44] HOP bucket=241 L3 active=wlan1 ch10  | prep wlan0 ch4  | BL=['5', '8']
[TX  ->  *] bucket=241 L3 active=wlan1 ch10  BL=['5', '8']
[RX  <- A] bucket=241  peer_BL=['8', '5']  my_BL=['5', '8']
[22:13:46] HOP bucket=242 L3 active=wlan0 ch4  | prep wlan1 ch6  | BL=['5', '8']
[TX  ->  *] bucket=242 L3 active=wlan0 ch4  BL=['5', '8']
[RX  <- A] bucket=242  peer_BL=['8', '5']  my_BL=['5', '8']
[22:13:48] HOP bucket=243 L3 active=wlan1 ch6  | prep wlan0 ch7  | BL=['5', '8']
[RX  <- A] bucket=243  peer_BL=['8', '5']  my_BL=['5', '8']
[TX  ->  *] bucket=243 L3 active=wlan1 ch6  BL=['5', '8']
[22:13:50] HOP bucket=244 L3 active=wlan0 ch7  | prep wlan1 ch9  | BL=['5', '8']
[TX  ->  *] bucket=244 L3 active=wlan0 ch7  BL=['5', '8']
[!! JAMMED  ] bucket=244 L3 active=wlan0 ch7  silent + egress_drops=38  -> BL until bucket=274  BL=['5', '7', '8']
[22:13:52] HOP bucket=245 L3 active=wlan1 ch9  | prep wlan0 ch9  | BL=['5', '7']
[TX  ->  *] bucket=245 L3 active=wlan1 ch9  BL=['5', '7']
[RX  <- A] bucket=245  peer_BL=['5', '7']  my_BL=['5', '7']
[22:13:54] HOP bucket=246 L3 active=wlan0 ch9  | prep wlan1 ch10  | BL=['5', '7']
[TX  ->  *] bucket=246 L3 active=wlan0 ch9  BL=['5', '7']
[RX  <- A] bucket=246  peer_BL=['5', '7']  my_BL=['5', '7']
[22:13:56] HOP bucket=247 L3 active=wlan1 ch10  | prep wlan0 ch8  | BL=['5', '7']
[TX  ->  *] bucket=247 L3 active=wlan1 ch10  BL=['5', '7']
[RX  <- A] bucket=247  peer_BL=['5', '7']  my_BL=['5', '7']
[22:13:58] HOP bucket=248 L3 active=wlan0 ch8  | prep wlan1 ch8  | BL=['5', '7']
[TX  ->  *] bucket=248 L3 active=wlan0 ch8  BL=['5', '7']
[!! JAMMED  ] bucket=248 L3 active=wlan0 ch8  silent + egress_drops=38  -> BL until bucket=278  BL=['5', '7', '8']
[22:14:00] HOP bucket=249 L3 active=wlan1 ch8  (LAG: totp_says=ch9, physical=ch8)  | prep wlan0 ch3  | BL=['5', '7', '8']
[TX  ->  *] bucket=249 L3 active=wlan1 ch8  BL=['5', '7', '8']
[22:14:02] HOP bucket=250 L3 active=wlan0 ch3  | prep wlan1 ch11  | BL=['5', '7', '8']
[RX  <- A] bucket=250  peer_BL=['5', '7', '8']  my_BL=['5', '7', '8']
[TX  ->  *] bucket=250 L3 active=wlan0 ch3  BL=['5', '7', '8']
[22:14:04] HOP bucket=251 L3 active=wlan1 ch11  | prep wlan0 ch6  | BL=['5', '7', '8']
[RX  <- A] bucket=251  peer_BL=['5', '7', '8']  my_BL=['5', '7', '8']
[TX  ->  *] bucket=251 L3 active=wlan1 ch11  BL=['5', '7', '8']
[22:14:06] HOP bucket=252 L3 active=wlan0 ch6  | prep wlan1 ch11  | BL=['5', '7', '8']
[TX  ->  *] bucket=252 L3 active=wlan0 ch6  BL=['5', '7', '8']
[RX  <- A] bucket=252  peer_BL=['5', '7', '8']  my_BL=['5', '7', '8']
[22:14:08] HOP bucket=253 L3 active=wlan1 ch11  | prep wlan0 ch9  | BL=['5', '7', '8']
[TX  ->  *] bucket=253 L3 active=wlan1 ch11  BL=['5', '7', '8']
[RX  <- A] bucket=253  peer_BL=['5', '7', '8']  my_BL=['5', '7', '8']
[22:14:10] HOP bucket=254 L3 active=wlan0 ch9  | prep wlan1 ch9  | BL=['5', '7', '8']
[RX  <- A] bucket=254  peer_BL=['5', '7', '8']  my_BL=['5', '7', '8']
[TX  ->  *] bucket=254 L3 active=wlan0 ch9  BL=['5', '7', '8']
[22:14:12] HOP bucket=255 L3 active=wlan1 ch9  | prep wlan0 ch6  | BL=['5', '7', '8']
[RX  <- A] bucket=255  peer_BL=['5', '7', '8']  my_BL=['5', '7', '8']
[TX  ->  *] bucket=255 L3 active=wlan1 ch9  BL=['5', '7', '8']
[22:14:14] HOP bucket=256 L3 active=wlan0 ch6  | prep wlan1 ch10  | BL=['5', '7', '8']
[RX  <- A] bucket=256  peer_BL=['5', '7', '8']  my_BL=['5', '7', '8']
[TX  ->  *] bucket=256 L3 active=wlan0 ch6  BL=['5', '7', '8']
[22:14:16] HOP bucket=257 L3 active=wlan1 ch10  | prep wlan0 ch4  | BL=['5', '7', '8']
[RX  <- A] bucket=257  peer_BL=['5', '7', '8']  my_BL=['5', '7', '8']
[TX  ->  *] bucket=257 L3 active=wlan1 ch10  BL=['5', '7', '8']
[22:14:18] HOP bucket=258 L3 active=wlan0 ch4  | prep wlan1 ch6  | BL=['5', '7', '8']
[RX  <- A] bucket=258  peer_BL=['5', '7', '8']  my_BL=['5', '7', '8']
[TX  ->  *] bucket=258 L3 active=wlan0 ch4  BL=['5', '7', '8']
[22:14:20] HOP bucket=259 L3 active=wlan1 ch6  | prep wlan0 ch9  | BL=['5', '7', '8']
[TX  ->  *] bucket=259 L3 active=wlan1 ch6  BL=['5', '7', '8']
[RX  <- A] bucket=259  peer_BL=['5', '7', '8']  my_BL=['5', '7', '8']
[22:14:22] HOP bucket=260 L3 active=wlan0 ch9  | prep wlan1 ch3  | BL=['5', '7', '8']
[RX  <- A] bucket=260  peer_BL=['5', '7', '8']  my_BL=['5', '7', '8']
[TX  ->  *] bucket=260 L3 active=wlan0 ch9  BL=['5', '7', '8']
[22:14:24] HOP bucket=261 L3 active=wlan1 ch3  | prep wlan0 ch9  | BL=['5', '7', '8']
[RX  <- A] bucket=261  peer_BL=['5', '7', '8']  my_BL=['5', '7', '8']
[TX  ->  *] bucket=261 L3 active=wlan1 ch3  BL=['5', '7', '8']
[22:14:26] HOP bucket=262 L3 active=wlan0 ch9  | prep wlan1 ch3  | BL=['5', '7', '8']
[TX  ->  *] bucket=262 L3 active=wlan0 ch9  BL=['5', '7', '8']
[RX  <- A] bucket=262  peer_BL=['5', '7', '8']  my_BL=['5', '7', '8']
[22:14:28] HOP bucket=263 L3 active=wlan1 ch3  | prep wlan0 ch9  | BL=['5', '7', '8']
[RX  <- A] bucket=263  peer_BL=['5', '7', '8']  my_BL=['5', '7', '8']
[TX  ->  *] bucket=263 L3 active=wlan1 ch3  BL=['5', '7', '8']
[22:14:30] HOP bucket=264 L3 active=wlan0 ch9  | prep wlan1 ch6  | BL=['5', '7', '8']
[RX  <- A] bucket=264  peer_BL=['5', '7', '8']  my_BL=['5', '7', '8']
[TX  ->  *] bucket=264 L3 active=wlan0 ch9  BL=['5', '7', '8']
[22:14:32] HOP bucket=265 L3 active=wlan1 ch6  | prep wlan0 ch9  | BL=['5', '7', '8']
[RX  <- A] bucket=265  peer_BL=['5', '7', '8']  my_BL=['5', '7', '8']
[TX  ->  *] bucket=265 L3 active=wlan1 ch6  BL=['5', '7', '8']
[22:14:34] HOP bucket=266 L3 active=wlan0 ch9  | prep wlan1 ch6  | BL=['5', '7', '8']
[RX  <- A] bucket=266  peer_BL=['5', '7', '8']  my_BL=['5', '7', '8']
[TX  ->  *] bucket=266 L3 active=wlan0 ch9  BL=['5', '7', '8']
[22:14:36] HOP bucket=267 L3 active=wlan1 ch6  | prep wlan0 ch9  | BL=['7', '8']
[RX  <- A] bucket=267  peer_BL=['7', '8']  my_BL=['7', '8']
[TX  ->  *] bucket=267 L3 active=wlan1 ch6  BL=['7', '8']
[22:14:38] HOP bucket=268 L3 active=wlan0 ch9  | prep wlan1 ch9  | BL=['7', '8']
[RX  <- A] bucket=268  peer_BL=['7', '8']  my_BL=['7', '8']
[TX  ->  *] bucket=268 L3 active=wlan0 ch9  BL=['7', '8']
[22:14:40] HOP bucket=269 L3 active=wlan1 ch9  | prep wlan0 ch11  | BL=['7', '8']
[RX  <- A] bucket=269  peer_BL=['7', '8']  my_BL=['7', '8']
[TX  ->  *] bucket=269 L3 active=wlan1 ch9  BL=['7', '8']
[22:14:42] HOP bucket=270 L3 active=wlan0 ch11  | prep wlan1 ch6  | BL=['7', '8']
[TX  ->  *] bucket=270 L3 active=wlan0 ch11  BL=['7', '8']
[RX  <- A] bucket=270  peer_BL=['7', '8']  my_BL=['7', '8']
[22:14:44] HOP bucket=271 L3 active=wlan1 ch6  | prep wlan0 ch9  | BL=['7', '8']
[TX  ->  *] bucket=271 L3 active=wlan1 ch6  BL=['7', '8']
[RX  <- A] bucket=271  peer_BL=['7', '8']  my_BL=['7', '8']
[22:14:46] HOP bucket=272 L3 active=wlan0 ch9  | prep wlan1 ch9  | BL=['7', '8']
[RX  <- A] bucket=272  peer_BL=['7', '8']  my_BL=['7', '8']
[TX  ->  *] bucket=272 L3 active=wlan0 ch9  BL=['7', '8']
[22:14:48] HOP bucket=273 L3 active=wlan1 ch9  | prep wlan0 ch9  | BL=['7', '8']
[RX  <- A] bucket=273  peer_BL=['7', '8']  my_BL=['7', '8']
[TX  ->  *] bucket=273 L3 active=wlan1 ch9  BL=['7', '8']
[22:14:50] HOP bucket=274 L3 active=wlan0 ch9  (LAG: totp_says=ch7, physical=ch9)  | prep wlan1 ch9  | BL=['8']
[TX  ->  *] bucket=274 L3 active=wlan0 ch9  BL=['8']
[RX  <- A] bucket=274  peer_BL=['8']  my_BL=['8']
[22:14:52] HOP bucket=275 L3 active=wlan1 ch9  | prep wlan0 ch5  | BL=['8']
[TX  ->  *] bucket=275 L3 active=wlan1 ch9  BL=['8']
[RX  <- A] bucket=275  peer_BL=['8']  my_BL=['8']
[22:14:54] HOP bucket=276 L3 active=wlan0 ch5  | prep wlan1 ch6  | BL=['8']
[RX  <- A] bucket=276  peer_BL=['8']  my_BL=['8']
[TX  ->  *] bucket=276 L3 active=wlan0 ch5  BL=['8']
[22:14:56] HOP bucket=277 L3 active=wlan1 ch6  | prep wlan0 ch10  | BL=['8']
[TX  ->  *] bucket=277 L3 active=wlan1 ch6  BL=['8']
[RX  <- A] bucket=277  peer_BL=['8']  my_BL=['8']
[22:14:58] HOP bucket=278 L3 active=wlan0 ch10  | prep wlan1 ch4  | BL=[]
[TX  ->  *] bucket=278 L3 active=wlan0 ch10  BL=[]
[RX  <- A] bucket=278  peer_BL=[]  my_BL=[]
[22:15:00] HOP bucket=279 L3 active=wlan1 ch4  | prep wlan0 ch5  | BL=[]
[TX  ->  *] bucket=279 L3 active=wlan1 ch4  BL=[]
[RX  <- A] bucket=279  peer_BL=[]  my_BL=[]
[22:15:02] HOP bucket=280 L3 active=wlan0 ch5  | prep wlan1 ch3  | BL=[]
[RX  <- A] bucket=280  peer_BL=[]  my_BL=[]
[TX  ->  *] bucket=280 L3 active=wlan0 ch5  BL=[]
[22:15:04] HOP bucket=281 L3 active=wlan1 ch3  | prep wlan0 ch10  | BL=[]
[TX  ->  *] bucket=281 L3 active=wlan1 ch3  BL=[]
[RX  <- A] bucket=281  peer_BL=[]  my_BL=[]
[22:15:06] HOP bucket=282 L3 active=wlan0 ch10  | prep wlan1 ch6  | BL=[]
[RX  <- A] bucket=282  peer_BL=[]  my_BL=[]
[TX  ->  *] bucket=282 L3 active=wlan0 ch10  BL=[]
[22:15:08] HOP bucket=283 L3 active=wlan1 ch6  | prep wlan0 ch11  | BL=[]
[RX  <- A] bucket=283  peer_BL=[]  my_BL=[]
[TX  ->  *] bucket=283 L3 active=wlan1 ch6  BL=[]
[22:15:10] HOP bucket=284 L3 active=wlan0 ch11  | prep wlan1 ch3  | BL=[]
[RX  <- A] bucket=284  peer_BL=[]  my_BL=[]
[TX  ->  *] bucket=284 L3 active=wlan0 ch11  BL=[]
[22:15:12] HOP bucket=285 L3 active=wlan1 ch3  | prep wlan0 ch10  | BL=[]
[RX  <- A] bucket=285  peer_BL=[]  my_BL=[]
[TX  ->  *] bucket=285 L3 active=wlan1 ch3  BL=[]
[22:15:14] HOP bucket=286 L3 active=wlan0 ch10  | prep wlan1 ch5  | BL=[]
[RX  <- A] bucket=286  peer_BL=[]  my_BL=[]
[TX  ->  *] bucket=286 L3 active=wlan0 ch10  BL=[]
[22:15:16] HOP bucket=287 L3 active=wlan1 ch5  | prep wlan0 ch4  | BL=[]
[TX  ->  *] bucket=287 L3 active=wlan1 ch5  BL=[]
[RX  <- A] bucket=287  peer_BL=[]  my_BL=[]
[22:15:18] HOP bucket=288 L3 active=wlan0 ch4  | prep wlan1 ch8  | BL=[]
[TX  ->  *] bucket=288 L3 active=wlan0 ch4  BL=[]
[RX  <- A] bucket=288  peer_BL=[]  my_BL=[]
[22:15:20] HOP bucket=289 L3 active=wlan1 ch8  | prep wlan0 ch3  | BL=[]
[RX  <- A] bucket=289  peer_BL=[]  my_BL=[]
[TX  ->  *] bucket=289 L3 active=wlan1 ch8  BL=[]
[22:15:22] HOP bucket=290 L3 active=wlan0 ch3  | prep wlan1 ch6  | BL=[]
[TX  ->  *] bucket=290 L3 active=wlan0 ch3  BL=[]
[RX  <- A] bucket=290  peer_BL=[]  my_BL=[]
[22:15:24] HOP bucket=291 L3 active=wlan1 ch6  | prep wlan0 ch11  | BL=[]
[TX  ->  *] bucket=291 L3 active=wlan1 ch6  BL=[]
[RX  <- A] bucket=291  peer_BL=[]  my_BL=[]
[22:15:26] HOP bucket=292 L3 active=wlan0 ch11  | prep wlan1 ch3  | BL=[]
[RX  <- A] bucket=292  peer_BL=[]  my_BL=[]
[TX  ->  *] bucket=292 L3 active=wlan0 ch11  BL=[]
[22:15:28] HOP bucket=293 L3 active=wlan1 ch3  | prep wlan0 ch10  | BL=[]
[RX  <- A] bucket=293  peer_BL=[]  my_BL=[]
[TX  ->  *] bucket=293 L3 active=wlan1 ch3  BL=[]
[22:15:30] HOP bucket=294 L3 active=wlan0 ch10  | prep wlan1 ch9  | BL=[]
[RX  <- A] bucket=294  peer_BL=[]  my_BL=[]
[TX  ->  *] bucket=294 L3 active=wlan0 ch10  BL=[]
[22:15:32] HOP bucket=295 L3 active=wlan1 ch9  | prep wlan0 ch8  | BL=[]
[TX  ->  *] bucket=295 L3 active=wlan1 ch9  BL=[]
[RX  <- A] bucket=295  peer_BL=[]  my_BL=[]
[22:15:34] HOP bucket=296 L3 active=wlan0 ch8  | prep wlan1 ch8  | BL=[]
[TX  ->  *] bucket=296 L3 active=wlan0 ch8  BL=[]
[RX  <- A] bucket=296  peer_BL=[]  my_BL=[]
[22:15:36] HOP bucket=297 L3 active=wlan1 ch8  | prep wlan0 ch5  | BL=[]
[TX  ->  *] bucket=297 L3 active=wlan1 ch8  BL=[]
[RX  <- A] bucket=297  peer_BL=[]  my_BL=[]
[22:15:38] HOP bucket=298 L3 active=wlan0 ch5  | prep wlan1 ch7  | BL=[]
[TX  ->  *] bucket=298 L3 active=wlan0 ch5  BL=[]
[RX  <- A] bucket=298  peer_BL=[]  my_BL=[]
[22:15:40] HOP bucket=299 L3 active=wlan1 ch7  | prep wlan0 ch8  | BL=[]
[TX  ->  *] bucket=299 L3 active=wlan1 ch7  BL=[]
[RX  <- A] bucket=299  peer_BL=[]  my_BL=[]
[22:15:42] HOP bucket=300 L3 active=wlan0 ch8  | prep wlan1 ch4  | BL=[]
[TX  ->  *] bucket=300 L3 active=wlan0 ch8  BL=[]
[RX  <- A] bucket=300  peer_BL=[]  my_BL=[]
[22:15:44] HOP bucket=301 L3 active=wlan1 ch4  | prep wlan0 ch10  | BL=[]
[RX  <- A] bucket=301  peer_BL=[]  my_BL=[]
[TX  ->  *] bucket=301 L3 active=wlan1 ch4  BL=[]
[22:15:46] HOP bucket=302 L3 active=wlan0 ch10  | prep wlan1 ch4  | BL=[]
[RX  <- A] bucket=302  peer_BL=[]  my_BL=[]
[TX  ->  *] bucket=302 L3 active=wlan0 ch10  BL=[]
[22:15:48] HOP bucket=303 L3 active=wlan1 ch4  | prep wlan0 ch5  | BL=[]
[TX  ->  *] bucket=303 L3 active=wlan1 ch4  BL=[]
[RX  <- A] bucket=303  peer_BL=[]  my_BL=[]
[22:15:50] HOP bucket=304 L3 active=wlan0 ch5  | prep wlan1 ch9  | BL=[]
[RX  <- A] bucket=304  peer_BL=[]  my_BL=[]
[TX  ->  *] bucket=304 L3 active=wlan0 ch5  BL=[]
[22:15:52] HOP bucket=305 L3 active=wlan1 ch9  | prep wlan0 ch9  | BL=[]
[RX  <- A] bucket=305  peer_BL=[]  my_BL=[]
[TX  ->  *] bucket=305 L3 active=wlan1 ch9  BL=[]
[22:15:54] HOP bucket=306 L3 active=wlan0 ch9  | prep wlan1 ch3  | BL=[]
[TX  ->  *] bucket=306 L3 active=wlan0 ch9  BL=[]
[RX  <- A] bucket=306  peer_BL=[]  my_BL=[]
[22:15:56] HOP bucket=307 L3 active=wlan1 ch3  | prep wlan0 ch3  | BL=[]
[TX  ->  *] bucket=307 L3 active=wlan1 ch3  BL=[]
[!! JAMMED  ] bucket=307 L3 active=wlan1 ch3  silent + egress_drops=38  -> BL until bucket=337  BL=['3']
[22:15:58] HOP bucket=308 L3 active=wlan0 ch3  (LAG: totp_says=ch4, physical=ch3)  | prep wlan1 ch11  | BL=['3']
[TX  ->  *] bucket=308 L3 active=wlan0 ch3  BL=['3']
[22:16:00] HOP bucket=309 L3 active=wlan1 ch11  | prep wlan0 ch10  | BL=['3']
[TX  ->  *] bucket=309 L3 active=wlan1 ch11  BL=['3']
[RX  <- A] bucket=309  peer_BL=['3']  my_BL=['3']
[22:16:02] HOP bucket=310 L3 active=wlan0 ch10  | prep wlan1 ch10  | BL=['3']
[TX  ->  *] bucket=310 L3 active=wlan0 ch10  BL=['3']
[RX  <- A] bucket=310  peer_BL=['3']  my_BL=['3']
[22:16:04] HOP bucket=311 L3 active=wlan1 ch10  | prep wlan0 ch4  | BL=['3']
[RX  <- A] bucket=311  peer_BL=['3']  my_BL=['3']
[TX  ->  *] bucket=311 L3 active=wlan1 ch10  BL=['3']
[22:16:06] HOP bucket=312 L3 active=wlan0 ch4  | prep wlan1 ch9  | BL=['3']
[RX  <- A] bucket=312  peer_BL=['3']  my_BL=['3']
[TX  ->  *] bucket=312 L3 active=wlan0 ch4  BL=['3']
[22:16:08] HOP bucket=313 L3 active=wlan1 ch9  | prep wlan0 ch4  | BL=['3']
[TX  ->  *] bucket=313 L3 active=wlan1 ch9  BL=['3']
[RX  <- A] bucket=313  peer_BL=['3']  my_BL=['3']
[22:16:10] HOP bucket=314 L3 active=wlan0 ch4  | prep wlan1 ch8  | BL=['3']
[RX  <- A] bucket=314  peer_BL=['3']  my_BL=['3']
[TX  ->  *] bucket=314 L3 active=wlan0 ch4  BL=['3']
[22:16:12] HOP bucket=315 L3 active=wlan1 ch8  | prep wlan0 ch11  | BL=['3']
[TX  ->  *] bucket=315 L3 active=wlan1 ch8  BL=['3']
[RX  <- A] bucket=315  peer_BL=['3']  my_BL=['3']
[22:16:14] HOP bucket=316 L3 active=wlan0 ch11  | prep wlan1 ch6  | BL=['3']
[TX  ->  *] bucket=316 L3 active=wlan0 ch11  BL=['3']
[RX  <- A] bucket=316  peer_BL=['3']  my_BL=['3']
[22:16:16] HOP bucket=317 L3 active=wlan1 ch6  | prep wlan0 ch5  | BL=['3']
[TX  ->  *] bucket=317 L3 active=wlan1 ch6  BL=['3']
[RX  <- A] bucket=317  peer_BL=['3']  my_BL=['3']
[22:16:18] HOP bucket=318 L3 active=wlan0 ch5  | prep wlan1 ch10  | BL=['3']
[TX  ->  *] bucket=318 L3 active=wlan0 ch5  BL=['3']
[RX  <- A] bucket=318  peer_BL=['3']  my_BL=['3']
[22:16:20] HOP bucket=319 L3 active=wlan1 ch10  | prep wlan0 ch9  | BL=['3']
[TX  ->  *] bucket=319 L3 active=wlan1 ch10  BL=['3']
[RX  <- A] bucket=319  peer_BL=['3']  my_BL=['3']
[22:16:22] HOP bucket=320 L3 active=wlan0 ch9  | prep wlan1 ch9  | BL=['3']
[RX  <- A] bucket=320  peer_BL=['3']  my_BL=['3']
[TX  ->  *] bucket=320 L3 active=wlan0 ch9  BL=['3']
[22:16:24] HOP bucket=321 L3 active=wlan1 ch9  | prep wlan0 ch4  | BL=['3']
[TX  ->  *] bucket=321 L3 active=wlan1 ch9  BL=['3']
[RX  <- A] bucket=321  peer_BL=['3']  my_BL=['3']
[22:16:26] HOP bucket=322 L3 active=wlan0 ch4  | prep wlan1 ch6  | BL=['3']
[RX  <- A] bucket=322  peer_BL=['3']  my_BL=['3']
[TX  ->  *] bucket=322 L3 active=wlan0 ch4  BL=['3']
[22:16:28] HOP bucket=323 L3 active=wlan1 ch6  | prep wlan0 ch10  | BL=['3']
[RX  <- A] bucket=323  peer_BL=['3']  my_BL=['3']
[TX  ->  *] bucket=323 L3 active=wlan1 ch6  BL=['3']
[22:16:30] HOP bucket=324 L3 active=wlan0 ch10  | prep wlan1 ch7  | BL=['3']
[RX  <- A] bucket=324  peer_BL=['3']  my_BL=['3']
[TX  ->  *] bucket=324 L3 active=wlan0 ch10  BL=['3']
[22:16:32] HOP bucket=325 L3 active=wlan1 ch7  | prep wlan0 ch9  | BL=['3']
[TX  ->  *] bucket=325 L3 active=wlan1 ch7  BL=['3']
[RX  <- A] bucket=325  peer_BL=['3']  my_BL=['3']
[22:16:34] HOP bucket=326 L3 active=wlan0 ch9  | prep wlan1 ch4  | BL=['3']
[RX  <- A] bucket=326  peer_BL=['3']  my_BL=['3']
[TX  ->  *] bucket=326 L3 active=wlan0 ch9  BL=['3']
[22:16:36] HOP bucket=327 L3 active=wlan1 ch4  | prep wlan0 ch9  | BL=['3']
[TX  ->  *] bucket=327 L3 active=wlan1 ch4  BL=['3']
[RX  <- A] bucket=327  peer_BL=['3']  my_BL=['3']
[22:16:38] HOP bucket=328 L3 active=wlan0 ch9  | prep wlan1 ch4  | BL=['3']
[RX  <- A] bucket=328  peer_BL=['3']  my_BL=['3']
[TX  ->  *] bucket=328 L3 active=wlan0 ch9  BL=['3']
[22:16:40] HOP bucket=329 L3 active=wlan1 ch4  | prep wlan0 ch5  | BL=['3']
[TX  ->  *] bucket=329 L3 active=wlan1 ch4  BL=['3']
[RX  <- A] bucket=329  peer_BL=['3']  my_BL=['3']
[22:16:42] HOP bucket=330 L3 active=wlan0 ch5  | prep wlan1 ch11  | BL=['3']
[TX  ->  *] bucket=330 L3 active=wlan0 ch5  BL=['3']
[RX  <- A] bucket=330  peer_BL=['3']  my_BL=['3']
[22:16:44] HOP bucket=331 L3 active=wlan1 ch11  | prep wlan0 ch4  | BL=['3']
[TX  ->  *] bucket=331 L3 active=wlan1 ch11  BL=['3']
[RX  <- A] bucket=331  peer_BL=['3']  my_BL=['3']
[22:16:46] HOP bucket=332 L3 active=wlan0 ch4  | prep wlan1 ch9  | BL=['3']
[TX  ->  *] bucket=332 L3 active=wlan0 ch4  BL=['3']
[!! JAMMED  ] bucket=332 L3 active=wlan0 ch4  silent + egress_drops=38  -> BL until bucket=362  BL=['3', '4']
[22:16:48] HOP bucket=333 L3 active=wlan1 ch9  | prep wlan0 ch5  | BL=['3', '4']
[TX  ->  *] bucket=333 L3 active=wlan1 ch9  BL=['3', '4']
[RX  <- A] bucket=333  peer_BL=['3', '4']  my_BL=['3', '4']
[22:16:50] HOP bucket=334 L3 active=wlan0 ch5  | prep wlan1 ch8  | BL=['3', '4']
[RX  <- A] bucket=334  peer_BL=['3', '4']  my_BL=['3', '4']
[TX  ->  *] bucket=334 L3 active=wlan0 ch5  BL=['3', '4']
[22:16:52] HOP bucket=335 L3 active=wlan1 ch8  | prep wlan0 ch9  | BL=['3', '4']
[RX  <- A] bucket=335  peer_BL=['3', '4']  my_BL=['3', '4']
[TX  ->  *] bucket=335 L3 active=wlan1 ch8  BL=['3', '4']
[22:16:54] HOP bucket=336 L3 active=wlan0 ch9  | prep wlan1 ch5  | BL=['3', '4']
[RX  <- A] bucket=336  peer_BL=['3', '4']  my_BL=['3', '4']
[TX  ->  *] bucket=336 L3 active=wlan0 ch9  BL=['3', '4']
[22:16:56] HOP bucket=337 L3 active=wlan1 ch5  | prep wlan0 ch3  | BL=['4']
[TX  ->  *] bucket=337 L3 active=wlan1 ch5  BL=['4']
[RX  <- A] bucket=337  peer_BL=['4']  my_BL=['4']
[22:16:58] HOP bucket=338 L3 active=wlan0 ch3  | prep wlan1 ch5  | BL=['4']
[TX  ->  *] bucket=338 L3 active=wlan0 ch3  BL=['4']
[!! JAMMED  ] bucket=338 L3 active=wlan0 ch3  silent + egress_drops=39  -> BL until bucket=368  BL=['3', '4']
[22:17:00] HOP bucket=339 L3 active=wlan1 ch5  | prep wlan0 ch5  | BL=['3', '4']
[TX  ->  *] bucket=339 L3 active=wlan1 ch5  BL=['3', '4']
[RX  <- A] bucket=339  peer_BL=['4', '3']  my_BL=['3', '4']
[22:17:02] HOP bucket=340 L3 active=wlan0 ch5  | prep wlan1 ch5  | BL=['3', '4']
[TX  ->  *] bucket=340 L3 active=wlan0 ch5  BL=['3', '4']
[RX  <- A] bucket=340  peer_BL=['4', '3']  my_BL=['3', '4']
[22:17:04] HOP bucket=341 L3 active=wlan1 ch5  | prep wlan0 ch10  | BL=['3', '4']
[TX  ->  *] bucket=341 L3 active=wlan1 ch5  BL=['3', '4']
[RX  <- A] bucket=341  peer_BL=['4', '3']  my_BL=['3', '4']
[22:17:06] HOP bucket=342 L3 active=wlan0 ch10  | prep wlan1 ch5  | BL=['3', '4']
[RX  <- A] bucket=342  peer_BL=['4', '3']  my_BL=['3', '4']
[TX  ->  *] bucket=342 L3 active=wlan0 ch10  BL=['3', '4']
[22:17:08] HOP bucket=343 L3 active=wlan1 ch5  | prep wlan0 ch7  | BL=['3', '4']
[TX  ->  *] bucket=343 L3 active=wlan1 ch5  BL=['3', '4']
[RX  <- A] bucket=343  peer_BL=['4', '3']  my_BL=['3', '4']
[22:17:10] HOP bucket=344 L3 active=wlan0 ch7  | prep wlan1 ch5  | BL=['3', '4']
[RX  <- A] bucket=344  peer_BL=['4', '3']  my_BL=['3', '4']
[TX  ->  *] bucket=344 L3 active=wlan0 ch7  BL=['3', '4']
[22:17:12] HOP bucket=345 L3 active=wlan1 ch5  | prep wlan0 ch11  | BL=['3', '4']
[RX  <- A] bucket=345  peer_BL=['4', '3']  my_BL=['3', '4']
[TX  ->  *] bucket=345 L3 active=wlan1 ch5  BL=['3', '4']
[22:17:14] HOP bucket=346 L3 active=wlan0 ch11  | prep wlan1 ch8  | BL=['3', '4']
[RX  <- A] bucket=346  peer_BL=['4', '3']  my_BL=['3', '4']
[TX  ->  *] bucket=346 L3 active=wlan0 ch11  BL=['3', '4']
[22:17:16] HOP bucket=347 L3 active=wlan1 ch8  | prep wlan0 ch6  | BL=['3', '4']
[TX  ->  *] bucket=347 L3 active=wlan1 ch8  BL=['3', '4']
[RX  <- A] bucket=347  peer_BL=['4', '3']  my_BL=['3', '4']
[22:17:18] HOP bucket=348 L3 active=wlan0 ch6  | prep wlan1 ch7  | BL=['3', '4']
[TX  ->  *] bucket=348 L3 active=wlan0 ch6  BL=['3', '4']
[RX  <- A] bucket=348  peer_BL=['4', '3']  my_BL=['3', '4']
[22:17:20] HOP bucket=349 L3 active=wlan1 ch7  | prep wlan0 ch11  | BL=['3', '4']
[RX  <- A] bucket=349  peer_BL=['4', '3']  my_BL=['3', '4']
[TX  ->  *] bucket=349 L3 active=wlan1 ch7  BL=['3', '4']
[22:17:22] HOP bucket=350 L3 active=wlan0 ch11  | prep wlan1 ch8  | BL=['3', '4']
[RX  <- A] bucket=350  peer_BL=['4', '3']  my_BL=['3', '4']
[TX  ->  *] bucket=350 L3 active=wlan0 ch11  BL=['3', '4']
[22:17:24] HOP bucket=351 L3 active=wlan1 ch8  | prep wlan0 ch5  | BL=['3', '4']
[TX  ->  *] bucket=351 L3 active=wlan1 ch8  BL=['3', '4']
[RX  <- A] bucket=351  peer_BL=['4', '3']  my_BL=['3', '4']
[22:17:26] HOP bucket=352 L3 active=wlan0 ch5  | prep wlan1 ch9  | BL=['3', '4']
[TX  ->  *] bucket=352 L3 active=wlan0 ch5  BL=['3', '4']
[RX  <- A] bucket=352  peer_BL=['4', '3']  my_BL=['3', '4']
[22:17:28] HOP bucket=353 L3 active=wlan1 ch9  | prep wlan0 ch5  | BL=['3', '4']
[RX  <- A] bucket=353  peer_BL=['4', '3']  my_BL=['3', '4']
[TX  ->  *] bucket=353 L3 active=wlan1 ch9  BL=['3', '4']
[22:17:30] HOP bucket=354 L3 active=wlan0 ch5  | prep wlan1 ch6  | BL=['3', '4']
[TX  ->  *] bucket=354 L3 active=wlan0 ch5  BL=['3', '4']
[RX  <- A] bucket=354  peer_BL=['4', '3']  my_BL=['3', '4']
[22:17:32] HOP bucket=355 L3 active=wlan1 ch6  | prep wlan0 ch10  | BL=['3', '4']
[TX  ->  *] bucket=355 L3 active=wlan1 ch6  BL=['3', '4']
[RX  <- A] bucket=355  peer_BL=['4', '3']  my_BL=['3', '4']
[22:17:34] HOP bucket=356 L3 active=wlan0 ch10  | prep wlan1 ch10  | BL=['3', '4']
[RX  <- A] bucket=356  peer_BL=['4', '3']  my_BL=['3', '4']
[TX  ->  *] bucket=356 L3 active=wlan0 ch10  BL=['3', '4']
[22:17:36] HOP bucket=357 L3 active=wlan1 ch10  | prep wlan0 ch11  | BL=['3', '4']
[RX  <- A] bucket=357  peer_BL=['4', '3']  my_BL=['3', '4']
[TX  ->  *] bucket=357 L3 active=wlan1 ch10  BL=['3', '4']
[22:17:38] HOP bucket=358 L3 active=wlan0 ch11  | prep wlan1 ch6  | BL=['3', '4']
[RX  <- A] bucket=358  peer_BL=['4', '3']  my_BL=['3', '4']
[TX  ->  *] bucket=358 L3 active=wlan0 ch11  BL=['3', '4']
[22:17:40] HOP bucket=359 L3 active=wlan1 ch6  | prep wlan0 ch8  | BL=['3', '4']
[TX  ->  *] bucket=359 L3 active=wlan1 ch6  BL=['3', '4']
[RX  <- A] bucket=359  peer_BL=['4', '3']  my_BL=['3', '4']
[22:17:42] HOP bucket=360 L3 active=wlan0 ch8  | prep wlan1 ch8  | BL=['3', '4']
[TX  ->  *] bucket=360 L3 active=wlan0 ch8  BL=['3', '4']
[RX  <- A] bucket=360  peer_BL=['4', '3']  my_BL=['3', '4']
[22:17:44] HOP bucket=361 L3 active=wlan1 ch8  | prep wlan0 ch5  | BL=['3', '4']
[TX  ->  *] bucket=361 L3 active=wlan1 ch8  BL=['3', '4']
[RX  <- A] bucket=361  peer_BL=['4', '3']  my_BL=['3', '4']
[22:17:46] HOP bucket=362 L3 active=wlan0 ch5  | prep wlan1 ch9  | BL=['3']
[TX  ->  *] bucket=362 L3 active=wlan0 ch5  BL=['3']
[!! JAMMED  ] bucket=362 L3 active=wlan0 ch5  silent + egress_drops=38  -> BL until bucket=392  BL=['3', '5']
[22:17:48] HOP bucket=363 L3 active=wlan1 ch9  | prep wlan0 ch10  | BL=['3', '5']
[RX  <- A] bucket=363  peer_BL=['3', '5']  my_BL=['3', '5']
[TX  ->  *] bucket=363 L3 active=wlan1 ch9  BL=['3', '5']
[22:17:50] HOP bucket=364 L3 active=wlan0 ch10  | prep wlan1 ch10  | BL=['3', '5']
[RX  <- A] bucket=364  peer_BL=['3', '5']  my_BL=['3', '5']
[TX  ->  *] bucket=364 L3 active=wlan0 ch10  BL=['3', '5']
[22:17:52] HOP bucket=365 L3 active=wlan1 ch10  | prep wlan0 ch4  | BL=['3', '5']
[TX  ->  *] bucket=365 L3 active=wlan1 ch10  BL=['3', '5']
[RX  <- A] bucket=365  peer_BL=['3', '5']  my_BL=['3', '5']
[22:17:54] HOP bucket=366 L3 active=wlan0 ch4  | prep wlan1 ch4  | BL=['3', '5']
[TX  ->  *] bucket=366 L3 active=wlan0 ch4  BL=['3', '5']
[!! JAMMED  ] bucket=366 L3 active=wlan0 ch4  silent + egress_drops=39  -> BL until bucket=396  BL=['3', '4', '5']
[22:17:56] HOP bucket=367 L3 active=wlan1 ch4  (LAG: totp_says=ch6, physical=ch4)  | prep wlan0 ch6  | BL=['3', '4', '5']
[TX  ->  *] bucket=367 L3 active=wlan1 ch4  BL=['3', '4', '5']
[22:17:58] HOP bucket=368 L3 active=wlan0 ch6  | prep wlan1 ch9  | BL=['4', '5']
[TX  ->  *] bucket=368 L3 active=wlan0 ch6  BL=['4', '5']
[!! JAMMED  ] bucket=368 L3 active=wlan0 ch6  silent + egress_drops=78  -> BL until bucket=398  BL=['4', '5', '6']
[22:18:00] HOP bucket=369 L3 active=wlan1 ch9  | prep wlan0 ch11  | BL=['4', '5', '6']
[TX  ->  *] bucket=369 L3 active=wlan1 ch9  BL=['4', '5', '6']
[RX  <- A] bucket=369  peer_BL=['5', '4', '6']  my_BL=['4', '5', '6']
[22:18:02] HOP bucket=370 L3 active=wlan0 ch11  | prep wlan1 ch11  | BL=['4', '5', '6']
[RX  <- A] bucket=370  peer_BL=['5', '4', '6']  my_BL=['4', '5', '6']
[TX  ->  *] bucket=370 L3 active=wlan0 ch11  BL=['4', '5', '6']
[22:18:04] HOP bucket=371 L3 active=wlan1 ch11  | prep wlan0 ch7  | BL=['4', '5', '6']
[TX  ->  *] bucket=371 L3 active=wlan1 ch11  BL=['4', '5', '6']
[RX  <- A] bucket=371  peer_BL=['5', '4', '6']  my_BL=['4', '5', '6']
[22:18:06] HOP bucket=372 L3 active=wlan0 ch7  | prep wlan1 ch7  | BL=['4', '5', '6']
[TX  ->  *] bucket=372 L3 active=wlan0 ch7  BL=['4', '5', '6']
[RX  <- A] bucket=372  peer_BL=['5', '4', '6']  my_BL=['4', '5', '6']
[22:18:08] HOP bucket=373 L3 active=wlan1 ch7  | prep wlan0 ch9  | BL=['4', '5', '6']
[TX  ->  *] bucket=373 L3 active=wlan1 ch7  BL=['4', '5', '6']
[RX  <- A] bucket=373  peer_BL=['5', '4', '6']  my_BL=['4', '5', '6']
[22:18:10] HOP bucket=374 L3 active=wlan0 ch9  | prep wlan1 ch9  | BL=['4', '5', '6']
[TX  ->  *] bucket=374 L3 active=wlan0 ch9  BL=['4', '5', '6']
[RX  <- A] bucket=374  peer_BL=['5', '4', '6']  my_BL=['4', '5', '6']
[22:18:12] HOP bucket=375 L3 active=wlan1 ch9  | prep wlan0 ch9  | BL=['4', '5', '6']
[RX  <- A] bucket=375  peer_BL=['5', '4', '6']  my_BL=['4', '5', '6']
[TX  ->  *] bucket=375 L3 active=wlan1 ch9  BL=['4', '5', '6']
[22:18:14] HOP bucket=376 L3 active=wlan0 ch9  | prep wlan1 ch7  | BL=['4', '5', '6']
[RX  <- A] bucket=376  peer_BL=['5', '4', '6']  my_BL=['4', '5', '6']
[TX  ->  *] bucket=376 L3 active=wlan0 ch9  BL=['4', '5', '6']
[22:18:16] HOP bucket=377 L3 active=wlan1 ch7  | prep wlan0 ch7  | BL=['4', '5', '6']
[RX  <- A] bucket=377  peer_BL=['5', '4', '6']  my_BL=['4', '5', '6']
[TX  ->  *] bucket=377 L3 active=wlan1 ch7  BL=['4', '5', '6']
[22:18:18] HOP bucket=378 L3 active=wlan0 ch7  | prep wlan1 ch10  | BL=['4', '5', '6']
[TX  ->  *] bucket=378 L3 active=wlan0 ch7  BL=['4', '5', '6']
[RX  <- A] bucket=378  peer_BL=['5', '4', '6']  my_BL=['4', '5', '6']
[22:18:20] HOP bucket=379 L3 active=wlan1 ch10  | prep wlan0 ch11  | BL=['4', '5', '6']
[TX  ->  *] bucket=379 L3 active=wlan1 ch10  BL=['4', '5', '6']
[RX  <- A] bucket=379  peer_BL=['5', '4', '6']  my_BL=['4', '5', '6']
[22:18:22] HOP bucket=380 L3 active=wlan0 ch11  | prep wlan1 ch10  | BL=['4', '5', '6']
[TX  ->  *] bucket=380 L3 active=wlan0 ch11  BL=['4', '5', '6']
[RX  <- A] bucket=380  peer_BL=['5', '4', '6']  my_BL=['4', '5', '6']
[22:18:24] HOP bucket=381 L3 active=wlan1 ch10  | prep wlan0 ch9  | BL=['4', '5', '6']
[RX  <- A] bucket=381  peer_BL=['5', '4', '6']  my_BL=['4', '5', '6']
[TX  ->  *] bucket=381 L3 active=wlan1 ch10  BL=['4', '5', '6']
[22:18:26] HOP bucket=382 L3 active=wlan0 ch9  | prep wlan1 ch7  | BL=['4', '5', '6']
[TX  ->  *] bucket=382 L3 active=wlan0 ch9  BL=['4', '5', '6']
[RX  <- A] bucket=382  peer_BL=['5', '4', '6']  my_BL=['4', '5', '6']
[22:18:28] HOP bucket=383 L3 active=wlan1 ch7  | prep wlan0 ch3  | BL=['4', '5', '6']
[TX  ->  *] bucket=383 L3 active=wlan1 ch7  BL=['4', '5', '6']
[RX  <- A] bucket=383  peer_BL=['5', '4', '6']  my_BL=['4', '5', '6']
[22:18:30] HOP bucket=384 L3 active=wlan0 ch3  | prep wlan1 ch11  | BL=['4', '5', '6']
[TX  ->  *] bucket=384 L3 active=wlan0 ch3  BL=['4', '5', '6']
[RX  <- A] bucket=384  peer_BL=['5', '4', '6']  my_BL=['4', '5', '6']
[22:18:32] HOP bucket=385 L3 active=wlan1 ch11  | prep wlan0 ch8  | BL=['4', '5', '6']
[RX  <- A] bucket=385  peer_BL=['5', '4', '6']  my_BL=['4', '5', '6']
[TX  ->  *] bucket=385 L3 active=wlan1 ch11  BL=['4', '5', '6']
[22:18:34] HOP bucket=386 L3 active=wlan0 ch8  | prep wlan1 ch11  | BL=['4', '5', '6']
[RX  <- A] bucket=386  peer_BL=['5', '4', '6']  my_BL=['4', '5', '6']
[TX  ->  *] bucket=386 L3 active=wlan0 ch8  BL=['4', '5', '6']
[22:18:36] HOP bucket=387 L3 active=wlan1 ch11  | prep wlan0 ch7  | BL=['4', '5', '6']
[RX  <- A] bucket=387  peer_BL=['5', '4', '6']  my_BL=['4', '5', '6']
[TX  ->  *] bucket=387 L3 active=wlan1 ch11  BL=['4', '5', '6']
[22:18:38] HOP bucket=388 L3 active=wlan0 ch7  | prep wlan1 ch7  | BL=['4', '5', '6']
[RX  <- A] bucket=388  peer_BL=['5', '4', '6']  my_BL=['4', '5', '6']
[TX  ->  *] bucket=388 L3 active=wlan0 ch7  BL=['4', '5', '6']
[22:18:40] HOP bucket=389 L3 active=wlan1 ch7  | prep wlan0 ch3  | BL=['4', '5', '6']
[RX  <- A] bucket=389  peer_BL=['5', '4', '6']  my_BL=['4', '5', '6']
[TX  ->  *] bucket=389 L3 active=wlan1 ch7  BL=['4', '5', '6']
[22:18:42] HOP bucket=390 L3 active=wlan0 ch3  | prep wlan1 ch3  | BL=['4', '5', '6']
[TX  ->  *] bucket=390 L3 active=wlan0 ch3  BL=['4', '5', '6']
[RX  <- A] bucket=390  peer_BL=['5', '4', '6']  my_BL=['4', '5', '6']
[22:18:44] HOP bucket=391 L3 active=wlan1 ch3  | prep wlan0 ch7  | BL=['4', '5', '6']
[TX  ->  *] bucket=391 L3 active=wlan1 ch3  BL=['4', '5', '6']
[RX  <- A] bucket=391  peer_BL=['5', '4', '6']  my_BL=['4', '5', '6']
[22:18:46] HOP bucket=392 L3 active=wlan0 ch7  | prep wlan1 ch8  | BL=['4', '6']
[TX  ->  *] bucket=392 L3 active=wlan0 ch7  BL=['4', '6']
[!! JAMMED  ] bucket=392 L3 active=wlan0 ch7  silent + egress_drops=38  -> BL until bucket=422  BL=['4', '6', '7']
[22:18:48] HOP bucket=393 L3 active=wlan1 ch8  | prep wlan0 ch11  | BL=['4', '6', '7']
[TX  ->  *] bucket=393 L3 active=wlan1 ch8  BL=['4', '6', '7']
[RX  <- A] bucket=393  peer_BL=['4', '6', '7']  my_BL=['4', '6', '7']
[22:18:50] HOP bucket=394 L3 active=wlan0 ch11  | prep wlan1 ch9  | BL=['4', '6', '7']
[RX  <- A] bucket=394  peer_BL=['4', '6', '7']  my_BL=['4', '6', '7']
[TX  ->  *] bucket=394 L3 active=wlan0 ch11  BL=['4', '6', '7']
[22:18:52] HOP bucket=395 L3 active=wlan1 ch9  | prep wlan0 ch8  | BL=['4', '6', '7']
[TX  ->  *] bucket=395 L3 active=wlan1 ch9  BL=['4', '6', '7']
[RX  <- A] bucket=395  peer_BL=['4', '6', '7']  my_BL=['4', '6', '7']
[22:18:54] HOP bucket=396 L3 active=wlan0 ch8  | prep wlan1 ch4  | BL=['6', '7']
[TX  ->  *] bucket=396 L3 active=wlan0 ch8  BL=['6', '7']
[RX  <- A] bucket=396  peer_BL=['6', '7']  my_BL=['6', '7']
[22:18:56] HOP bucket=397 L3 active=wlan1 ch4  | prep wlan0 ch4  | BL=['6', '7']
[TX  ->  *] bucket=397 L3 active=wlan1 ch4  BL=['6', '7']
[!! JAMMED  ] bucket=397 L3 active=wlan1 ch4  silent + egress_drops=38  -> BL until bucket=427  BL=['4', '6', '7']
[22:18:58] HOP bucket=398 L3 active=wlan0 ch4  (LAG: totp_says=ch5, physical=ch4)  | prep wlan1 ch8  | BL=['4', '7']
[TX  ->  *] bucket=398 L3 active=wlan0 ch4  BL=['4', '7']
[22:19:00] HOP bucket=399 L3 active=wlan1 ch8  | prep wlan0 ch8  | BL=['4', '7']
[TX  ->  *] bucket=399 L3 active=wlan1 ch8  BL=['4', '7']
[RX  <- A] bucket=399  peer_BL=['7', '4']  my_BL=['4', '7']
[22:19:02] HOP bucket=400 L3 active=wlan0 ch8  | prep wlan1 ch3  | BL=['4', '7']
[TX  ->  *] bucket=400 L3 active=wlan0 ch8  BL=['4', '7']
[RX  <- A] bucket=400  peer_BL=['7', '4']  my_BL=['4', '7']
[22:19:04] HOP bucket=401 L3 active=wlan1 ch3  | prep wlan0 ch9  | BL=['4', '7']
[RX  <- A] bucket=401  peer_BL=['7', '4']  my_BL=['4', '7']
[TX  ->  *] bucket=401 L3 active=wlan1 ch3  BL=['4', '7']
[22:19:06] HOP bucket=402 L3 active=wlan0 ch9  | prep wlan1 ch5  | BL=['4', '7']
[RX  <- A] bucket=402  peer_BL=['7', '4']  my_BL=['4', '7']
[TX  ->  *] bucket=402 L3 active=wlan0 ch9  BL=['4', '7']
[22:19:08] HOP bucket=403 L3 active=wlan1 ch5  | prep wlan0 ch11  | BL=['4', '7']
[TX  ->  *] bucket=403 L3 active=wlan1 ch5  BL=['4', '7']
[!! JAMMED  ] bucket=403 L3 active=wlan1 ch5  silent + egress_drops=38  -> BL until bucket=433  BL=['4', '5', '7']
[22:19:10] HOP bucket=404 L3 active=wlan0 ch11  | prep wlan1 ch10  | BL=['4', '5', '7']
[TX  ->  *] bucket=404 L3 active=wlan0 ch11  BL=['4', '5', '7']
[RX  <- A] bucket=404  peer_BL=['7', '4', '5']  my_BL=['4', '5', '7']
[22:19:12] HOP bucket=405 L3 active=wlan1 ch10  | prep wlan0 ch6  | BL=['4', '5', '7']
[RX  <- A] bucket=405  peer_BL=['7', '4', '5']  my_BL=['4', '5', '7']
[TX  ->  *] bucket=405 L3 active=wlan1 ch10  BL=['4', '5', '7']
[22:19:14] HOP bucket=406 L3 active=wlan0 ch6  | prep wlan1 ch10  | BL=['4', '5', '7']
[TX  ->  *] bucket=406 L3 active=wlan0 ch6  BL=['4', '5', '7']
[!! JAMMED  ] bucket=406 L3 active=wlan0 ch6  silent + egress_drops=39  -> BL until bucket=436  BL=['4', '5', '6', '7']
[22:19:16] HOP bucket=407 L3 active=wlan1 ch10  | prep wlan0 ch8  | BL=['4', '5', '6', '7']
[TX  ->  *] bucket=407 L3 active=wlan1 ch10  BL=['4', '5', '6', '7']
[RX  <- A] bucket=407  peer_BL=['7', '4', '5', '6']  my_BL=['4', '5', '6', '7']
[22:19:18] HOP bucket=408 L3 active=wlan0 ch8  | prep wlan1 ch9  | BL=['4', '5', '6', '7']
[RX  <- A] bucket=408  peer_BL=['7', '4', '5', '6']  my_BL=['4', '5', '6', '7']
[TX  ->  *] bucket=408 L3 active=wlan0 ch8  BL=['4', '5', '6', '7']
[22:19:20] HOP bucket=409 L3 active=wlan1 ch9  | prep wlan0 ch10  | BL=['4', '5', '6', '7']
[TX  ->  *] bucket=409 L3 active=wlan1 ch9  BL=['4', '5', '6', '7']
[RX  <- A] bucket=409  peer_BL=['7', '4', '5', '6']  my_BL=['4', '5', '6', '7']
[22:19:22] HOP bucket=410 L3 active=wlan0 ch10  | prep wlan1 ch11  | BL=['4', '5', '6', '7']
[RX  <- A] bucket=410  peer_BL=['7', '4', '5', '6']  my_BL=['4', '5', '6', '7']
[TX  ->  *] bucket=410 L3 active=wlan0 ch10  BL=['4', '5', '6', '7']
[22:19:24] HOP bucket=411 L3 active=wlan1 ch11  | prep wlan0 ch11  | BL=['4', '5', '6', '7']
[TX  ->  *] bucket=411 L3 active=wlan1 ch11  BL=['4', '5', '6', '7']
[RX  <- A] bucket=411  peer_BL=['7', '4', '5', '6']  my_BL=['4', '5', '6', '7']
[22:19:26] HOP bucket=412 L3 active=wlan0 ch11  | prep wlan1 ch10  | BL=['4', '5', '6', '7']
[TX  ->  *] bucket=412 L3 active=wlan0 ch11  BL=['4', '5', '6', '7']
[RX  <- A] bucket=412  peer_BL=['7', '4', '5', '6']  my_BL=['4', '5', '6', '7']
[22:19:28] HOP bucket=413 L3 active=wlan1 ch10  | prep wlan0 ch8  | BL=['4', '5', '6', '7']
[RX  <- A] bucket=413  peer_BL=['7', '4', '5', '6']  my_BL=['4', '5', '6', '7']
[TX  ->  *] bucket=413 L3 active=wlan1 ch10  BL=['4', '5', '6', '7']
[22:19:30] HOP bucket=414 L3 active=wlan0 ch8  | prep wlan1 ch9  | BL=['4', '5', '6', '7']
[TX  ->  *] bucket=414 L3 active=wlan0 ch8  BL=['4', '5', '6', '7']
[RX  <- A] bucket=414  peer_BL=['7', '4', '5', '6']  my_BL=['4', '5', '6', '7']
[22:19:32] HOP bucket=415 L3 active=wlan1 ch9  | prep wlan0 ch8  | BL=['4', '5', '6', '7']
[TX  ->  *] bucket=415 L3 active=wlan1 ch9  BL=['4', '5', '6', '7']
[RX  <- A] bucket=415  peer_BL=['7', '4', '5', '6']  my_BL=['4', '5', '6', '7']
[22:19:34] HOP bucket=416 L3 active=wlan0 ch8  | prep wlan1 ch10  | BL=['4', '5', '6', '7']
[RX  <- A] bucket=416  peer_BL=['7', '4', '5', '6']  my_BL=['4', '5', '6', '7']
[TX  ->  *] bucket=416 L3 active=wlan0 ch8  BL=['4', '5', '6', '7']
[22:19:36] HOP bucket=417 L3 active=wlan1 ch10  | prep wlan0 ch8  | BL=['4', '5', '6', '7']
[TX  ->  *] bucket=417 L3 active=wlan1 ch10  BL=['4', '5', '6', '7']
[RX  <- A] bucket=417  peer_BL=['7', '4', '5', '6']  my_BL=['4', '5', '6', '7']
[22:19:38] HOP bucket=418 L3 active=wlan0 ch8  | prep wlan1 ch9  | BL=['4', '5', '6', '7']
[TX  ->  *] bucket=418 L3 active=wlan0 ch8  BL=['4', '5', '6', '7']
[RX  <- A] bucket=418  peer_BL=['7', '4', '5', '6']  my_BL=['4', '5', '6', '7']
[22:19:40] HOP bucket=419 L3 active=wlan1 ch9  | prep wlan0 ch11  | BL=['4', '5', '6', '7']
[TX  ->  *] bucket=419 L3 active=wlan1 ch9  BL=['4', '5', '6', '7']
[RX  <- A] bucket=419  peer_BL=['7', '4', '5', '6']  my_BL=['4', '5', '6', '7']
[22:19:42] HOP bucket=420 L3 active=wlan0 ch11  | prep wlan1 ch11  | BL=['4', '5', '6', '7']
[RX  <- A] bucket=420  peer_BL=['7', '4', '5', '6']  my_BL=['4', '5', '6', '7']
[TX  ->  *] bucket=420 L3 active=wlan0 ch11  BL=['4', '5', '6', '7']
[22:19:44] HOP bucket=421 L3 active=wlan1 ch11  | prep wlan0 ch11  | BL=['4', '5', '6', '7']
[TX  ->  *] bucket=421 L3 active=wlan1 ch11  BL=['4', '5', '6', '7']
[RX  <- A] bucket=421  peer_BL=['7', '4', '5', '6']  my_BL=['4', '5', '6', '7']
[22:19:46] HOP bucket=422 L3 active=wlan0 ch11  | prep wlan1 ch10  | BL=['4', '5', '6']
[TX  ->  *] bucket=422 L3 active=wlan0 ch11  BL=['4', '5', '6']
[RX  <- A] bucket=422  peer_BL=['4', '5', '6']  my_BL=['4', '5', '6']
[22:19:48] HOP bucket=423 L3 active=wlan1 ch10  | prep wlan0 ch8  | BL=['4', '5', '6']
[TX  ->  *] bucket=423 L3 active=wlan1 ch10  BL=['4', '5', '6']
[RX  <- A] bucket=423  peer_BL=['4', '5', '6']  my_BL=['4', '5', '6']
[22:19:50] HOP bucket=424 L3 active=wlan0 ch8  | prep wlan1 ch10  | BL=['4', '5', '6']
[TX  ->  *] bucket=424 L3 active=wlan0 ch8  BL=['4', '5', '6']
[!! JAMMED  ] bucket=424 L3 active=wlan0 ch8  silent + egress_drops=38  -> BL until bucket=454  BL=['4', '5', '6', '8']
[22:19:52] HOP bucket=425 L3 active=wlan1 ch10  | prep wlan0 ch10  | BL=['4', '5', '6', '8']
[RX  <- A] bucket=425  peer_BL=['4', '5', '6', '8']  my_BL=['4', '5', '6', '8']
[TX  ->  *] bucket=425 L3 active=wlan1 ch10  BL=['4', '5', '6', '8']
[22:19:54] HOP bucket=426 L3 active=wlan0 ch10  | prep wlan1 ch7  | BL=['4', '5', '6', '8']
[TX  ->  *] bucket=426 L3 active=wlan0 ch10  BL=['4', '5', '6', '8']
[RX  <- A] bucket=426  peer_BL=['4', '5', '6', '8']  my_BL=['4', '5', '6', '8']
[22:19:56] HOP bucket=427 L3 active=wlan1 ch7  (LAG: totp_says=ch4, physical=ch7)  | prep wlan0 ch9  | BL=['5', '6', '8']
[TX  ->  *] bucket=427 L3 active=wlan1 ch7  BL=['5', '6', '8']
[!! JAMMED  ] bucket=427 L3 active=wlan1 ch7  silent + egress_drops=38  -> BL until bucket=457  BL=['5', '6', '7', '8']
[22:19:58] HOP bucket=428 L3 active=wlan0 ch9  | prep wlan1 ch10  | BL=['5', '6', '7', '8']
[TX  ->  *] bucket=428 L3 active=wlan0 ch9  BL=['5', '6', '7', '8']
[!! JAMMED  ] bucket=428 L3 active=wlan0 ch9  silent + egress_drops=39  -> BL until bucket=458  BL=['5', '6', '7', '8', '9']
[22:20:00] HOP bucket=429 L3 active=wlan1 ch10  | prep wlan0 ch10  | BL=['5', '6', '7', '8', '9']
[TX  ->  *] bucket=429 L3 active=wlan1 ch10  BL=['5', '6', '7', '8', '9']
[RX  <- A] bucket=429  peer_BL=['5', '6', '8', '7', '9']  my_BL=['5', '6', '7', '8', '9']
[22:20:02] HOP bucket=430 L3 active=wlan0 ch10  | prep wlan1 ch11  | BL=['5', '6', '7', '8', '9']
[TX  ->  *] bucket=430 L3 active=wlan0 ch10  BL=['5', '6', '7', '8', '9']
[RX  <- A] bucket=430  peer_BL=['5', '6', '8', '7', '9']  my_BL=['5', '6', '7', '8', '9']
[22:20:04] HOP bucket=431 L3 active=wlan1 ch11  | prep wlan0 ch4  | BL=['5', '6', '7', '8', '9']
[RX  <- A] bucket=431  peer_BL=['5', '6', '8', '7', '9']  my_BL=['5', '6', '7', '8', '9']
[TX  ->  *] bucket=431 L3 active=wlan1 ch11  BL=['5', '6', '7', '8', '9']
[22:20:06] HOP bucket=432 L3 active=wlan0 ch4  | prep wlan1 ch10  | BL=['5', '6', '7', '8', '9']
[TX  ->  *] bucket=432 L3 active=wlan0 ch4  BL=['5', '6', '7', '8', '9']
[RX  <- A] bucket=432  peer_BL=['5', '6', '8', '7', '9']  my_BL=['5', '6', '7', '8', '9']
[22:20:08] HOP bucket=433 L3 active=wlan1 ch10  | prep wlan0 ch11  | BL=['6', '7', '8', '9']
[TX  ->  *] bucket=433 L3 active=wlan1 ch10  BL=['6', '7', '8', '9']
[RX  <- A] bucket=433  peer_BL=['6', '8', '7', '9']  my_BL=['6', '7', '8', '9']
[22:20:10] HOP bucket=434 L3 active=wlan0 ch11  | prep wlan1 ch10  | BL=['6', '7', '8', '9']
[TX  ->  *] bucket=434 L3 active=wlan0 ch11  BL=['6', '7', '8', '9']
[RX  <- A] bucket=434  peer_BL=['6', '8', '7', '9']  my_BL=['6', '7', '8', '9']
[22:20:12] HOP bucket=435 L3 active=wlan1 ch10  | prep wlan0 ch10  | BL=['6', '7', '8', '9']
[TX  ->  *] bucket=435 L3 active=wlan1 ch10  BL=['6', '7', '8', '9']
[RX  <- A] bucket=435  peer_BL=['6', '8', '7', '9']  my_BL=['6', '7', '8', '9']
[22:20:14] HOP bucket=436 L3 active=wlan0 ch10  | prep wlan1 ch10  | BL=['7', '8', '9']
[TX  ->  *] bucket=436 L3 active=wlan0 ch10  BL=['7', '8', '9']
[RX  <- A] bucket=436  peer_BL=['8', '7', '9']  my_BL=['7', '8', '9']
[22:20:16] HOP bucket=437 L3 active=wlan1 ch10  | prep wlan0 ch3  | BL=['7', '8', '9']
[TX  ->  *] bucket=437 L3 active=wlan1 ch10  BL=['7', '8', '9']
[RX  <- A] bucket=437  peer_BL=['8', '7', '9']  my_BL=['7', '8', '9']
[22:20:18] HOP bucket=438 L3 active=wlan0 ch3  | prep wlan1 ch4  | BL=['7', '8', '9']
[TX  ->  *] bucket=438 L3 active=wlan0 ch3  BL=['7', '8', '9']
[RX  <- A] bucket=438  peer_BL=['8', '7', '9']  my_BL=['7', '8', '9']
[22:20:20] HOP bucket=439 L3 active=wlan1 ch4  | prep wlan0 ch10  | BL=['7', '8', '9']
[TX  ->  *] bucket=439 L3 active=wlan1 ch4  BL=['7', '8', '9']
[RX  <- A] bucket=439  peer_BL=['8', '7', '9']  my_BL=['7', '8', '9']
[22:20:22] HOP bucket=440 L3 active=wlan0 ch10  | prep wlan1 ch5  | BL=['7', '8', '9']
[TX  ->  *] bucket=440 L3 active=wlan0 ch10  BL=['7', '8', '9']
[RX  <- A] bucket=440  peer_BL=['8', '7', '9']  my_BL=['7', '8', '9']
[22:20:24] HOP bucket=441 L3 active=wlan1 ch5  | prep wlan0 ch10  | BL=['7', '8', '9']
[RX  <- A] bucket=441  peer_BL=['8', '7', '9']  my_BL=['7', '8', '9']
[TX  ->  *] bucket=441 L3 active=wlan1 ch5  BL=['7', '8', '9']
[22:20:26] HOP bucket=442 L3 active=wlan0 ch10  | prep wlan1 ch10  | BL=['7', '8', '9']
[RX  <- A] bucket=442  peer_BL=['8', '7', '9']  my_BL=['7', '8', '9']
[TX  ->  *] bucket=442 L3 active=wlan0 ch10  BL=['7', '8', '9']
[22:20:28] HOP bucket=443 L3 active=wlan1 ch10  | prep wlan0 ch10  | BL=['7', '8', '9']
[RX  <- A] bucket=443  peer_BL=['8', '7', '9']  my_BL=['7', '8', '9']
[TX  ->  *] bucket=443 L3 active=wlan1 ch10  BL=['7', '8', '9']
[22:20:30] HOP bucket=444 L3 active=wlan0 ch10  | prep wlan1 ch10  | BL=['7', '8', '9']
[TX  ->  *] bucket=444 L3 active=wlan0 ch10  BL=['7', '8', '9']
[RX  <- A] bucket=444  peer_BL=['8', '7', '9']  my_BL=['7', '8', '9']
[22:20:32] HOP bucket=445 L3 active=wlan1 ch10  | prep wlan0 ch10  | BL=['7', '8', '9']
[RX  <- A] bucket=445  peer_BL=['8', '7', '9']  my_BL=['7', '8', '9']
[TX  ->  *] bucket=445 L3 active=wlan1 ch10  BL=['7', '8', '9']
[22:20:34] HOP bucket=446 L3 active=wlan0 ch10  | prep wlan1 ch10  | BL=['7', '8', '9']
[TX  ->  *] bucket=446 L3 active=wlan0 ch10  BL=['7', '8', '9']
[RX  <- A] bucket=446  peer_BL=['8', '7', '9']  my_BL=['7', '8', '9']
[22:20:36] HOP bucket=447 L3 active=wlan1 ch10  | prep wlan0 ch10  | BL=['7', '8', '9']
[TX  ->  *] bucket=447 L3 active=wlan1 ch10  BL=['7', '8', '9']
[RX  <- A] bucket=447  peer_BL=['8', '7', '9']  my_BL=['7', '8', '9']
[22:20:38] HOP bucket=448 L3 active=wlan0 ch10  | prep wlan1 ch5  | BL=['7', '8', '9']
[TX  ->  *] bucket=448 L3 active=wlan0 ch10  BL=['7', '8', '9']
[RX  <- A] bucket=448  peer_BL=['8', '7', '9']  my_BL=['7', '8', '9']
[22:20:40] HOP bucket=449 L3 active=wlan1 ch5  | prep wlan0 ch10  | BL=['7', '8', '9']
[RX  <- A] bucket=449  peer_BL=['8', '7', '9']  my_BL=['7', '8', '9']
[TX  ->  *] bucket=449 L3 active=wlan1 ch5  BL=['7', '8', '9']
[22:20:42] HOP bucket=450 L3 active=wlan0 ch10  | prep wlan1 ch4  | BL=['7', '8', '9']
[TX  ->  *] bucket=450 L3 active=wlan0 ch10  BL=['7', '8', '9']
[!! JAMMED  ] bucket=450 L3 active=wlan0 ch10  silent + egress_drops=71  -> BL until bucket=480  BL=['7', '8', '9', '10']
[22:20:44] HOP bucket=451 L3 active=wlan1 ch4  | prep wlan0 ch11  | BL=['7', '8', '9', '10']
[TX  ->  *] bucket=451 L3 active=wlan1 ch4  BL=['7', '8', '9', '10']
[RX  <- A] bucket=451  peer_BL=['8', '7', '9', '10']  my_BL=['7', '8', '9', '10']
[22:20:46] HOP bucket=452 L3 active=wlan0 ch11  | prep wlan1 ch6  | BL=['7', '8', '9', '10']
[TX  ->  *] bucket=452 L3 active=wlan0 ch11  BL=['7', '8', '9', '10']
[RX  <- A] bucket=452  peer_BL=['8', '7', '9', '10']  my_BL=['7', '8', '9', '10']
[22:20:48] HOP bucket=453 L3 active=wlan1 ch6  | prep wlan0 ch11  | BL=['7', '8', '9', '10']
[RX  <- A] bucket=453  peer_BL=['8', '7', '9', '10']  my_BL=['7', '8', '9', '10']
[TX  ->  *] bucket=453 L3 active=wlan1 ch6  BL=['7', '8', '9', '10']
[22:20:50] HOP bucket=454 L3 active=wlan0 ch11  (LAG: totp_says=ch8, physical=ch11)  | prep wlan1 ch4  | BL=['7', '9', '10']
[TX  ->  *] bucket=454 L3 active=wlan0 ch11  BL=['7', '9', '10']
[RX  <- A] bucket=454  peer_BL=['7', '9', '10']  my_BL=['7', '9', '10']
[22:20:52] HOP bucket=455 L3 active=wlan1 ch4  | prep wlan0 ch4  | BL=['7', '9', '10']
[RX  <- A] bucket=455  peer_BL=['7', '9', '10']  my_BL=['7', '9', '10']
[TX  ->  *] bucket=455 L3 active=wlan1 ch4  BL=['7', '9', '10']
[22:20:54] HOP bucket=456 L3 active=wlan0 ch4  | prep wlan1 ch3  | BL=['7', '9', '10']
[TX  ->  *] bucket=456 L3 active=wlan0 ch4  BL=['7', '9', '10']
[RX  <- A] bucket=456  peer_BL=['7', '9', '10']  my_BL=['7', '9', '10']
[22:20:56] HOP bucket=457 L3 active=wlan1 ch3  | prep wlan0 ch11  | BL=['9', '10']
[RX  <- A] bucket=457  peer_BL=['9', '10']  my_BL=['9', '10']
[TX  ->  *] bucket=457 L3 active=wlan1 ch3  BL=['9', '10']
[22:20:58] HOP bucket=458 L3 active=wlan0 ch11  | prep wlan1 ch4  | BL=['10']
[TX  ->  *] bucket=458 L3 active=wlan0 ch11  BL=['10']
[RX  <- A] bucket=458  peer_BL=['10']  my_BL=['10']
[22:21:00] HOP bucket=459 L3 active=wlan1 ch4  | prep wlan0 ch5  | BL=['10']
[TX  ->  *] bucket=459 L3 active=wlan1 ch4  BL=['10']
[RX  <- A] bucket=459  peer_BL=['10']  my_BL=['10']
[22:21:02] HOP bucket=460 L3 active=wlan0 ch5  | prep wlan1 ch5  | BL=['10']
[TX  ->  *] bucket=460 L3 active=wlan0 ch5  BL=['10']
[RX  <- A] bucket=460  peer_BL=['10']  my_BL=['10']
[22:21:04] HOP bucket=461 L3 active=wlan1 ch5  | prep wlan0 ch4  | BL=['10']
[RX  <- A] bucket=461  peer_BL=['10']  my_BL=['10']
[TX  ->  *] bucket=461 L3 active=wlan1 ch5  BL=['10']
[22:21:06] HOP bucket=462 L3 active=wlan0 ch4  | prep wlan1 ch7  | BL=['10']
[TX  ->  *] bucket=462 L3 active=wlan0 ch4  BL=['10']
[RX  <- A] bucket=462  peer_BL=['10']  my_BL=['10']
[22:21:08] HOP bucket=463 L3 active=wlan1 ch7  | prep wlan0 ch5  | BL=['10']
[TX  ->  *] bucket=463 L3 active=wlan1 ch7  BL=['10']
[!! JAMMED  ] bucket=463 L3 active=wlan1 ch7  silent + egress_drops=38  -> BL until bucket=493  BL=['7', '10']
[22:21:10] HOP bucket=464 L3 active=wlan0 ch5  | prep wlan1 ch9  | BL=['7', '10']
[RX  <- A] bucket=464  peer_BL=['10', '7']  my_BL=['7', '10']
[TX  ->  *] bucket=464 L3 active=wlan0 ch5  BL=['7', '10']
[22:21:12] HOP bucket=465 L3 active=wlan1 ch9  | prep wlan0 ch8  | BL=['7', '10']
[TX  ->  *] bucket=465 L3 active=wlan1 ch9  BL=['7', '10']
[!! JAMMED  ] bucket=465 L3 active=wlan1 ch9  silent + egress_drops=38  -> BL until bucket=495  BL=['7', '9', '10']
[22:21:14] HOP bucket=466 L3 active=wlan0 ch8  | prep wlan1 ch11  | BL=['7', '9', '10']
[TX  ->  *] bucket=466 L3 active=wlan0 ch8  BL=['7', '9', '10']
[!! JAMMED  ] bucket=466 L3 active=wlan0 ch8  silent + egress_drops=38  -> BL until bucket=496  BL=['7', '8', '9', '10']
[22:21:16] HOP bucket=467 L3 active=wlan1 ch11  | prep wlan0 ch11  | BL=['7', '8', '9', '10']
[TX  ->  *] bucket=467 L3 active=wlan1 ch11  BL=['7', '8', '9', '10']
[RX  <- A] bucket=467  peer_BL=['10', '7', '9', '8']  my_BL=['7', '8', '9', '10']
[22:21:18] HOP bucket=468 L3 active=wlan0 ch11  | prep wlan1 ch11  | BL=['7', '8', '9', '10']
[RX  <- A] bucket=468  peer_BL=['10', '7', '9', '8']  my_BL=['7', '8', '9', '10']
[TX  ->  *] bucket=468 L3 active=wlan0 ch11  BL=['7', '8', '9', '10']
[22:21:20] HOP bucket=469 L3 active=wlan1 ch11  | prep wlan0 ch5  | BL=['7', '8', '9', '10']
[RX  <- A] bucket=469  peer_BL=['10', '7', '9', '8']  my_BL=['7', '8', '9', '10']
[TX  ->  *] bucket=469 L3 active=wlan1 ch11  BL=['7', '8', '9', '10']
[22:21:22] HOP bucket=470 L3 active=wlan0 ch5  | prep wlan1 ch11  | BL=['7', '8', '9', '10']
[RX  <- A] bucket=470  peer_BL=['10', '7', '9', '8']  my_BL=['7', '8', '9', '10']
[TX  ->  *] bucket=470 L3 active=wlan0 ch5  BL=['7', '8', '9', '10']
[22:21:24] HOP bucket=471 L3 active=wlan1 ch11  | prep wlan0 ch3  | BL=['7', '8', '9', '10']
[TX  ->  *] bucket=471 L3 active=wlan1 ch11  BL=['7', '8', '9', '10']
[RX  <- A] bucket=471  peer_BL=['10', '7', '9', '8']  my_BL=['7', '8', '9', '10']
[22:21:26] HOP bucket=472 L3 active=wlan0 ch3  | prep wlan1 ch11  | BL=['7', '8', '9', '10']
[RX  <- A] bucket=472  peer_BL=['10', '7', '9', '8']  my_BL=['7', '8', '9', '10']
[TX  ->  *] bucket=472 L3 active=wlan0 ch3  BL=['7', '8', '9', '10']
[22:21:28] HOP bucket=473 L3 active=wlan1 ch11  | prep wlan0 ch11  | BL=['7', '8', '9', '10']
[RX  <- A] bucket=473  peer_BL=['10', '7', '9', '8']  my_BL=['7', '8', '9', '10']
[TX  ->  *] bucket=473 L3 active=wlan1 ch11  BL=['7', '8', '9', '10']
[22:21:30] HOP bucket=474 L3 active=wlan0 ch11  | prep wlan1 ch3  | BL=['7', '8', '9', '10']
[TX  ->  *] bucket=474 L3 active=wlan0 ch11  BL=['7', '8', '9', '10']
[RX  <- A] bucket=474  peer_BL=['10', '7', '9', '8']  my_BL=['7', '8', '9', '10']
[22:21:32] HOP bucket=475 L3 active=wlan1 ch3  | prep wlan0 ch3  | BL=['7', '8', '9', '10']
[TX  ->  *] bucket=475 L3 active=wlan1 ch3  BL=['7', '8', '9', '10']
[RX  <- A] bucket=475  peer_BL=['10', '7', '9', '8']  my_BL=['7', '8', '9', '10']
[22:21:34] HOP bucket=476 L3 active=wlan0 ch3  | prep wlan1 ch11  | BL=['7', '8', '9', '10']
[TX  ->  *] bucket=476 L3 active=wlan0 ch3  BL=['7', '8', '9', '10']
[RX  <- A] bucket=476  peer_BL=['10', '7', '9', '8']  my_BL=['7', '8', '9', '10']
[22:21:36] HOP bucket=477 L3 active=wlan1 ch11  | prep wlan0 ch11  | BL=['7', '8', '9', '10']
[TX  ->  *] bucket=477 L3 active=wlan1 ch11  BL=['7', '8', '9', '10']
[RX  <- A] bucket=477  peer_BL=['10', '7', '9', '8']  my_BL=['7', '8', '9', '10']
[22:21:38] HOP bucket=478 L3 active=wlan0 ch11  | prep wlan1 ch11  | BL=['7', '8', '9', '10']
[TX  ->  *] bucket=478 L3 active=wlan0 ch11  BL=['7', '8', '9', '10']
[RX  <- A] bucket=478  peer_BL=['10', '7', '9', '8']  my_BL=['7', '8', '9', '10']
[22:21:40] HOP bucket=479 L3 active=wlan1 ch11  | prep wlan0 ch11  | BL=['7', '8', '9', '10']
[RX  <- A] bucket=479  peer_BL=['10', '7', '9', '8']  my_BL=['7', '8', '9', '10']
[TX  ->  *] bucket=479 L3 active=wlan1 ch11  BL=['7', '8', '9', '10']
[22:21:42] HOP bucket=480 L3 active=wlan0 ch11  (LAG: totp_says=ch10, physical=ch11)  | prep wlan1 ch11  | BL=['7', '8', '9']
[TX  ->  *] bucket=480 L3 active=wlan0 ch11  BL=['7', '8', '9']
[!! JAMMED  ] bucket=480 L3 active=wlan0 ch11  silent + egress_drops=71  -> BL until bucket=510  BL=['7', '8', '9', '11']
[22:21:44] HOP bucket=481 L3 active=wlan1 ch11  (LAG: totp_says=ch3, physical=ch11)  | prep wlan0 ch10  | BL=['7', '8', '9', '11']
[TX  ->  *] bucket=481 L3 active=wlan1 ch11  BL=['7', '8', '9', '11']
[22:21:46] HOP bucket=482 L3 active=wlan0 ch10  | prep wlan1 ch10  | BL=['7', '8', '9', '11']
[TX  ->  *] bucket=482 L3 active=wlan0 ch10  BL=['7', '8', '9', '11']
[!! JAMMED  ] bucket=482 L3 active=wlan0 ch10  silent + egress_drops=112  -> BL until bucket=512  BL=['7', '8', '9', '10', '11']
[22:21:48] HOP bucket=483 L3 active=wlan1 ch10  (LAG: totp_says=ch3, physical=ch10)  | prep wlan0 ch3  | BL=['7', '8', '9', '10', '11']
[TX  ->  *] bucket=483 L3 active=wlan1 ch10  BL=['7', '8', '9', '10', '11']
[22:21:50] HOP bucket=484 L3 active=wlan0 ch3  | prep wlan1 ch3  | BL=['7', '8', '9', '10', '11']
[TX  ->  *] bucket=484 L3 active=wlan0 ch3  BL=['7', '8', '9', '10', '11']
[RX  <- A] bucket=484  peer_BL=['7', '9', '8', '11', '10']  my_BL=['7', '8', '9', '10', '11']
[22:21:52] HOP bucket=485 L3 active=wlan1 ch3  | prep wlan0 ch3  | BL=['7', '8', '9', '10', '11']
[TX  ->  *] bucket=485 L3 active=wlan1 ch3  BL=['7', '8', '9', '10', '11']
[RX  <- A] bucket=485  peer_BL=['7', '9', '8', '11', '10']  my_BL=['7', '8', '9', '10', '11']
[22:21:54] HOP bucket=486 L3 active=wlan0 ch3  | prep wlan1 ch4  | BL=['7', '8', '9', '10', '11']
[RX  <- A] bucket=486  peer_BL=['7', '9', '8', '11', '10']  my_BL=['7', '8', '9', '10', '11']
[TX  ->  *] bucket=486 L3 active=wlan0 ch3  BL=['7', '8', '9', '10', '11']
[22:21:56] HOP bucket=487 L3 active=wlan1 ch4  | prep wlan0 ch3  | BL=['7', '8', '9', '10', '11']
[RX  <- A] bucket=487  peer_BL=['7', '9', '8', '11', '10']  my_BL=['7', '8', '9', '10', '11']
[TX  ->  *] bucket=487 L3 active=wlan1 ch4  BL=['7', '8', '9', '10', '11']
[22:21:58] HOP bucket=488 L3 active=wlan0 ch3  | prep wlan1 ch3  | BL=['7', '8', '9', '10', '11']
[TX  ->  *] bucket=488 L3 active=wlan0 ch3  BL=['7', '8', '9', '10', '11']
[RX  <- A] bucket=488  peer_BL=['7', '9', '8', '11', '10']  my_BL=['7', '8', '9', '10', '11']
[22:22:00] HOP bucket=489 L3 active=wlan1 ch3  | prep wlan0 ch3  | BL=['7', '8', '9', '10', '11']
[TX  ->  *] bucket=489 L3 active=wlan1 ch3  BL=['7', '8', '9', '10', '11']
[RX  <- A] bucket=489  peer_BL=['7', '9', '8', '11', '10']  my_BL=['7', '8', '9', '10', '11']
[22:22:02] HOP bucket=490 L3 active=wlan0 ch3  | prep wlan1 ch3  | BL=['7', '8', '9', '10', '11']
[RX  <- A] bucket=490  peer_BL=['7', '9', '8', '11', '10']  my_BL=['7', '8', '9', '10', '11']
[TX  ->  *] bucket=490 L3 active=wlan0 ch3  BL=['7', '8', '9', '10', '11']
[22:22:04] HOP bucket=491 L3 active=wlan1 ch3  | prep wlan0 ch6  | BL=['7', '8', '9', '10', '11']
[RX  <- A] bucket=491  peer_BL=['7', '9', '8', '11', '10']  my_BL=['7', '8', '9', '10', '11']
[TX  ->  *] bucket=491 L3 active=wlan1 ch3  BL=['7', '8', '9', '10', '11']
[22:22:06] HOP bucket=492 L3 active=wlan0 ch6  | prep wlan1 ch3  | BL=['7', '8', '9', '10', '11']
[TX  ->  *] bucket=492 L3 active=wlan0 ch6  BL=['7', '8', '9', '10', '11']
[RX  <- A] bucket=492  peer_BL=['7', '9', '8', '11', '10']  my_BL=['7', '8', '9', '10', '11']
[22:22:08] HOP bucket=493 L3 active=wlan1 ch3  | prep wlan0 ch5  | BL=['8', '9', '10', '11']
[TX  ->  *] bucket=493 L3 active=wlan1 ch3  BL=['8', '9', '10', '11']
[RX  <- A] bucket=493  peer_BL=['9', '8', '11', '10']  my_BL=['8', '9', '10', '11']
[22:22:10] HOP bucket=494 L3 active=wlan0 ch5  | prep wlan1 ch7  | BL=['8', '9', '10', '11']
[RX  <- A] bucket=494  peer_BL=['9', '8', '11', '10']  my_BL=['8', '9', '10', '11']
[TX  ->  *] bucket=494 L3 active=wlan0 ch5  BL=['8', '9', '10', '11']
[22:22:12] HOP bucket=495 L3 active=wlan1 ch7  | prep wlan0 ch6  | BL=['8', '10', '11']
[RX  <- A] bucket=495  peer_BL=['8', '11', '10']  my_BL=['8', '10', '11']
[TX  ->  *] bucket=495 L3 active=wlan1 ch7  BL=['8', '10', '11']
[22:22:14] HOP bucket=496 L3 active=wlan0 ch6  | prep wlan1 ch6  | BL=['10', '11']
[TX  ->  *] bucket=496 L3 active=wlan0 ch6  BL=['10', '11']
[RX  <- A] bucket=496  peer_BL=['11', '10']  my_BL=['10', '11']
[22:22:16] HOP bucket=497 L3 active=wlan1 ch6  | prep wlan0 ch7  | BL=['10', '11']
[TX  ->  *] bucket=497 L3 active=wlan1 ch6  BL=['10', '11']
[RX  <- A] bucket=497  peer_BL=['11', '10']  my_BL=['10', '11']
[22:22:18] HOP bucket=498 L3 active=wlan0 ch7  | prep wlan1 ch8  | BL=['10', '11']
[TX  ->  *] bucket=498 L3 active=wlan0 ch7  BL=['10', '11']
[RX  <- A] bucket=498  peer_BL=['11', '10']  my_BL=['10', '11']
[22:22:20] HOP bucket=499 L3 active=wlan1 ch8  | prep wlan0 ch5  | BL=['10', '11']
[RX  <- A] bucket=499  peer_BL=['11', '10']  my_BL=['10', '11']
[TX  ->  *] bucket=499 L3 active=wlan1 ch8  BL=['10', '11']
[22:22:22] HOP bucket=500 L3 active=wlan0 ch5  | prep wlan1 ch7  | BL=['10', '11']
[RX  <- A] bucket=500  peer_BL=['11', '10']  my_BL=['10', '11']
[TX  ->  *] bucket=500 L3 active=wlan0 ch5  BL=['10', '11']
[22:22:24] HOP bucket=501 L3 active=wlan1 ch7  | prep wlan0 ch7  | BL=['10', '11']
[TX  ->  *] bucket=501 L3 active=wlan1 ch7  BL=['10', '11']
[RX  <- A] bucket=501  peer_BL=['11', '10']  my_BL=['10', '11']
[22:22:26] HOP bucket=502 L3 active=wlan0 ch7  | prep wlan1 ch3  | BL=['10', '11']
[TX  ->  *] bucket=502 L3 active=wlan0 ch7  BL=['10', '11']
[RX  <- A] bucket=502  peer_BL=['11', '10']  my_BL=['10', '11']
[22:22:28] HOP bucket=503 L3 active=wlan1 ch3  | prep wlan0 ch5  | BL=['10', '11']
[RX  <- A] bucket=503  peer_BL=['11', '10']  my_BL=['10', '11']
[TX  ->  *] bucket=503 L3 active=wlan1 ch3  BL=['10', '11']
[22:22:30] HOP bucket=504 L3 active=wlan0 ch5  | prep wlan1 ch7  | BL=['10', '11']
[RX  <- A] bucket=504  peer_BL=['11', '10']  my_BL=['10', '11']
[TX  ->  *] bucket=504 L3 active=wlan0 ch5  BL=['10', '11']
[22:22:32] HOP bucket=505 L3 active=wlan1 ch7  | prep wlan0 ch8  | BL=['10', '11']
[RX  <- A] bucket=505  peer_BL=['11', '10']  my_BL=['10', '11']
[TX  ->  *] bucket=505 L3 active=wlan1 ch7  BL=['10', '11']
[22:22:34] HOP bucket=506 L3 active=wlan0 ch8  | prep wlan1 ch9  | BL=['10', '11']
[TX  ->  *] bucket=506 L3 active=wlan0 ch8  BL=['10', '11']
[RX  <- A] bucket=506  peer_BL=['11', '10']  my_BL=['10', '11']
[22:22:36] HOP bucket=507 L3 active=wlan1 ch9  | prep wlan0 ch9  | BL=['10', '11']
[RX  <- A] bucket=507  peer_BL=['11', '10']  my_BL=['10', '11']
[TX  ->  *] bucket=507 L3 active=wlan1 ch9  BL=['10', '11']
[22:22:38] HOP bucket=508 L3 active=wlan0 ch9  | prep wlan1 ch8  | BL=['10', '11']
[TX  ->  *] bucket=508 L3 active=wlan0 ch9  BL=['10', '11']
[RX  <- A] bucket=508  peer_BL=['11', '10']  my_BL=['10', '11']
[22:22:40] HOP bucket=509 L3 active=wlan1 ch8  | prep wlan0 ch3  | BL=['10', '11']
[RX  <- A] bucket=509  peer_BL=['11', '10']  my_BL=['10', '11']
[TX  ->  *] bucket=509 L3 active=wlan1 ch8  BL=['10', '11']
[22:22:42] HOP bucket=510 L3 active=wlan0 ch3  (LAG: totp_says=ch11, physical=ch3)  | prep wlan1 ch4  | BL=['10']
[TX  ->  *] bucket=510 L3 active=wlan0 ch3  BL=['10']
[!! JAMMED  ] bucket=510 L3 active=wlan0 ch3  silent + egress_drops=37  -> BL until bucket=540  BL=['3', '10']
[22:22:44] HOP bucket=511 L3 active=wlan1 ch4  | prep wlan0 ch7  | BL=['3', '10']
[RX  <- A] bucket=511  peer_BL=['10', '3']  my_BL=['3', '10']
[TX  ->  *] bucket=511 L3 active=wlan1 ch4  BL=['3', '10']
[22:22:46] HOP bucket=512 L3 active=wlan0 ch7  | prep wlan1 ch11  | BL=['3']
[RX  <- A] bucket=512  peer_BL=['3']  my_BL=['3']
[TX  ->  *] bucket=512 L3 active=wlan0 ch7  BL=['3']
[22:22:48] HOP bucket=513 L3 active=wlan1 ch11  | prep wlan0 ch10  | BL=['3']
[TX  ->  *] bucket=513 L3 active=wlan1 ch11  BL=['3']
[!! JAMMED  ] bucket=513 L3 active=wlan1 ch11  silent + egress_drops=38  -> BL until bucket=543  BL=['3', '11']
[22:22:50] HOP bucket=514 L3 active=wlan0 ch10  | prep wlan1 ch7  | BL=['3', '11']
[TX  ->  *] bucket=514 L3 active=wlan0 ch10  BL=['3', '11']
[RX  <- A] bucket=514  peer_BL=['3', '11']  my_BL=['3', '11']
[22:22:52] HOP bucket=515 L3 active=wlan1 ch7  | prep wlan0 ch5  | BL=['3', '11']
[TX  ->  *] bucket=515 L3 active=wlan1 ch7  BL=['3', '11']
[RX  <- A] bucket=515  peer_BL=['3', '11']  my_BL=['3', '11']
[22:22:54] HOP bucket=516 L3 active=wlan0 ch5  | prep wlan1 ch6  | BL=['3', '11']
[TX  ->  *] bucket=516 L3 active=wlan0 ch5  BL=['3', '11']
[RX  <- A] bucket=516  peer_BL=['3', '11']  my_BL=['3', '11']
[22:22:56] HOP bucket=517 L3 active=wlan1 ch6  | prep wlan0 ch9  | BL=['3', '11']
[TX  ->  *] bucket=517 L3 active=wlan1 ch6  BL=['3', '11']
[!! JAMMED  ] bucket=517 L3 active=wlan1 ch6  silent + egress_drops=38  -> BL until bucket=547  BL=['3', '6', '11']
[22:22:58] HOP bucket=518 L3 active=wlan0 ch9  | prep wlan1 ch7  | BL=['3', '6', '11']
[TX  ->  *] bucket=518 L3 active=wlan0 ch9  BL=['3', '6', '11']
[!! JAMMED  ] bucket=518 L3 active=wlan0 ch9  silent + egress_drops=39  -> BL until bucket=548  BL=['3', '6', '9', '11']
[22:23:00] HOP bucket=519 L3 active=wlan1 ch7  | prep wlan0 ch7  | BL=['3', '6', '9', '11']
[RX  <- A] bucket=519  peer_BL=['3', '11', '6', '9']  my_BL=['3', '6', '9', '11']
[TX  ->  *] bucket=519 L3 active=wlan1 ch7  BL=['3', '6', '9', '11']
[22:23:02] HOP bucket=520 L3 active=wlan0 ch7  | prep wlan1 ch4  | BL=['3', '6', '9', '11']
[TX  ->  *] bucket=520 L3 active=wlan0 ch7  BL=['3', '6', '9', '11']
[RX  <- A] bucket=520  peer_BL=['3', '11', '6', '9']  my_BL=['3', '6', '9', '11']
[22:23:04] HOP bucket=521 L3 active=wlan1 ch4  | prep wlan0 ch7  | BL=['3', '6', '9', '11']
[RX  <- A] bucket=521  peer_BL=['3', '11', '6', '9']  my_BL=['3', '6', '9', '11']
[TX  ->  *] bucket=521 L3 active=wlan1 ch4  BL=['3', '6', '9', '11']
[22:23:06] HOP bucket=522 L3 active=wlan0 ch7  | prep wlan1 ch7  | BL=['3', '6', '9', '11']
[RX  <- A] bucket=522  peer_BL=['3', '11', '6', '9']  my_BL=['3', '6', '9', '11']
[TX  ->  *] bucket=522 L3 active=wlan0 ch7  BL=['3', '6', '9', '11']
[22:23:08] HOP bucket=523 L3 active=wlan1 ch7  | prep wlan0 ch4  | BL=['3', '6', '9', '11']
[TX  ->  *] bucket=523 L3 active=wlan1 ch7  BL=['3', '6', '9', '11']
[RX  <- A] bucket=523  peer_BL=['3', '11', '6', '9']  my_BL=['3', '6', '9', '11']
[22:23:10] HOP bucket=524 L3 active=wlan0 ch4  | prep wlan1 ch10  | BL=['3', '6', '9', '11']
[RX  <- A] bucket=524  peer_BL=['3', '11', '6', '9']  my_BL=['3', '6', '9', '11']
[TX  ->  *] bucket=524 L3 active=wlan0 ch4  BL=['3', '6', '9', '11']
[22:23:12] HOP bucket=525 L3 active=wlan1 ch10  | prep wlan0 ch10  | BL=['3', '6', '9', '11']
[RX  <- A] bucket=525  peer_BL=['3', '11', '6', '9']  my_BL=['3', '6', '9', '11']
[TX  ->  *] bucket=525 L3 active=wlan1 ch10  BL=['3', '6', '9', '11']
[22:23:14] HOP bucket=526 L3 active=wlan0 ch10  | prep wlan1 ch10  | BL=['3', '6', '9', '11']
[TX  ->  *] bucket=526 L3 active=wlan0 ch10  BL=['3', '6', '9', '11']
[RX  <- A] bucket=526  peer_BL=['3', '11', '6', '9']  my_BL=['3', '6', '9', '11']
[22:23:16] HOP bucket=527 L3 active=wlan1 ch10  | prep wlan0 ch7  | BL=['3', '6', '9', '11']
[TX  ->  *] bucket=527 L3 active=wlan1 ch10  BL=['3', '6', '9', '11']
[RX  <- A] bucket=527  peer_BL=['3', '11', '6', '9']  my_BL=['3', '6', '9', '11']
[22:23:18] HOP bucket=528 L3 active=wlan0 ch7  | prep wlan1 ch4  | BL=['3', '6', '9', '11']
[TX  ->  *] bucket=528 L3 active=wlan0 ch7  BL=['3', '6', '9', '11']
[RX  <- A] bucket=528  peer_BL=['3', '11', '6', '9']  my_BL=['3', '6', '9', '11']
[22:23:20] HOP bucket=529 L3 active=wlan1 ch4  | prep wlan0 ch4  | BL=['3', '6', '9', '11']
[TX  ->  *] bucket=529 L3 active=wlan1 ch4  BL=['3', '6', '9', '11']
[RX  <- A] bucket=529  peer_BL=['3', '11', '6', '9']  my_BL=['3', '6', '9', '11']
[22:23:22] HOP bucket=530 L3 active=wlan0 ch4  | prep wlan1 ch5  | BL=['3', '6', '9', '11']
[RX  <- A] bucket=530  peer_BL=['3', '11', '6', '9']  my_BL=['3', '6', '9', '11']
[TX  ->  *] bucket=530 L3 active=wlan0 ch4  BL=['3', '6', '9', '11']