============================================================
 ARTCHO NODE — MODE=L6 — NODE_ID=B
============================================================
 Bucket duration : 2.0s
 TEST_EPOCH      : 1772520720.0
 BUCKET_EPOCH    : 1772502720.0
 sim offset      : 18000s  (5.00h)
 Use blacklist   : True
 Detect enabled  : True
 Dual radio      : True
============================================================

[STARTUP] sleeping 5s to let launch SSH close before pre_warm...
[PRE-WARM] L6 -> wlan0 ch10 (active, bucket 9000), wlan1 ch4 (bg, bucket 9001)
[WAIT] sleeping 13.9s until TEST_EPOCH (radios pre-warmed)...
[INIT] L6 cold-start (bucket=9000):
       active  wlan0 -> ch10 (2457 MHz)
       bg      wlan1 -> ch4 (2427 MHz)
       confirmed blacklist: []
[INIT] L6 cold-start complete.

[RX  <- A] bucket=9000  peer_BL=[]  my_BL=[]
[TX  ->  *] bucket=9000 L6 active=wlan0 ch10  BL=[]
[07:52:02] HOP bucket=9001 L6 active=wlan1 ch4  | prep wlan0 ch9  | BL=[]
[TX  ->  *] bucket=9001 L6 active=wlan1 ch4  BL=[]
[RX  <- A] bucket=9001  peer_BL=[]  my_BL=[]
[07:52:04] HOP bucket=9002 L6 active=wlan0 ch9  | prep wlan1 ch11  | BL=[]
[TX  ->  *] bucket=9002 L6 active=wlan0 ch9  BL=[]
[RX  <- A] bucket=9002  peer_BL=[]  my_BL=[]
[07:52:06] HOP bucket=9003 L6 active=wlan1 ch11  | prep wlan0 ch11  | BL=[]
[TX  ->  *] bucket=9003 L6 active=wlan1 ch11  BL=[]
[RX  <- A] bucket=9003  peer_BL=[]  my_BL=[]
[07:52:08] HOP bucket=9004 L6 active=wlan0 ch11  | prep wlan1 ch6  | BL=[]
[TX  ->  *] bucket=9004 L6 active=wlan0 ch11  BL=[]
[RX  <- A] bucket=9004  peer_BL=[]  my_BL=[]
[07:52:10] HOP bucket=9005 L6 active=wlan1 ch6  | prep wlan0 ch6  | BL=[]
[TX  ->  *] bucket=9005 L6 active=wlan1 ch6  BL=[]
[RX  <- A] bucket=9005  peer_BL=[]  my_BL=[]
[07:52:12] HOP bucket=9006 L6 active=wlan0 ch6  | prep wlan1 ch9  | BL=[]
[TX  ->  *] bucket=9006 L6 active=wlan0 ch6  BL=[]
[RX  <- A] bucket=9006  peer_BL=[]  my_BL=[]
[07:52:14] HOP bucket=9007 L6 active=wlan1 ch9  | prep wlan0 ch9  | BL=[]
[TX  ->  *] bucket=9007 L6 active=wlan1 ch9  BL=[]
[RX  <- A] bucket=9007  peer_BL=[]  my_BL=[]
[07:52:16] HOP bucket=9008 L6 active=wlan0 ch9  | prep wlan1 ch7  | BL=[]
[TX  ->  *] bucket=9008 L6 active=wlan0 ch9  BL=[]
[RX  <- A] bucket=9008  peer_BL=[]  my_BL=[]
[07:52:18] HOP bucket=9009 L6 active=wlan1 ch7  | prep wlan0 ch10  | BL=[]
[RX  <- A] bucket=9009  peer_BL=[]  my_BL=[]
[TX  ->  *] bucket=9009 L6 active=wlan1 ch7  BL=[]
[07:52:20] HOP bucket=9010 L6 active=wlan0 ch10  | prep wlan1 ch3  | BL=[]
[TX  ->  *] bucket=9010 L6 active=wlan0 ch10  BL=[]
[RX  <- A] bucket=9010  peer_BL=[]  my_BL=[]
[07:52:22] HOP bucket=9011 L6 active=wlan1 ch3  | prep wlan0 ch6  | BL=[]
[TX  ->  *] bucket=9011 L6 active=wlan1 ch3  BL=[]
[RX  <- A] bucket=9011  peer_BL=[]  my_BL=[]
[07:52:24] HOP bucket=9012 L6 active=wlan0 ch6  | prep wlan1 ch8  | BL=[]
[TX  ->  *] bucket=9012 L6 active=wlan0 ch6  BL=[]
[RX  <- A] bucket=9012  peer_BL=[]  my_BL=[]
[07:52:26] HOP bucket=9013 L6 active=wlan1 ch8  | prep wlan0 ch4  | BL=[]
[RX  <- A] bucket=9013  peer_BL=[]  my_BL=[]
[TX  ->  *] bucket=9013 L6 active=wlan1 ch8  BL=[]
[07:52:28] HOP bucket=9014 L6 active=wlan0 ch4  | prep wlan1 ch11  | BL=[]
[TX  ->  *] bucket=9014 L6 active=wlan0 ch4  BL=[]
[RX  <- A] bucket=9014  peer_BL=[]  my_BL=[]
[07:52:30] HOP bucket=9015 L6 active=wlan1 ch11  | prep wlan0 ch4  | BL=[]
[RX  <- A] bucket=9015  peer_BL=[]  my_BL=[]
[TX  ->  *] bucket=9015 L6 active=wlan1 ch11  BL=[]
[07:52:32] HOP bucket=9016 L6 active=wlan0 ch4  | prep wlan1 ch6  | BL=[]
[TX  ->  *] bucket=9016 L6 active=wlan0 ch4  BL=[]
[RX  <- A] bucket=9016  peer_BL=[]  my_BL=[]
[07:52:34] HOP bucket=9017 L6 active=wlan1 ch6  | prep wlan0 ch6  | BL=[]
[TX  ->  *] bucket=9017 L6 active=wlan1 ch6  BL=[]
[RX  <- A] bucket=9017  peer_BL=[]  my_BL=[]
[07:52:36] HOP bucket=9018 L6 active=wlan0 ch6  | prep wlan1 ch4  | BL=[]
[TX  ->  *] bucket=9018 L6 active=wlan0 ch6  BL=[]
[RX  <- A] bucket=9018  peer_BL=[]  my_BL=[]
[07:52:38] HOP bucket=9019 L6 active=wlan1 ch4  | prep wlan0 ch6  | BL=[]
[TX  ->  *] bucket=9019 L6 active=wlan1 ch4  BL=[]
[RX  <- A] bucket=9019  peer_BL=[]  my_BL=[]
[07:52:40] HOP bucket=9020 L6 active=wlan0 ch6  | prep wlan1 ch7  | BL=[]
[TX  ->  *] bucket=9020 L6 active=wlan0 ch6  BL=[]
[RX  <- A] bucket=9020  peer_BL=[]  my_BL=[]
[07:52:42] HOP bucket=9021 L6 active=wlan1 ch7  | prep wlan0 ch3  | BL=[]
[TX  ->  *] bucket=9021 L6 active=wlan1 ch7  BL=[]
[RX  <- A] bucket=9021  peer_BL=[]  my_BL=[]
[07:52:44] HOP bucket=9022 L6 active=wlan0 ch3  | prep wlan1 ch3  | BL=[]
[RX  <- A] bucket=9022  peer_BL=[]  my_BL=[]
[TX  ->  *] bucket=9022 L6 active=wlan0 ch3  BL=[]
[07:52:46] HOP bucket=9023 L6 active=wlan1 ch3  | prep wlan0 ch7  | BL=[]
[TX  ->  *] bucket=9023 L6 active=wlan1 ch3  BL=[]
[RX  <- A] bucket=9023  peer_BL=[]  my_BL=[]
[07:52:48] HOP bucket=9024 L6 active=wlan0 ch7  | prep wlan1 ch11  | BL=[]
[RX  <- A] bucket=9024  peer_BL=[]  my_BL=[]
[TX  ->  *] bucket=9024 L6 active=wlan0 ch7  BL=[]
[07:52:50] HOP bucket=9025 L6 active=wlan1 ch11  | prep wlan0 ch4  | BL=[]
[RX  <- A] bucket=9025  peer_BL=[]  my_BL=[]
[TX  ->  *] bucket=9025 L6 active=wlan1 ch11  BL=[]
[07:52:52] HOP bucket=9026 L6 active=wlan0 ch4  | prep wlan1 ch10  | BL=[]
[RX  <- A] bucket=9026  peer_BL=[]  my_BL=[]
[TX  ->  *] bucket=9026 L6 active=wlan0 ch4  BL=[]
[07:52:54] HOP bucket=9027 L6 active=wlan1 ch10  | prep wlan0 ch3  | BL=[]
[RX  <- A] bucket=9027  peer_BL=[]  my_BL=[]
[TX  ->  *] bucket=9027 L6 active=wlan1 ch10  BL=[]
[07:52:56] HOP bucket=9028 L6 active=wlan0 ch3  | prep wlan1 ch6  | BL=[]
[RX  <- A] bucket=9028  peer_BL=[]  my_BL=[]
[TX  ->  *] bucket=9028 L6 active=wlan0 ch3  BL=[]
[07:52:58] HOP bucket=9029 L6 active=wlan1 ch6  | prep wlan0 ch10  | BL=[]
[RX  <- A] bucket=9029  peer_BL=[]  my_BL=[]
[TX  ->  *] bucket=9029 L6 active=wlan1 ch6  BL=[]
[07:53:00] HOP bucket=9030 L6 active=wlan0 ch10  | prep wlan1 ch10  | BL=[]
[TX  ->  *] bucket=9030 L6 active=wlan0 ch10  BL=[]
[RX  <- A] bucket=9030  peer_BL=[]  my_BL=[]
[07:53:02] HOP bucket=9031 L6 active=wlan1 ch10  | prep wlan0 ch3  | BL=[]
[TX  ->  *] bucket=9031 L6 active=wlan1 ch10  BL=[]
[RX  <- A] bucket=9031  peer_BL=[]  my_BL=[]
[07:53:04] HOP bucket=9032 L6 active=wlan0 ch3  | prep wlan1 ch5  | BL=[]
[TX  ->  *] bucket=9032 L6 active=wlan0 ch3  BL=[]
[RX  <- A] bucket=9032  peer_BL=[]  my_BL=[]
[07:53:06] HOP bucket=9033 L6 active=wlan1 ch5  | prep wlan0 ch6  | BL=[]
[RX  <- A] bucket=9033  peer_BL=[]  my_BL=[]
[TX  ->  *] bucket=9033 L6 active=wlan1 ch5  BL=[]
[07:53:08] HOP bucket=9034 L6 active=wlan0 ch6  | prep wlan1 ch3  | BL=[]
[TX  ->  *] bucket=9034 L6 active=wlan0 ch6  BL=[]
[!! JAMMED  ] bucket=9034 L6 active=wlan0 ch6  silent + egress_drops=39  -> BL until bucket=9064  BL=['6']
[07:53:10] HOP bucket=9035 L6 active=wlan1 ch3  | prep wlan0 ch10  | BL=['6']
[TX  ->  *] bucket=9035 L6 active=wlan1 ch3  BL=['6']
[RX  <- A] bucket=9035  peer_BL=['6']  my_BL=['6']
[07:53:12] HOP bucket=9036 L6 active=wlan0 ch10  | prep wlan1 ch7  | BL=['6']
[TX  ->  *] bucket=9036 L6 active=wlan0 ch10  BL=['6']
[RX  <- A] bucket=9036  peer_BL=['6']  my_BL=['6']
[07:53:14] HOP bucket=9037 L6 active=wlan1 ch7  | prep wlan0 ch4  | BL=['6']
[RX  <- A] bucket=9037  peer_BL=['6']  my_BL=['6']
[TX  ->  *] bucket=9037 L6 active=wlan1 ch7  BL=['6']
[07:53:16] HOP bucket=9038 L6 active=wlan0 ch4  | prep wlan1 ch5  | BL=['6']
[TX  ->  *] bucket=9038 L6 active=wlan0 ch4  BL=['6']
[RX  <- A] bucket=9038  peer_BL=['6']  my_BL=['6']
[07:53:18] HOP bucket=9039 L6 active=wlan1 ch5  | prep wlan0 ch11  | BL=['6']
[TX  ->  *] bucket=9039 L6 active=wlan1 ch5  BL=['6']
[RX  <- A] bucket=9039  peer_BL=['6']  my_BL=['6']
[07:53:20] HOP bucket=9040 L6 active=wlan0 ch11  | prep wlan1 ch10  | BL=['6']
[RX  <- A] bucket=9040  peer_BL=['6']  my_BL=['6']
[TX  ->  *] bucket=9040 L6 active=wlan0 ch11  BL=['6']
[07:53:22] HOP bucket=9041 L6 active=wlan1 ch10  | prep wlan0 ch8  | BL=['6']
[TX  ->  *] bucket=9041 L6 active=wlan1 ch10  BL=['6']
[RX  <- A] bucket=9041  peer_BL=['6']  my_BL=['6']
[07:53:24] HOP bucket=9042 L6 active=wlan0 ch8  | prep wlan1 ch9  | BL=['6']
[RX  <- A] bucket=9042  peer_BL=['6']  my_BL=['6']
[TX  ->  *] bucket=9042 L6 active=wlan0 ch8  BL=['6']
[07:53:26] HOP bucket=9043 L6 active=wlan1 ch9  | prep wlan0 ch11  | BL=['6']
[TX  ->  *] bucket=9043 L6 active=wlan1 ch9  BL=['6']
[RX  <- A] bucket=9043  peer_BL=['6']  my_BL=['6']
[07:53:28] HOP bucket=9044 L6 active=wlan0 ch11  | prep wlan1 ch11  | BL=['6']
[RX  <- A] bucket=9044  peer_BL=['6']  my_BL=['6']
[TX  ->  *] bucket=9044 L6 active=wlan0 ch11  BL=['6']
[07:53:30] HOP bucket=9045 L6 active=wlan1 ch11  | prep wlan0 ch5  | BL=['6']
[RX  <- A] bucket=9045  peer_BL=['6']  my_BL=['6']
[TX  ->  *] bucket=9045 L6 active=wlan1 ch11  BL=['6']
[07:53:32] HOP bucket=9046 L6 active=wlan0 ch5  | prep wlan1 ch4  | BL=['6']
[TX  ->  *] bucket=9046 L6 active=wlan0 ch5  BL=['6']
[RX  <- A] bucket=9046  peer_BL=['6']  my_BL=['6']
[07:53:34] HOP bucket=9047 L6 active=wlan1 ch4  | prep wlan0 ch4  | BL=['6']
[RX  <- A] bucket=9047  peer_BL=['6']  my_BL=['6']
[TX  ->  *] bucket=9047 L6 active=wlan1 ch4  BL=['6']
[07:53:36] HOP bucket=9048 L6 active=wlan0 ch4  | prep wlan1 ch11  | BL=['6']
[TX  ->  *] bucket=9048 L6 active=wlan0 ch4  BL=['6']
[RX  <- A] bucket=9048  peer_BL=['6']  my_BL=['6']
[07:53:38] HOP bucket=9049 L6 active=wlan1 ch11  | prep wlan0 ch3  | BL=['6']
[TX  ->  *] bucket=9049 L6 active=wlan1 ch11  BL=['6']
[RX  <- A] bucket=9049  peer_BL=['6']  my_BL=['6']
[07:53:40] HOP bucket=9050 L6 active=wlan0 ch3  | prep wlan1 ch8  | BL=['6']
[TX  ->  *] bucket=9050 L6 active=wlan0 ch3  BL=['6']
[RX  <- A] bucket=9050  peer_BL=['6']  my_BL=['6']
[07:53:42] HOP bucket=9051 L6 active=wlan1 ch8  | prep wlan0 ch9  | BL=['6']
[TX  ->  *] bucket=9051 L6 active=wlan1 ch8  BL=['6']
[RX  <- A] bucket=9051  peer_BL=['6']  my_BL=['6']
[07:53:44] HOP bucket=9052 L6 active=wlan0 ch9  | prep wlan1 ch7  | BL=['6']
[TX  ->  *] bucket=9052 L6 active=wlan0 ch9  BL=['6']
[RX  <- A] bucket=9052  peer_BL=['6']  my_BL=['6']
[07:53:46] HOP bucket=9053 L6 active=wlan1 ch7  | prep wlan0 ch8  | BL=['6']
[RX  <- A] bucket=9053  peer_BL=['6']  my_BL=['6']
[TX  ->  *] bucket=9053 L6 active=wlan1 ch7  BL=['6']
[07:53:48] HOP bucket=9054 L6 active=wlan0 ch8  | prep wlan1 ch3  | BL=['6']
[RX  <- A] bucket=9054  peer_BL=['6']  my_BL=['6']
[TX  ->  *] bucket=9054 L6 active=wlan0 ch8  BL=['6']
[07:53:50] HOP bucket=9055 L6 active=wlan1 ch3  | prep wlan0 ch5  | BL=['6']
[TX  ->  *] bucket=9055 L6 active=wlan1 ch3  BL=['6']
[RX  <- A] bucket=9055  peer_BL=['6']  my_BL=['6']
[07:53:52] HOP bucket=9056 L6 active=wlan0 ch5  | prep wlan1 ch11  | BL=['6']
[RX  <- A] bucket=9056  peer_BL=['6']  my_BL=['6']
[TX  ->  *] bucket=9056 L6 active=wlan0 ch5  BL=['6']
[07:53:54] HOP bucket=9057 L6 active=wlan1 ch11  | prep wlan0 ch3  | BL=['6']
[TX  ->  *] bucket=9057 L6 active=wlan1 ch11  BL=['6']
[RX  <- A] bucket=9057  peer_BL=['6']  my_BL=['6']
[07:53:56] HOP bucket=9058 L6 active=wlan0 ch3  | prep wlan1 ch7  | BL=['6']
[RX  <- A] bucket=9058  peer_BL=['6']  my_BL=['6']
[TX  ->  *] bucket=9058 L6 active=wlan0 ch3  BL=['6']
[07:53:58] HOP bucket=9059 L6 active=wlan1 ch7  | prep wlan0 ch7  | BL=['6']
[RX  <- A] bucket=9059  peer_BL=['6']  my_BL=['6']
[TX  ->  *] bucket=9059 L6 active=wlan1 ch7  BL=['6']
[07:54:00] HOP bucket=9060 L6 active=wlan0 ch7  | prep wlan1 ch11  | BL=['6']
[TX  ->  *] bucket=9060 L6 active=wlan0 ch7  BL=['6']
[RX  <- A] bucket=9060  peer_BL=['6']  my_BL=['6']
[07:54:02] HOP bucket=9061 L6 active=wlan1 ch11  | prep wlan0 ch3  | BL=['6']
[RX  <- A] bucket=9061  peer_BL=['6']  my_BL=['6']
[TX  ->  *] bucket=9061 L6 active=wlan1 ch11  BL=['6']
[07:54:04] HOP bucket=9062 L6 active=wlan0 ch3  | prep wlan1 ch7  | BL=['6']
[TX  ->  *] bucket=9062 L6 active=wlan0 ch3  BL=['6']
[RX  <- A] bucket=9062  peer_BL=['6']  my_BL=['6']
[07:54:06] HOP bucket=9063 L6 active=wlan1 ch7  | prep wlan0 ch5  | BL=['6']
[TX  ->  *] bucket=9063 L6 active=wlan1 ch7  BL=['6']
[!! JAMMED  ] bucket=9063 L6 active=wlan1 ch7  silent + egress_drops=38  -> BL until bucket=9093  BL=['6', '7']
[07:54:08] HOP bucket=9064 L6 active=wlan0 ch5  | prep wlan1 ch10  | BL=['7']
[RX  <- A] bucket=9064  peer_BL=[]  my_BL=['7']
[TX  ->  *] bucket=9064 L6 active=wlan0 ch5  BL=['7']
[07:54:10] HOP bucket=9065 L6 active=wlan1 ch10  | prep wlan0 ch6  | BL=['7']
[TX  ->  *] bucket=9065 L6 active=wlan1 ch10  BL=['7']
[RX  <- A] bucket=9065  peer_BL=['7']  my_BL=['7']
[07:54:12] HOP bucket=9066 L6 active=wlan0 ch6  | prep wlan1 ch8  | BL=['7']
[TX  ->  *] bucket=9066 L6 active=wlan0 ch6  BL=['7']
[?? SOFT    ] bucket=9066 L6 active=wlan0 ch6  silent across 35 frames but egress_drops=0  (no tc evidence)
[07:54:14] HOP bucket=9067 L6 active=wlan1 ch8  | prep wlan0 ch6  | BL=['7']
[TX  ->  *] bucket=9067 L6 active=wlan1 ch8  BL=['7']
[RX  <- A] bucket=9067  peer_BL=['7', '6']  my_BL=['6', '7']
[<= MERGED  ] ch6 from peer's confirmed -> expires bucket=886260456
[07:54:16] HOP bucket=9068 L6 active=wlan0 ch6  (LAG: totp_says=ch8, physical=ch6)  | prep wlan1 ch5  | BL=['6', '7']
[TX  ->  *] bucket=9068 L6 active=wlan0 ch6  BL=['6', '7']
[?? SOFT    ] bucket=9068 L6 active=wlan0 ch6  silent across 35 frames but egress_drops=0  (no tc evidence)
[07:54:18] HOP bucket=9069 L6 active=wlan1 ch5  | prep wlan0 ch4  | BL=['6', '7']
[TX  ->  *] bucket=9069 L6 active=wlan1 ch5  BL=['6', '7']
[RX  <- A] bucket=9069  peer_BL=['7', '6']  my_BL=['6', '7']
[07:54:20] HOP bucket=9070 L6 active=wlan0 ch4  | prep wlan1 ch3  | BL=['6', '7']
[TX  ->  *] bucket=9070 L6 active=wlan0 ch4  BL=['6', '7']
[RX  <- A] bucket=9070  peer_BL=['7', '6']  my_BL=['6', '7']
[07:54:22] HOP bucket=9071 L6 active=wlan1 ch3  | prep wlan0 ch8  | BL=['6', '7']
[TX  ->  *] bucket=9071 L6 active=wlan1 ch3  BL=['6', '7']
[RX  <- A] bucket=9071  peer_BL=['7', '6']  my_BL=['6', '7']
[07:54:24] HOP bucket=9072 L6 active=wlan0 ch8  | prep wlan1 ch3  | BL=['6', '7']
[RX  <- A] bucket=9072  peer_BL=['7', '6']  my_BL=['6', '7']
[TX  ->  *] bucket=9072 L6 active=wlan0 ch8  BL=['6', '7']
[07:54:26] HOP bucket=9073 L6 active=wlan1 ch3  | prep wlan0 ch8  | BL=['6', '7']
[TX  ->  *] bucket=9073 L6 active=wlan1 ch3  BL=['6', '7']
[RX  <- A] bucket=9073  peer_BL=['7', '6']  my_BL=['6', '7']
[07:54:28] HOP bucket=9074 L6 active=wlan0 ch8  | prep wlan1 ch3  | BL=['6', '7']
[RX  <- A] bucket=9074  peer_BL=['7', '6']  my_BL=['6', '7']
[TX  ->  *] bucket=9074 L6 active=wlan0 ch8  BL=['6', '7']
[07:54:30] HOP bucket=9075 L6 active=wlan1 ch3  | prep wlan0 ch8  | BL=['6', '7']
[TX  ->  *] bucket=9075 L6 active=wlan1 ch3  BL=['6', '7']
[RX  <- A] bucket=9075  peer_BL=['7', '6']  my_BL=['6', '7']
[07:54:32] HOP bucket=9076 L6 active=wlan0 ch8  | prep wlan1 ch9  | BL=['6', '7']
[RX  <- A] bucket=9076  peer_BL=['7', '6']  my_BL=['6', '7']
[TX  ->  *] bucket=9076 L6 active=wlan0 ch8  BL=['6', '7']
[07:54:34] HOP bucket=9077 L6 active=wlan1 ch9  | prep wlan0 ch8  | BL=['6', '7']
[RX  <- A] bucket=9077  peer_BL=['7', '6']  my_BL=['6', '7']
[TX  ->  *] bucket=9077 L6 active=wlan1 ch9  BL=['6', '7']
[07:54:36] HOP bucket=9078 L6 active=wlan0 ch8  | prep wlan1 ch8  | BL=['6', '7']
[RX  <- A] bucket=9078  peer_BL=['7', '6']  my_BL=['6', '7']
[TX  ->  *] bucket=9078 L6 active=wlan0 ch8  BL=['6', '7']
[07:54:38] HOP bucket=9079 L6 active=wlan1 ch8  | prep wlan0 ch9  | BL=['6', '7']
[TX  ->  *] bucket=9079 L6 active=wlan1 ch8  BL=['6', '7']
[RX  <- A] bucket=9079  peer_BL=['7', '6']  my_BL=['6', '7']
[07:54:40] HOP bucket=9080 L6 active=wlan0 ch9  | prep wlan1 ch9  | BL=['6', '7']
[TX  ->  *] bucket=9080 L6 active=wlan0 ch9  BL=['6', '7']
[RX  <- A] bucket=9080  peer_BL=['7', '6']  my_BL=['6', '7']
[07:54:42] HOP bucket=9081 L6 active=wlan1 ch9  | prep wlan0 ch9  | BL=['6', '7']
[TX  ->  *] bucket=9081 L6 active=wlan1 ch9  BL=['6', '7']
[RX  <- A] bucket=9081  peer_BL=['7', '6']  my_BL=['6', '7']
[07:54:44] HOP bucket=9082 L6 active=wlan0 ch9  | prep wlan1 ch3  | BL=['6', '7']
[RX  <- A] bucket=9082  peer_BL=['7', '6']  my_BL=['6', '7']
[TX  ->  *] bucket=9082 L6 active=wlan0 ch9  BL=['6', '7']
[07:54:46] HOP bucket=9083 L6 active=wlan1 ch3  | prep wlan0 ch4  | BL=['6', '7']
[RX  <- A] bucket=9083  peer_BL=['7', '6']  my_BL=['6', '7']
[TX  ->  *] bucket=9083 L6 active=wlan1 ch3  BL=['6', '7']
[07:54:48] HOP bucket=9084 L6 active=wlan0 ch4  | prep wlan1 ch11  | BL=['6', '7']
[RX  <- A] bucket=9084  peer_BL=['7', '6']  my_BL=['6', '7']
[TX  ->  *] bucket=9084 L6 active=wlan0 ch4  BL=['6', '7']
[07:54:50] HOP bucket=9085 L6 active=wlan1 ch11  | prep wlan0 ch8  | BL=['6', '7']
[TX  ->  *] bucket=9085 L6 active=wlan1 ch11  BL=['6', '7']
[RX  <- A] bucket=9085  peer_BL=['7', '6']  my_BL=['6', '7']
[07:54:52] HOP bucket=9086 L6 active=wlan0 ch8  | prep wlan1 ch5  | BL=['6', '7']
[RX  <- A] bucket=9086  peer_BL=['7', '6']  my_BL=['6', '7']
[TX  ->  *] bucket=9086 L6 active=wlan0 ch8  BL=['6', '7']
[07:54:54] HOP bucket=9087 L6 active=wlan1 ch5  | prep wlan0 ch8  | BL=['6', '7']
[RX  <- A] bucket=9087  peer_BL=['7', '6']  my_BL=['6', '7']
[TX  ->  *] bucket=9087 L6 active=wlan1 ch5  BL=['6', '7']
[07:54:56] HOP bucket=9088 L6 active=wlan0 ch8  | prep wlan1 ch4  | BL=['6', '7']
[RX  <- A] bucket=9088  peer_BL=['7', '6']  my_BL=['6', '7']
[TX  ->  *] bucket=9088 L6 active=wlan0 ch8  BL=['6', '7']
[07:54:58] HOP bucket=9089 L6 active=wlan1 ch4  | prep wlan0 ch8  | BL=['6', '7']
[RX  <- A] bucket=9089  peer_BL=['7', '6']  my_BL=['6', '7']
[TX  ->  *] bucket=9089 L6 active=wlan1 ch4  BL=['6', '7']
[07:55:00] HOP bucket=9090 L6 active=wlan0 ch8  | prep wlan1 ch5  | BL=['6', '7']
[TX  ->  *] bucket=9090 L6 active=wlan0 ch8  BL=['6', '7']
[!! JAMMED  ] bucket=9090 L6 active=wlan0 ch8  silent + egress_drops=71  -> BL until bucket=9120  BL=['6', '7', '8']
[07:55:02] HOP bucket=9091 L6 active=wlan1 ch5  | prep wlan0 ch9  | BL=['6', '7', '8']
[TX  ->  *] bucket=9091 L6 active=wlan1 ch5  BL=['6', '7', '8']
[RX  <- A] bucket=9091  peer_BL=['7', '6']  my_BL=['6', '7', '8']
[07:55:04] HOP bucket=9092 L6 active=wlan0 ch9  | prep wlan1 ch4  | BL=['6', '7', '8']
[RX  <- A] bucket=9092  peer_BL=['7', '6', '8']  my_BL=['6', '7', '8']
[TX  ->  *] bucket=9092 L6 active=wlan0 ch9  BL=['6', '7', '8']
[07:55:06] HOP bucket=9093 L6 active=wlan1 ch4  | prep wlan0 ch7  | BL=['6', '8']
[TX  ->  *] bucket=9093 L6 active=wlan1 ch4  BL=['6', '8']
[RX  <- A] bucket=9093  peer_BL=['6', '8']  my_BL=['6', '8']
[07:55:08] HOP bucket=9094 L6 active=wlan0 ch7  | prep wlan1 ch5  | BL=['6', '8']
[TX  ->  *] bucket=9094 L6 active=wlan0 ch7  BL=['6', '8']
[!! JAMMED  ] bucket=9094 L6 active=wlan0 ch7  silent + egress_drops=39  -> BL until bucket=9124  BL=['6', '7', '8']
[07:55:10] HOP bucket=9095 L6 active=wlan1 ch5  | prep wlan0 ch9  | BL=['6', '7', '8']
[TX  ->  *] bucket=9095 L6 active=wlan1 ch5  BL=['6', '7', '8']
[RX  <- A] bucket=9095  peer_BL=['6', '8', '7']  my_BL=['6', '7', '8']
[07:55:12] HOP bucket=9096 L6 active=wlan0 ch9  | prep wlan1 ch9  | BL=['7', '8']
[TX  ->  *] bucket=9096 L6 active=wlan0 ch9  BL=['7', '8']
[RX  <- A] bucket=9096  peer_BL=['8', '7']  my_BL=['7', '8']
[07:55:14] HOP bucket=9097 L6 active=wlan1 ch9  | prep wlan0 ch5  | BL=['7', '8']
[TX  ->  *] bucket=9097 L6 active=wlan1 ch9  BL=['7', '8']
[RX  <- A] bucket=9097  peer_BL=['8', '7']  my_BL=['7', '8']
[07:55:16] HOP bucket=9098 L6 active=wlan0 ch5  | prep wlan1 ch6  | BL=['7', '8']
[TX  ->  *] bucket=9098 L6 active=wlan0 ch5  BL=['7', '8']
[RX  <- A] bucket=9098  peer_BL=['8', '7']  my_BL=['7', '8']
[07:55:18] HOP bucket=9099 L6 active=wlan1 ch6  | prep wlan0 ch3  | BL=['7', '8']
[TX  ->  *] bucket=9099 L6 active=wlan1 ch6  BL=['7', '8']
[?? SOFT    ] bucket=9099 L6 active=wlan1 ch6  silent across 35 frames but egress_drops=0  (no tc evidence)
[07:55:20] HOP bucket=9100 L6 active=wlan0 ch3  | prep wlan1 ch9  | BL=['7', '8']
[RX  <- A] bucket=9100  peer_BL=['8', '7', '6']  my_BL=['6', '7', '8']
[<= MERGED  ] ch6 from peer's confirmed -> expires bucket=886260489
[TX  ->  *] bucket=9100 L6 active=wlan0 ch3  BL=['6', '7', '8']
[07:55:22] HOP bucket=9101 L6 active=wlan1 ch9  | prep wlan0 ch4  | BL=['6', '7', '8']
[TX  ->  *] bucket=9101 L6 active=wlan1 ch9  BL=['6', '7', '8']
[RX  <- A] bucket=9101  peer_BL=['8', '7', '6']  my_BL=['6', '7', '8']
[07:55:24] HOP bucket=9102 L6 active=wlan0 ch4  | prep wlan1 ch3  | BL=['6', '7', '8']
[RX  <- A] bucket=9102  peer_BL=['8', '7', '6']  my_BL=['6', '7', '8']
[TX  ->  *] bucket=9102 L6 active=wlan0 ch4  BL=['6', '7', '8']
[07:55:26] HOP bucket=9103 L6 active=wlan1 ch3  | prep wlan0 ch5  | BL=['6', '7', '8']
[TX  ->  *] bucket=9103 L6 active=wlan1 ch3  BL=['6', '7', '8']
[RX  <- A] bucket=9103  peer_BL=['8', '7', '6']  my_BL=['6', '7', '8']
[07:55:28] HOP bucket=9104 L6 active=wlan0 ch5  | prep wlan1 ch9  | BL=['6', '7', '8']
[TX  ->  *] bucket=9104 L6 active=wlan0 ch5  BL=['6', '7', '8']
[RX  <- A] bucket=9104  peer_BL=['8', '7', '6']  my_BL=['6', '7', '8']
[07:55:30] HOP bucket=9105 L6 active=wlan1 ch9  | prep wlan0 ch4  | BL=['6', '7', '8']
[TX  ->  *] bucket=9105 L6 active=wlan1 ch9  BL=['6', '7', '8']
[RX  <- A] bucket=9105  peer_BL=['8', '7', '6']  my_BL=['6', '7', '8']
[07:55:32] HOP bucket=9106 L6 active=wlan0 ch4  | prep wlan1 ch4  | BL=['6', '7', '8']
[RX  <- A] bucket=9106  peer_BL=['8', '7', '6']  my_BL=['6', '7', '8']
[TX  ->  *] bucket=9106 L6 active=wlan0 ch4  BL=['6', '7', '8']
[07:55:34] HOP bucket=9107 L6 active=wlan1 ch4  | prep wlan0 ch9  | BL=['6', '7', '8']
[RX  <- A] bucket=9107  peer_BL=['8', '7', '6']  my_BL=['6', '7', '8']
[TX  ->  *] bucket=9107 L6 active=wlan1 ch4  BL=['6', '7', '8']
[07:55:36] HOP bucket=9108 L6 active=wlan0 ch9  | prep wlan1 ch9  | BL=['6', '7', '8']
[TX  ->  *] bucket=9108 L6 active=wlan0 ch9  BL=['6', '7', '8']
[RX  <- A] bucket=9108  peer_BL=['8', '7', '6']  my_BL=['6', '7', '8']
[07:55:38] HOP bucket=9109 L6 active=wlan1 ch9  | prep wlan0 ch4  | BL=['6', '7', '8']
[RX  <- A] bucket=9109  peer_BL=['8', '7', '6']  my_BL=['6', '7', '8']
[TX  ->  *] bucket=9109 L6 active=wlan1 ch9  BL=['6', '7', '8']
[07:55:40] HOP bucket=9110 L6 active=wlan0 ch4  | prep wlan1 ch4  | BL=['6', '7', '8']
[TX  ->  *] bucket=9110 L6 active=wlan0 ch4  BL=['6', '7', '8']
[RX  <- A] bucket=9110  peer_BL=['8', '7', '6']  my_BL=['6', '7', '8']
[07:55:42] HOP bucket=9111 L6 active=wlan1 ch4  | prep wlan0 ch11  | BL=['6', '7', '8']
[TX  ->  *] bucket=9111 L6 active=wlan1 ch4  BL=['6', '7', '8']
[RX  <- A] bucket=9111  peer_BL=['8', '7', '6']  my_BL=['6', '7', '8']
[07:55:44] HOP bucket=9112 L6 active=wlan0 ch11  | prep wlan1 ch4  | BL=['6', '7', '8']
[TX  ->  *] bucket=9112 L6 active=wlan0 ch11  BL=['6', '7', '8']
[RX  <- A] bucket=9112  peer_BL=['8', '7', '6']  my_BL=['6', '7', '8']
[07:55:46] HOP bucket=9113 L6 active=wlan1 ch4  | prep wlan0 ch10  | BL=['6', '7', '8']
[RX  <- A] bucket=9113  peer_BL=['8', '7', '6']  my_BL=['6', '7', '8']
[TX  ->  *] bucket=9113 L6 active=wlan1 ch4  BL=['6', '7', '8']
[07:55:48] HOP bucket=9114 L6 active=wlan0 ch10  | prep wlan1 ch5  | BL=['6', '7', '8']
[TX  ->  *] bucket=9114 L6 active=wlan0 ch10  BL=['6', '7', '8']
[RX  <- A] bucket=9114  peer_BL=['8', '7', '6']  my_BL=['6', '7', '8']
[07:55:50] HOP bucket=9115 L6 active=wlan1 ch5  | prep wlan0 ch5  | BL=['6', '7', '8']
[TX  ->  *] bucket=9115 L6 active=wlan1 ch5  BL=['6', '7', '8']
[RX  <- A] bucket=9115  peer_BL=['8', '7', '6']  my_BL=['6', '7', '8']
[07:55:52] HOP bucket=9116 L6 active=wlan0 ch5  | prep wlan1 ch9  | BL=['6', '7', '8']
[TX  ->  *] bucket=9116 L6 active=wlan0 ch5  BL=['6', '7', '8']
[RX  <- A] bucket=9116  peer_BL=['8', '7', '6']  my_BL=['6', '7', '8']
[07:55:54] HOP bucket=9117 L6 active=wlan1 ch9  | prep wlan0 ch9  | BL=['6', '7', '8']
[TX  ->  *] bucket=9117 L6 active=wlan1 ch9  BL=['6', '7', '8']
[RX  <- A] bucket=9117  peer_BL=['8', '7', '6']  my_BL=['6', '7', '8']
[07:55:56] HOP bucket=9118 L6 active=wlan0 ch9  | prep wlan1 ch4  | BL=['6', '7', '8']
[TX  ->  *] bucket=9118 L6 active=wlan0 ch9  BL=['6', '7', '8']
[RX  <- A] bucket=9118  peer_BL=['8', '7', '6']  my_BL=['6', '7', '8']
[07:55:58] HOP bucket=9119 L6 active=wlan1 ch4  | prep wlan0 ch3  | BL=['6', '7', '8']
[RX  <- A] bucket=9119  peer_BL=['8', '7', '6']  my_BL=['6', '7', '8']
[TX  ->  *] bucket=9119 L6 active=wlan1 ch4  BL=['6', '7', '8']
[07:56:00] HOP bucket=9120 L6 active=wlan0 ch3  | prep wlan1 ch8  | BL=['6', '7']
[TX  ->  *] bucket=9120 L6 active=wlan0 ch3  BL=['6', '7']
[RX  <- A] bucket=9120  peer_BL=['7', '6']  my_BL=['6', '7']
[07:56:02] HOP bucket=9121 L6 active=wlan1 ch8  | prep wlan0 ch8  | BL=['6', '7']
[TX  ->  *] bucket=9121 L6 active=wlan1 ch8  BL=['6', '7']
[RX  <- A] bucket=9121  peer_BL=['7', '6']  my_BL=['6', '7']
[07:56:04] HOP bucket=9122 L6 active=wlan0 ch8  | prep wlan1 ch10  | BL=['6', '7']
[TX  ->  *] bucket=9122 L6 active=wlan0 ch8  BL=['6', '7']
[RX  <- A] bucket=9122  peer_BL=['7', '6']  my_BL=['6', '7']
[07:56:06] HOP bucket=9123 L6 active=wlan1 ch10  | prep wlan0 ch8  | BL=['6', '7']
[TX  ->  *] bucket=9123 L6 active=wlan1 ch10  BL=['6', '7']
[RX  <- A] bucket=9123  peer_BL=['7', '6']  my_BL=['6', '7']
[07:56:08] HOP bucket=9124 L6 active=wlan0 ch8  (LAG: totp_says=ch7, physical=ch8)  | prep wlan1 ch5  | BL=['6']
[TX  ->  *] bucket=9124 L6 active=wlan0 ch8  BL=['6']
[RX  <- A] bucket=9124  peer_BL=['6']  my_BL=['6']
[07:56:10] HOP bucket=9125 L6 active=wlan1 ch5  | prep wlan0 ch8  | BL=['6']
[TX  ->  *] bucket=9125 L6 active=wlan1 ch5  BL=['6']
[RX  <- A] bucket=9125  peer_BL=['6']  my_BL=['6']
[RX  <- A] bucket=9124  peer_BL=['6']  my_BL=['6']
[RX  <- A] bucket=9125  peer_BL=['6']  my_BL=['6']
[RX  <- A] bucket=9124  peer_BL=['6']  my_BL=['6']
[RX  <- A] bucket=9125  peer_BL=['6']  my_BL=['6']
[RX  <- A] bucket=9124  peer_BL=['6']  my_BL=['6']
[RX  <- A] bucket=9125  peer_BL=['6']  my_BL=['6']
[RX  <- A] bucket=9124  peer_BL=['6']  my_BL=['6']
[RX  <- A] bucket=9125  peer_BL=['6']  my_BL=['6']
[RX  <- A] bucket=9124  peer_BL=['6']  my_BL=['6']
[RX  <- A] bucket=9125  peer_BL=['6']  my_BL=['6']
[RX  <- A] bucket=9124  peer_BL=['6']  my_BL=['6']
[RX  <- A] bucket=9125  peer_BL=['6']  my_BL=['6']
[RX  <- A] bucket=9124  peer_BL=['6']  my_BL=['6']
[RX  <- A] bucket=9125  peer_BL=['6']  my_BL=['6']
[RX  <- A] bucket=9124  peer_BL=['6']  my_BL=['6']
[RX  <- A] bucket=9125  peer_BL=['6']  my_BL=['6']
[RX  <- A] bucket=9124  peer_BL=['6']  my_BL=['6']
[RX  <- A] bucket=9125  peer_BL=['6']  my_BL=['6']
[RX  <- A] bucket=9124  peer_BL=['6']  my_BL=['6']
[RX  <- A] bucket=9125  peer_BL=['6']  my_BL=['6']
[RX  <- A] bucket=9124  peer_BL=['6']  my_BL=['6']
[RX  <- A] bucket=9125  peer_BL=['6']  my_BL=['6']
[RX  <- A] bucket=9124  peer_BL=['6']  my_BL=['6']
[RX  <- A] bucket=9125  peer_BL=['6']  my_BL=['6']
[RX  <- A] bucket=9124  peer_BL=['6']  my_BL=['6']
[RX  <- A] bucket=9125  peer_BL=['6']  my_BL=['6']
[RX  <- A] bucket=9124  peer_BL=['6']  my_BL=['6']
[RX  <- A] bucket=9125  peer_BL=['6']  my_BL=['6']
[RX  <- A] bucket=9124  peer_BL=['6']  my_BL=['6']
[RX  <- A] bucket=9125  peer_BL=['6']  my_BL=['6']
[RX  <- A] bucket=9124  peer_BL=['6']  my_BL=['6']
[RX  <- A] bucket=9125  peer_BL=['6']  my_BL=['6']
[07:56:12] HOP bucket=9126 L6 active=wlan0 ch8  | prep wlan1 ch4  | BL=['6']
[TX  ->  *] bucket=9126 L6 active=wlan0 ch8  BL=['6']
[?? SOFT    ] bucket=9126 L6 active=wlan0 ch8  silent across 35 frames but egress_drops=0  (no tc evidence)
[07:56:14] HOP bucket=9127 L6 active=wlan1 ch4  | prep wlan0 ch8  | BL=['6']
[RX  <- A] bucket=9126  peer_BL=['6']  my_BL=['6']
[TX  ->  *] bucket=9127 L6 active=wlan1 ch4  BL=['6']
[RX  <- A] bucket=9127  peer_BL=['6']  my_BL=['6']
[RX  <- A] bucket=9126  peer_BL=['6']  my_BL=['6']
[RX  <- A] bucket=9127  peer_BL=['6']  my_BL=['6']
[RX  <- A] bucket=9126  peer_BL=['6']  my_BL=['6']
[RX  <- A] bucket=9127  peer_BL=['6']  my_BL=['6']
[RX  <- A] bucket=9126  peer_BL=['6']  my_BL=['6']
[RX  <- A] bucket=9127  peer_BL=['6']  my_BL=['6']
[RX  <- A] bucket=9126  peer_BL=['6']  my_BL=['6']
[RX  <- A] bucket=9127  peer_BL=['6']  my_BL=['6']
[RX  <- A] bucket=9126  peer_BL=['6']  my_BL=['6']
[RX  <- A] bucket=9127  peer_BL=['6']  my_BL=['6']
[RX  <- A] bucket=9126  peer_BL=['6']  my_BL=['6']
[RX  <- A] bucket=9127  peer_BL=['6']  my_BL=['6']
[RX  <- A] bucket=9126  peer_BL=['6']  my_BL=['6']
[RX  <- A] bucket=9127  peer_BL=['6']  my_BL=['6']
[RX  <- A] bucket=9126  peer_BL=['6']  my_BL=['6']
[RX  <- A] bucket=9127  peer_BL=['6']  my_BL=['6']
[RX  <- A] bucket=9126  peer_BL=['6']  my_BL=['6']
[RX  <- A] bucket=9127  peer_BL=['6']  my_BL=['6']
[RX  <- A] bucket=9126  peer_BL=['6']  my_BL=['6']
[RX  <- A] bucket=9127  peer_BL=['6']  my_BL=['6']
[RX  <- A] bucket=9126  peer_BL=['6']  my_BL=['6']
[RX  <- A] bucket=9127  peer_BL=['6']  my_BL=['6']
[07:56:16] HOP bucket=9128 L6 active=wlan0 ch8  | prep wlan1 ch9  | BL=['6']
[TX  ->  *] bucket=9128 L6 active=wlan0 ch8  BL=['6']
[RX  <- A] bucket=9128  peer_BL=['6']  my_BL=['6']
[07:56:18] HOP bucket=9129 L6 active=wlan1 ch9  | prep wlan0 ch3  | BL=[]
[RX  <- A] bucket=9129  peer_BL=[]  my_BL=[]
[TX  ->  *] bucket=9129 L6 active=wlan1 ch9  BL=[]
[07:56:20] HOP bucket=9130 L6 active=wlan0 ch3  | prep wlan1 ch7  | BL=[]
[RX  <- A] bucket=9130  peer_BL=[]  my_BL=[]
[TX  ->  *] bucket=9130 L6 active=wlan0 ch3  BL=[]
[07:56:22] HOP bucket=9131 L6 active=wlan1 ch7  | prep wlan0 ch10  | BL=[]
[TX  ->  *] bucket=9131 L6 active=wlan1 ch7  BL=[]
[RX  <- A] bucket=9131  peer_BL=[]  my_BL=[]
[07:56:24] HOP bucket=9132 L6 active=wlan0 ch10  | prep wlan1 ch7  | BL=[]
[TX  ->  *] bucket=9132 L6 active=wlan0 ch10  BL=[]
[RX  <- A] bucket=9132  peer_BL=[]  my_BL=[]
[07:56:26] HOP bucket=9133 L6 active=wlan1 ch7  | prep wlan0 ch11  | BL=[]
[TX  ->  *] bucket=9133 L6 active=wlan1 ch7  BL=[]
[RX  <- A] bucket=9133  peer_BL=[]  my_BL=[]
[07:56:28] HOP bucket=9134 L6 active=wlan0 ch11  | prep wlan1 ch10  | BL=[]
[TX  ->  *] bucket=9134 L6 active=wlan0 ch11  BL=[]
[RX  <- A] bucket=9134  peer_BL=[]  my_BL=[]
[07:56:30] HOP bucket=9135 L6 active=wlan1 ch10  | prep wlan0 ch4  | BL=[]
[TX  ->  *] bucket=9135 L6 active=wlan1 ch10  BL=[]
[RX  <- A] bucket=9135  peer_BL=[]  my_BL=[]
[07:56:32] HOP bucket=9136 L6 active=wlan0 ch4  | prep wlan1 ch4  | BL=[]
[TX  ->  *] bucket=9136 L6 active=wlan0 ch4  BL=[]
[RX  <- A] bucket=9136  peer_BL=[]  my_BL=[]
[07:56:34] HOP bucket=9137 L6 active=wlan1 ch4  | prep wlan0 ch8  | BL=[]
[TX  ->  *] bucket=9137 L6 active=wlan1 ch4  BL=[]
[RX  <- A] bucket=9137  peer_BL=[]  my_BL=[]
[07:56:36] HOP bucket=9138 L6 active=wlan0 ch8  | prep wlan1 ch6  | BL=[]
[RX  <- A] bucket=9138  peer_BL=[]  my_BL=[]
[TX  ->  *] bucket=9138 L6 active=wlan0 ch8  BL=[]
[07:56:38] HOP bucket=9139 L6 active=wlan1 ch6  | prep wlan0 ch10  | BL=[]
[TX  ->  *] bucket=9139 L6 active=wlan1 ch6  BL=[]
[?? SOFT    ] bucket=9139 L6 active=wlan1 ch6  silent across 35 frames but egress_drops=0  (no tc evidence)
[07:56:40] HOP bucket=9140 L6 active=wlan0 ch10  | prep wlan1 ch9  | BL=[]
[TX  ->  *] bucket=9140 L6 active=wlan0 ch10  BL=[]
[RX  <- A] bucket=9140  peer_BL=['6']  my_BL=['6']
[<= MERGED  ] ch6 from peer's confirmed -> expires bucket=886260529
[07:56:42] HOP bucket=9141 L6 active=wlan1 ch9  | prep wlan0 ch11  | BL=['6']
[TX  ->  *] bucket=9141 L6 active=wlan1 ch9  BL=['6']
[RX  <- A] bucket=9141  peer_BL=['6']  my_BL=['6']
[07:56:44] HOP bucket=9142 L6 active=wlan0 ch11  | prep wlan1 ch9  | BL=['6']
[TX  ->  *] bucket=9142 L6 active=wlan0 ch11  BL=['6']
[RX  <- A] bucket=9142  peer_BL=['6']  my_BL=['6']
[07:56:46] HOP bucket=9143 L6 active=wlan1 ch9  | prep wlan0 ch4  | BL=['6']
[RX  <- A] bucket=9143  peer_BL=['6']  my_BL=['6']
[TX  ->  *] bucket=9143 L6 active=wlan1 ch9  BL=['6']
[07:56:48] HOP bucket=9144 L6 active=wlan0 ch4  | prep wlan1 ch5  | BL=['6']
[TX  ->  *] bucket=9144 L6 active=wlan0 ch4  BL=['6']
[RX  <- A] bucket=9144  peer_BL=['6']  my_BL=['6']
[07:56:50] HOP bucket=9145 L6 active=wlan1 ch5  | prep wlan0 ch10  | BL=['6']
[TX  ->  *] bucket=9145 L6 active=wlan1 ch5  BL=['6']
[RX  <- A] bucket=9145  peer_BL=['6']  my_BL=['6']
[07:56:52] HOP bucket=9146 L6 active=wlan0 ch10  | prep wlan1 ch7  | BL=['6']
[TX  ->  *] bucket=9146 L6 active=wlan0 ch10  BL=['6']
[RX  <- A] bucket=9146  peer_BL=['6']  my_BL=['6']
[07:56:54] HOP bucket=9147 L6 active=wlan1 ch7  | prep wlan0 ch7  | BL=['6']
[RX  <- A] bucket=9147  peer_BL=['6']  my_BL=['6']
[TX  ->  *] bucket=9147 L6 active=wlan1 ch7  BL=['6']
[07:56:56] HOP bucket=9148 L6 active=wlan0 ch7  | prep wlan1 ch9  | BL=['6']
[TX  ->  *] bucket=9148 L6 active=wlan0 ch7  BL=['6']
[RX  <- A] bucket=9148  peer_BL=['6']  my_BL=['6']
[07:56:58] HOP bucket=9149 L6 active=wlan1 ch9  | prep wlan0 ch11  | BL=['6']
[RX  <- A] bucket=9149  peer_BL=['6']  my_BL=['6']
[TX  ->  *] bucket=9149 L6 active=wlan1 ch9  BL=['6']
[07:57:00] HOP bucket=9150 L6 active=wlan0 ch11  | prep wlan1 ch9  | BL=['6']
[TX  ->  *] bucket=9150 L6 active=wlan0 ch11  BL=['6']
[RX  <- A] bucket=9150  peer_BL=['6']  my_BL=['6']
[07:57:02] HOP bucket=9151 L6 active=wlan1 ch9  | prep wlan0 ch7  | BL=['6']
[TX  ->  *] bucket=9151 L6 active=wlan1 ch9  BL=['6']
[RX  <- A] bucket=9151  peer_BL=['6']  my_BL=['6']
[07:57:04] HOP bucket=9152 L6 active=wlan0 ch7  | prep wlan1 ch10  | BL=['6']
[TX  ->  *] bucket=9152 L6 active=wlan0 ch7  BL=['6']
[!! JAMMED  ] bucket=9152 L6 active=wlan0 ch7  silent + egress_drops=38  -> BL until bucket=9182  BL=['6', '7']
[07:57:06] HOP bucket=9153 L6 active=wlan1 ch10  | prep wlan0 ch5  | BL=['6', '7']
[TX  ->  *] bucket=9153 L6 active=wlan1 ch10  BL=['6', '7']
[RX  <- A] bucket=9153  peer_BL=['6', '7']  my_BL=['6', '7']
[07:57:08] HOP bucket=9154 L6 active=wlan0 ch5  | prep wlan1 ch5  | BL=['6', '7']
[TX  ->  *] bucket=9154 L6 active=wlan0 ch5  BL=['6', '7']
[RX  <- A] bucket=9154  peer_BL=['6', '7']  my_BL=['6', '7']
[07:57:10] HOP bucket=9155 L6 active=wlan1 ch5  | prep wlan0 ch8  | BL=['6', '7']
[RX  <- A] bucket=9155  peer_BL=['6', '7']  my_BL=['6', '7']
[TX  ->  *] bucket=9155 L6 active=wlan1 ch5  BL=['6', '7']
[07:57:12] HOP bucket=9156 L6 active=wlan0 ch8  | prep wlan1 ch8  | BL=['6', '7']
[TX  ->  *] bucket=9156 L6 active=wlan0 ch8  BL=['6', '7']
[RX  <- A] bucket=9156  peer_BL=['6', '7']  my_BL=['6', '7']
[07:57:14] HOP bucket=9157 L6 active=wlan1 ch8  | prep wlan0 ch8  | BL=['6', '7']
[TX  ->  *] bucket=9157 L6 active=wlan1 ch8  BL=['6', '7']
[RX  <- A] bucket=9157  peer_BL=['6', '7']  my_BL=['6', '7']
[07:57:16] HOP bucket=9158 L6 active=wlan0 ch8  | prep wlan1 ch9  | BL=['6', '7']
[TX  ->  *] bucket=9158 L6 active=wlan0 ch8  BL=['6', '7']
[RX  <- A] bucket=9158  peer_BL=['6', '7']  my_BL=['6', '7']
[07:57:18] HOP bucket=9159 L6 active=wlan1 ch9  | prep wlan0 ch8  | BL=['6', '7']
[RX  <- A] bucket=9159  peer_BL=['6', '7']  my_BL=['6', '7']
[TX  ->  *] bucket=9159 L6 active=wlan1 ch9  BL=['6', '7']
[07:57:20] HOP bucket=9160 L6 active=wlan0 ch8  | prep wlan1 ch4  | BL=['6', '7']
[TX  ->  *] bucket=9160 L6 active=wlan0 ch8  BL=['6', '7']
[RX  <- A] bucket=9160  peer_BL=['6', '7']  my_BL=['6', '7']
[07:57:22] HOP bucket=9161 L6 active=wlan1 ch4  | prep wlan0 ch9  | BL=['6', '7']
[TX  ->  *] bucket=9161 L6 active=wlan1 ch4  BL=['6', '7']
[RX  <- A] bucket=9161  peer_BL=['6', '7']  my_BL=['6', '7']
[07:57:24] HOP bucket=9162 L6 active=wlan0 ch9  | prep wlan1 ch8  | BL=['6', '7']
[TX  ->  *] bucket=9162 L6 active=wlan0 ch9  BL=['6', '7']
[RX  <- A] bucket=9162  peer_BL=['6', '7']  my_BL=['6', '7']
[07:57:26] HOP bucket=9163 L6 active=wlan1 ch8  | prep wlan0 ch3  | BL=['6', '7']
[RX  <- A] bucket=9163  peer_BL=['6', '7']  my_BL=['6', '7']
[TX  ->  *] bucket=9163 L6 active=wlan1 ch8  BL=['6', '7']
[07:57:28] HOP bucket=9164 L6 active=wlan0 ch3  | prep wlan1 ch9  | BL=['6', '7']
[TX  ->  *] bucket=9164 L6 active=wlan0 ch3  BL=['6', '7']
[RX  <- A] bucket=9164  peer_BL=['6', '7']  my_BL=['6', '7']
[07:57:30] HOP bucket=9165 L6 active=wlan1 ch9  | prep wlan0 ch8  | BL=['6', '7']
[TX  ->  *] bucket=9165 L6 active=wlan1 ch9  BL=['6', '7']
[RX  <- A] bucket=9165  peer_BL=['6', '7']  my_BL=['6', '7']
[07:57:32] HOP bucket=9166 L6 active=wlan0 ch8  | prep wlan1 ch11  | BL=['6', '7']
[TX  ->  *] bucket=9166 L6 active=wlan0 ch8  BL=['6', '7']
[RX  <- A] bucket=9166  peer_BL=['6', '7']  my_BL=['6', '7']
[07:57:34] HOP bucket=9167 L6 active=wlan1 ch11  | prep wlan0 ch3  | BL=['6', '7']
[RX  <- A] bucket=9167  peer_BL=['6', '7']  my_BL=['6', '7']
[TX  ->  *] bucket=9167 L6 active=wlan1 ch11  BL=['6', '7']
[07:57:36] HOP bucket=9168 L6 active=wlan0 ch3  | prep wlan1 ch3  | BL=['6', '7']
[TX  ->  *] bucket=9168 L6 active=wlan0 ch3  BL=['6', '7']
[RX  <- A] bucket=9168  peer_BL=['6', '7']  my_BL=['6', '7']
[07:57:38] HOP bucket=9169 L6 active=wlan1 ch3  | prep wlan0 ch8  | BL=['7']
[TX  ->  *] bucket=9169 L6 active=wlan1 ch3  BL=['7']
[RX  <- A] bucket=9169  peer_BL=['7']  my_BL=['7']
[07:57:40] HOP bucket=9170 L6 active=wlan0 ch8  | prep wlan1 ch8  | BL=['7']
[TX  ->  *] bucket=9170 L6 active=wlan0 ch8  BL=['7']
[RX  <- A] bucket=9170  peer_BL=['7']  my_BL=['7']
[07:57:42] HOP bucket=9171 L6 active=wlan1 ch8  | prep wlan0 ch5  | BL=['7']
[TX  ->  *] bucket=9171 L6 active=wlan1 ch8  BL=['7']
[RX  <- A] bucket=9171  peer_BL=['7']  my_BL=['7']
[07:57:44] HOP bucket=9172 L6 active=wlan0 ch5  | prep wlan1 ch4  | BL=['7']
[TX  ->  *] bucket=9172 L6 active=wlan0 ch5  BL=['7']
[RX  <- A] bucket=9172  peer_BL=['7']  my_BL=['7']
[07:57:46] HOP bucket=9173 L6 active=wlan1 ch4  | prep wlan0 ch8  | BL=['7']
[TX  ->  *] bucket=9173 L6 active=wlan1 ch4  BL=['7']
[RX  <- A] bucket=9173  peer_BL=['7']  my_BL=['7']
[07:57:48] HOP bucket=9174 L6 active=wlan0 ch8  | prep wlan1 ch3  | BL=['7']
[TX  ->  *] bucket=9174 L6 active=wlan0 ch8  BL=['7']
[RX  <- A] bucket=9174  peer_BL=['7']  my_BL=['7']
[07:57:50] HOP bucket=9175 L6 active=wlan1 ch3  | prep wlan0 ch4  | BL=['7']
[TX  ->  *] bucket=9175 L6 active=wlan1 ch3  BL=['7']
[RX  <- A] bucket=9175  peer_BL=['7']  my_BL=['7']
[07:57:52] HOP bucket=9176 L6 active=wlan0 ch4  | prep wlan1 ch8  | BL=['7']
[TX  ->  *] bucket=9176 L6 active=wlan0 ch4  BL=['7']
[RX  <- A] bucket=9176  peer_BL=['7']  my_BL=['7']
[07:57:54] HOP bucket=9177 L6 active=wlan1 ch8  | prep wlan0 ch11  | BL=['7']
[RX  <- A] bucket=9177  peer_BL=['7']  my_BL=['7']
[TX  ->  *] bucket=9177 L6 active=wlan1 ch8  BL=['7']
[07:57:56] HOP bucket=9178 L6 active=wlan0 ch11  | prep wlan1 ch6  | BL=['7']
[TX  ->  *] bucket=9178 L6 active=wlan0 ch11  BL=['7']
[RX  <- A] bucket=9178  peer_BL=['7']  my_BL=['7']
[07:57:58] HOP bucket=9179 L6 active=wlan1 ch6  | prep wlan0 ch8  | BL=['7']
[TX  ->  *] bucket=9179 L6 active=wlan1 ch6  BL=['7']
[RX  <- A] bucket=9179  peer_BL=['7']  my_BL=['7']
[07:58:00] HOP bucket=9180 L6 active=wlan0 ch8  | prep wlan1 ch8  | BL=['7']
[TX  ->  *] bucket=9180 L6 active=wlan0 ch8  BL=['7']
[RX  <- A] bucket=9180  peer_BL=['7']  my_BL=['7']
[07:58:02] HOP bucket=9181 L6 active=wlan1 ch8  | prep wlan0 ch6  | BL=['7']
[TX  ->  *] bucket=9181 L6 active=wlan1 ch8  BL=['7']
[RX  <- A] bucket=9181  peer_BL=['7']  my_BL=['7']
[07:58:04] HOP bucket=9182 L6 active=wlan0 ch6  | prep wlan1 ch5  | BL=[]
[TX  ->  *] bucket=9182 L6 active=wlan0 ch6  BL=[]
[RX  <- A] bucket=9182  peer_BL=[]  my_BL=[]
[07:58:06] HOP bucket=9183 L6 active=wlan1 ch5  | prep wlan0 ch4  | BL=[]
[RX  <- A] bucket=9183  peer_BL=[]  my_BL=[]
[TX  ->  *] bucket=9183 L6 active=wlan1 ch5  BL=[]
[07:58:08] HOP bucket=9184 L6 active=wlan0 ch4  | prep wlan1 ch3  | BL=[]
[TX  ->  *] bucket=9184 L6 active=wlan0 ch4  BL=[]
[RX  <- A] bucket=9184  peer_BL=[]  my_BL=[]
[07:58:10] HOP bucket=9185 L6 active=wlan1 ch3  | prep wlan0 ch3  | BL=[]
[TX  ->  *] bucket=9185 L6 active=wlan1 ch3  BL=[]
[RX  <- A] bucket=9185  peer_BL=[]  my_BL=[]
[07:58:12] HOP bucket=9186 L6 active=wlan0 ch3  | prep wlan1 ch4  | BL=[]
[TX  ->  *] bucket=9186 L6 active=wlan0 ch3  BL=[]
[RX  <- A] bucket=9186  peer_BL=[]  my_BL=[]
[07:58:14] HOP bucket=9187 L6 active=wlan1 ch4  | prep wlan0 ch3  | BL=[]
[TX  ->  *] bucket=9187 L6 active=wlan1 ch4  BL=[]
[RX  <- A] bucket=9187  peer_BL=[]  my_BL=[]
[07:58:16] HOP bucket=9188 L6 active=wlan0 ch3  | prep wlan1 ch9  | BL=[]
[TX  ->  *] bucket=9188 L6 active=wlan0 ch3  BL=[]
[?? SOFT    ] bucket=9188 L6 active=wlan0 ch3  silent across 35 frames but egress_drops=0  (no tc evidence)
[07:58:18] HOP bucket=9189 L6 active=wlan1 ch9  | prep wlan0 ch5  | BL=[]
[TX  ->  *] bucket=9189 L6 active=wlan1 ch9  BL=[]
[RX  <- A] bucket=9189  peer_BL=[]  my_BL=[]
[07:58:20] HOP bucket=9190 L6 active=wlan0 ch5  | prep wlan1 ch8  | BL=[]
[TX  ->  *] bucket=9190 L6 active=wlan0 ch5  BL=[]
[RX  <- A] bucket=9190  peer_BL=[]  my_BL=[]
[07:58:22] HOP bucket=9191 L6 active=wlan1 ch8  | prep wlan0 ch4  | BL=[]
[RX  <- A] bucket=9191  peer_BL=[]  my_BL=[]
[TX  ->  *] bucket=9191 L6 active=wlan1 ch8  BL=[]
[07:58:24] HOP bucket=9192 L6 active=wlan0 ch4  | prep wlan1 ch7  | BL=[]
[RX  <- A] bucket=9192  peer_BL=[]  my_BL=[]
[TX  ->  *] bucket=9192 L6 active=wlan0 ch4  BL=[]
[07:58:26] HOP bucket=9193 L6 active=wlan1 ch7  | prep wlan0 ch5  | BL=[]
[TX  ->  *] bucket=9193 L6 active=wlan1 ch7  BL=[]
[!! JAMMED  ] bucket=9193 L6 active=wlan1 ch7  silent + egress_drops=38  -> BL until bucket=9223  BL=['7']
[07:58:28] HOP bucket=9194 L6 active=wlan0 ch5  | prep wlan1 ch5  | BL=['7']
[RX  <- A] bucket=9194  peer_BL=['7']  my_BL=['7']
[TX  ->  *] bucket=9194 L6 active=wlan0 ch5  BL=['7']
[07:58:30] HOP bucket=9195 L6 active=wlan1 ch5  | prep wlan0 ch8  | BL=['7']
[TX  ->  *] bucket=9195 L6 active=wlan1 ch5  BL=['7']
[RX  <- A] bucket=9195  peer_BL=['7']  my_BL=['7']
[07:58:32] HOP bucket=9196 L6 active=wlan0 ch8  | prep wlan1 ch5  | BL=['7']
[RX  <- A] bucket=9196  peer_BL=['7']  my_BL=['7']
[TX  ->  *] bucket=9196 L6 active=wlan0 ch8  BL=['7']
[07:58:34] HOP bucket=9197 L6 active=wlan1 ch5  | prep wlan0 ch5  | BL=['7']
[RX  <- A] bucket=9197  peer_BL=['7']  my_BL=['7']
[TX  ->  *] bucket=9197 L6 active=wlan1 ch5  BL=['7']
[07:58:36] HOP bucket=9198 L6 active=wlan0 ch5  | prep wlan1 ch10  | BL=['7']
[RX  <- A] bucket=9198  peer_BL=['7']  my_BL=['7']
[TX  ->  *] bucket=9198 L6 active=wlan0 ch5  BL=['7']
[07:58:38] HOP bucket=9199 L6 active=wlan1 ch10  | prep wlan0 ch8  | BL=['7']
[RX  <- A] bucket=9199  peer_BL=['7']  my_BL=['7']
[TX  ->  *] bucket=9199 L6 active=wlan1 ch10  BL=['7']
[07:58:40] HOP bucket=9200 L6 active=wlan0 ch8  | prep wlan1 ch5  | BL=['7']
[RX  <- A] bucket=9200  peer_BL=['7']  my_BL=['7']
[TX  ->  *] bucket=9200 L6 active=wlan0 ch8  BL=['7']
[07:58:42] HOP bucket=9201 L6 active=wlan1 ch5  | prep wlan0 ch3  | BL=['7']
[RX  <- A] bucket=9201  peer_BL=['7']  my_BL=['7']
[TX  ->  *] bucket=9201 L6 active=wlan1 ch5  BL=['7']
[07:58:44] HOP bucket=9202 L6 active=wlan0 ch3  | prep wlan1 ch4  | BL=['7']
[RX  <- A] bucket=9202  peer_BL=['7']  my_BL=['7']
[TX  ->  *] bucket=9202 L6 active=wlan0 ch3  BL=['7']
[07:58:46] HOP bucket=9203 L6 active=wlan1 ch4  | prep wlan0 ch5  | BL=['7']
[TX  ->  *] bucket=9203 L6 active=wlan1 ch4  BL=['7']
[RX  <- A] bucket=9203  peer_BL=['7']  my_BL=['7']
[07:58:48] HOP bucket=9204 L6 active=wlan0 ch5  | prep wlan1 ch8  | BL=['7']
[TX  ->  *] bucket=9204 L6 active=wlan0 ch5  BL=['7']
[RX  <- A] bucket=9204  peer_BL=['7']  my_BL=['7']
[07:58:50] HOP bucket=9205 L6 active=wlan1 ch8  | prep wlan0 ch9  | BL=['7']
[TX  ->  *] bucket=9205 L6 active=wlan1 ch8  BL=['7']
[RX  <- A] bucket=9205  peer_BL=['7']  my_BL=['7']
[07:58:52] HOP bucket=9206 L6 active=wlan0 ch9  | prep wlan1 ch5  | BL=['7']
[TX  ->  *] bucket=9206 L6 active=wlan0 ch9  BL=['7']
[RX  <- A] bucket=9206  peer_BL=['7']  my_BL=['7']
[07:58:54] HOP bucket=9207 L6 active=wlan1 ch5  | prep wlan0 ch4  | BL=['7']
[RX  <- A] bucket=9207  peer_BL=['7']  my_BL=['7']
[TX  ->  *] bucket=9207 L6 active=wlan1 ch5  BL=['7']
[07:58:56] HOP bucket=9208 L6 active=wlan0 ch4  | prep wlan1 ch8  | BL=['7']
[TX  ->  *] bucket=9208 L6 active=wlan0 ch4  BL=['7']
[RX  <- A] bucket=9208  peer_BL=['7']  my_BL=['7']
[07:58:58] HOP bucket=9209 L6 active=wlan1 ch8  | prep wlan0 ch3  | BL=['7']
[TX  ->  *] bucket=9209 L6 active=wlan1 ch8  BL=['7']
[RX  <- A] bucket=9209  peer_BL=['7']  my_BL=['7']
[07:59:00] HOP bucket=9210 L6 active=wlan0 ch3  | prep wlan1 ch8  | BL=['7']
[TX  ->  *] bucket=9210 L6 active=wlan0 ch3  BL=['7']
[RX  <- A] bucket=9210  peer_BL=['7']  my_BL=['7']
[07:59:02] HOP bucket=9211 L6 active=wlan1 ch8  | prep wlan0 ch10  | BL=['7']
[TX  ->  *] bucket=9211 L6 active=wlan1 ch8  BL=['7']
[!! JAMMED  ] bucket=9211 L6 active=wlan1 ch8  silent + egress_drops=73  -> BL until bucket=9241  BL=['7', '8']
[07:59:04] HOP bucket=9212 L6 active=wlan0 ch10  | prep wlan1 ch9  | BL=['7', '8']
[RX  <- A] bucket=9212  peer_BL=['7', '8']  my_BL=['7', '8']
[TX  ->  *] bucket=9212 L6 active=wlan0 ch10  BL=['7', '8']
[07:59:06] HOP bucket=9213 L6 active=wlan1 ch9  | prep wlan0 ch9  | BL=['7', '8']
[RX  <- A] bucket=9213  peer_BL=['7', '8']  my_BL=['7', '8']
[TX  ->  *] bucket=9213 L6 active=wlan1 ch9  BL=['7', '8']
[07:59:08] HOP bucket=9214 L6 active=wlan0 ch9  | prep wlan1 ch11  | BL=['7', '8']
[RX  <- A] bucket=9214  peer_BL=['7', '8']  my_BL=['7', '8']
[TX  ->  *] bucket=9214 L6 active=wlan0 ch9  BL=['7', '8']
[07:59:10] HOP bucket=9215 L6 active=wlan1 ch11  | prep wlan0 ch3  | BL=['7', '8']
[TX  ->  *] bucket=9215 L6 active=wlan1 ch11  BL=['7', '8']
[RX  <- A] bucket=9215  peer_BL=['7', '8']  my_BL=['7', '8']
[07:59:12] HOP bucket=9216 L6 active=wlan0 ch3  | prep wlan1 ch9  | BL=['7', '8']
[TX  ->  *] bucket=9216 L6 active=wlan0 ch3  BL=['7', '8']
[RX  <- A] bucket=9216  peer_BL=['7', '8']  my_BL=['7', '8']
[07:59:14] HOP bucket=9217 L6 active=wlan1 ch9  | prep wlan0 ch9  | BL=['7', '8']
[TX  ->  *] bucket=9217 L6 active=wlan1 ch9  BL=['7', '8']
[RX  <- A] bucket=9217  peer_BL=['7', '8']  my_BL=['7', '8']
[07:59:16] HOP bucket=9218 L6 active=wlan0 ch9  | prep wlan1 ch5  | BL=['7', '8']
[TX  ->  *] bucket=9218 L6 active=wlan0 ch9  BL=['7', '8']
[RX  <- A] bucket=9218  peer_BL=['7', '8']  my_BL=['7', '8']
[07:59:18] HOP bucket=9219 L6 active=wlan1 ch5  | prep wlan0 ch10  | BL=['7', '8']
[TX  ->  *] bucket=9219 L6 active=wlan1 ch5  BL=['7', '8']
[!! JAMMED  ] bucket=9219 L6 active=wlan1 ch5  silent + egress_drops=38  -> BL until bucket=9249  BL=['5', '7', '8']
[07:59:20] HOP bucket=9220 L6 active=wlan0 ch10  | prep wlan1 ch9  | BL=['5', '7', '8']
[TX  ->  *] bucket=9220 L6 active=wlan0 ch10  BL=['5', '7', '8']
[RX  <- A] bucket=9220  peer_BL=['7', '8', '5']  my_BL=['5', '7', '8']
[07:59:22] HOP bucket=9221 L6 active=wlan1 ch9  | prep wlan0 ch9  | BL=['5', '7', '8']
[TX  ->  *] bucket=9221 L6 active=wlan1 ch9  BL=['5', '7', '8']
[RX  <- A] bucket=9221  peer_BL=['7', '8', '5']  my_BL=['5', '7', '8']
[07:59:24] HOP bucket=9222 L6 active=wlan0 ch9  | prep wlan1 ch4  | BL=['5', '7', '8']
[TX  ->  *] bucket=9222 L6 active=wlan0 ch9  BL=['5', '7', '8']
[RX  <- A] bucket=9222  peer_BL=['7', '8', '5']  my_BL=['5', '7', '8']
[07:59:26] HOP bucket=9223 L6 active=wlan1 ch4  | prep wlan0 ch10  | BL=['5', '8']
[TX  ->  *] bucket=9223 L6 active=wlan1 ch4  BL=['5', '8']
[RX  <- A] bucket=9223  peer_BL=['8', '5']  my_BL=['5', '8']
[07:59:28] HOP bucket=9224 L6 active=wlan0 ch10  | prep wlan1 ch9  | BL=['5', '8']
[RX  <- A] bucket=9224  peer_BL=['8', '5']  my_BL=['5', '8']
[TX  ->  *] bucket=9224 L6 active=wlan0 ch10  BL=['5', '8']
[07:59:30] HOP bucket=9225 L6 active=wlan1 ch9  | prep wlan0 ch7  | BL=['5', '8']
[TX  ->  *] bucket=9225 L6 active=wlan1 ch9  BL=['5', '8']
[RX  <- A] bucket=9225  peer_BL=['8', '5']  my_BL=['5', '8']
[07:59:32] HOP bucket=9226 L6 active=wlan0 ch7  | prep wlan1 ch7  | BL=['5', '8']
[TX  ->  *] bucket=9226 L6 active=wlan0 ch7  BL=['5', '8']
[!! JAMMED  ] bucket=9226 L6 active=wlan0 ch7  silent + egress_drops=39  -> BL until bucket=9256  BL=['5', '7', '8']
[07:59:34] HOP bucket=9227 L6 active=wlan1 ch7  (LAG: totp_says=ch9, physical=ch7)  | prep wlan0 ch10  | BL=['5', '7', '8']
[TX  ->  *] bucket=9227 L6 active=wlan1 ch7  BL=['5', '7', '8']
[07:59:36] HOP bucket=9228 L6 active=wlan0 ch10  | prep wlan1 ch4  | BL=['5', '7', '8']
[TX  ->  *] bucket=9228 L6 active=wlan0 ch10  BL=['5', '7', '8']
[RX  <- A] bucket=9228  peer_BL=['8', '5', '7']  my_BL=['5', '7', '8']
[07:59:38] HOP bucket=9229 L6 active=wlan1 ch4  | prep wlan0 ch11  | BL=['5', '7', '8']
[TX  ->  *] bucket=9229 L6 active=wlan1 ch4  BL=['5', '7', '8']
[RX  <- A] bucket=9229  peer_BL=['8', '5', '7']  my_BL=['5', '7', '8']
[07:59:40] HOP bucket=9230 L6 active=wlan0 ch11  | prep wlan1 ch9  | BL=['5', '7', '8']
[RX  <- A] bucket=9230  peer_BL=['8', '5', '7']  my_BL=['5', '7', '8']
[TX  ->  *] bucket=9230 L6 active=wlan0 ch11  BL=['5', '7', '8']
[07:59:42] HOP bucket=9231 L6 active=wlan1 ch9  | prep wlan0 ch6  | BL=['5', '7', '8']
[TX  ->  *] bucket=9231 L6 active=wlan1 ch9  BL=['5', '7', '8']
[RX  <- A] bucket=9231  peer_BL=['8', '5', '7']  my_BL=['5', '7', '8']
[07:59:44] HOP bucket=9232 L6 active=wlan0 ch6  | prep wlan1 ch9  | BL=['5', '7', '8']
[RX  <- A] bucket=9232  peer_BL=['8', '5', '7']  my_BL=['5', '7', '8']
[TX  ->  *] bucket=9232 L6 active=wlan0 ch6  BL=['5', '7', '8']
[07:59:46] HOP bucket=9233 L6 active=wlan1 ch9  | prep wlan0 ch9  | BL=['5', '7', '8']
[TX  ->  *] bucket=9233 L6 active=wlan1 ch9  BL=['5', '7', '8']
[RX  <- A] bucket=9233  peer_BL=['8', '5', '7']  my_BL=['5', '7', '8']
[07:59:48] HOP bucket=9234 L6 active=wlan0 ch9  | prep wlan1 ch11  | BL=['5', '7', '8']
[TX  ->  *] bucket=9234 L6 active=wlan0 ch9  BL=['5', '7', '8']
[RX  <- A] bucket=9234  peer_BL=['8', '5', '7']  my_BL=['5', '7', '8']
[07:59:50] HOP bucket=9235 L6 active=wlan1 ch11  | prep wlan0 ch9  | BL=['5', '7', '8']
[TX  ->  *] bucket=9235 L6 active=wlan1 ch11  BL=['5', '7', '8']
[RX  <- A] bucket=9235  peer_BL=['8', '5', '7']  my_BL=['5', '7', '8']
[07:59:52] HOP bucket=9236 L6 active=wlan0 ch9  | prep wlan1 ch11  | BL=['5', '7', '8']
[TX  ->  *] bucket=9236 L6 active=wlan0 ch9  BL=['5', '7', '8']
[RX  <- A] bucket=9236  peer_BL=['8', '5', '7']  my_BL=['5', '7', '8']
[07:59:54] HOP bucket=9237 L6 active=wlan1 ch11  | prep wlan0 ch6  | BL=['5', '7', '8']
[TX  ->  *] bucket=9237 L6 active=wlan1 ch11  BL=['5', '7', '8']
[RX  <- A] bucket=9237  peer_BL=['8', '5', '7']  my_BL=['5', '7', '8']
[07:59:56] HOP bucket=9238 L6 active=wlan0 ch6  | prep wlan1 ch6  | BL=['5', '7', '8']
[RX  <- A] bucket=9238  peer_BL=['8', '5', '7']  my_BL=['5', '7', '8']
[TX  ->  *] bucket=9238 L6 active=wlan0 ch6  BL=['5', '7', '8']
[07:59:58] HOP bucket=9239 L6 active=wlan1 ch6  | prep wlan0 ch6  | BL=['5', '7', '8']
[TX  ->  *] bucket=9239 L6 active=wlan1 ch6  BL=['5', '7', '8']
[RX  <- A] bucket=9239  peer_BL=['8', '5', '7']  my_BL=['5', '7', '8']
[08:00:00] HOP bucket=9240 L6 active=wlan0 ch6  | prep wlan1 ch6  | BL=['5', '7', '8']
[RX  <- A] bucket=9240  peer_BL=['8', '5', '7']  my_BL=['5', '7', '8']
[TX  ->  *] bucket=9240 L6 active=wlan0 ch6  BL=['5', '7', '8']
[08:00:02] HOP bucket=9241 L6 active=wlan1 ch6  | prep wlan0 ch4  | BL=['5', '7']
[TX  ->  *] bucket=9241 L6 active=wlan1 ch6  BL=['5', '7']
[!! JAMMED  ] bucket=9241 L6 active=wlan1 ch6  silent + egress_drops=73  -> BL until bucket=9271  BL=['5', '6', '7']
[08:00:04] HOP bucket=9242 L6 active=wlan0 ch4  | prep wlan1 ch4  | BL=['5', '6', '7']
[TX  ->  *] bucket=9242 L6 active=wlan0 ch4  BL=['5', '6', '7']
[RX  <- A] bucket=9242  peer_BL=['5', '7', '6']  my_BL=['5', '6', '7']
[08:00:06] HOP bucket=9243 L6 active=wlan1 ch4  | prep wlan0 ch9  | BL=['5', '6', '7']
[TX  ->  *] bucket=9243 L6 active=wlan1 ch4  BL=['5', '6', '7']
[RX  <- A] bucket=9243  peer_BL=['5', '7', '6']  my_BL=['5', '6', '7']
[08:00:08] HOP bucket=9244 L6 active=wlan0 ch9  | prep wlan1 ch8  | BL=['5', '6', '7']
[TX  ->  *] bucket=9244 L6 active=wlan0 ch9  BL=['5', '6', '7']
[!! JAMMED  ] bucket=9244 L6 active=wlan0 ch9  silent + egress_drops=38  -> BL until bucket=9274  BL=['5', '6', '7', '9']
[08:00:10] HOP bucket=9245 L6 active=wlan1 ch8  | prep wlan0 ch8  | BL=['5', '6', '7', '9']
[TX  ->  *] bucket=9245 L6 active=wlan1 ch8  BL=['5', '6', '7', '9']
[?? SOFT    ] bucket=9245 L6 active=wlan1 ch8  silent across 35 frames but egress_drops=0  (no tc evidence)
[08:00:12] HOP bucket=9246 L6 active=wlan0 ch8  | prep wlan1 ch10  | BL=['5', '6', '7', '9']
[TX  ->  *] bucket=9246 L6 active=wlan0 ch8  BL=['5', '6', '7', '9']
[?? SOFT    ] bucket=9246 L6 active=wlan0 ch8  silent across 35 frames but egress_drops=0  (no tc evidence)
[08:00:14] HOP bucket=9247 L6 active=wlan1 ch10  | prep wlan0 ch10  | BL=['5', '6', '7', '9']
[TX  ->  *] bucket=9247 L6 active=wlan1 ch10  BL=['5', '6', '7', '9']
[RX  <- A] bucket=9247  peer_BL=['5', '7', '6', '8', '9']  my_BL=['5', '6', '7', '8', '9']
[<= MERGED  ] ch8 from peer's confirmed -> expires bucket=886260635
[08:00:16] HOP bucket=9248 L6 active=wlan0 ch10  | prep wlan1 ch10  | BL=['5', '6', '7', '8', '9']
[TX  ->  *] bucket=9248 L6 active=wlan0 ch10  BL=['5', '6', '7', '8', '9']
[RX  <- A] bucket=9248  peer_BL=['5', '7', '6', '8', '9']  my_BL=['5', '6', '7', '8', '9']
[08:00:18] HOP bucket=9249 L6 active=wlan1 ch10  | prep wlan0 ch5  | BL=['6', '7', '8', '9']
[TX  ->  *] bucket=9249 L6 active=wlan1 ch10  BL=['6', '7', '8', '9']
[RX  <- A] bucket=9249  peer_BL=['7', '6', '8', '9']  my_BL=['6', '7', '8', '9']
[08:00:20] HOP bucket=9250 L6 active=wlan0 ch5  | prep wlan1 ch10  | BL=['6', '7', '8', '9']
[TX  ->  *] bucket=9250 L6 active=wlan0 ch5  BL=['6', '7', '8', '9']
[?? SOFT    ] bucket=9250 L6 active=wlan0 ch5  silent across 35 frames but egress_drops=0  (no tc evidence)
[08:00:22] HOP bucket=9251 L6 active=wlan1 ch10  | prep wlan0 ch10  | BL=['6', '7', '8', '9']
[TX  ->  *] bucket=9251 L6 active=wlan1 ch10  BL=['6', '7', '8', '9']
[RX  <- A] bucket=9251  peer_BL=['7', '6', '8', '9', '5']  my_BL=['5', '6', '7', '8', '9']
[<= MERGED  ] ch5 from peer's confirmed -> expires bucket=886260640
[08:00:24] HOP bucket=9252 L6 active=wlan0 ch10  | prep wlan1 ch10  | BL=['5', '6', '7', '8', '9']
[TX  ->  *] bucket=9252 L6 active=wlan0 ch10  BL=['5', '6', '7', '8', '9']
[RX  <- A] bucket=9252  peer_BL=['7', '6', '8', '9', '5']  my_BL=['5', '6', '7', '8', '9']
[08:00:26] HOP bucket=9253 L6 active=wlan1 ch10  | prep wlan0 ch4  | BL=['5', '6', '7', '8', '9']
[TX  ->  *] bucket=9253 L6 active=wlan1 ch10  BL=['5', '6', '7', '8', '9']
[RX  <- A] bucket=9253  peer_BL=['7', '6', '8', '9', '5']  my_BL=['5', '6', '7', '8', '9']
[08:00:28] HOP bucket=9254 L6 active=wlan0 ch4  | prep wlan1 ch10  | BL=['5', '6', '7', '8', '9']
[RX  <- A] bucket=9254  peer_BL=['7', '6', '8', '9', '5']  my_BL=['5', '6', '7', '8', '9']
[TX  ->  *] bucket=9254 L6 active=wlan0 ch4  BL=['5', '6', '7', '8', '9']
[RX  <- A] bucket=9253  peer_BL=['7', '6', '8', '9', '5']  my_BL=['5', '6', '7', '8', '9']
[RX  <- A] bucket=9254  peer_BL=['7', '6', '8', '9', '5']  my_BL=['5', '6', '7', '8', '9']
[RX  <- A] bucket=9253  peer_BL=['7', '6', '8', '9', '5']  my_BL=['5', '6', '7', '8', '9']
[RX  <- A] bucket=9254  peer_BL=['7', '6', '8', '9', '5']  my_BL=['5', '6', '7', '8', '9']
[RX  <- A] bucket=9253  peer_BL=['7', '6', '8', '9', '5']  my_BL=['5', '6', '7', '8', '9']
[RX  <- A] bucket=9254  peer_BL=['7', '6', '8', '9', '5']  my_BL=['5', '6', '7', '8', '9']
[RX  <- A] bucket=9253  peer_BL=['7', '6', '8', '9', '5']  my_BL=['5', '6', '7', '8', '9']
[RX  <- A] bucket=9254  peer_BL=['7', '6', '8', '9', '5']  my_BL=['5', '6', '7', '8', '9']
[RX  <- A] bucket=9253  peer_BL=['7', '6', '8', '9', '5']  my_BL=['5', '6', '7', '8', '9']
[RX  <- A] bucket=9254  peer_BL=['7', '6', '8', '9', '5']  my_BL=['5', '6', '7', '8', '9']
[RX  <- A] bucket=9253  peer_BL=['7', '6', '8', '9', '5']  my_BL=['5', '6', '7', '8', '9']
[RX  <- A] bucket=9254  peer_BL=['7', '6', '8', '9', '5']  my_BL=['5', '6', '7', '8', '9']
[08:00:30] HOP bucket=9255 L6 active=wlan1 ch10  | prep wlan0 ch10  | BL=['5', '6', '7', '8', '9']
[TX  ->  *] bucket=9255 L6 active=wlan1 ch10  BL=['5', '6', '7', '8', '9']
[RX  <- A] bucket=9255  peer_BL=['7', '6', '8', '9', '5']  my_BL=['5', '6', '7', '8', '9']
[08:00:32] HOP bucket=9256 L6 active=wlan0 ch10  | prep wlan1 ch7  | BL=['5', '6', '8', '9']
[TX  ->  *] bucket=9256 L6 active=wlan0 ch10  BL=['5', '6', '8', '9']
[?? SOFT    ] bucket=9256 L6 active=wlan0 ch10  silent across 35 frames but egress_drops=0  (no tc evidence)
[08:00:34] HOP bucket=9257 L6 active=wlan1 ch7  | prep wlan0 ch7  | BL=['5', '6', '8', '9']
[TX  ->  *] bucket=9257 L6 active=wlan1 ch7  BL=['5', '6', '8', '9']
[!! JAMMED  ] bucket=9257 L6 active=wlan1 ch7  silent + egress_drops=38  -> BL until bucket=9287  BL=['5', '6', '7', '8', '9']
[08:00:36] HOP bucket=9258 L6 active=wlan0 ch7  (LAG: totp_says=ch10, physical=ch7)  | prep wlan1 ch10  | BL=['5', '6', '7', '8', '9']
[TX  ->  *] bucket=9258 L6 active=wlan0 ch7  BL=['5', '6', '7', '8', '9']
[08:00:38] HOP bucket=9259 L6 active=wlan1 ch10  | prep wlan0 ch4  | BL=['5', '6', '7', '8', '9']
[RX  <- A] bucket=9259  peer_BL=['6', '8', '9', '5', '7']  my_BL=['5', '6', '7', '8', '9']
[TX  ->  *] bucket=9259 L6 active=wlan1 ch10  BL=['5', '6', '7', '8', '9']
[08:00:40] HOP bucket=9260 L6 active=wlan0 ch4  | prep wlan1 ch10  | BL=['5', '6', '7', '8', '9']
[TX  ->  *] bucket=9260 L6 active=wlan0 ch4  BL=['5', '6', '7', '8', '9']
[RX  <- A] bucket=9260  peer_BL=['6', '8', '9', '5', '7']  my_BL=['5', '6', '7', '8', '9']
[08:00:42] HOP bucket=9261 L6 active=wlan1 ch10  | prep wlan0 ch3  | BL=['5', '6', '7', '8', '9']
[RX  <- A] bucket=9261  peer_BL=['6', '8', '9', '5', '7']  my_BL=['5', '6', '7', '8', '9']
[TX  ->  *] bucket=9261 L6 active=wlan1 ch10  BL=['5', '6', '7', '8', '9']
[08:00:44] HOP bucket=9262 L6 active=wlan0 ch3  | prep wlan1 ch3  | BL=['5', '6', '7', '8', '9']
[RX  <- A] bucket=9262  peer_BL=['6', '8', '9', '5', '7']  my_BL=['5', '6', '7', '8', '9']
[TX  ->  *] bucket=9262 L6 active=wlan0 ch3  BL=['5', '6', '7', '8', '9']
[08:00:46] HOP bucket=9263 L6 active=wlan1 ch3  | prep wlan0 ch10  | BL=['5', '6', '7', '8', '9']
[TX  ->  *] bucket=9263 L6 active=wlan1 ch3  BL=['5', '6', '7', '8', '9']
[RX  <- A] bucket=9263  peer_BL=['6', '8', '9', '5', '7']  my_BL=['5', '6', '7', '8', '9']
[08:00:48] HOP bucket=9264 L6 active=wlan0 ch10  | prep wlan1 ch10  | BL=['5', '6', '7', '8', '9']
[RX  <- A] bucket=9264  peer_BL=['6', '8', '9', '5', '7']  my_BL=['5', '6', '7', '8', '9']
[TX  ->  *] bucket=9264 L6 active=wlan0 ch10  BL=['5', '6', '7', '8', '9']
[08:00:50] HOP bucket=9265 L6 active=wlan1 ch10  | prep wlan0 ch10  | BL=['5', '6', '7', '8', '9']
[TX  ->  *] bucket=9265 L6 active=wlan1 ch10  BL=['5', '6', '7', '8', '9']
[RX  <- A] bucket=9265  peer_BL=['6', '8', '9', '5', '7']  my_BL=['5', '6', '7', '8', '9']
[08:00:52] HOP bucket=9266 L6 active=wlan0 ch10  | prep wlan1 ch10  | BL=['5', '6', '7', '8', '9']
[TX  ->  *] bucket=9266 L6 active=wlan0 ch10  BL=['5', '6', '7', '8', '9']
[RX  <- A] bucket=9266  peer_BL=['6', '8', '9', '5', '7']  my_BL=['5', '6', '7', '8', '9']
[08:00:54] HOP bucket=9267 L6 active=wlan1 ch10  | prep wlan0 ch10  | BL=['5', '6', '7', '8', '9']
[TX  ->  *] bucket=9267 L6 active=wlan1 ch10  BL=['5', '6', '7', '8', '9']
[RX  <- A] bucket=9267  peer_BL=['6', '8', '9', '5', '7']  my_BL=['5', '6', '7', '8', '9']
[08:00:56] HOP bucket=9268 L6 active=wlan0 ch10  | prep wlan1 ch4  | BL=['5', '6', '7', '8', '9']
[TX  ->  *] bucket=9268 L6 active=wlan0 ch10  BL=['5', '6', '7', '8', '9']
[RX  <- A] bucket=9268  peer_BL=['6', '8', '9', '5', '7']  my_BL=['5', '6', '7', '8', '9']
[08:00:58] HOP bucket=9269 L6 active=wlan1 ch4  | prep wlan0 ch10  | BL=['5', '6', '7', '8', '9']
[TX  ->  *] bucket=9269 L6 active=wlan1 ch4  BL=['5', '6', '7', '8', '9']
[RX  <- A] bucket=9269  peer_BL=['6', '8', '9', '5', '7']  my_BL=['5', '6', '7', '8', '9']
[08:01:00] HOP bucket=9270 L6 active=wlan0 ch10  | prep wlan1 ch10  | BL=['5', '6', '7', '8', '9']
[TX  ->  *] bucket=9270 L6 active=wlan0 ch10  BL=['5', '6', '7', '8', '9']
[RX  <- A] bucket=9270  peer_BL=['6', '8', '9', '5', '7']  my_BL=['5', '6', '7', '8', '9']
[08:01:02] HOP bucket=9271 L6 active=wlan1 ch10  | prep wlan0 ch3  | BL=['5', '7', '8', '9']
[TX  ->  *] bucket=9271 L6 active=wlan1 ch10  BL=['5', '7', '8', '9']
[RX  <- A] bucket=9271  peer_BL=['8', '9', '5', '7']  my_BL=['5', '7', '8', '9']
[08:01:04] HOP bucket=9272 L6 active=wlan0 ch3  | prep wlan1 ch10  | BL=['5', '7', '8', '9']
[TX  ->  *] bucket=9272 L6 active=wlan0 ch3  BL=['5', '7', '8', '9']
[RX  <- A] bucket=9272  peer_BL=['8', '9', '5', '7']  my_BL=['5', '7', '8', '9']
[08:01:06] HOP bucket=9273 L6 active=wlan1 ch10  | prep wlan0 ch4  | BL=['5', '7', '8', '9']
[TX  ->  *] bucket=9273 L6 active=wlan1 ch10  BL=['5', '7', '8', '9']
[RX  <- A] bucket=9273  peer_BL=['8', '9', '5', '7']  my_BL=['5', '7', '8', '9']
[08:01:08] HOP bucket=9274 L6 active=wlan0 ch4  | prep wlan1 ch6  | BL=['5', '7', '8']
[TX  ->  *] bucket=9274 L6 active=wlan0 ch4  BL=['5', '7', '8']
[RX  <- A] bucket=9274  peer_BL=['8', '5', '7']  my_BL=['5', '7', '8']
[08:01:10] HOP bucket=9275 L6 active=wlan1 ch6  | prep wlan0 ch10  | BL=['5', '7']
[TX  ->  *] bucket=9275 L6 active=wlan1 ch6  BL=['5', '7']
[RX  <- A] bucket=9275  peer_BL=['5', '7']  my_BL=['5', '7']
[08:01:12] HOP bucket=9276 L6 active=wlan0 ch10  | prep wlan1 ch10  | BL=['5', '7']
[TX  ->  *] bucket=9276 L6 active=wlan0 ch10  BL=['5', '7']
[RX  <- A] bucket=9276  peer_BL=['5', '7']  my_BL=['5', '7']
[08:01:14] HOP bucket=9277 L6 active=wlan1 ch10  | prep wlan0 ch10  | BL=['5', '7']
[RX  <- A] bucket=9277  peer_BL=['5', '7']  my_BL=['5', '7']
[TX  ->  *] bucket=9277 L6 active=wlan1 ch10  BL=['5', '7']
[08:01:16] HOP bucket=9278 L6 active=wlan0 ch10  | prep wlan1 ch6  | BL=['5', '7']
[RX  <- A] bucket=9278  peer_BL=['5', '7']  my_BL=['5', '7']
[TX  ->  *] bucket=9278 L6 active=wlan0 ch10  BL=['5', '7']
[08:01:18] HOP bucket=9279 L6 active=wlan1 ch6  | prep wlan0 ch11  | BL=['5', '7']
[TX  ->  *] bucket=9279 L6 active=wlan1 ch6  BL=['5', '7']
[RX  <- A] bucket=9279  peer_BL=['5', '7']  my_BL=['5', '7']
[08:01:20] HOP bucket=9280 L6 active=wlan0 ch11  | prep wlan1 ch8  | BL=['7']
[RX  <- A] bucket=9280  peer_BL=['7']  my_BL=['7']
[TX  ->  *] bucket=9280 L6 active=wlan0 ch11  BL=['7']
[08:01:22] HOP bucket=9281 L6 active=wlan1 ch8  | prep wlan0 ch11  | BL=['7']
[TX  ->  *] bucket=9281 L6 active=wlan1 ch8  BL=['7']
[RX  <- A] bucket=9281  peer_BL=['7']  my_BL=['7']
[08:01:24] HOP bucket=9282 L6 active=wlan0 ch11  | prep wlan1 ch10  | BL=['7']
[RX  <- A] bucket=9282  peer_BL=['7']  my_BL=['7']
[TX  ->  *] bucket=9282 L6 active=wlan0 ch11  BL=['7']
[08:01:26] HOP bucket=9283 L6 active=wlan1 ch10  | prep wlan0 ch6  | BL=['7']
[TX  ->  *] bucket=9283 L6 active=wlan1 ch10  BL=['7']
[RX  <- A] bucket=9283  peer_BL=['7']  my_BL=['7']
[08:01:28] HOP bucket=9284 L6 active=wlan0 ch6  | prep wlan1 ch8  | BL=['7']
[TX  ->  *] bucket=9284 L6 active=wlan0 ch6  BL=['7']
[RX  <- A] bucket=9284  peer_BL=['7']  my_BL=['7']
[08:01:30] HOP bucket=9285 L6 active=wlan1 ch8  | prep wlan0 ch11  | BL=['7']
[TX  ->  *] bucket=9285 L6 active=wlan1 ch8  BL=['7']
[RX  <- A] bucket=9285  peer_BL=['7']  my_BL=['7']
[08:01:32] HOP bucket=9286 L6 active=wlan0 ch11  | prep wlan1 ch6  | BL=['7']
[RX  <- A] bucket=9286  peer_BL=['7']  my_BL=['7']
[TX  ->  *] bucket=9286 L6 active=wlan0 ch11  BL=['7']
[08:01:34] HOP bucket=9287 L6 active=wlan1 ch6  | prep wlan0 ch11  | BL=[]
[RX  <- A] bucket=9287  peer_BL=[]  my_BL=[]
[TX  ->  *] bucket=9287 L6 active=wlan1 ch6  BL=[]
[08:01:36] HOP bucket=9288 L6 active=wlan0 ch11  | prep wlan1 ch6  | BL=[]
[TX  ->  *] bucket=9288 L6 active=wlan0 ch11  BL=[]
[RX  <- A] bucket=9288  peer_BL=[]  my_BL=[]
[08:01:38] HOP bucket=9289 L6 active=wlan1 ch6  | prep wlan0 ch3  | BL=[]
[TX  ->  *] bucket=9289 L6 active=wlan1 ch6  BL=[]
[RX  <- A] bucket=9289  peer_BL=[]  my_BL=[]
[08:01:40] HOP bucket=9290 L6 active=wlan0 ch3  | prep wlan1 ch6  | BL=[]
[TX  ->  *] bucket=9290 L6 active=wlan0 ch3  BL=[]
[RX  <- A] bucket=9290  peer_BL=[]  my_BL=[]
[08:01:42] HOP bucket=9291 L6 active=wlan1 ch6  | prep wlan0 ch9  | BL=[]
[RX  <- A] bucket=9291  peer_BL=[]  my_BL=[]
[TX  ->  *] bucket=9291 L6 active=wlan1 ch6  BL=[]
[08:01:44] HOP bucket=9292 L6 active=wlan0 ch9  | prep wlan1 ch8  | BL=[]
[RX  <- A] bucket=9292  peer_BL=[]  my_BL=[]
[TX  ->  *] bucket=9292 L6 active=wlan0 ch9  BL=[]
[08:01:46] HOP bucket=9293 L6 active=wlan1 ch8  | prep wlan0 ch11  | BL=[]
[TX  ->  *] bucket=9293 L6 active=wlan1 ch8  BL=[]
[RX  <- A] bucket=9293  peer_BL=[]  my_BL=[]
[08:01:48] HOP bucket=9294 L6 active=wlan0 ch11  | prep wlan1 ch4  | BL=[]
[TX  ->  *] bucket=9294 L6 active=wlan0 ch11  BL=[]
[RX  <- A] bucket=9294  peer_BL=[]  my_BL=[]
[08:01:50] HOP bucket=9295 L6 active=wlan1 ch4  | prep wlan0 ch5  | BL=[]
[TX  ->  *] bucket=9295 L6 active=wlan1 ch4  BL=[]
[RX  <- A] bucket=9295  peer_BL=[]  my_BL=[]
[08:01:52] HOP bucket=9296 L6 active=wlan0 ch5  | prep wlan1 ch6  | BL=[]
[TX  ->  *] bucket=9296 L6 active=wlan0 ch5  BL=[]
[RX  <- A] bucket=9296  peer_BL=[]  my_BL=[]
[08:01:54] HOP bucket=9297 L6 active=wlan1 ch6  | prep wlan0 ch11  | BL=[]
[TX  ->  *] bucket=9297 L6 active=wlan1 ch6  BL=[]
[RX  <- A] bucket=9297  peer_BL=[]  my_BL=[]
[08:01:56] HOP bucket=9298 L6 active=wlan0 ch11  | prep wlan1 ch4  | BL=[]
[TX  ->  *] bucket=9298 L6 active=wlan0 ch11  BL=[]
[RX  <- A] bucket=9298  peer_BL=[]  my_BL=[]
[08:01:58] HOP bucket=9299 L6 active=wlan1 ch4  | prep wlan0 ch9  | BL=[]
[TX  ->  *] bucket=9299 L6 active=wlan1 ch4  BL=[]
[RX  <- A] bucket=9299  peer_BL=[]  my_BL=[]
[08:02:00] HOP bucket=9300 L6 active=wlan0 ch9  | prep wlan1 ch6  | BL=[]
[TX  ->  *] bucket=9300 L6 active=wlan0 ch9  BL=[]
[RX  <- A] bucket=9300  peer_BL=[]  my_BL=[]
[08:02:02] HOP bucket=9301 L6 active=wlan1 ch6  | prep wlan0 ch5  | BL=[]
[TX  ->  *] bucket=9301 L6 active=wlan1 ch6  BL=[]
[RX  <- A] bucket=9301  peer_BL=[]  my_BL=[]
[08:02:04] HOP bucket=9302 L6 active=wlan0 ch5  | prep wlan1 ch10  | BL=[]
[RX  <- A] bucket=9302  peer_BL=[]  my_BL=[]
[TX  ->  *] bucket=9302 L6 active=wlan0 ch5  BL=[]
[08:02:06] HOP bucket=9303 L6 active=wlan1 ch10  | prep wlan0 ch4  | BL=[]
[RX  <- A] bucket=9303  peer_BL=[]  my_BL=[]
[TX  ->  *] bucket=9303 L6 active=wlan1 ch10  BL=[]
[08:02:08] HOP bucket=9304 L6 active=wlan0 ch4  | prep wlan1 ch6  | BL=[]
[TX  ->  *] bucket=9304 L6 active=wlan0 ch4  BL=[]
[RX  <- A] bucket=9304  peer_BL=[]  my_BL=[]
[08:02:10] HOP bucket=9305 L6 active=wlan1 ch6  | prep wlan0 ch10  | BL=[]
[TX  ->  *] bucket=9305 L6 active=wlan1 ch6  BL=[]
[RX  <- A] bucket=9305  peer_BL=[]  my_BL=[]
[08:02:12] HOP bucket=9306 L6 active=wlan0 ch10  | prep wlan1 ch4  | BL=[]
[RX  <- A] bucket=9306  peer_BL=[]  my_BL=[]
[TX  ->  *] bucket=9306 L6 active=wlan0 ch10  BL=[]
[08:02:14] HOP bucket=9307 L6 active=wlan1 ch4  | prep wlan0 ch3  | BL=[]
[TX  ->  *] bucket=9307 L6 active=wlan1 ch4  BL=[]
[RX  <- A] bucket=9307  peer_BL=[]  my_BL=[]
[08:02:16] HOP bucket=9308 L6 active=wlan0 ch3  | prep wlan1 ch5  | BL=[]
[TX  ->  *] bucket=9308 L6 active=wlan0 ch3  BL=[]
[!! JAMMED  ] bucket=9308 L6 active=wlan0 ch3  silent + egress_drops=39  -> BL until bucket=9338  BL=['3']
[08:02:18] HOP bucket=9309 L6 active=wlan1 ch5  | prep wlan0 ch5  | BL=['3']
[TX  ->  *] bucket=9309 L6 active=wlan1 ch5  BL=['3']
[RX  <- A] bucket=9309  peer_BL=['3']  my_BL=['3']
[08:02:20] HOP bucket=9310 L6 active=wlan0 ch5  | prep wlan1 ch7  | BL=['3']
[TX  ->  *] bucket=9310 L6 active=wlan0 ch5  BL=['3']
[RX  <- A] bucket=9310  peer_BL=['3']  my_BL=['3']
[08:02:22] HOP bucket=9311 L6 active=wlan1 ch7  | prep wlan0 ch7  | BL=['3']
[TX  ->  *] bucket=9311 L6 active=wlan1 ch7  BL=['3']
[RX  <- A] bucket=9311  peer_BL=['3']  my_BL=['3']
[08:02:24] HOP bucket=9312 L6 active=wlan0 ch7  | prep wlan1 ch9  | BL=['3']
[TX  ->  *] bucket=9312 L6 active=wlan0 ch7  BL=['3']
[RX  <- A] bucket=9312  peer_BL=['3']  my_BL=['3']
[08:02:26] HOP bucket=9313 L6 active=wlan1 ch9  | prep wlan0 ch8  | BL=['3']
[RX  <- A] bucket=9313  peer_BL=['3']  my_BL=['3']
[TX  ->  *] bucket=9313 L6 active=wlan1 ch9  BL=['3']
[08:02:28] HOP bucket=9314 L6 active=wlan0 ch8  | prep wlan1 ch8  | BL=['3']
[RX  <- A] bucket=9314  peer_BL=['3']  my_BL=['3']
[TX  ->  *] bucket=9314 L6 active=wlan0 ch8  BL=['3']
[08:02:30] HOP bucket=9315 L6 active=wlan1 ch8  | prep wlan0 ch4  | BL=['3']
[TX  ->  *] bucket=9315 L6 active=wlan1 ch8  BL=['3']
[RX  <- A] bucket=9315  peer_BL=['3']  my_BL=['3']
[08:02:32] HOP bucket=9316 L6 active=wlan0 ch4  | prep wlan1 ch10  | BL=['3']
[RX  <- A] bucket=9316  peer_BL=['3']  my_BL=['3']
[TX  ->  *] bucket=9316 L6 active=wlan0 ch4  BL=['3']
[08:02:34] HOP bucket=9317 L6 active=wlan1 ch10  | prep wlan0 ch5  | BL=['3']
[TX  ->  *] bucket=9317 L6 active=wlan1 ch10  BL=['3']
[RX  <- A] bucket=9317  peer_BL=['3']  my_BL=['3']
[08:02:36] HOP bucket=9318 L6 active=wlan0 ch5  | prep wlan1 ch7  | BL=['3']
[RX  <- A] bucket=9318  peer_BL=['3']  my_BL=['3']
[TX  ->  *] bucket=9318 L6 active=wlan0 ch5  BL=['3']
[08:02:38] HOP bucket=9319 L6 active=wlan1 ch7  | prep wlan0 ch8  | BL=['3']
[RX  <- A] bucket=9319  peer_BL=['3']  my_BL=['3']
[TX  ->  *] bucket=9319 L6 active=wlan1 ch7  BL=['3']
[08:02:40] HOP bucket=9320 L6 active=wlan0 ch8  | prep wlan1 ch11  | BL=['3']
[RX  <- A] bucket=9320  peer_BL=['3']  my_BL=['3']
[TX  ->  *] bucket=9320 L6 active=wlan0 ch8  BL=['3']
[08:02:42] HOP bucket=9321 L6 active=wlan1 ch11  | prep wlan0 ch5  | BL=['3']
[TX  ->  *] bucket=9321 L6 active=wlan1 ch11  BL=['3']
[RX  <- A] bucket=9321  peer_BL=['3']  my_BL=['3']
[08:02:44] HOP bucket=9322 L6 active=wlan0 ch5  | prep wlan1 ch8  | BL=['3']
[TX  ->  *] bucket=9322 L6 active=wlan0 ch5  BL=['3']
[RX  <- A] bucket=9322  peer_BL=['3']  my_BL=['3']
[08:02:46] HOP bucket=9323 L6 active=wlan1 ch8  | prep wlan0 ch5  | BL=['3']
[RX  <- A] bucket=9323  peer_BL=['3']  my_BL=['3']
[TX  ->  *] bucket=9323 L6 active=wlan1 ch8  BL=['3']
[08:02:48] HOP bucket=9324 L6 active=wlan0 ch5  | prep wlan1 ch9  | BL=['3']
[RX  <- A] bucket=9324  peer_BL=['3']  my_BL=['3']
[TX  ->  *] bucket=9324 L6 active=wlan0 ch5  BL=['3']
[08:02:50] HOP bucket=9325 L6 active=wlan1 ch9  | prep wlan0 ch8  | BL=['3']
[TX  ->  *] bucket=9325 L6 active=wlan1 ch9  BL=['3']
[RX  <- A] bucket=9325  peer_BL=['3']  my_BL=['3']
[08:02:52] HOP bucket=9326 L6 active=wlan0 ch8  | prep wlan1 ch10  | BL=['3']
[TX  ->  *] bucket=9326 L6 active=wlan0 ch8  BL=['3']
[RX  <- A] bucket=9326  peer_BL=['3']  my_BL=['3']
[08:02:54] HOP bucket=9327 L6 active=wlan1 ch10  | prep wlan0 ch9  | BL=['3']
[TX  ->  *] bucket=9327 L6 active=wlan1 ch10  BL=['3']
[RX  <- A] bucket=9327  peer_BL=['3']  my_BL=['3']
[08:02:56] HOP bucket=9328 L6 active=wlan0 ch9  | prep wlan1 ch5  | BL=['3']
[RX  <- A] bucket=9328  peer_BL=['3']  my_BL=['3']
[TX  ->  *] bucket=9328 L6 active=wlan0 ch9  BL=['3']
[08:02:58] HOP bucket=9329 L6 active=wlan1 ch5  | prep wlan0 ch6  | BL=['3']
[TX  ->  *] bucket=9329 L6 active=wlan1 ch5  BL=['3']
[RX  <- A] bucket=9329  peer_BL=['3']  my_BL=['3']
[08:03:00] HOP bucket=9330 L6 active=wlan0 ch6  | prep wlan1 ch8  | BL=['3']
[RX  <- A] bucket=9330  peer_BL=['3']  my_BL=['3']
[TX  ->  *] bucket=9330 L6 active=wlan0 ch6  BL=['3']
[08:03:02] HOP bucket=9331 L6 active=wlan1 ch8  | prep wlan0 ch10  | BL=['3']
[TX  ->  *] bucket=9331 L6 active=wlan1 ch8  BL=['3']
[RX  <- A] bucket=9331  peer_BL=['3']  my_BL=['3']
[08:03:04] HOP bucket=9332 L6 active=wlan0 ch10  | prep wlan1 ch4  | BL=['3']
[RX  <- A] bucket=9332  peer_BL=['3']  my_BL=['3']
[TX  ->  *] bucket=9332 L6 active=wlan0 ch10  BL=['3']
[08:03:06] HOP bucket=9333 L6 active=wlan1 ch4  | prep wlan0 ch10  | BL=['3']
[TX  ->  *] bucket=9333 L6 active=wlan1 ch4  BL=['3']
[?? SOFT    ] bucket=9333 L6 active=wlan1 ch4  silent across 35 frames but egress_drops=0  (no tc evidence)
[08:03:08] HOP bucket=9334 L6 active=wlan0 ch10  | prep wlan1 ch4  | BL=['3']
[TX  ->  *] bucket=9334 L6 active=wlan0 ch10  BL=['3']
[RX  <- A] bucket=9334  peer_BL=['3', '4']  my_BL=['3', '4']
[<= MERGED  ] ch4 from peer's confirmed -> expires bucket=886260723
[08:03:10] HOP bucket=9335 L6 active=wlan1 ch4  (LAG: totp_says=ch5, physical=ch4)  | prep wlan0 ch10  | BL=['3', '4']
[TX  ->  *] bucket=9335 L6 active=wlan1 ch4  BL=['3', '4']
[RX  <- A] bucket=9335  peer_BL=['3', '4']  my_BL=['3', '4']
[08:03:12] HOP bucket=9336 L6 active=wlan0 ch10  | prep wlan1 ch9  | BL=['3', '4']
[TX  ->  *] bucket=9336 L6 active=wlan0 ch10  BL=['3', '4']
[RX  <- A] bucket=9336  peer_BL=['3', '4']  my_BL=['3', '4']
[08:03:14] HOP bucket=9337 L6 active=wlan1 ch9  | prep wlan0 ch7  | BL=['3', '4']
[TX  ->  *] bucket=9337 L6 active=wlan1 ch9  BL=['3', '4']
[RX  <- A] bucket=9337  peer_BL=['3', '4']  my_BL=['3', '4']
[08:03:16] HOP bucket=9338 L6 active=wlan0 ch7  | prep wlan1 ch8  | BL=['4']
[RX  <- A] bucket=9338  peer_BL=['4']  my_BL=['4']
[TX  ->  *] bucket=9338 L6 active=wlan0 ch7  BL=['4']
[08:03:18] HOP bucket=9339 L6 active=wlan1 ch8  | prep wlan0 ch8  | BL=['4']
[RX  <- A] bucket=9339  peer_BL=['4']  my_BL=['4']
[TX  ->  *] bucket=9339 L6 active=wlan1 ch8  BL=['4']
[08:03:20] HOP bucket=9340 L6 active=wlan0 ch8  | prep wlan1 ch11  | BL=['4']
[RX  <- A] bucket=9340  peer_BL=['4']  my_BL=['4']
[TX  ->  *] bucket=9340 L6 active=wlan0 ch8  BL=['4']
[08:03:22] HOP bucket=9341 L6 active=wlan1 ch11  | prep wlan0 ch8  | BL=['4']
[TX  ->  *] bucket=9341 L6 active=wlan1 ch11  BL=['4']
[RX  <- A] bucket=9341  peer_BL=['4']  my_BL=['4']
[08:03:24] HOP bucket=9342 L6 active=wlan0 ch8  | prep wlan1 ch7  | BL=['4']
[RX  <- A] bucket=9342  peer_BL=['4']  my_BL=['4']
[TX  ->  *] bucket=9342 L6 active=wlan0 ch8  BL=['4']
[08:03:26] HOP bucket=9343 L6 active=wlan1 ch7  | prep wlan0 ch3  | BL=['4']
[TX  ->  *] bucket=9343 L6 active=wlan1 ch7  BL=['4']
[RX  <- A] bucket=9343  peer_BL=['4']  my_BL=['4']
[08:03:28] HOP bucket=9344 L6 active=wlan0 ch3  | prep wlan1 ch6  | BL=['4']
[TX  ->  *] bucket=9344 L6 active=wlan0 ch3  BL=['4']
[!! JAMMED  ] bucket=9344 L6 active=wlan0 ch3  silent + egress_drops=38  -> BL until bucket=9374  BL=['3', '4']
[08:03:30] HOP bucket=9345 L6 active=wlan1 ch6  | prep wlan0 ch5  | BL=['3', '4']
[TX  ->  *] bucket=9345 L6 active=wlan1 ch6  BL=['3', '4']
[RX  <- A] bucket=9345  peer_BL=['4', '3']  my_BL=['3', '4']
[08:03:32] HOP bucket=9346 L6 active=wlan0 ch5  | prep wlan1 ch11  | BL=['3', '4']
[TX  ->  *] bucket=9346 L6 active=wlan0 ch5  BL=['3', '4']
[!! JAMMED  ] bucket=9346 L6 active=wlan0 ch5  silent + egress_drops=77  -> BL until bucket=9376  BL=['3', '4', '5']
[08:03:34] HOP bucket=9347 L6 active=wlan1 ch11  | prep wlan0 ch6  | BL=['3', '4', '5']
[RX  <- A] bucket=9347  peer_BL=['4', '3']  my_BL=['3', '4', '5']
[TX  ->  *] bucket=9347 L6 active=wlan1 ch11  BL=['3', '4', '5']
[08:03:36] HOP bucket=9348 L6 active=wlan0 ch6  | prep wlan1 ch9  | BL=['3', '4', '5']
[TX  ->  *] bucket=9348 L6 active=wlan0 ch6  BL=['3', '4', '5']
[?? SOFT    ] bucket=9348 L6 active=wlan0 ch6  silent across 35 frames but egress_drops=0  (no tc evidence)
[08:03:38] HOP bucket=9349 L6 active=wlan1 ch9  | prep wlan0 ch7  | BL=['3', '4', '5']
[TX  ->  *] bucket=9349 L6 active=wlan1 ch9  BL=['3', '4', '5']
[RX  <- A] bucket=9349  peer_BL=['4', '3', '5']  my_BL=['3', '4', '5']
[08:03:40] HOP bucket=9350 L6 active=wlan0 ch7  | prep wlan1 ch9  | BL=['3', '4', '5']
[TX  ->  *] bucket=9350 L6 active=wlan0 ch7  BL=['3', '4', '5']
[RX  <- A] bucket=9350  peer_BL=['4', '3', '5']  my_BL=['3', '4', '5']
[08:03:42] HOP bucket=9351 L6 active=wlan1 ch9  | prep wlan0 ch6  | BL=['3', '4', '5']
[TX  ->  *] bucket=9351 L6 active=wlan1 ch9  BL=['3', '4', '5']
[RX  <- A] bucket=9351  peer_BL=['4', '3', '5']  my_BL=['3', '4', '5']
[08:03:44] HOP bucket=9352 L6 active=wlan0 ch6  | prep wlan1 ch6  | BL=['3', '4', '5']
[TX  ->  *] bucket=9352 L6 active=wlan0 ch6  BL=['3', '4', '5']
[RX  <- A] bucket=9352  peer_BL=['4', '3', '5']  my_BL=['3', '4', '5']
[08:03:46] HOP bucket=9353 L6 active=wlan1 ch6  | prep wlan0 ch8  | BL=['3', '4', '5']
[RX  <- A] bucket=9353  peer_BL=['4', '3', '5']  my_BL=['3', '4', '5']
[TX  ->  *] bucket=9353 L6 active=wlan1 ch6  BL=['3', '4', '5']
[08:03:48] HOP bucket=9354 L6 active=wlan0 ch8  | prep wlan1 ch6  | BL=['3', '4', '5']
[RX  <- A] bucket=9354  peer_BL=['4', '3', '5']  my_BL=['3', '4', '5']
[TX  ->  *] bucket=9354 L6 active=wlan0 ch8  BL=['3', '4', '5']
[08:03:50] HOP bucket=9355 L6 active=wlan1 ch6  | prep wlan0 ch6  | BL=['3', '4', '5']
[RX  <- A] bucket=9355  peer_BL=['4', '3', '5']  my_BL=['3', '4', '5']
[TX  ->  *] bucket=9355 L6 active=wlan1 ch6  BL=['3', '4', '5']
[08:03:52] HOP bucket=9356 L6 active=wlan0 ch6  | prep wlan1 ch6  | BL=['3', '4', '5']
[TX  ->  *] bucket=9356 L6 active=wlan0 ch6  BL=['3', '4', '5']
[RX  <- A] bucket=9356  peer_BL=['4', '3', '5']  my_BL=['3', '4', '5']
[08:03:54] HOP bucket=9357 L6 active=wlan1 ch6  | prep wlan0 ch9  | BL=['3', '4', '5']
[TX  ->  *] bucket=9357 L6 active=wlan1 ch6  BL=['3', '4', '5']
[RX  <- A] bucket=9357  peer_BL=['4', '3', '5']  my_BL=['3', '4', '5']
[08:03:56] HOP bucket=9358 L6 active=wlan0 ch9  | prep wlan1 ch10  | BL=['3', '4', '5']
[TX  ->  *] bucket=9358 L6 active=wlan0 ch9  BL=['3', '4', '5']
[RX  <- A] bucket=9358  peer_BL=['4', '3', '5']  my_BL=['3', '4', '5']
[08:03:58] HOP bucket=9359 L6 active=wlan1 ch10  | prep wlan0 ch6  | BL=['3', '4', '5']
[TX  ->  *] bucket=9359 L6 active=wlan1 ch10  BL=['3', '4', '5']
[RX  <- A] bucket=9359  peer_BL=['4', '3', '5']  my_BL=['3', '4', '5']
[08:04:00] HOP bucket=9360 L6 active=wlan0 ch6  | prep wlan1 ch9  | BL=['3', '4', '5']
[TX  ->  *] bucket=9360 L6 active=wlan0 ch6  BL=['3', '4', '5']
[!! JAMMED  ] bucket=9360 L6 active=wlan0 ch6  silent + egress_drops=37  -> BL until bucket=9390  BL=['3', '4', '5', '6']
[08:04:02] HOP bucket=9361 L6 active=wlan1 ch9  | prep wlan0 ch9  | BL=['3', '4', '5', '6']
[TX  ->  *] bucket=9361 L6 active=wlan1 ch9  BL=['3', '4', '5', '6']
[RX  <- A] bucket=9361  peer_BL=['4', '3', '5', '6']  my_BL=['3', '4', '5', '6']
[08:04:04] HOP bucket=9362 L6 active=wlan0 ch9  | prep wlan1 ch7  | BL=['3', '4', '5', '6']
[TX  ->  *] bucket=9362 L6 active=wlan0 ch9  BL=['3', '4', '5', '6']
[RX  <- A] bucket=9362  peer_BL=['4', '3', '5', '6']  my_BL=['3', '4', '5', '6']
[08:04:06] HOP bucket=9363 L6 active=wlan1 ch7  (LAG: totp_says=ch4, physical=ch7)  | prep wlan0 ch10  | BL=['3', '5', '6']
[TX  ->  *] bucket=9363 L6 active=wlan1 ch7  BL=['3', '5', '6']
[RX  <- A] bucket=9363  peer_BL=['3', '5', '6']  my_BL=['3', '5', '6']
[08:04:08] HOP bucket=9364 L6 active=wlan0 ch10  | prep wlan1 ch7  | BL=['3', '5', '6']
[RX  <- A] bucket=9364  peer_BL=['3', '5', '6']  my_BL=['3', '5', '6']
[TX  ->  *] bucket=9364 L6 active=wlan0 ch10  BL=['3', '5', '6']
[08:04:10] HOP bucket=9365 L6 active=wlan1 ch7  | prep wlan0 ch4  | BL=['3', '5', '6']
[RX  <- A] bucket=9365  peer_BL=['3', '5', '6']  my_BL=['3', '5', '6']
[TX  ->  *] bucket=9365 L6 active=wlan1 ch7  BL=['3', '5', '6']
[08:04:12] HOP bucket=9366 L6 active=wlan0 ch4  | prep wlan1 ch10  | BL=['3', '5', '6']
[TX  ->  *] bucket=9366 L6 active=wlan0 ch4  BL=['3', '5', '6']
[!! JAMMED  ] bucket=9366 L6 active=wlan0 ch4  silent + egress_drops=39  -> BL until bucket=9396  BL=['3', '4', '5', '6']
[08:04:14] HOP bucket=9367 L6 active=wlan1 ch10  | prep wlan0 ch7  | BL=['3', '4', '5', '6']
[RX  <- A] bucket=9367  peer_BL=['3', '5', '6', '4']  my_BL=['3', '4', '5', '6']
[TX  ->  *] bucket=9367 L6 active=wlan1 ch10  BL=['3', '4', '5', '6']
[08:04:16] HOP bucket=9368 L6 active=wlan0 ch7  | prep wlan1 ch7  | BL=['3', '4', '5', '6']
[TX  ->  *] bucket=9368 L6 active=wlan0 ch7  BL=['3', '4', '5', '6']
[RX  <- A] bucket=9368  peer_BL=['3', '5', '6', '4']  my_BL=['3', '4', '5', '6']
[08:04:18] HOP bucket=9369 L6 active=wlan1 ch7  | prep wlan0 ch7  | BL=['3', '4', '5', '6']
[TX  ->  *] bucket=9369 L6 active=wlan1 ch7  BL=['3', '4', '5', '6']
[RX  <- A] bucket=9369  peer_BL=['3', '5', '6', '4']  my_BL=['3', '4', '5', '6']
[08:04:20] HOP bucket=9370 L6 active=wlan0 ch7  | prep wlan1 ch7  | BL=['3', '4', '5', '6']
[TX  ->  *] bucket=9370 L6 active=wlan0 ch7  BL=['3', '4', '5', '6']
[RX  <- A] bucket=9370  peer_BL=['3', '5', '6', '4']  my_BL=['3', '4', '5', '6']
[08:04:22] HOP bucket=9371 L6 active=wlan1 ch7  | prep wlan0 ch7  | BL=['3', '4', '5', '6']
[RX  <- A] bucket=9371  peer_BL=['3', '5', '6', '4']  my_BL=['3', '4', '5', '6']
[TX  ->  *] bucket=9371 L6 active=wlan1 ch7  BL=['3', '4', '5', '6']
[08:04:24] HOP bucket=9372 L6 active=wlan0 ch7  | prep wlan1 ch7  | BL=['3', '4', '5', '6']
[TX  ->  *] bucket=9372 L6 active=wlan0 ch7  BL=['3', '4', '5', '6']
[RX  <- A] bucket=9372  peer_BL=['3', '5', '6', '4']  my_BL=['3', '4', '5', '6']
[08:04:26] HOP bucket=9373 L6 active=wlan1 ch7  | prep wlan0 ch7  | BL=['3', '4', '5', '6']
[RX  <- A] bucket=9373  peer_BL=['3', '5', '6', '4']  my_BL=['3', '4', '5', '6']
[TX  ->  *] bucket=9373 L6 active=wlan1 ch7  BL=['3', '4', '5', '6']
[08:04:28] HOP bucket=9374 L6 active=wlan0 ch7  | prep wlan1 ch10  | BL=['4', '5', '6']
[TX  ->  *] bucket=9374 L6 active=wlan0 ch7  BL=['4', '5', '6']
[RX  <- A] bucket=9374  peer_BL=['5', '6', '4']  my_BL=['4', '5', '6']
[08:04:30] HOP bucket=9375 L6 active=wlan1 ch10  | prep wlan0 ch3  | BL=['4', '5', '6']
[TX  ->  *] bucket=9375 L6 active=wlan1 ch10  BL=['4', '5', '6']
[RX  <- A] bucket=9375  peer_BL=['5', '6', '4']  my_BL=['4', '5', '6']
[08:04:32] HOP bucket=9376 L6 active=wlan0 ch3  | prep wlan1 ch5  | BL=['4', '6']
[TX  ->  *] bucket=9376 L6 active=wlan0 ch3  BL=['4', '6']
[RX  <- A] bucket=9376  peer_BL=['6', '4']  my_BL=['4', '6']
[08:04:34] HOP bucket=9377 L6 active=wlan1 ch5  | prep wlan0 ch9  | BL=['4', '6']
[TX  ->  *] bucket=9377 L6 active=wlan1 ch5  BL=['4', '6']
[!! JAMMED  ] bucket=9377 L6 active=wlan1 ch5  silent + egress_drops=38  -> BL until bucket=9407  BL=['4', '5', '6']
[08:04:36] HOP bucket=9378 L6 active=wlan0 ch9  | prep wlan1 ch7  | BL=['4', '5', '6']
[TX  ->  *] bucket=9378 L6 active=wlan0 ch9  BL=['4', '5', '6']
[RX  <- A] bucket=9378  peer_BL=['6', '4', '5']  my_BL=['4', '5', '6']
[08:04:38] HOP bucket=9379 L6 active=wlan1 ch7  | prep wlan0 ch7  | BL=['4', '5', '6']
[TX  ->  *] bucket=9379 L6 active=wlan1 ch7  BL=['4', '5', '6']
[RX  <- A] bucket=9379  peer_BL=['6', '4', '5']  my_BL=['4', '5', '6']
[08:04:40] HOP bucket=9380 L6 active=wlan0 ch7  | prep wlan1 ch7  | BL=['4', '5', '6']
[TX  ->  *] bucket=9380 L6 active=wlan0 ch7  BL=['4', '5', '6']
[RX  <- A] bucket=9380  peer_BL=['6', '4', '5']  my_BL=['4', '5', '6']
[08:04:42] HOP bucket=9381 L6 active=wlan1 ch7  | prep wlan0 ch9  | BL=['4', '5', '6']
[TX  ->  *] bucket=9381 L6 active=wlan1 ch7  BL=['4', '5', '6']
[RX  <- A] bucket=9381  peer_BL=['6', '4', '5']  my_BL=['4', '5', '6']
[08:04:44] HOP bucket=9382 L6 active=wlan0 ch9  | prep wlan1 ch9  | BL=['4', '5', '6']
[TX  ->  *] bucket=9382 L6 active=wlan0 ch9  BL=['4', '5', '6']
[RX  <- A] bucket=9382  peer_BL=['6', '4', '5']  my_BL=['4', '5', '6']
[08:04:46] HOP bucket=9383 L6 active=wlan1 ch9  | prep wlan0 ch7  | BL=['4', '5', '6']
[RX  <- A] bucket=9383  peer_BL=['6', '4', '5']  my_BL=['4', '5', '6']
[TX  ->  *] bucket=9383 L6 active=wlan1 ch9  BL=['4', '5', '6']
[08:04:48] HOP bucket=9384 L6 active=wlan0 ch7  | prep wlan1 ch7  | BL=['4', '5', '6']
[TX  ->  *] bucket=9384 L6 active=wlan0 ch7  BL=['4', '5', '6']
[RX  <- A] bucket=9384  peer_BL=['6', '4', '5']  my_BL=['4', '5', '6']
[08:04:50] HOP bucket=9385 L6 active=wlan1 ch7  | prep wlan0 ch7  | BL=['4', '5', '6']
[TX  ->  *] bucket=9385 L6 active=wlan1 ch7  BL=['4', '5', '6']
[RX  <- A] bucket=9385  peer_BL=['6', '4', '5']  my_BL=['4', '5', '6']
[08:04:52] HOP bucket=9386 L6 active=wlan0 ch7  | prep wlan1 ch11  | BL=['4', '5', '6']
[TX  ->  *] bucket=9386 L6 active=wlan0 ch7  BL=['4', '5', '6']
[RX  <- A] bucket=9386  peer_BL=['6', '4', '5']  my_BL=['4', '5', '6']
[08:04:54] HOP bucket=9387 L6 active=wlan1 ch11  | prep wlan0 ch11  | BL=['4', '5', '6']
[RX  <- A] bucket=9387  peer_BL=['6', '4', '5']  my_BL=['4', '5', '6']
[TX  ->  *] bucket=9387 L6 active=wlan1 ch11  BL=['4', '5', '6']
[08:04:56] HOP bucket=9388 L6 active=wlan0 ch11  | prep wlan1 ch7  | BL=['4', '5', '6']
[TX  ->  *] bucket=9388 L6 active=wlan0 ch11  BL=['4', '5', '6']
[RX  <- A] bucket=9388  peer_BL=['6', '4', '5']  my_BL=['4', '5', '6']
[08:04:58] HOP bucket=9389 L6 active=wlan1 ch7  | prep wlan0 ch8  | BL=['4', '5', '6']
[TX  ->  *] bucket=9389 L6 active=wlan1 ch7  BL=['4', '5', '6']
[RX  <- A] bucket=9389  peer_BL=['6', '4', '5']  my_BL=['4', '5', '6']
[08:05:00] HOP bucket=9390 L6 active=wlan0 ch8  | prep wlan1 ch8  | BL=['4', '5']
[TX  ->  *] bucket=9390 L6 active=wlan0 ch8  BL=['4', '5']
[!! JAMMED  ] bucket=9390 L6 active=wlan0 ch8  silent + egress_drops=37  -> BL until bucket=9420  BL=['4', '5', '8']
[08:05:02] HOP bucket=9391 L6 active=wlan1 ch8  (LAG: totp_says=ch9, physical=ch8)  | prep wlan0 ch9  | BL=['4', '5', '8']
[TX  ->  *] bucket=9391 L6 active=wlan1 ch8  BL=['4', '5', '8']
[08:05:04] HOP bucket=9392 L6 active=wlan0 ch9  | prep wlan1 ch11  | BL=['4', '5', '8']
[RX  <- A] bucket=9392  peer_BL=['4', '5']  my_BL=['4', '5', '8']
[TX  ->  *] bucket=9392 L6 active=wlan0 ch9  BL=['4', '5', '8']
[08:05:06] HOP bucket=9393 L6 active=wlan1 ch11  | prep wlan0 ch3  | BL=['4', '5', '8']
[TX  ->  *] bucket=9393 L6 active=wlan1 ch11  BL=['4', '5', '8']
[RX  <- A] bucket=9393  peer_BL=['4', '5', '8']  my_BL=['4', '5', '8']
[08:05:08] HOP bucket=9394 L6 active=wlan0 ch3  | prep wlan1 ch10  | BL=['4', '5', '8']
[TX  ->  *] bucket=9394 L6 active=wlan0 ch3  BL=['4', '5', '8']
[RX  <- A] bucket=9394  peer_BL=['4', '5', '8']  my_BL=['4', '5', '8']
[08:05:10] HOP bucket=9395 L6 active=wlan1 ch10  | prep wlan0 ch9  | BL=['4', '5', '8']
[TX  ->  *] bucket=9395 L6 active=wlan1 ch10  BL=['4', '5', '8']
[RX  <- A] bucket=9395  peer_BL=['4', '5', '8']  my_BL=['4', '5', '8']
[08:05:12] HOP bucket=9396 L6 active=wlan0 ch9  | prep wlan1 ch7  | BL=['5', '8']
[RX  <- A] bucket=9396  peer_BL=['5', '8']  my_BL=['5', '8']
[TX  ->  *] bucket=9396 L6 active=wlan0 ch9  BL=['5', '8']
[08:05:14] HOP bucket=9397 L6 active=wlan1 ch7  | prep wlan0 ch4  | BL=['5', '8']
[TX  ->  *] bucket=9397 L6 active=wlan1 ch7  BL=['5', '8']
[!! JAMMED  ] bucket=9397 L6 active=wlan1 ch7  silent + egress_drops=38  -> BL until bucket=9427  BL=['5', '7', '8']
[08:05:16] HOP bucket=9398 L6 active=wlan0 ch4  | prep wlan1 ch10  | BL=['5', '7', '8']
[TX  ->  *] bucket=9398 L6 active=wlan0 ch4  BL=['5', '7', '8']
[?? SOFT    ] bucket=9398 L6 active=wlan0 ch4  silent across 35 frames but egress_drops=0  (no tc evidence)
[08:05:18] HOP bucket=9399 L6 active=wlan1 ch10  | prep wlan0 ch6  | BL=['5', '7', '8']
[TX  ->  *] bucket=9399 L6 active=wlan1 ch10  BL=['5', '7', '8']
[RX  <- A] bucket=9399  peer_BL=['5', '8', '7', '4']  my_BL=['4', '5', '7', '8']
[<= MERGED  ] ch4 from peer's confirmed -> expires bucket=886260788
[08:05:20] HOP bucket=9400 L6 active=wlan0 ch6  | prep wlan1 ch10  | BL=['4', '5', '7', '8']
[TX  ->  *] bucket=9400 L6 active=wlan0 ch6  BL=['4', '5', '7', '8']
[!! JAMMED  ] bucket=9400 L6 active=wlan0 ch6  silent + egress_drops=38  -> BL until bucket=9430  BL=['4', '5', '6', '7', '8']
[08:05:22] HOP bucket=9401 L6 active=wlan1 ch10  | prep wlan0 ch9  | BL=['4', '5', '6', '7', '8']
[RX  <- A] bucket=9401  peer_BL=['5', '8', '7', '4', '6']  my_BL=['4', '5', '6', '7', '8']
[TX  ->  *] bucket=9401 L6 active=wlan1 ch10  BL=['4', '5', '6', '7', '8']
[08:05:24] HOP bucket=9402 L6 active=wlan0 ch9  | prep wlan1 ch10  | BL=['4', '5', '6', '7', '8']
[RX  <- A] bucket=9402  peer_BL=['5', '8', '7', '4', '6']  my_BL=['4', '5', '6', '7', '8']
[TX  ->  *] bucket=9402 L6 active=wlan0 ch9  BL=['4', '5', '6', '7', '8']
[08:05:26] HOP bucket=9403 L6 active=wlan1 ch10  | prep wlan0 ch9  | BL=['4', '5', '6', '7', '8']
[TX  ->  *] bucket=9403 L6 active=wlan1 ch10  BL=['4', '5', '6', '7', '8']
[RX  <- A] bucket=9403  peer_BL=['5', '8', '7', '4', '6']  my_BL=['4', '5', '6', '7', '8']
[08:05:28] HOP bucket=9404 L6 active=wlan0 ch9  | prep wlan1 ch9  | BL=['4', '5', '6', '7', '8']
[TX  ->  *] bucket=9404 L6 active=wlan0 ch9  BL=['4', '5', '6', '7', '8']
[RX  <- A] bucket=9404  peer_BL=['5', '8', '7', '4', '6']  my_BL=['4', '5', '6', '7', '8']
[08:05:30] HOP bucket=9405 L6 active=wlan1 ch9  | prep wlan0 ch10  | BL=['4', '5', '6', '7', '8']
[TX  ->  *] bucket=9405 L6 active=wlan1 ch9  BL=['4', '5', '6', '7', '8']
[RX  <- A] bucket=9405  peer_BL=['5', '8', '7', '4', '6']  my_BL=['4', '5', '6', '7', '8']
[08:05:32] HOP bucket=9406 L6 active=wlan0 ch10  | prep wlan1 ch9  | BL=['4', '5', '6', '7', '8']
[TX  ->  *] bucket=9406 L6 active=wlan0 ch10  BL=['4', '5', '6', '7', '8']
[RX  <- A] bucket=9406  peer_BL=['5', '8', '7', '4', '6']  my_BL=['4', '5', '6', '7', '8']
[08:05:34] HOP bucket=9407 L6 active=wlan1 ch9  | prep wlan0 ch5  | BL=['4', '6', '7', '8']
[TX  ->  *] bucket=9407 L6 active=wlan1 ch9  BL=['4', '6', '7', '8']
[RX  <- A] bucket=9407  peer_BL=['8', '7', '4', '6']  my_BL=['4', '6', '7', '8']
[08:05:36] HOP bucket=9408 L6 active=wlan0 ch5  | prep wlan1 ch9  | BL=['4', '6', '7', '8']
[TX  ->  *] bucket=9408 L6 active=wlan0 ch5  BL=['4', '6', '7', '8']
[!! JAMMED  ] bucket=9408 L6 active=wlan0 ch5  silent + egress_drops=38  -> BL until bucket=9438  BL=['4', '5', '6', '7', '8']
[08:05:38] HOP bucket=9409 L6 active=wlan1 ch9  | prep wlan0 ch9  | BL=['4', '5', '6', '7', '8']
[TX  ->  *] bucket=9409 L6 active=wlan1 ch9  BL=['4', '5', '6', '7', '8']
[RX  <- A] bucket=9409  peer_BL=['8', '7', '4', '6', '5']  my_BL=['4', '5', '6', '7', '8']
[08:05:40] HOP bucket=9410 L6 active=wlan0 ch9  | prep wlan1 ch11  | BL=['4', '5', '6', '7', '8']
[RX  <- A] bucket=9410  peer_BL=['8', '7', '4', '6', '5']  my_BL=['4', '5', '6', '7', '8']
[TX  ->  *] bucket=9410 L6 active=wlan0 ch9  BL=['4', '5', '6', '7', '8']
[08:05:42] HOP bucket=9411 L6 active=wlan1 ch11  | prep wlan0 ch3  | BL=['4', '5', '6', '7', '8']
[RX  <- A] bucket=9411  peer_BL=['8', '7', '4', '6', '5']  my_BL=['4', '5', '6', '7', '8']
[TX  ->  *] bucket=9411 L6 active=wlan1 ch11  BL=['4', '5', '6', '7', '8']
[08:05:44] HOP bucket=9412 L6 active=wlan0 ch3  | prep wlan1 ch3  | BL=['4', '5', '6', '7', '8']
[TX  ->  *] bucket=9412 L6 active=wlan0 ch3  BL=['4', '5', '6', '7', '8']
[RX  <- A] bucket=9412  peer_BL=['8', '7', '4', '6', '5']  my_BL=['4', '5', '6', '7', '8']
[08:05:46] HOP bucket=9413 L6 active=wlan1 ch3  | prep wlan0 ch11  | BL=['4', '5', '6', '7', '8']
[TX  ->  *] bucket=9413 L6 active=wlan1 ch3  BL=['4', '5', '6', '7', '8']
[RX  <- A] bucket=9413  peer_BL=['8', '7', '4', '6', '5']  my_BL=['4', '5', '6', '7', '8']
[08:05:48] HOP bucket=9414 L6 active=wlan0 ch11  | prep wlan1 ch9  | BL=['4', '5', '6', '7', '8']
[TX  ->  *] bucket=9414 L6 active=wlan0 ch11  BL=['4', '5', '6', '7', '8']
[RX  <- A] bucket=9414  peer_BL=['8', '7', '4', '6', '5']  my_BL=['4', '5', '6', '7', '8']
[08:05:50] HOP bucket=9415 L6 active=wlan1 ch9  | prep wlan0 ch9  | BL=['4', '5', '6', '7', '8']
[TX  ->  *] bucket=9415 L6 active=wlan1 ch9  BL=['4', '5', '6', '7', '8']
[RX  <- A] bucket=9415  peer_BL=['8', '7', '4', '6', '5']  my_BL=['4', '5', '6', '7', '8']
[08:05:52] HOP bucket=9416 L6 active=wlan0 ch9  | prep wlan1 ch9  | BL=['4', '5', '6', '7', '8']
[TX  ->  *] bucket=9416 L6 active=wlan0 ch9  BL=['4', '5', '6', '7', '8']
[RX  <- A] bucket=9416  peer_BL=['8', '7', '4', '6', '5']  my_BL=['4', '5', '6', '7', '8']
[08:05:54] HOP bucket=9417 L6 active=wlan1 ch9  | prep wlan0 ch9  | BL=['4', '5', '6', '7', '8']
[RX  <- A] bucket=9417  peer_BL=['8', '7', '4', '6', '5']  my_BL=['4', '5', '6', '7', '8']
[TX  ->  *] bucket=9417 L6 active=wlan1 ch9  BL=['4', '5', '6', '7', '8']
[08:05:56] HOP bucket=9418 L6 active=wlan0 ch9  | prep wlan1 ch9  | BL=['4', '5', '6', '7', '8']
[TX  ->  *] bucket=9418 L6 active=wlan0 ch9  BL=['4', '5', '6', '7', '8']
[RX  <- A] bucket=9418  peer_BL=['8', '7', '4', '6', '5']  my_BL=['4', '5', '6', '7', '8']
[08:05:58] HOP bucket=9419 L6 active=wlan1 ch9  | prep wlan0 ch9  | BL=['4', '5', '6', '7', '8']
[TX  ->  *] bucket=9419 L6 active=wlan1 ch9  BL=['4', '5', '6', '7', '8']
[RX  <- A] bucket=9419  peer_BL=['8', '7', '4', '6', '5']  my_BL=['4', '5', '6', '7', '8']
[08:06:00] HOP bucket=9420 L6 active=wlan0 ch9  (LAG: totp_says=ch8, physical=ch9)  | prep wlan1 ch10  | BL=['4', '5', '6', '7']
[TX  ->  *] bucket=9420 L6 active=wlan0 ch9  BL=['4', '5', '6', '7']
[?? SOFT    ] bucket=9420 L6 active=wlan0 ch9  silent across 35 frames but egress_drops=0  (no tc evidence)
[08:06:02] HOP bucket=9421 L6 active=wlan1 ch10  | prep wlan0 ch9  | BL=['4', '5', '6', '7']
[TX  ->  *] bucket=9421 L6 active=wlan1 ch10  BL=['4', '5', '6', '7']
[RX  <- A] bucket=9421  peer_BL=['7', '4', '6', '5']  my_BL=['4', '5', '6', '7']
[08:06:04] HOP bucket=9422 L6 active=wlan0 ch9  | prep wlan1 ch8  | BL=['4', '5', '6', '7']
[TX  ->  *] bucket=9422 L6 active=wlan0 ch9  BL=['4', '5', '6', '7']
[?? SOFT    ] bucket=9422 L6 active=wlan0 ch9  silent across 35 frames but egress_drops=0  (no tc evidence)
[08:06:06] HOP bucket=9423 L6 active=wlan1 ch8  | prep wlan0 ch11  | BL=['4', '5', '6', '7']
[TX  ->  *] bucket=9423 L6 active=wlan1 ch8  BL=['4', '5', '6', '7']
[!! JAMMED  ] bucket=9423 L6 active=wlan1 ch8  silent + egress_drops=38  -> BL until bucket=9453  BL=['4', '5', '6', '7', '8']
[08:06:08] HOP bucket=9424 L6 active=wlan0 ch11  | prep wlan1 ch9  | BL=['4', '5', '6', '7', '8']
[RX  <- A] bucket=9424  peer_BL=['7', '4', '6', '5', '9', '8']  my_BL=['4', '5', '6', '7', '8', '9']
[<= MERGED  ] ch9 from peer's confirmed -> expires bucket=886260812
[TX  ->  *] bucket=9424 L6 active=wlan0 ch11  BL=['4', '5', '6', '7', '8', '9']
[08:06:10] HOP bucket=9425 L6 active=wlan1 ch9  (LAG: totp_says=ch10, physical=ch9)  | prep wlan0 ch10  | BL=['4', '5', '6', '7', '8', '9']
[TX  ->  *] bucket=9425 L6 active=wlan1 ch9  BL=['4', '5', '6', '7', '8', '9']
[RX  <- A] bucket=9425  peer_BL=['7', '4', '6', '5', '9', '8']  my_BL=['4', '5', '6', '7', '8', '9']
[08:06:12] HOP bucket=9426 L6 active=wlan0 ch10  | prep wlan1 ch10  | BL=['4', '5', '6', '7', '8', '9']
[RX  <- A] bucket=9426  peer_BL=['7', '4', '6', '5', '9', '8']  my_BL=['4', '5', '6', '7', '8', '9']
[TX  ->  *] bucket=9426 L6 active=wlan0 ch10  BL=['4', '5', '6', '7', '8', '9']
[08:06:14] HOP bucket=9427 L6 active=wlan1 ch10  (LAG: totp_says=ch7, physical=ch10)  | prep wlan0 ch10  | BL=['4', '5', '6', '8', '9']
[RX  <- A] bucket=9427  peer_BL=['4', '6', '5', '9', '8']  my_BL=['4', '5', '6', '8', '9']
[TX  ->  *] bucket=9427 L6 active=wlan1 ch10  BL=['4', '5', '6', '8', '9']
[08:06:16] HOP bucket=9428 L6 active=wlan0 ch10  | prep wlan1 ch10  | BL=['5', '6', '8', '9']
[RX  <- A] bucket=9428  peer_BL=['6', '5', '9', '8']  my_BL=['5', '6', '8', '9']
[TX  ->  *] bucket=9428 L6 active=wlan0 ch10  BL=['5', '6', '8', '9']
[08:06:18] HOP bucket=9429 L6 active=wlan1 ch10  | prep wlan0 ch10  | BL=['5', '6', '8', '9']
[TX  ->  *] bucket=9429 L6 active=wlan1 ch10  BL=['5', '6', '8', '9']
[RX  <- A] bucket=9429  peer_BL=['6', '5', '9', '8']  my_BL=['5', '6', '8', '9']
[08:06:20] HOP bucket=9430 L6 active=wlan0 ch10  | prep wlan1 ch10  | BL=['5', '8', '9']
[TX  ->  *] bucket=9430 L6 active=wlan0 ch10  BL=['5', '8', '9']
[RX  <- A] bucket=9430  peer_BL=['5', '9', '8']  my_BL=['5', '8', '9']
[08:06:22] HOP bucket=9431 L6 active=wlan1 ch10  | prep wlan0 ch11  | BL=['5', '8', '9']
[RX  <- A] bucket=9431  peer_BL=['5', '9', '8']  my_BL=['5', '8', '9']
[TX  ->  *] bucket=9431 L6 active=wlan1 ch10  BL=['5', '8', '9']
[08:06:24] HOP bucket=9432 L6 active=wlan0 ch11  | prep wlan1 ch11  | BL=['5', '8', '9']
[TX  ->  *] bucket=9432 L6 active=wlan0 ch11  BL=['5', '8', '9']
[RX  <- A] bucket=9432  peer_BL=['5', '9', '8']  my_BL=['5', '8', '9']
[08:06:26] HOP bucket=9433 L6 active=wlan1 ch11  | prep wlan0 ch10  | BL=['5', '8', '9']
[RX  <- A] bucket=9433  peer_BL=['5', '9', '8']  my_BL=['5', '8', '9']
[TX  ->  *] bucket=9433 L6 active=wlan1 ch11  BL=['5', '8', '9']
[08:06:28] HOP bucket=9434 L6 active=wlan0 ch10  | prep wlan1 ch6  | BL=['5', '8', '9']
[TX  ->  *] bucket=9434 L6 active=wlan0 ch10  BL=['5', '8', '9']
[RX  <- A] bucket=9434  peer_BL=['5', '9', '8']  my_BL=['5', '8', '9']
[08:06:30] HOP bucket=9435 L6 active=wlan1 ch6  | prep wlan0 ch4  | BL=['5', '8', '9']
[TX  ->  *] bucket=9435 L6 active=wlan1 ch6  BL=['5', '8', '9']
[RX  <- A] bucket=9435  peer_BL=['5', '9', '8']  my_BL=['5', '8', '9']
[08:06:32] HOP bucket=9436 L6 active=wlan0 ch4  | prep wlan1 ch11  | BL=['5', '8', '9']
[RX  <- A] bucket=9436  peer_BL=['5', '9', '8']  my_BL=['5', '8', '9']
[TX  ->  *] bucket=9436 L6 active=wlan0 ch4  BL=['5', '8', '9']
[08:06:34] HOP bucket=9437 L6 active=wlan1 ch11  | prep wlan0 ch11  | BL=['5', '8', '9']
[TX  ->  *] bucket=9437 L6 active=wlan1 ch11  BL=['5', '8', '9']
[RX  <- A] bucket=9437  peer_BL=['5', '9', '8']  my_BL=['5', '8', '9']
[08:06:36] HOP bucket=9438 L6 active=wlan0 ch11  | prep wlan1 ch10  | BL=['8', '9']
[TX  ->  *] bucket=9438 L6 active=wlan0 ch11  BL=['8', '9']
[RX  <- A] bucket=9438  peer_BL=['9', '8']  my_BL=['8', '9']
[08:06:38] HOP bucket=9439 L6 active=wlan1 ch10  | prep wlan0 ch10  | BL=['8', '9']
[TX  ->  *] bucket=9439 L6 active=wlan1 ch10  BL=['8', '9']
[RX  <- A] bucket=9439  peer_BL=['9', '8']  my_BL=['8', '9']
[08:06:40] HOP bucket=9440 L6 active=wlan0 ch10  | prep wlan1 ch5  | BL=['8', '9']
[RX  <- A] bucket=9440  peer_BL=['9', '8']  my_BL=['8', '9']
[TX  ->  *] bucket=9440 L6 active=wlan0 ch10  BL=['8', '9']
[08:06:42] HOP bucket=9441 L6 active=wlan1 ch5  | prep wlan0 ch4  | BL=['8', '9']
[TX  ->  *] bucket=9441 L6 active=wlan1 ch5  BL=['8', '9']
[RX  <- A] bucket=9441  peer_BL=['9', '8']  my_BL=['8', '9']
[08:06:44] HOP bucket=9442 L6 active=wlan0 ch4  | prep wlan1 ch5  | BL=['8', '9']
[TX  ->  *] bucket=9442 L6 active=wlan0 ch4  BL=['8', '9']
[RX  <- A] bucket=9442  peer_BL=['9', '8']  my_BL=['8', '9']
[08:06:46] HOP bucket=9443 L6 active=wlan1 ch5  | prep wlan0 ch10  | BL=['8', '9']
[RX  <- A] bucket=9443  peer_BL=['9', '8']  my_BL=['8', '9']
[TX  ->  *] bucket=9443 L6 active=wlan1 ch5  BL=['8', '9']
[08:06:48] HOP bucket=9444 L6 active=wlan0 ch10  | prep wlan1 ch10  | BL=['8', '9']
[RX  <- A] bucket=9444  peer_BL=['9', '8']  my_BL=['8', '9']
[TX  ->  *] bucket=9444 L6 active=wlan0 ch10  BL=['8', '9']
[08:06:50] HOP bucket=9445 L6 active=wlan1 ch10  | prep wlan0 ch5  | BL=['8', '9']
[RX  <- A] bucket=9445  peer_BL=['9', '8']  my_BL=['8', '9']
[TX  ->  *] bucket=9445 L6 active=wlan1 ch10  BL=['8', '9']
[08:06:52] HOP bucket=9446 L6 active=wlan0 ch5  | prep wlan1 ch4  | BL=['8', '9']
[TX  ->  *] bucket=9446 L6 active=wlan0 ch5  BL=['8', '9']
[RX  <- A] bucket=9446  peer_BL=['9', '8']  my_BL=['8', '9']
[08:06:54] HOP bucket=9447 L6 active=wlan1 ch4  | prep wlan0 ch7  | BL=['8', '9']
[TX  ->  *] bucket=9447 L6 active=wlan1 ch4  BL=['8', '9']
[RX  <- A] bucket=9447  peer_BL=['9', '8']  my_BL=['8', '9']
[08:06:56] HOP bucket=9448 L6 active=wlan0 ch7  | prep wlan1 ch10  | BL=['8', '9']
[TX  ->  *] bucket=9448 L6 active=wlan0 ch7  BL=['8', '9']
[!! JAMMED  ] bucket=9448 L6 active=wlan0 ch7  silent + egress_drops=39  -> BL until bucket=9478  BL=['7', '8', '9']
[08:06:58] HOP bucket=9449 L6 active=wlan1 ch10  | prep wlan0 ch6  | BL=['7', '8', '9']
[TX  ->  *] bucket=9449 L6 active=wlan1 ch10  BL=['7', '8', '9']
[RX  <- A] bucket=9449  peer_BL=['9', '8', '7']  my_BL=['7', '8', '9']
[08:07:00] HOP bucket=9450 L6 active=wlan0 ch6  | prep wlan1 ch10  | BL=['7', '8', '9']
[TX  ->  *] bucket=9450 L6 active=wlan0 ch6  BL=['7', '8', '9']
[RX  <- A] bucket=9450  peer_BL=['9', '8', '7']  my_BL=['7', '8', '9']
[08:07:02] HOP bucket=9451 L6 active=wlan1 ch10  | prep wlan0 ch6  | BL=['7', '8', '9']
[TX  ->  *] bucket=9451 L6 active=wlan1 ch10  BL=['7', '8', '9']
[!! JAMMED  ] bucket=9451 L6 active=wlan1 ch10  silent + egress_drops=73  -> BL until bucket=9481  BL=['7', '8', '9', '10']
[08:07:04] HOP bucket=9452 L6 active=wlan0 ch6  | prep wlan1 ch9  | BL=['7', '8', '10']
[RX  <- A] bucket=9452  peer_BL=['8', '7', '10']  my_BL=['7', '8', '10']
[TX  ->  *] bucket=9452 L6 active=wlan0 ch6  BL=['7', '8', '10']
[08:07:06] HOP bucket=9453 L6 active=wlan1 ch9  | prep wlan0 ch8  | BL=['7', '10']
[TX  ->  *] bucket=9453 L6 active=wlan1 ch9  BL=['7', '10']
[!! JAMMED  ] bucket=9453 L6 active=wlan1 ch9  silent + egress_drops=38  -> BL until bucket=9483  BL=['7', '9', '10']
[08:07:08] HOP bucket=9454 L6 active=wlan0 ch8  | prep wlan1 ch11  | BL=['7', '9', '10']
[TX  ->  *] bucket=9454 L6 active=wlan0 ch8  BL=['7', '9', '10']
[!! JAMMED  ] bucket=9454 L6 active=wlan0 ch8  silent + egress_drops=38  -> BL until bucket=9484  BL=['7', '8', '9', '10']
[08:07:10] HOP bucket=9455 L6 active=wlan1 ch11  | prep wlan0 ch6  | BL=['7', '8', '9', '10']
[TX  ->  *] bucket=9455 L6 active=wlan1 ch11  BL=['7', '8', '9', '10']
[!! JAMMED  ] bucket=9455 L6 active=wlan1 ch11  silent + egress_drops=38  -> BL until bucket=9485  BL=['7', '8', '9', '10', '11']
[08:07:12] HOP bucket=9456 L6 active=wlan0 ch6  | prep wlan1 ch3  | BL=['7', '8', '9', '10', '11']
[RX  <- A] bucket=9456  peer_BL=['7', '10', '9', '8']  my_BL=['7', '8', '9', '10', '11']
[TX  ->  *] bucket=9456 L6 active=wlan0 ch6  BL=['7', '8', '9', '10', '11']
[08:07:14] HOP bucket=9457 L6 active=wlan1 ch3  | prep wlan0 ch4  | BL=['7', '8', '9', '10', '11']
[TX  ->  *] bucket=9457 L6 active=wlan1 ch3  BL=['7', '8', '9', '10', '11']
[?? SOFT    ] bucket=9457 L6 active=wlan1 ch3  silent across 35 frames but egress_drops=0  (no tc evidence)
[08:07:16] HOP bucket=9458 L6 active=wlan0 ch4  | prep wlan1 ch5  | BL=['7', '8', '9', '10', '11']
[TX  ->  *] bucket=9458 L6 active=wlan0 ch4  BL=['7', '8', '9', '10', '11']
[RX  <- A] bucket=9458  peer_BL=['7', '10', '9', '8', '11']  my_BL=['7', '8', '9', '10', '11']
[08:07:18] HOP bucket=9459 L6 active=wlan1 ch5  | prep wlan0 ch3  | BL=['7', '8', '9', '10', '11']
[TX  ->  *] bucket=9459 L6 active=wlan1 ch5  BL=['7', '8', '9', '10', '11']
[RX  <- A] bucket=9459  peer_BL=['7', '10', '9', '8', '11']  my_BL=['7', '8', '9', '10', '11']
[08:07:20] HOP bucket=9460 L6 active=wlan0 ch3  | prep wlan1 ch3  | BL=['7', '8', '9', '10', '11']
[TX  ->  *] bucket=9460 L6 active=wlan0 ch3  BL=['7', '8', '9', '10', '11']
[RX  <- A] bucket=9460  peer_BL=['7', '10', '9', '8', '11']  my_BL=['7', '8', '9', '10', '11']
[08:07:22] HOP bucket=9461 L6 active=wlan1 ch3  | prep wlan0 ch3  | BL=['7', '8', '9', '10', '11']
[RX  <- A] bucket=9461  peer_BL=['7', '10', '9', '8', '11']  my_BL=['7', '8', '9', '10', '11']
[TX  ->  *] bucket=9461 L6 active=wlan1 ch3  BL=['7', '8', '9', '10', '11']
[08:07:24] HOP bucket=9462 L6 active=wlan0 ch3  | prep wlan1 ch6  | BL=['7', '8', '9', '10', '11']
[RX  <- A] bucket=9462  peer_BL=['7', '10', '9', '8', '11']  my_BL=['7', '8', '9', '10', '11']
[TX  ->  *] bucket=9462 L6 active=wlan0 ch3  BL=['7', '8', '9', '10', '11']
[08:07:26] HOP bucket=9463 L6 active=wlan1 ch6  | prep wlan0 ch6  | BL=['7', '8', '9', '10', '11']
[RX  <- A] bucket=9463  peer_BL=['7', '10', '9', '8', '11']  my_BL=['7', '8', '9', '10', '11']
[TX  ->  *] bucket=9463 L6 active=wlan1 ch6  BL=['7', '8', '9', '10', '11']
[08:07:28] HOP bucket=9464 L6 active=wlan0 ch6  | prep wlan1 ch4  | BL=['7', '8', '9', '10', '11']
[TX  ->  *] bucket=9464 L6 active=wlan0 ch6  BL=['7', '8', '9', '10', '11']
[RX  <- A] bucket=9464  peer_BL=['7', '10', '9', '8', '11']  my_BL=['7', '8', '9', '10', '11']
[08:07:30] HOP bucket=9465 L6 active=wlan1 ch4  | prep wlan0 ch3  | BL=['7', '8', '9', '10', '11']
[TX  ->  *] bucket=9465 L6 active=wlan1 ch4  BL=['7', '8', '9', '10', '11']
[RX  <- A] bucket=9465  peer_BL=['7', '10', '9', '8', '11']  my_BL=['7', '8', '9', '10', '11']
[08:07:32] HOP bucket=9466 L6 active=wlan0 ch3  | prep wlan1 ch3  | BL=['7', '8', '9', '10', '11']
[TX  ->  *] bucket=9466 L6 active=wlan0 ch3  BL=['7', '8', '9', '10', '11']
[RX  <- A] bucket=9466  peer_BL=['7', '10', '9', '8', '11']  my_BL=['7', '8', '9', '10', '11']
[08:07:34] HOP bucket=9467 L6 active=wlan1 ch3  | prep wlan0 ch3  | BL=['7', '8', '9', '10', '11']
[TX  ->  *] bucket=9467 L6 active=wlan1 ch3  BL=['7', '8', '9', '10', '11']
[RX  <- A] bucket=9467  peer_BL=['7', '10', '9', '8', '11']  my_BL=['7', '8', '9', '10', '11']
[08:07:36] HOP bucket=9468 L6 active=wlan0 ch3  | prep wlan1 ch6  | BL=['7', '8', '9', '10', '11']
[TX  ->  *] bucket=9468 L6 active=wlan0 ch3  BL=['7', '8', '9', '10', '11']
[RX  <- A] bucket=9468  peer_BL=['7', '10', '9', '8', '11']  my_BL=['7', '8', '9', '10', '11']
[08:07:38] HOP bucket=9469 L6 active=wlan1 ch6  | prep wlan0 ch5  | BL=['7', '8', '9', '10', '11']
[TX  ->  *] bucket=9469 L6 active=wlan1 ch6  BL=['7', '8', '9', '10', '11']
[RX  <- A] bucket=9469  peer_BL=['7', '10', '9', '8', '11']  my_BL=['7', '8', '9', '10', '11']
[08:07:40] HOP bucket=9470 L6 active=wlan0 ch5  | prep wlan1 ch4  | BL=['7', '8', '9', '10', '11']
[TX  ->  *] bucket=9470 L6 active=wlan0 ch5  BL=['7', '8', '9', '10', '11']
[RX  <- A] bucket=9470  peer_BL=['7', '10', '9', '8', '11']  my_BL=['7', '8', '9', '10', '11']
[08:07:42] HOP bucket=9471 L6 active=wlan1 ch4  | prep wlan0 ch5  | BL=['7', '8', '9', '10', '11']
[TX  ->  *] bucket=9471 L6 active=wlan1 ch4  BL=['7', '8', '9', '10', '11']
[RX  <- A] bucket=9471  peer_BL=['7', '10', '9', '8', '11']  my_BL=['7', '8', '9', '10', '11']
[08:07:44] HOP bucket=9472 L6 active=wlan0 ch5  | prep wlan1 ch3  | BL=['7', '8', '9', '10', '11']
[TX  ->  *] bucket=9472 L6 active=wlan0 ch5  BL=['7', '8', '9', '10', '11']
[RX  <- A] bucket=9472  peer_BL=['7', '10', '9', '8', '11']  my_BL=['7', '8', '9', '10', '11']
[08:07:46] HOP bucket=9473 L6 active=wlan1 ch3  | prep wlan0 ch3  | BL=['7', '8', '9', '10', '11']
[TX  ->  *] bucket=9473 L6 active=wlan1 ch3  BL=['7', '8', '9', '10', '11']
[RX  <- A] bucket=9473  peer_BL=['7', '10', '9', '8', '11']  my_BL=['7', '8', '9', '10', '11']
[08:07:48] HOP bucket=9474 L6 active=wlan0 ch3  | prep wlan1 ch3  | BL=['7', '8', '9', '10', '11']
[RX  <- A] bucket=9474  peer_BL=['7', '10', '9', '8', '11']  my_BL=['7', '8', '9', '10', '11']
[TX  ->  *] bucket=9474 L6 active=wlan0 ch3  BL=['7', '8', '9', '10', '11']
[08:07:50] HOP bucket=9475 L6 active=wlan1 ch3  | prep wlan0 ch3  | BL=['7', '8', '9', '10', '11']
[TX  ->  *] bucket=9475 L6 active=wlan1 ch3  BL=['7', '8', '9', '10', '11']
[RX  <- A] bucket=9475  peer_BL=['7', '10', '9', '8', '11']  my_BL=['7', '8', '9', '10', '11']
[08:07:52] HOP bucket=9476 L6 active=wlan0 ch3  | prep wlan1 ch3  | BL=['7', '8', '9', '10', '11']
[TX  ->  *] bucket=9476 L6 active=wlan0 ch3  BL=['7', '8', '9', '10', '11']
[RX  <- A] bucket=9476  peer_BL=['7', '10', '9', '8', '11']  my_BL=['7', '8', '9', '10', '11']
[08:07:54] HOP bucket=9477 L6 active=wlan1 ch3  | prep wlan0 ch3  | BL=['7', '8', '9', '10', '11']
[TX  ->  *] bucket=9477 L6 active=wlan1 ch3  BL=['7', '8', '9', '10', '11']
[RX  <- A] bucket=9477  peer_BL=['7', '10', '9', '8', '11']  my_BL=['7', '8', '9', '10', '11']
[08:07:56] HOP bucket=9478 L6 active=wlan0 ch3  | prep wlan1 ch3  | BL=['8', '9', '10', '11']
[TX  ->  *] bucket=9478 L6 active=wlan0 ch3  BL=['8', '9', '10', '11']
[RX  <- A] bucket=9478  peer_BL=['10', '9', '8', '11']  my_BL=['8', '9', '10', '11']
[08:07:58] HOP bucket=9479 L6 active=wlan1 ch3  | prep wlan0 ch3  | BL=['8', '9', '10', '11']
[TX  ->  *] bucket=9479 L6 active=wlan1 ch3  BL=['8', '9', '10', '11']
[RX  <- A] bucket=9479  peer_BL=['10', '9', '8', '11']  my_BL=['8', '9', '10', '11']
[08:08:00] HOP bucket=9480 L6 active=wlan0 ch3  | prep wlan1 ch5  | BL=['8', '9', '10', '11']
[TX  ->  *] bucket=9480 L6 active=wlan0 ch3  BL=['8', '9', '10', '11']
[RX  <- A] bucket=9480  peer_BL=['10', '9', '8', '11']  my_BL=['8', '9', '10', '11']
[08:08:02] HOP bucket=9481 L6 active=wlan1 ch5  | prep wlan0 ch10  | BL=['8', '9', '11']
[TX  ->  *] bucket=9481 L6 active=wlan1 ch5  BL=['8', '9', '11']
[RX  <- A] bucket=9481  peer_BL=['9', '8', '11']  my_BL=['8', '9', '11']
[08:08:04] HOP bucket=9482 L6 active=wlan0 ch10  | prep wlan1 ch10  | BL=['8', '9', '11']
[TX  ->  *] bucket=9482 L6 active=wlan0 ch10  BL=['8', '9', '11']
[!! JAMMED  ] bucket=9482 L6 active=wlan0 ch10  silent + egress_drops=39  -> BL until bucket=9512  BL=['8', '9', '10', '11']
[08:08:06] HOP bucket=9483 L6 active=wlan1 ch10  (LAG: totp_says=ch9, physical=ch10)  | prep wlan0 ch3  | BL=['8', '10', '11']
[TX  ->  *] bucket=9483 L6 active=wlan1 ch10  BL=['8', '10', '11']
[08:08:08] HOP bucket=9484 L6 active=wlan0 ch3  | prep wlan1 ch9  | BL=['10', '11']
[RX  <- A] bucket=9484  peer_BL=['11', '10']  my_BL=['10', '11']
[TX  ->  *] bucket=9484 L6 active=wlan0 ch3  BL=['10', '11']
[08:08:10] HOP bucket=9485 L6 active=wlan1 ch9  | prep wlan0 ch5  | BL=['10']
[TX  ->  *] bucket=9485 L6 active=wlan1 ch9  BL=['10']
[RX  <- A] bucket=9485  peer_BL=['10']  my_BL=['10']
[08:08:12] HOP bucket=9486 L6 active=wlan0 ch5  | prep wlan1 ch3  | BL=['10']
[RX  <- A] bucket=9486  peer_BL=['10']  my_BL=['10']
[TX  ->  *] bucket=9486 L6 active=wlan0 ch5  BL=['10']
[08:08:14] HOP bucket=9487 L6 active=wlan1 ch3  | prep wlan0 ch4  | BL=['10']
[TX  ->  *] bucket=9487 L6 active=wlan1 ch3  BL=['10']
[RX  <- A] bucket=9487  peer_BL=['10']  my_BL=['10']
[08:08:16] HOP bucket=9488 L6 active=wlan0 ch4  | prep wlan1 ch8  | BL=['10']
[TX  ->  *] bucket=9488 L6 active=wlan0 ch4  BL=['10']
[RX  <- A] bucket=9488  peer_BL=['10']  my_BL=['10']
[08:08:18] HOP bucket=9489 L6 active=wlan1 ch8  | prep wlan0 ch9  | BL=['10']
[TX  ->  *] bucket=9489 L6 active=wlan1 ch8  BL=['10']
[RX  <- A] bucket=9489  peer_BL=['10']  my_BL=['10']
[08:08:20] HOP bucket=9490 L6 active=wlan0 ch9  | prep wlan1 ch6  | BL=['10']
[RX  <- A] bucket=9490  peer_BL=['10']  my_BL=['10']
[TX  ->  *] bucket=9490 L6 active=wlan0 ch9  BL=['10']
[08:08:22] HOP bucket=9491 L6 active=wlan1 ch6  | prep wlan0 ch6  | BL=['10']
[RX  <- A] bucket=9491  peer_BL=['10']  my_BL=['10']
[TX  ->  *] bucket=9491 L6 active=wlan1 ch6  BL=['10']
[08:08:24] HOP bucket=9492 L6 active=wlan0 ch6  | prep wlan1 ch3  | BL=['10']
[TX  ->  *] bucket=9492 L6 active=wlan0 ch6  BL=['10']
[RX  <- A] bucket=9492  peer_BL=['10']  my_BL=['10']
[08:08:26] HOP bucket=9493 L6 active=wlan1 ch3  | prep wlan0 ch11  | BL=['10']
[TX  ->  *] bucket=9493 L6 active=wlan1 ch3  BL=['10']
[RX  <- A] bucket=9493  peer_BL=['10']  my_BL=['10']
[08:08:28] HOP bucket=9494 L6 active=wlan0 ch11  | prep wlan1 ch8  | BL=['10']
[TX  ->  *] bucket=9494 L6 active=wlan0 ch11  BL=['10']
[!! JAMMED  ] bucket=9494 L6 active=wlan0 ch11  silent + egress_drops=38  -> BL until bucket=9524  BL=['10', '11']
[08:08:30] HOP bucket=9495 L6 active=wlan1 ch8  | prep wlan0 ch8  | BL=['10', '11']
[RX  <- A] bucket=9495  peer_BL=['10', '11']  my_BL=['10', '11']
[TX  ->  *] bucket=9495 L6 active=wlan1 ch8  BL=['10', '11']
[08:08:32] HOP bucket=9496 L6 active=wlan0 ch8  | prep wlan1 ch8  | BL=['10', '11']
[RX  <- A] bucket=9496  peer_BL=['10', '11']  my_BL=['10', '11']
[TX  ->  *] bucket=9496 L6 active=wlan0 ch8  BL=['10', '11']
[08:08:34] HOP bucket=9497 L6 active=wlan1 ch8  | prep wlan0 ch4  | BL=['10', '11']
[TX  ->  *] bucket=9497 L6 active=wlan1 ch8  BL=['10', '11']
[RX  <- A] bucket=9497  peer_BL=['10', '11']  my_BL=['10', '11']
[08:08:36] HOP bucket=9498 L6 active=wlan0 ch4  | prep wlan1 ch6  | BL=['10', '11']
[RX  <- A] bucket=9498  peer_BL=['10', '11']  my_BL=['10', '11']
[TX  ->  *] bucket=9498 L6 active=wlan0 ch4  BL=['10', '11']
[08:08:38] HOP bucket=9499 L6 active=wlan1 ch6  | prep wlan0 ch4  | BL=['10', '11']
[RX  <- A] bucket=9499  peer_BL=['10', '11']  my_BL=['10', '11']
[TX  ->  *] bucket=9499 L6 active=wlan1 ch6  BL=['10', '11']
[08:08:40] HOP bucket=9500 L6 active=wlan0 ch4  | prep wlan1 ch3  | BL=['10', '11']
[RX  <- A] bucket=9500  peer_BL=['10', '11']  my_BL=['10', '11']
[TX  ->  *] bucket=9500 L6 active=wlan0 ch4  BL=['10', '11']
[08:08:42] HOP bucket=9501 L6 active=wlan1 ch3  | prep wlan0 ch3  | BL=['10', '11']
[TX  ->  *] bucket=9501 L6 active=wlan1 ch3  BL=['10', '11']
[RX  <- A] bucket=9501  peer_BL=['10', '11']  my_BL=['10', '11']
[08:08:44] HOP bucket=9502 L6 active=wlan0 ch3  | prep wlan1 ch6  | BL=['10', '11']
[RX  <- A] bucket=9502  peer_BL=['10', '11']  my_BL=['10', '11']
[TX  ->  *] bucket=9502 L6 active=wlan0 ch3  BL=['10', '11']
[08:08:46] HOP bucket=9503 L6 active=wlan1 ch6  | prep wlan0 ch3  | BL=['10', '11']
[TX  ->  *] bucket=9503 L6 active=wlan1 ch6  BL=['10', '11']
[RX  <- A] bucket=9503  peer_BL=['10', '11']  my_BL=['10', '11']
[08:08:48] HOP bucket=9504 L6 active=wlan0 ch3  | prep wlan1 ch9  | BL=['10', '11']
[RX  <- A] bucket=9504  peer_BL=['10', '11']  my_BL=['10', '11']
[TX  ->  *] bucket=9504 L6 active=wlan0 ch3  BL=['10', '11']
[08:08:50] HOP bucket=9505 L6 active=wlan1 ch9  | prep wlan0 ch3  | BL=['10', '11']
[TX  ->  *] bucket=9505 L6 active=wlan1 ch9  BL=['10', '11']
[RX  <- A] bucket=9505  peer_BL=['10', '11']  my_BL=['10', '11']
[08:08:52] HOP bucket=9506 L6 active=wlan0 ch3  | prep wlan1 ch8  | BL=['10', '11']
[TX  ->  *] bucket=9506 L6 active=wlan0 ch3  BL=['10', '11']
[RX  <- A] bucket=9506  peer_BL=['10', '11']  my_BL=['10', '11']
[08:08:54] HOP bucket=9507 L6 active=wlan1 ch8  | prep wlan0 ch3  | BL=['10', '11']
[TX  ->  *] bucket=9507 L6 active=wlan1 ch8  BL=['10', '11']
[RX  <- A] bucket=9507  peer_BL=['10', '11']  my_BL=['10', '11']
[08:08:56] HOP bucket=9508 L6 active=wlan0 ch3  | prep wlan1 ch9  | BL=['10', '11']
[TX  ->  *] bucket=9508 L6 active=wlan0 ch3  BL=['10', '11']
[RX  <- A] bucket=9508  peer_BL=['10', '11']  my_BL=['10', '11']
[08:08:58] HOP bucket=9509 L6 active=wlan1 ch9  | prep wlan0 ch9  | BL=['10', '11']
[TX  ->  *] bucket=9509 L6 active=wlan1 ch9  BL=['10', '11']
[RX  <- A] bucket=9509  peer_BL=['10', '11']  my_BL=['10', '11']
[08:09:00] HOP bucket=9510 L6 active=wlan0 ch9  | prep wlan1 ch3  | BL=['10', '11']
[TX  ->  *] bucket=9510 L6 active=wlan0 ch9  BL=['10', '11']
[!! JAMMED  ] bucket=9510 L6 active=wlan0 ch9  silent + egress_drops=37  -> BL until bucket=9540  BL=['9', '10', '11']
[08:09:02] HOP bucket=9511 L6 active=wlan1 ch3  | prep wlan0 ch8  | BL=['9', '10', '11']
[TX  ->  *] bucket=9511 L6 active=wlan1 ch3  BL=['9', '10', '11']
[!! JAMMED  ] bucket=9511 L6 active=wlan1 ch3  silent + egress_drops=38  -> BL until bucket=9541  BL=['3', '9', '10', '11']
[08:09:04] HOP bucket=9512 L6 active=wlan0 ch8  | prep wlan1 ch10  | BL=['3', '9', '11']
[TX  ->  *] bucket=9512 L6 active=wlan0 ch8  BL=['3', '9', '11']
[RX  <- A] bucket=9512  peer_BL=['11', '9', '3']  my_BL=['3', '9', '11']
[08:09:06] HOP bucket=9513 L6 active=wlan1 ch10  | prep wlan0 ch5  | BL=['3', '9', '11']
[TX  ->  *] bucket=9513 L6 active=wlan1 ch10  BL=['3', '9', '11']
[RX  <- A] bucket=9513  peer_BL=['11', '9', '3']  my_BL=['3', '9', '11']
[08:09:08] HOP bucket=9514 L6 active=wlan0 ch5  | prep wlan1 ch7  | BL=['3', '9', '11']
[RX  <- A] bucket=9514  peer_BL=['11', '9', '3']  my_BL=['3', '9', '11']
[TX  ->  *] bucket=9514 L6 active=wlan0 ch5  BL=['3', '9', '11']
[08:09:10] HOP bucket=9515 L6 active=wlan1 ch7  | prep wlan0 ch7  | BL=['3', '9', '11']
[RX  <- A] bucket=9515  peer_BL=['11', '9', '3']  my_BL=['3', '9', '11']
[TX  ->  *] bucket=9515 L6 active=wlan1 ch7  BL=['3', '9', '11']
[08:09:12] HOP bucket=9516 L6 active=wlan0 ch7  | prep wlan1 ch6  | BL=['3', '9', '11']
[TX  ->  *] bucket=9516 L6 active=wlan0 ch7  BL=['3', '9', '11']
[RX  <- A] bucket=9516  peer_BL=['11', '9', '3']  my_BL=['3', '9', '11']
[08:09:14] HOP bucket=9517 L6 active=wlan1 ch6  | prep wlan0 ch6  | BL=['3', '9', '11']
[TX  ->  *] bucket=9517 L6 active=wlan1 ch6  BL=['3', '9', '11']
[!! JAMMED  ] bucket=9517 L6 active=wlan1 ch6  silent + egress_drops=38  -> BL until bucket=9547  BL=['3', '6', '9', '11']
[08:09:16] HOP bucket=9518 L6 active=wlan0 ch6  (LAG: totp_says=ch7, physical=ch6)  | prep wlan1 ch4  | BL=['3', '6', '9', '11']
[TX  ->  *] bucket=9518 L6 active=wlan0 ch6  BL=['3', '6', '9', '11']
[08:09:18] HOP bucket=9519 L6 active=wlan1 ch4  | prep wlan0 ch4  | BL=['3', '6', '9', '11']
[TX  ->  *] bucket=9519 L6 active=wlan1 ch4  BL=['3', '6', '9', '11']
[RX  <- A] bucket=9519  peer_BL=['11', '9', '3', '6']  my_BL=['3', '6', '9', '11']
[08:09:20] HOP bucket=9520 L6 active=wlan0 ch4  | prep wlan1 ch7  | BL=['3', '6', '9', '11']
[TX  ->  *] bucket=9520 L6 active=wlan0 ch4  BL=['3', '6', '9', '11']
[RX  <- A] bucket=9520  peer_BL=['11', '9', '3', '6']  my_BL=['3', '6', '9', '11']
[08:09:22] HOP bucket=9521 L6 active=wlan1 ch7  | prep wlan0 ch5  | BL=['3', '6', '9', '11']
[TX  ->  *] bucket=9521 L6 active=wlan1 ch7  BL=['3', '6', '9', '11']
[RX  <- A] bucket=9521  peer_BL=['11', '9', '3', '6']  my_BL=['3', '6', '9', '11']
[08:09:24] HOP bucket=9522 L6 active=wlan0 ch5  | prep wlan1 ch4  | BL=['3', '6', '9', '11']
[RX  <- A] bucket=9522  peer_BL=['11', '9', '3', '6']  my_BL=['3', '6', '9', '11']
[TX  ->  *] bucket=9522 L6 active=wlan0 ch5  BL=['3', '6', '9', '11']
[08:09:26] HOP bucket=9523 L6 active=wlan1 ch4  | prep wlan0 ch4  | BL=['3', '6', '9', '11']
[RX  <- A] bucket=9523  peer_BL=['11', '9', '3', '6']  my_BL=['3', '6', '9', '11']
[TX  ->  *] bucket=9523 L6 active=wlan1 ch4  BL=['3', '6', '9', '11']
[08:09:28] HOP bucket=9524 L6 active=wlan0 ch4  | prep wlan1 ch4  | BL=['3', '6', '9']
[RX  <- A] bucket=9524  peer_BL=['9', '3', '6']  my_BL=['3', '6', '9']
[TX  ->  *] bucket=9524 L6 active=wlan0 ch4  BL=['3', '6', '9']
[08:09:30] HOP bucket=9525 L6 active=wlan1 ch4  | prep wlan0 ch8  | BL=['3', '6', '9']
[TX  ->  *] bucket=9525 L6 active=wlan1 ch4  BL=['3', '6', '9']
[RX  <- A] bucket=9525  peer_BL=['9', '3', '6']  my_BL=['3', '6', '9']
[08:09:32] HOP bucket=9526 L6 active=wlan0 ch8  | prep wlan1 ch8  | BL=['3', '6', '9']
[RX  <- A] bucket=9526  peer_BL=['9', '3', '6']  my_BL=['3', '6', '9']
[TX  ->  *] bucket=9526 L6 active=wlan0 ch8  BL=['3', '6', '9']
[08:09:34] HOP bucket=9527 L6 active=wlan1 ch8  | prep wlan0 ch11  | BL=['3', '6', '9']
[TX  ->  *] bucket=9527 L6 active=wlan1 ch8  BL=['3', '6', '9']
[RX  <- A] bucket=9527  peer_BL=['9', '3', '6']  my_BL=['3', '6', '9']
[08:09:36] HOP bucket=9528 L6 active=wlan0 ch11  | prep wlan1 ch5  | BL=['3', '6', '9']
[TX  ->  *] bucket=9528 L6 active=wlan0 ch11  BL=['3', '6', '9']
[!! JAMMED  ] bucket=9528 L6 active=wlan0 ch11  silent + egress_drops=39  -> BL until bucket=9558  BL=['3', '6', '9', '11']
[08:09:38] HOP bucket=9529 L6 active=wlan1 ch5  | prep wlan0 ch4  | BL=['3', '6', '9', '11']
[RX  <- A] bucket=9529  peer_BL=['9', '3', '6', '11']  my_BL=['3', '6', '9', '11']
[TX  ->  *] bucket=9529 L6 active=wlan1 ch5  BL=['3', '6', '9', '11']
[08:09:40] HOP bucket=9530 L6 active=wlan0 ch4  | prep wlan1 ch7  | BL=['3', '6', '9', '11']
[RX  <- A] bucket=9530  peer_BL=['9', '3', '6', '11']  my_BL=['3', '6', '9', '11']
[TX  ->  *] bucket=9530 L6 active=wlan0 ch4  BL=['3', '6', '9', '11']
[08:09:42] HOP bucket=9531 L6 active=wlan1 ch7  | prep wlan0 ch4  | BL=['3', '6', '9', '11']
[TX  ->  *] bucket=9531 L6 active=wlan1 ch7  BL=['3', '6', '9', '11']
[RX  <- A] bucket=9531  peer_BL=['9', '3', '6', '11']  my_BL=['3', '6', '9', '11']
[08:09:44] HOP bucket=9532 L6 active=wlan0 ch4  | prep wlan1 ch10  | BL=['3', '6', '9', '11']
[TX  ->  *] bucket=9532 L6 active=wlan0 ch4  BL=['3', '6', '9', '11']
[RX  <- A] bucket=9532  peer_BL=['9', '3', '6', '11']  my_BL=['3', '6', '9', '11']
[08:09:46] HOP bucket=9533 L6 active=wlan1 ch10  | prep wlan0 ch7  | BL=['3', '6', '9', '11']
[TX  ->  *] bucket=9533 L6 active=wlan1 ch10  BL=['3', '6', '9', '11']
[RX  <- A] bucket=9533  peer_BL=['9', '3', '6', '11']  my_BL=['3', '6', '9', '11']
[08:09:48] HOP bucket=9534 L6 active=wlan0 ch7  | prep wlan1 ch4  | BL=['3', '6', '9', '11']
[TX  ->  *] bucket=9534 L6 active=wlan0 ch7  BL=['3', '6', '9', '11']
[RX  <- A] bucket=9534  peer_BL=['9', '3', '6', '11']  my_BL=['3', '6', '9', '11']
[08:09:50] HOP bucket=9535 L6 active=wlan1 ch4  | prep wlan0 ch8  | BL=['3', '6', '9', '11']
[TX  ->  *] bucket=9535 L6 active=wlan1 ch4  BL=['3', '6', '9', '11']
[RX  <- A] bucket=9535  peer_BL=['9', '3', '6', '11']  my_BL=['3', '6', '9', '11']
[08:09:52] HOP bucket=9536 L6 active=wlan0 ch8  | prep wlan1 ch4  | BL=['3', '6', '9', '11']
[RX  <- A] bucket=9536  peer_BL=['9', '3', '6', '11']  my_BL=['3', '6', '9', '11']
[TX  ->  *] bucket=9536 L6 active=wlan0 ch8  BL=['3', '6', '9', '11']
[08:09:54] HOP bucket=9537 L6 active=wlan1 ch4  | prep wlan0 ch4  | BL=['3', '6', '9', '11']
[TX  ->  *] bucket=9537 L6 active=wlan1 ch4  BL=['3', '6', '9', '11']
[RX  <- A] bucket=9537  peer_BL=['9', '3', '6', '11']  my_BL=['3', '6', '9', '11']
[08:09:56] HOP bucket=9538 L6 active=wlan0 ch4  | prep wlan1 ch10  | BL=['3', '6', '9', '11']
[RX  <- A] bucket=9538  peer_BL=['9', '3', '6', '11']  my_BL=['3', '6', '9', '11']
[TX  ->  *] bucket=9538 L6 active=wlan0 ch4  BL=['3', '6', '9', '11']
[08:09:58] HOP bucket=9539 L6 active=wlan1 ch10  | prep wlan0 ch10  | BL=['3', '6', '9', '11']
[RX  <- A] bucket=9539  peer_BL=['9', '3', '6', '11']  my_BL=['3', '6', '9', '11']
[TX  ->  *] bucket=9539 L6 active=wlan1 ch10  BL=['3', '6', '9', '11']
[08:10:00] HOP bucket=9540 L6 active=wlan0 ch10  (LAG: totp_says=ch9, physical=ch10)  | prep wlan1 ch4  | BL=['3', '6', '11']
[TX  ->  *] bucket=9540 L6 active=wlan0 ch10  BL=['3', '6', '11']
[!! JAMMED  ] bucket=9540 L6 active=wlan0 ch10  silent + egress_drops=37  -> BL until bucket=9570  BL=['3', '6', '10', '11']
[08:10:02] HOP bucket=9541 L6 active=wlan1 ch4  | prep wlan0 ch3  | BL=['6', '10', '11']
[TX  ->  *] bucket=9541 L6 active=wlan1 ch4  BL=['6', '10', '11']
[!! JAMMED  ] bucket=9541 L6 active=wlan1 ch4  silent + egress_drops=38  -> BL until bucket=9571  BL=['4', '6', '10', '11']
[08:10:04] HOP bucket=9542 L6 active=wlan0 ch3  | prep wlan1 ch3  | BL=['4', '6', '10', '11']
[TX  ->  *] bucket=9542 L6 active=wlan0 ch3  BL=['4', '6', '10', '11']
[?? SOFT    ] bucket=9542 L6 active=wlan0 ch3  silent across 35 frames but egress_drops=0  (no tc evidence)
[08:10:06] HOP bucket=9543 L6 active=wlan1 ch3  | prep wlan0 ch7  | BL=['4', '6', '10', '11']
[TX  ->  *] bucket=9543 L6 active=wlan1 ch3  BL=['4', '6', '10', '11']
[?? SOFT    ] bucket=9543 L6 active=wlan1 ch3  silent across 35 frames but egress_drops=0  (no tc evidence)
[08:10:08] HOP bucket=9544 L6 active=wlan0 ch7  | prep wlan1 ch8  | BL=['4', '6', '10', '11']
[TX  ->  *] bucket=9544 L6 active=wlan0 ch7  BL=['4', '6', '10', '11']
[!! JAMMED  ] bucket=9544 L6 active=wlan0 ch7  silent + egress_drops=39  -> BL until bucket=9574  BL=['4', '6', '7', '10', '11']
[08:10:10] HOP bucket=9545 L6 active=wlan1 ch8  | prep wlan0 ch9  | BL=['4', '6', '7', '10', '11']
[TX  ->  *] bucket=9545 L6 active=wlan1 ch8  BL=['4', '6', '7', '10', '11']
[RX  <- A] bucket=9545  peer_BL=['6', '11', '3', '10', '4', '7']  my_BL=['3', '4', '6', '7', '10', '11']
[<= MERGED  ] ch3 from peer's confirmed -> expires bucket=886260932
[08:10:12] HOP bucket=9546 L6 active=wlan0 ch9  | prep wlan1 ch5  | BL=['3', '4', '6', '7', '10', '11']
[TX  ->  *] bucket=9546 L6 active=wlan0 ch9  BL=['3', '4', '6', '7', '10', '11']
[?? SOFT    ] bucket=9546 L6 active=wlan0 ch9  silent across 35 frames but egress_drops=0  (no tc evidence)
[08:10:14] HOP bucket=9547 L6 active=wlan1 ch5  | prep wlan0 ch5  | BL=['3', '4', '7', '10', '11']
[RX  <- A] bucket=9547  peer_BL=['11', '3', '10', '4', '7', '9']  my_BL=['3', '4', '7', '9', '10', '11']
[<= MERGED  ] ch9 from peer's confirmed -> expires bucket=886260936
[TX  ->  *] bucket=9547 L6 active=wlan1 ch5  BL=['3', '4', '7', '9', '10', '11']
[08:10:16] HOP bucket=9548 L6 active=wlan0 ch5  | prep wlan1 ch6  | BL=['3', '4', '7', '9', '10', '11']
[RX  <- A] bucket=9548  peer_BL=['11', '3', '10', '4', '7', '9']  my_BL=['3', '4', '7', '9', '10', '11']
[TX  ->  *] bucket=9548 L6 active=wlan0 ch5  BL=['3', '4', '7', '9', '10', '11']
[08:10:18] HOP bucket=9549 L6 active=wlan1 ch6  | prep wlan0 ch5  | BL=['3', '4', '7', '9', '10', '11']
[TX  ->  *] bucket=9549 L6 active=wlan1 ch6  BL=['3', '4', '7', '9', '10', '11']
[?? SOFT    ] bucket=9549 L6 active=wlan1 ch6  silent across 35 frames but egress_drops=0  (no tc evidence)