============================================================
 ARTCHO NODE — MODE=L3 — NODE_ID=B
============================================================
 Bucket duration : 2.0s
 TEST_EPOCH      : 1776804484.0
 BUCKET_EPOCH    : 1776761884.0
 sim offset      : 42600s  (11.83h)
 Use blacklist   : True
 Detect enabled  : True
 Dual radio      : True
============================================================

[WAIT] sleeping 18.8s until TEST_EPOCH...
[INIT] L3 cold-start (bucket=21300):
       active  wlan0 -> ch8 (2447 MHz)
       bg      wlan1 -> ch9 (2452 MHz)
       confirmed blacklist: []
[INIT] L3 cold-start complete.

[TX  ->  *] bucket=21300 L3 active=wlan0 ch8  BL=[]
[RX  <- A] bucket=21300  peer_BL=[]  my_BL=[]
[22:48:06] HOP bucket=21301 L3 active=wlan1 ch9  | prep wlan0 ch3  | BL=[]
[RX  <- A] bucket=21301  peer_BL=[]  my_BL=[]
[TX  ->  *] bucket=21301 L3 active=wlan1 ch9  BL=[]
[22:48:08] HOP bucket=21302 L3 active=wlan0 ch3  | prep wlan1 ch3  | BL=[]
[RX  <- A] bucket=21302  peer_BL=[]  my_BL=[]
[TX  ->  *] bucket=21302 L3 active=wlan0 ch3  BL=[]
[22:48:10] HOP bucket=21303 L3 active=wlan1 ch3  | prep wlan0 ch3  | BL=[]
[TX  ->  *] bucket=21303 L3 active=wlan1 ch3  BL=[]
[RX  <- A] bucket=21303  peer_BL=[]  my_BL=[]
[22:48:12] HOP bucket=21304 L3 active=wlan0 ch3  | prep wlan1 ch11  | BL=[]
[TX  ->  *] bucket=21304 L3 active=wlan0 ch3  BL=[]
[RX  <- A] bucket=21304  peer_BL=[]  my_BL=[]
[22:48:14] HOP bucket=21305 L3 active=wlan1 ch11  | prep wlan0 ch10  | BL=[]
[TX  ->  *] bucket=21305 L3 active=wlan1 ch11  BL=[]
[RX  <- A] bucket=21305  peer_BL=[]  my_BL=[]
[22:48:16] HOP bucket=21306 L3 active=wlan0 ch10  | prep wlan1 ch8  | BL=[]
[TX  ->  *] bucket=21306 L3 active=wlan0 ch10  BL=[]
[RX  <- A] bucket=21306  peer_BL=[]  my_BL=[]
[22:48:18] HOP bucket=21307 L3 active=wlan1 ch8  | prep wlan0 ch4  | BL=[]
[TX  ->  *] bucket=21307 L3 active=wlan1 ch8  BL=[]
[RX  <- A] bucket=21307  peer_BL=[]  my_BL=[]
[22:48:20] HOP bucket=21308 L3 active=wlan0 ch4  | prep wlan1 ch8  | BL=[]
[TX  ->  *] bucket=21308 L3 active=wlan0 ch4  BL=[]
[RX  <- A] bucket=21308  peer_BL=[]  my_BL=[]
[22:48:22] HOP bucket=21309 L3 active=wlan1 ch8  | prep wlan0 ch7  | BL=[]
[RX  <- A] bucket=21309  peer_BL=[]  my_BL=[]
[TX  ->  *] bucket=21309 L3 active=wlan1 ch8  BL=[]
[22:48:24] HOP bucket=21310 L3 active=wlan0 ch7  | prep wlan1 ch7  | BL=[]
[RX  <- A] bucket=21310  peer_BL=[]  my_BL=[]
[TX  ->  *] bucket=21310 L3 active=wlan0 ch7  BL=[]
[22:48:26] HOP bucket=21311 L3 active=wlan1 ch7  | prep wlan0 ch3  | BL=[]
[RX  <- A] bucket=21311  peer_BL=[]  my_BL=[]
[TX  ->  *] bucket=21311 L3 active=wlan1 ch7  BL=[]
[22:48:28] HOP bucket=21312 L3 active=wlan0 ch3  | prep wlan1 ch5  | BL=[]
[RX  <- A] bucket=21312  peer_BL=[]  my_BL=[]
[TX  ->  *] bucket=21312 L3 active=wlan0 ch3  BL=[]
[22:48:30] HOP bucket=21313 L3 active=wlan1 ch5  | prep wlan0 ch4  | BL=[]
[RX  <- A] bucket=21313  peer_BL=[]  my_BL=[]
[TX  ->  *] bucket=21313 L3 active=wlan1 ch5  BL=[]
[22:48:32] HOP bucket=21314 L3 active=wlan0 ch4  | prep wlan1 ch8  | BL=[]
[RX  <- A] bucket=21314  peer_BL=[]  my_BL=[]
[TX  ->  *] bucket=21314 L3 active=wlan0 ch4  BL=[]
[22:48:34] HOP bucket=21315 L3 active=wlan1 ch8  | prep wlan0 ch4  | BL=[]
[TX  ->  *] bucket=21315 L3 active=wlan1 ch8  BL=[]
[RX  <- A] bucket=21315  peer_BL=[]  my_BL=[]
[22:48:36] HOP bucket=21316 L3 active=wlan0 ch4  | prep wlan1 ch3  | BL=[]
[TX  ->  *] bucket=21316 L3 active=wlan0 ch4  BL=[]
[RX  <- A] bucket=21316  peer_BL=[]  my_BL=[]
[22:48:38] HOP bucket=21317 L3 active=wlan1 ch3  | prep wlan0 ch11  | BL=[]
[TX  ->  *] bucket=21317 L3 active=wlan1 ch3  BL=[]
[RX  <- A] bucket=21317  peer_BL=[]  my_BL=[]
[22:48:40] HOP bucket=21318 L3 active=wlan0 ch11  | prep wlan1 ch4  | BL=[]
[TX  ->  *] bucket=21318 L3 active=wlan0 ch11  BL=[]
[RX  <- A] bucket=21318  peer_BL=[]  my_BL=[]
[22:48:42] HOP bucket=21319 L3 active=wlan1 ch4  | prep wlan0 ch11  | BL=[]
[RX  <- A] bucket=21319  peer_BL=[]  my_BL=[]
[TX  ->  *] bucket=21319 L3 active=wlan1 ch4  BL=[]
[22:48:44] HOP bucket=21320 L3 active=wlan0 ch11  | prep wlan1 ch4  | BL=[]
[TX  ->  *] bucket=21320 L3 active=wlan0 ch11  BL=[]
[RX  <- A] bucket=21320  peer_BL=[]  my_BL=[]
[22:48:46] HOP bucket=21321 L3 active=wlan1 ch4  | prep wlan0 ch8  | BL=[]
[TX  ->  *] bucket=21321 L3 active=wlan1 ch4  BL=[]
[RX  <- A] bucket=21321  peer_BL=[]  my_BL=[]
[22:48:48] HOP bucket=21322 L3 active=wlan0 ch8  | prep wlan1 ch9  | BL=[]
[RX  <- A] bucket=21322  peer_BL=[]  my_BL=[]
[TX  ->  *] bucket=21322 L3 active=wlan0 ch8  BL=[]
[22:48:50] HOP bucket=21323 L3 active=wlan1 ch9  | prep wlan0 ch8  | BL=[]
[RX  <- A] bucket=21323  peer_BL=[]  my_BL=[]
[TX  ->  *] bucket=21323 L3 active=wlan1 ch9  BL=[]
[22:48:52] HOP bucket=21324 L3 active=wlan0 ch8  | prep wlan1 ch6  | BL=[]
[RX  <- A] bucket=21324  peer_BL=[]  my_BL=[]
[TX  ->  *] bucket=21324 L3 active=wlan0 ch8  BL=[]
[22:48:54] HOP bucket=21325 L3 active=wlan1 ch6  | prep wlan0 ch9  | BL=[]
[RX  <- A] bucket=21325  peer_BL=[]  my_BL=[]
[TX  ->  *] bucket=21325 L3 active=wlan1 ch6  BL=[]
[22:48:56] HOP bucket=21326 L3 active=wlan0 ch9  | prep wlan1 ch4  | BL=[]
[TX  ->  *] bucket=21326 L3 active=wlan0 ch9  BL=[]
[RX  <- A] bucket=21326  peer_BL=[]  my_BL=[]
[22:48:58] HOP bucket=21327 L3 active=wlan1 ch4  | prep wlan0 ch7  | BL=[]
[TX  ->  *] bucket=21327 L3 active=wlan1 ch4  BL=[]
[RX  <- A] bucket=21327  peer_BL=[]  my_BL=[]
[22:49:00] HOP bucket=21328 L3 active=wlan0 ch7  | prep wlan1 ch5  | BL=[]
[TX  ->  *] bucket=21328 L3 active=wlan0 ch7  BL=[]
[RX  <- A] bucket=21328  peer_BL=[]  my_BL=[]
[22:49:02] HOP bucket=21329 L3 active=wlan1 ch5  | prep wlan0 ch11  | BL=[]
[RX  <- A] bucket=21329  peer_BL=[]  my_BL=[]
[TX  ->  *] bucket=21329 L3 active=wlan1 ch5  BL=[]
[22:49:04] HOP bucket=21330 L3 active=wlan0 ch11  | prep wlan1 ch7  | BL=[]
[RX  <- A] bucket=21330  peer_BL=[]  my_BL=[]
[TX  ->  *] bucket=21330 L3 active=wlan0 ch11  BL=[]
[22:49:06] HOP bucket=21331 L3 active=wlan1 ch7  | prep wlan0 ch10  | BL=[]
[RX  <- A] bucket=21331  peer_BL=[]  my_BL=[]
[TX  ->  *] bucket=21331 L3 active=wlan1 ch7  BL=[]
[22:49:08] HOP bucket=21332 L3 active=wlan0 ch10  | prep wlan1 ch11  | BL=[]
[RX  <- A] bucket=21332  peer_BL=[]  my_BL=[]
[TX  ->  *] bucket=21332 L3 active=wlan0 ch10  BL=[]
[22:49:10] HOP bucket=21333 L3 active=wlan1 ch11  | prep wlan0 ch5  | BL=[]
[RX  <- A] bucket=21333  peer_BL=[]  my_BL=[]
[TX  ->  *] bucket=21333 L3 active=wlan1 ch11  BL=[]
[22:49:12] HOP bucket=21334 L3 active=wlan0 ch5  | prep wlan1 ch4  | BL=[]
[TX  ->  *] bucket=21334 L3 active=wlan0 ch5  BL=[]
[RX  <- A] bucket=21334  peer_BL=[]  my_BL=[]
[22:49:14] HOP bucket=21335 L3 active=wlan1 ch4  | prep wlan0 ch6  | BL=[]
[RX  <- A] bucket=21335  peer_BL=[]  my_BL=[]
[TX  ->  *] bucket=21335 L3 active=wlan1 ch4  BL=[]
[22:49:16] HOP bucket=21336 L3 active=wlan0 ch6  | prep wlan1 ch11  | BL=[]
[TX  ->  *] bucket=21336 L3 active=wlan0 ch6  BL=[]
[!! JAMMED  ] bucket=21336 L3 active=wlan0 ch6  silent + egress_drops=39  -> BL until bucket=21366  BL=['6']
[22:49:18] HOP bucket=21337 L3 active=wlan1 ch11  | prep wlan0 ch4  | BL=['6']
[TX  ->  *] bucket=21337 L3 active=wlan1 ch11  BL=['6']
[RX  <- A] bucket=21337  peer_BL=['6']  my_BL=['6']
[22:49:20] HOP bucket=21338 L3 active=wlan0 ch4  | prep wlan1 ch10  | BL=['6']
[TX  ->  *] bucket=21338 L3 active=wlan0 ch4  BL=['6']
[RX  <- A] bucket=21338  peer_BL=['6']  my_BL=['6']
[22:49:22] HOP bucket=21339 L3 active=wlan1 ch10  | prep wlan0 ch3  | BL=['6']
[TX  ->  *] bucket=21339 L3 active=wlan1 ch10  BL=['6']
[RX  <- A] bucket=21339  peer_BL=['6']  my_BL=['6']
[22:49:24] HOP bucket=21340 L3 active=wlan0 ch3  | prep wlan1 ch9  | BL=['6']
[TX  ->  *] bucket=21340 L3 active=wlan0 ch3  BL=['6']
[RX  <- A] bucket=21340  peer_BL=['6']  my_BL=['6']
[22:49:26] HOP bucket=21341 L3 active=wlan1 ch9  | prep wlan0 ch4  | BL=['6']
[RX  <- A] bucket=21341  peer_BL=['6']  my_BL=['6']
[TX  ->  *] bucket=21341 L3 active=wlan1 ch9  BL=['6']
[22:49:28] HOP bucket=21342 L3 active=wlan0 ch4  | prep wlan1 ch8  | BL=['6']
[TX  ->  *] bucket=21342 L3 active=wlan0 ch4  BL=['6']
[RX  <- A] bucket=21342  peer_BL=['6']  my_BL=['6']
[22:49:30] HOP bucket=21343 L3 active=wlan1 ch8  | prep wlan0 ch4  | BL=['6']
[TX  ->  *] bucket=21343 L3 active=wlan1 ch8  BL=['6']
[RX  <- A] bucket=21343  peer_BL=['6']  my_BL=['6']
[22:49:32] HOP bucket=21344 L3 active=wlan0 ch4  | prep wlan1 ch5  | BL=['6']
[TX  ->  *] bucket=21344 L3 active=wlan0 ch4  BL=['6']
[RX  <- A] bucket=21344  peer_BL=['6']  my_BL=['6']
[22:49:34] HOP bucket=21345 L3 active=wlan1 ch5  | prep wlan0 ch4  | BL=['6']
[TX  ->  *] bucket=21345 L3 active=wlan1 ch5  BL=['6']
[RX  <- A] bucket=21345  peer_BL=['6']  my_BL=['6']
[22:49:36] HOP bucket=21346 L3 active=wlan0 ch4  | prep wlan1 ch5  | BL=['6']
[TX  ->  *] bucket=21346 L3 active=wlan0 ch4  BL=['6']
[RX  <- A] bucket=21346  peer_BL=['6']  my_BL=['6']
[22:49:38] HOP bucket=21347 L3 active=wlan1 ch5  | prep wlan0 ch8  | BL=['6']
[RX  <- A] bucket=21347  peer_BL=['6']  my_BL=['6']
[TX  ->  *] bucket=21347 L3 active=wlan1 ch5  BL=['6']
[22:49:40] HOP bucket=21348 L3 active=wlan0 ch8  | prep wlan1 ch7  | BL=['6']
[TX  ->  *] bucket=21348 L3 active=wlan0 ch8  BL=['6']
[RX  <- A] bucket=21348  peer_BL=['6']  my_BL=['6']
[22:49:42] HOP bucket=21349 L3 active=wlan1 ch7  | prep wlan0 ch4  | BL=['6']
[TX  ->  *] bucket=21349 L3 active=wlan1 ch7  BL=['6']
[RX  <- A] bucket=21349  peer_BL=['6']  my_BL=['6']
[22:49:44] HOP bucket=21350 L3 active=wlan0 ch4  | prep wlan1 ch5  | BL=['6']
[RX  <- A] bucket=21350  peer_BL=['6']  my_BL=['6']
[TX  ->  *] bucket=21350 L3 active=wlan0 ch4  BL=['6']
[22:49:46] HOP bucket=21351 L3 active=wlan1 ch5  | prep wlan0 ch7  | BL=['6']
[TX  ->  *] bucket=21351 L3 active=wlan1 ch5  BL=['6']
[RX  <- A] bucket=21351  peer_BL=['6']  my_BL=['6']
[22:49:48] HOP bucket=21352 L3 active=wlan0 ch7  | prep wlan1 ch7  | BL=['6']
[RX  <- A] bucket=21352  peer_BL=['6']  my_BL=['6']
[TX  ->  *] bucket=21352 L3 active=wlan0 ch7  BL=['6']
[22:49:50] HOP bucket=21353 L3 active=wlan1 ch7  | prep wlan0 ch5  | BL=['6']
[TX  ->  *] bucket=21353 L3 active=wlan1 ch7  BL=['6']
[RX  <- A] bucket=21353  peer_BL=['6']  my_BL=['6']
[22:49:52] HOP bucket=21354 L3 active=wlan0 ch5  | prep wlan1 ch7  | BL=['6']
[RX  <- A] bucket=21354  peer_BL=['6']  my_BL=['6']
[TX  ->  *] bucket=21354 L3 active=wlan0 ch5  BL=['6']
[22:49:54] HOP bucket=21355 L3 active=wlan1 ch7  | prep wlan0 ch7  | BL=['6']
[RX  <- A] bucket=21355  peer_BL=['6']  my_BL=['6']
[TX  ->  *] bucket=21355 L3 active=wlan1 ch7  BL=['6']
[22:49:56] HOP bucket=21356 L3 active=wlan0 ch7  | prep wlan1 ch3  | BL=['6']
[RX  <- A] bucket=21356  peer_BL=['6']  my_BL=['6']
[TX  ->  *] bucket=21356 L3 active=wlan0 ch7  BL=['6']
[22:49:58] HOP bucket=21357 L3 active=wlan1 ch3  | prep wlan0 ch9  | BL=['6']
[TX  ->  *] bucket=21357 L3 active=wlan1 ch3  BL=['6']
[RX  <- A] bucket=21357  peer_BL=['6']  my_BL=['6']
[22:50:00] HOP bucket=21358 L3 active=wlan0 ch9  | prep wlan1 ch7  | BL=['6']
[TX  ->  *] bucket=21358 L3 active=wlan0 ch9  BL=['6']
[RX  <- A] bucket=21358  peer_BL=['6']  my_BL=['6']
[22:50:02] HOP bucket=21359 L3 active=wlan1 ch7  | prep wlan0 ch7  | BL=['6']
[RX  <- A] bucket=21359  peer_BL=['6']  my_BL=['6']
[TX  ->  *] bucket=21359 L3 active=wlan1 ch7  BL=['6']
[22:50:04] HOP bucket=21360 L3 active=wlan0 ch7  | prep wlan1 ch8  | BL=['6']
[TX  ->  *] bucket=21360 L3 active=wlan0 ch7  BL=['6']
[RX  <- A] bucket=21360  peer_BL=['6']  my_BL=['6']
[22:50:06] HOP bucket=21361 L3 active=wlan1 ch8  | prep wlan0 ch7  | BL=['6']
[TX  ->  *] bucket=21361 L3 active=wlan1 ch8  BL=['6']
[RX  <- A] bucket=21361  peer_BL=['6']  my_BL=['6']
[22:50:08] HOP bucket=21362 L3 active=wlan0 ch7  | prep wlan1 ch3  | BL=['6']
[RX  <- A] bucket=21362  peer_BL=['6']  my_BL=['6']
[TX  ->  *] bucket=21362 L3 active=wlan0 ch7  BL=['6']
[22:50:10] HOP bucket=21363 L3 active=wlan1 ch3  | prep wlan0 ch3  | BL=['6']
[RX  <- A] bucket=21363  peer_BL=['6']  my_BL=['6']
[TX  ->  *] bucket=21363 L3 active=wlan1 ch3  BL=['6']
[22:50:12] HOP bucket=21364 L3 active=wlan0 ch3  | prep wlan1 ch5  | BL=['6']
[TX  ->  *] bucket=21364 L3 active=wlan0 ch3  BL=['6']
[RX  <- A] bucket=21364  peer_BL=['6']  my_BL=['6']
[22:50:14] HOP bucket=21365 L3 active=wlan1 ch5  | prep wlan0 ch5  | BL=['6']
[TX  ->  *] bucket=21365 L3 active=wlan1 ch5  BL=['6']
[RX  <- A] bucket=21365  peer_BL=['6']  my_BL=['6']
[22:50:16] HOP bucket=21366 L3 active=wlan0 ch5  | prep wlan1 ch9  | BL=[]
[RX  <- A] bucket=21366  peer_BL=[]  my_BL=[]
[TX  ->  *] bucket=21366 L3 active=wlan0 ch5  BL=[]
[22:50:18] HOP bucket=21367 L3 active=wlan1 ch9  | prep wlan0 ch11  | BL=[]
[TX  ->  *] bucket=21367 L3 active=wlan1 ch9  BL=[]
[RX  <- A] bucket=21367  peer_BL=[]  my_BL=[]
[22:50:20] HOP bucket=21368 L3 active=wlan0 ch11  | prep wlan1 ch9  | BL=[]
[TX  ->  *] bucket=21368 L3 active=wlan0 ch11  BL=[]
[RX  <- A] bucket=21368  peer_BL=[]  my_BL=[]
[22:50:22] HOP bucket=21369 L3 active=wlan1 ch9  | prep wlan0 ch5  | BL=[]
[TX  ->  *] bucket=21369 L3 active=wlan1 ch9  BL=[]
[RX  <- A] bucket=21369  peer_BL=[]  my_BL=[]
[22:50:24] HOP bucket=21370 L3 active=wlan0 ch5  | prep wlan1 ch8  | BL=[]
[RX  <- A] bucket=21370  peer_BL=[]  my_BL=[]
[TX  ->  *] bucket=21370 L3 active=wlan0 ch5  BL=[]
[22:50:26] HOP bucket=21371 L3 active=wlan1 ch8  | prep wlan0 ch4  | BL=[]
[TX  ->  *] bucket=21371 L3 active=wlan1 ch8  BL=[]
[RX  <- A] bucket=21371  peer_BL=[]  my_BL=[]
[22:50:28] HOP bucket=21372 L3 active=wlan0 ch4  | prep wlan1 ch10  | BL=[]
[TX  ->  *] bucket=21372 L3 active=wlan0 ch4  BL=[]
[RX  <- A] bucket=21372  peer_BL=[]  my_BL=[]
[22:50:30] HOP bucket=21373 L3 active=wlan1 ch10  | prep wlan0 ch4  | BL=[]
[RX  <- A] bucket=21373  peer_BL=[]  my_BL=[]
[TX  ->  *] bucket=21373 L3 active=wlan1 ch10  BL=[]
[22:50:32] HOP bucket=21374 L3 active=wlan0 ch4  | prep wlan1 ch3  | BL=[]
[RX  <- A] bucket=21374  peer_BL=[]  my_BL=[]
[TX  ->  *] bucket=21374 L3 active=wlan0 ch4  BL=[]
[22:50:34] HOP bucket=21375 L3 active=wlan1 ch3  | prep wlan0 ch6  | BL=[]
[TX  ->  *] bucket=21375 L3 active=wlan1 ch3  BL=[]
[RX  <- A] bucket=21375  peer_BL=[]  my_BL=[]
[22:50:36] HOP bucket=21376 L3 active=wlan0 ch6  | prep wlan1 ch4  | BL=[]
[TX  ->  *] bucket=21376 L3 active=wlan0 ch6  BL=[]
[!! JAMMED  ] bucket=21376 L3 active=wlan0 ch6  silent + egress_drops=39  -> BL until bucket=21406  BL=['6']
[22:50:38] HOP bucket=21377 L3 active=wlan1 ch4  | prep wlan0 ch9  | BL=['6']
[TX  ->  *] bucket=21377 L3 active=wlan1 ch4  BL=['6']
[RX  <- A] bucket=21377  peer_BL=['6']  my_BL=['6']
[22:50:40] HOP bucket=21378 L3 active=wlan0 ch9  | prep wlan1 ch3  | BL=['6']
[TX  ->  *] bucket=21378 L3 active=wlan0 ch9  BL=['6']
[RX  <- A] bucket=21378  peer_BL=['6']  my_BL=['6']
[22:50:42] HOP bucket=21379 L3 active=wlan1 ch3  | prep wlan0 ch11  | BL=['6']
[RX  <- A] bucket=21379  peer_BL=['6']  my_BL=['6']
[TX  ->  *] bucket=21379 L3 active=wlan1 ch3  BL=['6']
[22:50:44] HOP bucket=21380 L3 active=wlan0 ch11  | prep wlan1 ch9  | BL=['6']
[RX  <- A] bucket=21380  peer_BL=['6']  my_BL=['6']
[TX  ->  *] bucket=21380 L3 active=wlan0 ch11  BL=['6']
[22:50:46] HOP bucket=21381 L3 active=wlan1 ch9  | prep wlan0 ch3  | BL=['6']
[RX  <- A] bucket=21381  peer_BL=['6']  my_BL=['6']
[TX  ->  *] bucket=21381 L3 active=wlan1 ch9  BL=['6']
[22:50:48] HOP bucket=21382 L3 active=wlan0 ch3  | prep wlan1 ch10  | BL=['6']
[RX  <- A] bucket=21382  peer_BL=['6']  my_BL=['6']
[TX  ->  *] bucket=21382 L3 active=wlan0 ch3  BL=['6']
[22:50:50] HOP bucket=21383 L3 active=wlan1 ch10  | prep wlan0 ch11  | BL=['6']
[RX  <- A] bucket=21383  peer_BL=['6']  my_BL=['6']
[TX  ->  *] bucket=21383 L3 active=wlan1 ch10  BL=['6']
[22:50:52] HOP bucket=21384 L3 active=wlan0 ch11  | prep wlan1 ch3  | BL=['6']
[RX  <- A] bucket=21384  peer_BL=['6']  my_BL=['6']
[TX  ->  *] bucket=21384 L3 active=wlan0 ch11  BL=['6']
[22:50:54] HOP bucket=21385 L3 active=wlan1 ch3  | prep wlan0 ch8  | BL=['6']
[TX  ->  *] bucket=21385 L3 active=wlan1 ch3  BL=['6']
[RX  <- A] bucket=21385  peer_BL=['6']  my_BL=['6']
[22:50:56] HOP bucket=21386 L3 active=wlan0 ch8  | prep wlan1 ch5  | BL=['6']
[TX  ->  *] bucket=21386 L3 active=wlan0 ch8  BL=['6']
[RX  <- A] bucket=21386  peer_BL=['6']  my_BL=['6']
[22:50:58] HOP bucket=21387 L3 active=wlan1 ch5  | prep wlan0 ch5  | BL=['6']
[TX  ->  *] bucket=21387 L3 active=wlan1 ch5  BL=['6']
[RX  <- A] bucket=21387  peer_BL=['6']  my_BL=['6']
[22:51:00] HOP bucket=21388 L3 active=wlan0 ch5  | prep wlan1 ch7  | BL=['6']
[RX  <- A] bucket=21388  peer_BL=['6']  my_BL=['6']
[TX  ->  *] bucket=21388 L3 active=wlan0 ch5  BL=['6']
[22:51:02] HOP bucket=21389 L3 active=wlan1 ch7  | prep wlan0 ch7  | BL=['6']
[RX  <- A] bucket=21389  peer_BL=['6']  my_BL=['6']
[TX  ->  *] bucket=21389 L3 active=wlan1 ch7  BL=['6']
[22:51:04] HOP bucket=21390 L3 active=wlan0 ch7  | prep wlan1 ch9  | BL=['6']
[TX  ->  *] bucket=21390 L3 active=wlan0 ch7  BL=['6']
[!! JAMMED  ] bucket=21390 L3 active=wlan0 ch7  silent + egress_drops=37  -> BL until bucket=21420  BL=['6', '7']
[22:51:06] HOP bucket=21391 L3 active=wlan1 ch9  | prep wlan0 ch8  | BL=['6', '7']
[RX  <- A] bucket=21391  peer_BL=['6', '7']  my_BL=['6', '7']
[TX  ->  *] bucket=21391 L3 active=wlan1 ch9  BL=['6', '7']
[22:51:08] HOP bucket=21392 L3 active=wlan0 ch8  | prep wlan1 ch4  | BL=['6', '7']
[TX  ->  *] bucket=21392 L3 active=wlan0 ch8  BL=['6', '7']
[RX  <- A] bucket=21392  peer_BL=['6', '7']  my_BL=['6', '7']
[22:51:10] HOP bucket=21393 L3 active=wlan1 ch4  | prep wlan0 ch10  | BL=['6', '7']
[TX  ->  *] bucket=21393 L3 active=wlan1 ch4  BL=['6', '7']
[RX  <- A] bucket=21393  peer_BL=['6', '7']  my_BL=['6', '7']
[22:51:12] HOP bucket=21394 L3 active=wlan0 ch10  | prep wlan1 ch8  | BL=['6', '7']
[RX  <- A] bucket=21394  peer_BL=['6', '7']  my_BL=['6', '7']
[TX  ->  *] bucket=21394 L3 active=wlan0 ch10  BL=['6', '7']
[22:51:14] HOP bucket=21395 L3 active=wlan1 ch8  | prep wlan0 ch8  | BL=['6', '7']
[RX  <- A] bucket=21395  peer_BL=['6', '7']  my_BL=['6', '7']
[TX  ->  *] bucket=21395 L3 active=wlan1 ch8  BL=['6', '7']
[22:51:16] HOP bucket=21396 L3 active=wlan0 ch8  | prep wlan1 ch3  | BL=['6', '7']
[TX  ->  *] bucket=21396 L3 active=wlan0 ch8  BL=['6', '7']
[RX  <- A] bucket=21396  peer_BL=['6', '7']  my_BL=['6', '7']
[22:51:18] HOP bucket=21397 L3 active=wlan1 ch3  | prep wlan0 ch11  | BL=['6', '7']
[TX  ->  *] bucket=21397 L3 active=wlan1 ch3  BL=['6', '7']
[RX  <- A] bucket=21397  peer_BL=['6', '7']  my_BL=['6', '7']
[22:51:20] HOP bucket=21398 L3 active=wlan0 ch11  | prep wlan1 ch10  | BL=['6', '7']
[TX  ->  *] bucket=21398 L3 active=wlan0 ch11  BL=['6', '7']
[RX  <- A] bucket=21398  peer_BL=['6', '7']  my_BL=['6', '7']
[22:51:22] HOP bucket=21399 L3 active=wlan1 ch10  | prep wlan0 ch8  | BL=['6', '7']
[TX  ->  *] bucket=21399 L3 active=wlan1 ch10  BL=['6', '7']
[RX  <- A] bucket=21399  peer_BL=['6', '7']  my_BL=['6', '7']
[22:51:24] HOP bucket=21400 L3 active=wlan0 ch8  | prep wlan1 ch8  | BL=['6', '7']
[RX  <- A] bucket=21400  peer_BL=['6', '7']  my_BL=['6', '7']
[TX  ->  *] bucket=21400 L3 active=wlan0 ch8  BL=['6', '7']
[22:51:26] HOP bucket=21401 L3 active=wlan1 ch8  | prep wlan0 ch8  | BL=['6', '7']
[RX  <- A] bucket=21401  peer_BL=['6', '7']  my_BL=['6', '7']
[TX  ->  *] bucket=21401 L3 active=wlan1 ch8  BL=['6', '7']
[22:51:28] HOP bucket=21402 L3 active=wlan0 ch8  | prep wlan1 ch10  | BL=['6', '7']
[TX  ->  *] bucket=21402 L3 active=wlan0 ch8  BL=['6', '7']
[RX  <- A] bucket=21402  peer_BL=['6', '7']  my_BL=['6', '7']
[22:51:30] HOP bucket=21403 L3 active=wlan1 ch10  | prep wlan0 ch11  | BL=['6', '7']
[TX  ->  *] bucket=21403 L3 active=wlan1 ch10  BL=['6', '7']
[RX  <- A] bucket=21403  peer_BL=['6', '7']  my_BL=['6', '7']
[22:51:32] HOP bucket=21404 L3 active=wlan0 ch11  | prep wlan1 ch3  | BL=['6', '7']
[TX  ->  *] bucket=21404 L3 active=wlan0 ch11  BL=['6', '7']
[RX  <- A] bucket=21404  peer_BL=['6', '7']  my_BL=['6', '7']
[22:51:34] HOP bucket=21405 L3 active=wlan1 ch3  | prep wlan0 ch8  | BL=['6', '7']
[TX  ->  *] bucket=21405 L3 active=wlan1 ch3  BL=['6', '7']
[RX  <- A] bucket=21405  peer_BL=['6', '7']  my_BL=['6', '7']
[22:51:36] HOP bucket=21406 L3 active=wlan0 ch8  | prep wlan1 ch10  | BL=['7']
[RX  <- A] bucket=21406  peer_BL=['7']  my_BL=['7']
[TX  ->  *] bucket=21406 L3 active=wlan0 ch8  BL=['7']
[22:51:38] HOP bucket=21407 L3 active=wlan1 ch10  | prep wlan0 ch8  | BL=['7']
[TX  ->  *] bucket=21407 L3 active=wlan1 ch10  BL=['7']
[RX  <- A] bucket=21407  peer_BL=['7']  my_BL=['7']
[22:51:40] HOP bucket=21408 L3 active=wlan0 ch8  | prep wlan1 ch11  | BL=['7']
[RX  <- A] bucket=21408  peer_BL=['7']  my_BL=['7']
[TX  ->  *] bucket=21408 L3 active=wlan0 ch8  BL=['7']
[22:51:42] HOP bucket=21409 L3 active=wlan1 ch11  | prep wlan0 ch11  | BL=['7']
[TX  ->  *] bucket=21409 L3 active=wlan1 ch11  BL=['7']
[RX  <- A] bucket=21409  peer_BL=['7']  my_BL=['7']
[22:51:44] HOP bucket=21410 L3 active=wlan0 ch11  | prep wlan1 ch8  | BL=['7']
[TX  ->  *] bucket=21410 L3 active=wlan0 ch11  BL=['7']
[RX  <- A] bucket=21410  peer_BL=['7']  my_BL=['7']
[22:51:46] HOP bucket=21411 L3 active=wlan1 ch8  | prep wlan0 ch5  | BL=['7']
[TX  ->  *] bucket=21411 L3 active=wlan1 ch8  BL=['7']
[RX  <- A] bucket=21411  peer_BL=['7']  my_BL=['7']
[22:51:48] HOP bucket=21412 L3 active=wlan0 ch5  | prep wlan1 ch11  | BL=['7']
[TX  ->  *] bucket=21412 L3 active=wlan0 ch5  BL=['7']
[RX  <- A] bucket=21412  peer_BL=['7']  my_BL=['7']
[22:51:50] HOP bucket=21413 L3 active=wlan1 ch11  | prep wlan0 ch8  | BL=['7']
[TX  ->  *] bucket=21413 L3 active=wlan1 ch11  BL=['7']
[RX  <- A] bucket=21413  peer_BL=['7']  my_BL=['7']
[22:51:52] HOP bucket=21414 L3 active=wlan0 ch8  | prep wlan1 ch8  | BL=['7']
[RX  <- A] bucket=21414  peer_BL=['7']  my_BL=['7']
[TX  ->  *] bucket=21414 L3 active=wlan0 ch8  BL=['7']
[22:51:54] HOP bucket=21415 L3 active=wlan1 ch8  | prep wlan0 ch8  | BL=['7']
[RX  <- A] bucket=21415  peer_BL=['7']  my_BL=['7']
[TX  ->  *] bucket=21415 L3 active=wlan1 ch8  BL=['7']
[22:51:56] HOP bucket=21416 L3 active=wlan0 ch8  | prep wlan1 ch10  | BL=['7']
[TX  ->  *] bucket=21416 L3 active=wlan0 ch8  BL=['7']
[RX  <- A] bucket=21416  peer_BL=['7']  my_BL=['7']
[22:51:58] HOP bucket=21417 L3 active=wlan1 ch10  | prep wlan0 ch3  | BL=['7']
[TX  ->  *] bucket=21417 L3 active=wlan1 ch10  BL=['7']
[RX  <- A] bucket=21417  peer_BL=['7']  my_BL=['7']
[22:52:00] HOP bucket=21418 L3 active=wlan0 ch3  | prep wlan1 ch9  | BL=['7']
[RX  <- A] bucket=21418  peer_BL=['7']  my_BL=['7']
[TX  ->  *] bucket=21418 L3 active=wlan0 ch3  BL=['7']
[22:52:02] HOP bucket=21419 L3 active=wlan1 ch9  | prep wlan0 ch10  | BL=['7']
[TX  ->  *] bucket=21419 L3 active=wlan1 ch9  BL=['7']
[RX  <- A] bucket=21419  peer_BL=['7']  my_BL=['7']
[22:52:04] HOP bucket=21420 L3 active=wlan0 ch10  | prep wlan1 ch10  | BL=[]
[RX  <- A] bucket=21420  peer_BL=[]  my_BL=[]
[TX  ->  *] bucket=21420 L3 active=wlan0 ch10  BL=[]
[22:52:06] HOP bucket=21421 L3 active=wlan1 ch10  | prep wlan0 ch9  | BL=[]
[RX  <- A] bucket=21421  peer_BL=[]  my_BL=[]
[TX  ->  *] bucket=21421 L3 active=wlan1 ch10  BL=[]
[22:52:08] HOP bucket=21422 L3 active=wlan0 ch9  | prep wlan1 ch7  | BL=[]
[TX  ->  *] bucket=21422 L3 active=wlan0 ch9  BL=[]
[RX  <- A] bucket=21422  peer_BL=[]  my_BL=[]
[22:52:10] HOP bucket=21423 L3 active=wlan1 ch7  | prep wlan0 ch5  | BL=[]
[TX  ->  *] bucket=21423 L3 active=wlan1 ch7  BL=[]
[!! JAMMED  ] bucket=21423 L3 active=wlan1 ch7  silent + egress_drops=38  -> BL until bucket=21453  BL=['7']
[22:52:12] HOP bucket=21424 L3 active=wlan0 ch5  | prep wlan1 ch9  | BL=['7']
[TX  ->  *] bucket=21424 L3 active=wlan0 ch5  BL=['7']
[RX  <- A] bucket=21424  peer_BL=['7']  my_BL=['7']
[22:52:14] HOP bucket=21425 L3 active=wlan1 ch9  | prep wlan0 ch11  | BL=['7']
[RX  <- A] bucket=21425  peer_BL=['7']  my_BL=['7']
[TX  ->  *] bucket=21425 L3 active=wlan1 ch9  BL=['7']
[22:52:16] HOP bucket=21426 L3 active=wlan0 ch11  | prep wlan1 ch8  | BL=['7']
[TX  ->  *] bucket=21426 L3 active=wlan0 ch11  BL=['7']
[RX  <- A] bucket=21426  peer_BL=['7']  my_BL=['7']
[22:52:18] HOP bucket=21427 L3 active=wlan1 ch8  | prep wlan0 ch11  | BL=['7']
[TX  ->  *] bucket=21427 L3 active=wlan1 ch8  BL=['7']
[RX  <- A] bucket=21427  peer_BL=['7']  my_BL=['7']
[22:52:20] HOP bucket=21428 L3 active=wlan0 ch11  | prep wlan1 ch5  | BL=['7']
[TX  ->  *] bucket=21428 L3 active=wlan0 ch11  BL=['7']
[RX  <- A] bucket=21428  peer_BL=['7']  my_BL=['7']
[22:52:22] HOP bucket=21429 L3 active=wlan1 ch5  | prep wlan0 ch10  | BL=['7']
[TX  ->  *] bucket=21429 L3 active=wlan1 ch5  BL=['7']
[RX  <- A] bucket=21429  peer_BL=['7']  my_BL=['7']
[22:52:24] HOP bucket=21430 L3 active=wlan0 ch10  | prep wlan1 ch8  | BL=['7']
[TX  ->  *] bucket=21430 L3 active=wlan0 ch10  BL=['7']
[RX  <- A] bucket=21430  peer_BL=['7']  my_BL=['7']
[22:52:26] HOP bucket=21431 L3 active=wlan1 ch8  | prep wlan0 ch8  | BL=['7']
[RX  <- A] bucket=21431  peer_BL=['7']  my_BL=['7']
[TX  ->  *] bucket=21431 L3 active=wlan1 ch8  BL=['7']
[22:52:28] HOP bucket=21432 L3 active=wlan0 ch8  | prep wlan1 ch4  | BL=['7']
[RX  <- A] bucket=21432  peer_BL=['7']  my_BL=['7']
[TX  ->  *] bucket=21432 L3 active=wlan0 ch8  BL=['7']
[22:52:30] HOP bucket=21433 L3 active=wlan1 ch4  | prep wlan0 ch8  | BL=['7']
[TX  ->  *] bucket=21433 L3 active=wlan1 ch4  BL=['7']
[RX  <- A] bucket=21433  peer_BL=['7']  my_BL=['7']
[22:52:32] HOP bucket=21434 L3 active=wlan0 ch8  | prep wlan1 ch9  | BL=['7']
[RX  <- A] bucket=21434  peer_BL=['7']  my_BL=['7']
[TX  ->  *] bucket=21434 L3 active=wlan0 ch8  BL=['7']
[22:52:34] HOP bucket=21435 L3 active=wlan1 ch9  | prep wlan0 ch9  | BL=['7']
[RX  <- A] bucket=21435  peer_BL=['7']  my_BL=['7']
[TX  ->  *] bucket=21435 L3 active=wlan1 ch9  BL=['7']
[22:52:36] HOP bucket=21436 L3 active=wlan0 ch9  | prep wlan1 ch8  | BL=['7']
[TX  ->  *] bucket=21436 L3 active=wlan0 ch9  BL=['7']
[RX  <- A] bucket=21436  peer_BL=['7']  my_BL=['7']
[22:52:38] HOP bucket=21437 L3 active=wlan1 ch8  | prep wlan0 ch8  | BL=['7']
[TX  ->  *] bucket=21437 L3 active=wlan1 ch8  BL=['7']
[RX  <- A] bucket=21437  peer_BL=['7']  my_BL=['7']
[22:52:40] HOP bucket=21438 L3 active=wlan0 ch8  | prep wlan1 ch3  | BL=['7']
[TX  ->  *] bucket=21438 L3 active=wlan0 ch8  BL=['7']
[RX  <- A] bucket=21438  peer_BL=['7']  my_BL=['7']
[22:52:42] HOP bucket=21439 L3 active=wlan1 ch3  | prep wlan0 ch3  | BL=['7']
[TX  ->  *] bucket=21439 L3 active=wlan1 ch3  BL=['7']
[RX  <- A] bucket=21439  peer_BL=['7']  my_BL=['7']
[22:52:44] HOP bucket=21440 L3 active=wlan0 ch3  | prep wlan1 ch5  | BL=['7']
[RX  <- A] bucket=21440  peer_BL=['7']  my_BL=['7']
[TX  ->  *] bucket=21440 L3 active=wlan0 ch3  BL=['7']
[22:52:46] HOP bucket=21441 L3 active=wlan1 ch5  | prep wlan0 ch6  | BL=['7']
[RX  <- A] bucket=21441  peer_BL=['7']  my_BL=['7']
[TX  ->  *] bucket=21441 L3 active=wlan1 ch5  BL=['7']
[22:52:48] HOP bucket=21442 L3 active=wlan0 ch6  | prep wlan1 ch3  | BL=['7']
[TX  ->  *] bucket=21442 L3 active=wlan0 ch6  BL=['7']
[!! JAMMED  ] bucket=21442 L3 active=wlan0 ch6  silent + egress_drops=39  -> BL until bucket=21472  BL=['6', '7']
[22:52:50] HOP bucket=21443 L3 active=wlan1 ch3  | prep wlan0 ch5  | BL=['6', '7']
[TX  ->  *] bucket=21443 L3 active=wlan1 ch3  BL=['6', '7']
[RX  <- A] bucket=21443  peer_BL=['7', '6']  my_BL=['6', '7']
[22:52:52] HOP bucket=21444 L3 active=wlan0 ch5  | prep wlan1 ch4  | BL=['6', '7']
[TX  ->  *] bucket=21444 L3 active=wlan0 ch5  BL=['6', '7']
[RX  <- A] bucket=21444  peer_BL=['7', '6']  my_BL=['6', '7']
[22:52:54] HOP bucket=21445 L3 active=wlan1 ch4  | prep wlan0 ch11  | BL=['6', '7']
[TX  ->  *] bucket=21445 L3 active=wlan1 ch4  BL=['6', '7']
[RX  <- A] bucket=21445  peer_BL=['7', '6']  my_BL=['6', '7']
[22:52:56] HOP bucket=21446 L3 active=wlan0 ch11  | prep wlan1 ch11  | BL=['6', '7']
[RX  <- A] bucket=21446  peer_BL=['7', '6']  my_BL=['6', '7']
[TX  ->  *] bucket=21446 L3 active=wlan0 ch11  BL=['6', '7']
[22:52:58] HOP bucket=21447 L3 active=wlan1 ch11  | prep wlan0 ch10  | BL=['6', '7']
[RX  <- A] bucket=21447  peer_BL=['7', '6']  my_BL=['6', '7']
[TX  ->  *] bucket=21447 L3 active=wlan1 ch11  BL=['6', '7']
[22:53:00] HOP bucket=21448 L3 active=wlan0 ch10  | prep wlan1 ch11  | BL=['6', '7']
[TX  ->  *] bucket=21448 L3 active=wlan0 ch10  BL=['6', '7']
[RX  <- A] bucket=21448  peer_BL=['7', '6']  my_BL=['6', '7']
[22:53:02] HOP bucket=21449 L3 active=wlan1 ch11  | prep wlan0 ch8  | BL=['6', '7']
[TX  ->  *] bucket=21449 L3 active=wlan1 ch11  BL=['6', '7']
[RX  <- A] bucket=21449  peer_BL=['7', '6']  my_BL=['6', '7']
[22:53:04] HOP bucket=21450 L3 active=wlan0 ch8  | prep wlan1 ch10  | BL=['6', '7']
[RX  <- A] bucket=21450  peer_BL=['7', '6']  my_BL=['6', '7']
[TX  ->  *] bucket=21450 L3 active=wlan0 ch8  BL=['6', '7']
[22:53:06] HOP bucket=21451 L3 active=wlan1 ch10  | prep wlan0 ch9  | BL=['6', '7']
[RX  <- A] bucket=21451  peer_BL=['7', '6']  my_BL=['6', '7']
[TX  ->  *] bucket=21451 L3 active=wlan1 ch10  BL=['6', '7']
[22:53:08] HOP bucket=21452 L3 active=wlan0 ch9  | prep wlan1 ch3  | BL=['6', '7']
[RX  <- A] bucket=21452  peer_BL=['7', '6']  my_BL=['6', '7']
[TX  ->  *] bucket=21452 L3 active=wlan0 ch9  BL=['6', '7']
[22:53:10] HOP bucket=21453 L3 active=wlan1 ch3  | prep wlan0 ch3  | BL=['6']
[TX  ->  *] bucket=21453 L3 active=wlan1 ch3  BL=['6']
[RX  <- A] bucket=21453  peer_BL=['6']  my_BL=['6']
[22:53:12] HOP bucket=21454 L3 active=wlan0 ch3  | prep wlan1 ch10  | BL=['6']
[TX  ->  *] bucket=21454 L3 active=wlan0 ch3  BL=['6']
[RX  <- A] bucket=21454  peer_BL=['6']  my_BL=['6']
[22:53:14] HOP bucket=21455 L3 active=wlan1 ch10  | prep wlan0 ch8  | BL=['6']
[TX  ->  *] bucket=21455 L3 active=wlan1 ch10  BL=['6']
[RX  <- A] bucket=21455  peer_BL=['6']  my_BL=['6']
[22:53:16] HOP bucket=21456 L3 active=wlan0 ch8  | prep wlan1 ch3  | BL=['6']
[TX  ->  *] bucket=21456 L3 active=wlan0 ch8  BL=['6']
[RX  <- A] bucket=21456  peer_BL=['6']  my_BL=['6']
[22:53:18] HOP bucket=21457 L3 active=wlan1 ch3  | prep wlan0 ch11  | BL=['6']
[TX  ->  *] bucket=21457 L3 active=wlan1 ch3  BL=['6']
[RX  <- A] bucket=21457  peer_BL=['6']  my_BL=['6']
[22:53:20] HOP bucket=21458 L3 active=wlan0 ch11  | prep wlan1 ch5  | BL=['6']
[RX  <- A] bucket=21458  peer_BL=['6']  my_BL=['6']
[TX  ->  *] bucket=21458 L3 active=wlan0 ch11  BL=['6']
[22:53:22] HOP bucket=21459 L3 active=wlan1 ch5  | prep wlan0 ch4  | BL=['6']
[TX  ->  *] bucket=21459 L3 active=wlan1 ch5  BL=['6']
[RX  <- A] bucket=21459  peer_BL=['6']  my_BL=['6']
[22:53:24] HOP bucket=21460 L3 active=wlan0 ch4  | prep wlan1 ch7  | BL=['6']
[RX  <- A] bucket=21460  peer_BL=['6']  my_BL=['6']
[TX  ->  *] bucket=21460 L3 active=wlan0 ch4  BL=['6']
[22:53:26] HOP bucket=21461 L3 active=wlan1 ch7  | prep wlan0 ch7  | BL=['6']
[TX  ->  *] bucket=21461 L3 active=wlan1 ch7  BL=['6']
[!! JAMMED  ] bucket=21461 L3 active=wlan1 ch7  silent + egress_drops=38  -> BL until bucket=21491  BL=['6', '7']
[22:53:28] HOP bucket=21462 L3 active=wlan0 ch7  (LAG: totp_says=ch8, physical=ch7)  | prep wlan1 ch11  | BL=['6', '7']
[TX  ->  *] bucket=21462 L3 active=wlan0 ch7  BL=['6', '7']
[22:53:30] HOP bucket=21463 L3 active=wlan1 ch11  | prep wlan0 ch8  | BL=['6', '7']
[TX  ->  *] bucket=21463 L3 active=wlan1 ch11  BL=['6', '7']
[RX  <- A] bucket=21463  peer_BL=['6', '7']  my_BL=['6', '7']
[22:53:32] HOP bucket=21464 L3 active=wlan0 ch8  | prep wlan1 ch8  | BL=['6', '7']
[TX  ->  *] bucket=21464 L3 active=wlan0 ch8  BL=['6', '7']
[RX  <- A] bucket=21464  peer_BL=['6', '7']  my_BL=['6', '7']
[22:53:34] HOP bucket=21465 L3 active=wlan1 ch8  | prep wlan0 ch8  | BL=['6', '7']
[TX  ->  *] bucket=21465 L3 active=wlan1 ch8  BL=['6', '7']
[RX  <- A] bucket=21465  peer_BL=['6', '7']  my_BL=['6', '7']
[22:53:36] HOP bucket=21466 L3 active=wlan0 ch8  | prep wlan1 ch9  | BL=['6', '7']
[TX  ->  *] bucket=21466 L3 active=wlan0 ch8  BL=['6', '7']
[RX  <- A] bucket=21466  peer_BL=['6', '7']  my_BL=['6', '7']
[22:53:38] HOP bucket=21467 L3 active=wlan1 ch9  | prep wlan0 ch4  | BL=['6', '7']
[RX  <- A] bucket=21467  peer_BL=['6', '7']  my_BL=['6', '7']
[TX  ->  *] bucket=21467 L3 active=wlan1 ch9  BL=['6', '7']
[22:53:40] HOP bucket=21468 L3 active=wlan0 ch4  | prep wlan1 ch8  | BL=['6', '7']
[RX  <- A] bucket=21468  peer_BL=['6', '7']  my_BL=['6', '7']
[TX  ->  *] bucket=21468 L3 active=wlan0 ch4  BL=['6', '7']
[22:53:42] HOP bucket=21469 L3 active=wlan1 ch8  | prep wlan0 ch4  | BL=['6', '7']
[TX  ->  *] bucket=21469 L3 active=wlan1 ch8  BL=['6', '7']
[RX  <- A] bucket=21469  peer_BL=['6', '7']  my_BL=['6', '7']
[22:53:44] HOP bucket=21470 L3 active=wlan0 ch4  | prep wlan1 ch8  | BL=['6', '7']
[TX  ->  *] bucket=21470 L3 active=wlan0 ch4  BL=['6', '7']
[RX  <- A] bucket=21470  peer_BL=['6', '7']  my_BL=['6', '7']
[22:53:46] HOP bucket=21471 L3 active=wlan1 ch8  | prep wlan0 ch8  | BL=['6', '7']
[RX  <- A] bucket=21471  peer_BL=['6', '7']  my_BL=['6', '7']
[TX  ->  *] bucket=21471 L3 active=wlan1 ch8  BL=['6', '7']
[22:53:48] HOP bucket=21472 L3 active=wlan0 ch8  | prep wlan1 ch11  | BL=['7']
[RX  <- A] bucket=21472  peer_BL=['7']  my_BL=['7']
[TX  ->  *] bucket=21472 L3 active=wlan0 ch8  BL=['7']
[22:53:50] HOP bucket=21473 L3 active=wlan1 ch11  | prep wlan0 ch10  | BL=['7']
[TX  ->  *] bucket=21473 L3 active=wlan1 ch11  BL=['7']
[RX  <- A] bucket=21473  peer_BL=['7']  my_BL=['7']
[22:53:52] HOP bucket=21474 L3 active=wlan0 ch10  | prep wlan1 ch11  | BL=['7']
[RX  <- A] bucket=21474  peer_BL=['7']  my_BL=['7']
[TX  ->  *] bucket=21474 L3 active=wlan0 ch10  BL=['7']
[22:53:54] HOP bucket=21475 L3 active=wlan1 ch11  | prep wlan0 ch5  | BL=['7']
[RX  <- A] bucket=21475  peer_BL=['7']  my_BL=['7']
[TX  ->  *] bucket=21475 L3 active=wlan1 ch11  BL=['7']
[22:53:56] HOP bucket=21476 L3 active=wlan0 ch5  | prep wlan1 ch8  | BL=['7']
[TX  ->  *] bucket=21476 L3 active=wlan0 ch5  BL=['7']
[RX  <- A] bucket=21476  peer_BL=['7']  my_BL=['7']
[22:53:58] HOP bucket=21477 L3 active=wlan1 ch8  | prep wlan0 ch3  | BL=['7']
[TX  ->  *] bucket=21477 L3 active=wlan1 ch8  BL=['7']
[RX  <- A] bucket=21477  peer_BL=['7']  my_BL=['7']
[22:54:00] HOP bucket=21478 L3 active=wlan0 ch3  | prep wlan1 ch9  | BL=['7']
[TX  ->  *] bucket=21478 L3 active=wlan0 ch3  BL=['7']
[RX  <- A] bucket=21478  peer_BL=['7']  my_BL=['7']
[22:54:02] HOP bucket=21479 L3 active=wlan1 ch9  | prep wlan0 ch10  | BL=['7']
[RX  <- A] bucket=21479  peer_BL=['7']  my_BL=['7']
[TX  ->  *] bucket=21479 L3 active=wlan1 ch9  BL=['7']
[22:54:04] HOP bucket=21480 L3 active=wlan0 ch10  | prep wlan1 ch8  | BL=['7']
[TX  ->  *] bucket=21480 L3 active=wlan0 ch10  BL=['7']
[RX  <- A] bucket=21480  peer_BL=['7']  my_BL=['7']
[22:54:06] HOP bucket=21481 L3 active=wlan1 ch8  | prep wlan0 ch6  | BL=['7']
[TX  ->  *] bucket=21481 L3 active=wlan1 ch8  BL=['7']
[RX  <- A] bucket=21481  peer_BL=['7']  my_BL=['7']
[22:54:08] HOP bucket=21482 L3 active=wlan0 ch6  | prep wlan1 ch8  | BL=['7']
[TX  ->  *] bucket=21482 L3 active=wlan0 ch6  BL=['7']
[RX  <- A] bucket=21482  peer_BL=['7']  my_BL=['7']
[22:54:10] HOP bucket=21483 L3 active=wlan1 ch8  | prep wlan0 ch5  | BL=['7']
[TX  ->  *] bucket=21483 L3 active=wlan1 ch8  BL=['7']
[RX  <- A] bucket=21483  peer_BL=['7']  my_BL=['7']
[22:54:12] HOP bucket=21484 L3 active=wlan0 ch5  | prep wlan1 ch5  | BL=['7']
[RX  <- A] bucket=21484  peer_BL=['7']  my_BL=['7']
[TX  ->  *] bucket=21484 L3 active=wlan0 ch5  BL=['7']
[22:54:14] HOP bucket=21485 L3 active=wlan1 ch5  | prep wlan0 ch10  | BL=['7']
[TX  ->  *] bucket=21485 L3 active=wlan1 ch5  BL=['7']
[RX  <- A] bucket=21485  peer_BL=['7']  my_BL=['7']
[22:54:16] HOP bucket=21486 L3 active=wlan0 ch10  | prep wlan1 ch4  | BL=['7']
[RX  <- A] bucket=21486  peer_BL=['7']  my_BL=['7']
[TX  ->  *] bucket=21486 L3 active=wlan0 ch10  BL=['7']
[22:54:18] HOP bucket=21487 L3 active=wlan1 ch4  | prep wlan0 ch11  | BL=['7']
[RX  <- A] bucket=21487  peer_BL=['7']  my_BL=['7']
[TX  ->  *] bucket=21487 L3 active=wlan1 ch4  BL=['7']
[22:54:20] HOP bucket=21488 L3 active=wlan0 ch11  | prep wlan1 ch9  | BL=['7']
[RX  <- A] bucket=21488  peer_BL=['7']  my_BL=['7']
[TX  ->  *] bucket=21488 L3 active=wlan0 ch11  BL=['7']
[22:54:22] HOP bucket=21489 L3 active=wlan1 ch9  | prep wlan0 ch3  | BL=['7']
[RX  <- A] bucket=21489  peer_BL=['7']  my_BL=['7']
[TX  ->  *] bucket=21489 L3 active=wlan1 ch9  BL=['7']
[22:54:24] HOP bucket=21490 L3 active=wlan0 ch3  | prep wlan1 ch9  | BL=['7']
[RX  <- A] bucket=21490  peer_BL=['7']  my_BL=['7']
[TX  ->  *] bucket=21490 L3 active=wlan0 ch3  BL=['7']
[22:54:26] HOP bucket=21491 L3 active=wlan1 ch9  | prep wlan0 ch8  | BL=[]
[TX  ->  *] bucket=21491 L3 active=wlan1 ch9  BL=[]
[RX  <- A] bucket=21491  peer_BL=[]  my_BL=[]
[22:54:28] HOP bucket=21492 L3 active=wlan0 ch8  | prep wlan1 ch9  | BL=[]
[RX  <- A] bucket=21492  peer_BL=[]  my_BL=[]
[TX  ->  *] bucket=21492 L3 active=wlan0 ch8  BL=[]
[22:54:30] HOP bucket=21493 L3 active=wlan1 ch9  | prep wlan0 ch7  | BL=[]
[TX  ->  *] bucket=21493 L3 active=wlan1 ch9  BL=[]
[RX  <- A] bucket=21493  peer_BL=[]  my_BL=[]
[22:54:32] HOP bucket=21494 L3 active=wlan0 ch7  | prep wlan1 ch10  | BL=[]
[TX  ->  *] bucket=21494 L3 active=wlan0 ch7  BL=[]
[!! JAMMED  ] bucket=21494 L3 active=wlan0 ch7  silent + egress_drops=38  -> BL until bucket=21524  BL=['7']
[22:54:34] HOP bucket=21495 L3 active=wlan1 ch10  | prep wlan0 ch8  | BL=['7']
[RX  <- A] bucket=21495  peer_BL=['7']  my_BL=['7']
[TX  ->  *] bucket=21495 L3 active=wlan1 ch10  BL=['7']
[22:54:36] HOP bucket=21496 L3 active=wlan0 ch8  | prep wlan1 ch4  | BL=['7']
[TX  ->  *] bucket=21496 L3 active=wlan0 ch8  BL=['7']
[RX  <- A] bucket=21496  peer_BL=['7']  my_BL=['7']
[22:54:38] HOP bucket=21497 L3 active=wlan1 ch4  | prep wlan0 ch8  | BL=['7']
[TX  ->  *] bucket=21497 L3 active=wlan1 ch4  BL=['7']
[RX  <- A] bucket=21497  peer_BL=['7']  my_BL=['7']
[22:54:40] HOP bucket=21498 L3 active=wlan0 ch8  | prep wlan1 ch4  | BL=['7']
[RX  <- A] bucket=21498  peer_BL=['7']  my_BL=['7']
[TX  ->  *] bucket=21498 L3 active=wlan0 ch8  BL=['7']
[22:54:42] HOP bucket=21499 L3 active=wlan1 ch4  | prep wlan0 ch5  | BL=['7']
[RX  <- A] bucket=21499  peer_BL=['7']  my_BL=['7']
[TX  ->  *] bucket=21499 L3 active=wlan1 ch4  BL=['7']
[22:54:44] HOP bucket=21500 L3 active=wlan0 ch5  | prep wlan1 ch4  | BL=['7']
[RX  <- A] bucket=21500  peer_BL=['7']  my_BL=['7']
[TX  ->  *] bucket=21500 L3 active=wlan0 ch5  BL=['7']
[22:54:46] HOP bucket=21501 L3 active=wlan1 ch4  | prep wlan0 ch5  | BL=['7']
[RX  <- A] bucket=21501  peer_BL=['7']  my_BL=['7']
[TX  ->  *] bucket=21501 L3 active=wlan1 ch4  BL=['7']
[22:54:48] HOP bucket=21502 L3 active=wlan0 ch5  | prep wlan1 ch9  | BL=['7']
[TX  ->  *] bucket=21502 L3 active=wlan0 ch5  BL=['7']
[RX  <- A] bucket=21502  peer_BL=['7']  my_BL=['7']
[22:54:50] HOP bucket=21503 L3 active=wlan1 ch9  | prep wlan0 ch5  | BL=['7']
[RX  <- A] bucket=21503  peer_BL=['7']  my_BL=['7']
[TX  ->  *] bucket=21503 L3 active=wlan1 ch9  BL=['7']
[22:54:52] HOP bucket=21504 L3 active=wlan0 ch5  | prep wlan1 ch8  | BL=['7']
[TX  ->  *] bucket=21504 L3 active=wlan0 ch5  BL=['7']
[RX  <- A] bucket=21504  peer_BL=['7']  my_BL=['7']
[22:54:54] HOP bucket=21505 L3 active=wlan1 ch8  | prep wlan0 ch6  | BL=['7']
[TX  ->  *] bucket=21505 L3 active=wlan1 ch8  BL=['7']
[RX  <- A] bucket=21505  peer_BL=['7']  my_BL=['7']
[22:54:56] HOP bucket=21506 L3 active=wlan0 ch6  | prep wlan1 ch8  | BL=['7']
[RX  <- A] bucket=21506  peer_BL=['7']  my_BL=['7']
[TX  ->  *] bucket=21506 L3 active=wlan0 ch6  BL=['7']
[22:54:58] HOP bucket=21507 L3 active=wlan1 ch8  | prep wlan0 ch4  | BL=['7']
[TX  ->  *] bucket=21507 L3 active=wlan1 ch8  BL=['7']
[RX  <- A] bucket=21507  peer_BL=['7']  my_BL=['7']
[22:55:00] HOP bucket=21508 L3 active=wlan0 ch4  | prep wlan1 ch10  | BL=['7']
[TX  ->  *] bucket=21508 L3 active=wlan0 ch4  BL=['7']
[RX  <- A] bucket=21508  peer_BL=['7']  my_BL=['7']
[22:55:02] HOP bucket=21509 L3 active=wlan1 ch10  | prep wlan0 ch11  | BL=['7']
[TX  ->  *] bucket=21509 L3 active=wlan1 ch10  BL=['7']
[RX  <- A] bucket=21509  peer_BL=['7']  my_BL=['7']
[22:55:04] HOP bucket=21510 L3 active=wlan0 ch11  | prep wlan1 ch5  | BL=['7']
[TX  ->  *] bucket=21510 L3 active=wlan0 ch11  BL=['7']
[RX  <- A] bucket=21510  peer_BL=['7']  my_BL=['7']
[22:55:06] HOP bucket=21511 L3 active=wlan1 ch5  | prep wlan0 ch3  | BL=['7']
[TX  ->  *] bucket=21511 L3 active=wlan1 ch5  BL=['7']
[!! JAMMED  ] bucket=21511 L3 active=wlan1 ch5  silent + egress_drops=38  -> BL until bucket=21541  BL=['5', '7']
[22:55:08] HOP bucket=21512 L3 active=wlan0 ch3  | prep wlan1 ch6  | BL=['5', '7']
[RX  <- A] bucket=21512  peer_BL=['7', '5']  my_BL=['5', '7']
[TX  ->  *] bucket=21512 L3 active=wlan0 ch3  BL=['5', '7']
[22:55:10] HOP bucket=21513 L3 active=wlan1 ch6  | prep wlan0 ch3  | BL=['5', '7']
[TX  ->  *] bucket=21513 L3 active=wlan1 ch6  BL=['5', '7']
[RX  <- A] bucket=21513  peer_BL=['7', '5']  my_BL=['5', '7']
[22:55:12] HOP bucket=21514 L3 active=wlan0 ch3  | prep wlan1 ch9  | BL=['5', '7']
[RX  <- A] bucket=21514  peer_BL=['7', '5']  my_BL=['5', '7']
[TX  ->  *] bucket=21514 L3 active=wlan0 ch3  BL=['5', '7']
[22:55:14] HOP bucket=21515 L3 active=wlan1 ch9  | prep wlan0 ch8  | BL=['5', '7']
[RX  <- A] bucket=21515  peer_BL=['7', '5']  my_BL=['5', '7']
[TX  ->  *] bucket=21515 L3 active=wlan1 ch9  BL=['5', '7']
[22:55:16] HOP bucket=21516 L3 active=wlan0 ch8  | prep wlan1 ch9  | BL=['5', '7']
[TX  ->  *] bucket=21516 L3 active=wlan0 ch8  BL=['5', '7']
[!! JAMMED  ] bucket=21516 L3 active=wlan0 ch8  silent + egress_drops=39  -> BL until bucket=21546  BL=['5', '7', '8']
[22:55:18] HOP bucket=21517 L3 active=wlan1 ch9  | prep wlan0 ch4  | BL=['5', '7', '8']
[TX  ->  *] bucket=21517 L3 active=wlan1 ch9  BL=['5', '7', '8']
[RX  <- A] bucket=21517  peer_BL=['7', '5', '8']  my_BL=['5', '7', '8']
[22:55:20] HOP bucket=21518 L3 active=wlan0 ch4  | prep wlan1 ch6  | BL=['5', '7', '8']
[TX  ->  *] bucket=21518 L3 active=wlan0 ch4  BL=['5', '7', '8']
[RX  <- A] bucket=21518  peer_BL=['7', '5', '8']  my_BL=['5', '7', '8']
[22:55:22] HOP bucket=21519 L3 active=wlan1 ch6  | prep wlan0 ch10  | BL=['5', '7', '8']
[TX  ->  *] bucket=21519 L3 active=wlan1 ch6  BL=['5', '7', '8']
[RX  <- A] bucket=21519  peer_BL=['7', '5', '8']  my_BL=['5', '7', '8']
[22:55:24] HOP bucket=21520 L3 active=wlan0 ch10  | prep wlan1 ch6  | BL=['5', '7', '8']
[TX  ->  *] bucket=21520 L3 active=wlan0 ch10  BL=['5', '7', '8']
[RX  <- A] bucket=21520  peer_BL=['7', '5', '8']  my_BL=['5', '7', '8']
[22:55:26] HOP bucket=21521 L3 active=wlan1 ch6  | prep wlan0 ch9  | BL=['5', '7', '8']
[TX  ->  *] bucket=21521 L3 active=wlan1 ch6  BL=['5', '7', '8']
[RX  <- A] bucket=21521  peer_BL=['7', '5', '8']  my_BL=['5', '7', '8']
[22:55:28] HOP bucket=21522 L3 active=wlan0 ch9  | prep wlan1 ch10  | BL=['5', '7', '8']
[RX  <- A] bucket=21522  peer_BL=['7', '5', '8']  my_BL=['5', '7', '8']
[TX  ->  *] bucket=21522 L3 active=wlan0 ch9  BL=['5', '7', '8']
[22:55:30] HOP bucket=21523 L3 active=wlan1 ch10  | prep wlan0 ch9  | BL=['5', '7', '8']
[RX  <- A] bucket=21523  peer_BL=['7', '5', '8']  my_BL=['5', '7', '8']
[TX  ->  *] bucket=21523 L3 active=wlan1 ch10  BL=['5', '7', '8']
[22:55:32] HOP bucket=21524 L3 active=wlan0 ch9  | prep wlan1 ch3  | BL=['5', '8']
[RX  <- A] bucket=21524  peer_BL=['5', '8']  my_BL=['5', '8']
[TX  ->  *] bucket=21524 L3 active=wlan0 ch9  BL=['5', '8']
[22:55:34] HOP bucket=21525 L3 active=wlan1 ch3  | prep wlan0 ch3  | BL=['5', '8']
[TX  ->  *] bucket=21525 L3 active=wlan1 ch3  BL=['5', '8']
[RX  <- A] bucket=21525  peer_BL=['5', '8']  my_BL=['5', '8']
[22:55:36] HOP bucket=21526 L3 active=wlan0 ch3  | prep wlan1 ch4  | BL=['5', '8']
[TX  ->  *] bucket=21526 L3 active=wlan0 ch3  BL=['5', '8']
[RX  <- A] bucket=21526  peer_BL=['5', '8']  my_BL=['5', '8']
[22:55:38] HOP bucket=21527 L3 active=wlan1 ch4  | prep wlan0 ch11  | BL=['5', '8']
[RX  <- A] bucket=21527  peer_BL=['5', '8']  my_BL=['5', '8']
[TX  ->  *] bucket=21527 L3 active=wlan1 ch4  BL=['5', '8']
[22:55:40] HOP bucket=21528 L3 active=wlan0 ch11  | prep wlan1 ch10  | BL=['5', '8']
[RX  <- A] bucket=21528  peer_BL=['5', '8']  my_BL=['5', '8']
[TX  ->  *] bucket=21528 L3 active=wlan0 ch11  BL=['5', '8']
[22:55:42] HOP bucket=21529 L3 active=wlan1 ch10  | prep wlan0 ch9  | BL=['5', '8']
[RX  <- A] bucket=21529  peer_BL=['5', '8']  my_BL=['5', '8']
[TX  ->  *] bucket=21529 L3 active=wlan1 ch10  BL=['5', '8']
[22:55:44] HOP bucket=21530 L3 active=wlan0 ch9  | prep wlan1 ch4  | BL=['5', '8']
[RX  <- A] bucket=21530  peer_BL=['5', '8']  my_BL=['5', '8']
[TX  ->  *] bucket=21530 L3 active=wlan0 ch9  BL=['5', '8']
[22:55:46] HOP bucket=21531 L3 active=wlan1 ch4  | prep wlan0 ch6  | BL=['5', '8']
[RX  <- A] bucket=21531  peer_BL=['5', '8']  my_BL=['5', '8']
[TX  ->  *] bucket=21531 L3 active=wlan1 ch4  BL=['5', '8']
[22:55:48] HOP bucket=21532 L3 active=wlan0 ch6  | prep wlan1 ch4  | BL=['5', '8']
[TX  ->  *] bucket=21532 L3 active=wlan0 ch6  BL=['5', '8']
[RX  <- A] bucket=21532  peer_BL=['5', '8']  my_BL=['5', '8']
[22:55:50] HOP bucket=21533 L3 active=wlan1 ch4  | prep wlan0 ch4  | BL=['5', '8']
[TX  ->  *] bucket=21533 L3 active=wlan1 ch4  BL=['5', '8']
[RX  <- A] bucket=21533  peer_BL=['5', '8']  my_BL=['5', '8']
[22:55:52] HOP bucket=21534 L3 active=wlan0 ch4  | prep wlan1 ch9  | BL=['5', '8']
[RX  <- A] bucket=21534  peer_BL=['5', '8']  my_BL=['5', '8']
[TX  ->  *] bucket=21534 L3 active=wlan0 ch4  BL=['5', '8']
[22:55:54] HOP bucket=21535 L3 active=wlan1 ch9  | prep wlan0 ch9  | BL=['5', '8']
[RX  <- A] bucket=21535  peer_BL=['5', '8']  my_BL=['5', '8']
[TX  ->  *] bucket=21535 L3 active=wlan1 ch9  BL=['5', '8']
[22:55:56] HOP bucket=21536 L3 active=wlan0 ch9  | prep wlan1 ch9  | BL=['5', '8']
[RX  <- A] bucket=21536  peer_BL=['5', '8']  my_BL=['5', '8']
[TX  ->  *] bucket=21536 L3 active=wlan0 ch9  BL=['5', '8']
[22:55:58] HOP bucket=21537 L3 active=wlan1 ch9  | prep wlan0 ch9  | BL=['5', '8']
[TX  ->  *] bucket=21537 L3 active=wlan1 ch9  BL=['5', '8']
[RX  <- A] bucket=21537  peer_BL=['5', '8']  my_BL=['5', '8']
[22:56:00] HOP bucket=21538 L3 active=wlan0 ch9  | prep wlan1 ch6  | BL=['5', '8']
[TX  ->  *] bucket=21538 L3 active=wlan0 ch9  BL=['5', '8']
[RX  <- A] bucket=21538  peer_BL=['5', '8']  my_BL=['5', '8']
[22:56:02] HOP bucket=21539 L3 active=wlan1 ch6  | prep wlan0 ch6  | BL=['5', '8']
[TX  ->  *] bucket=21539 L3 active=wlan1 ch6  BL=['5', '8']
[RX  <- A] bucket=21539  peer_BL=['5', '8']  my_BL=['5', '8']
[22:56:04] HOP bucket=21540 L3 active=wlan0 ch6  | prep wlan1 ch9  | BL=['5', '8']
[TX  ->  *] bucket=21540 L3 active=wlan0 ch6  BL=['5', '8']
[RX  <- A] bucket=21540  peer_BL=['5', '8']  my_BL=['5', '8']
[22:56:06] HOP bucket=21541 L3 active=wlan1 ch9  | prep wlan0 ch9  | BL=['8']
[TX  ->  *] bucket=21541 L3 active=wlan1 ch9  BL=['8']
[RX  <- A] bucket=21541  peer_BL=['8']  my_BL=['8']
[22:56:08] HOP bucket=21542 L3 active=wlan0 ch9  | prep wlan1 ch11  | BL=['8']
[RX  <- A] bucket=21542  peer_BL=['8']  my_BL=['8']
[TX  ->  *] bucket=21542 L3 active=wlan0 ch9  BL=['8']
[22:56:10] HOP bucket=21543 L3 active=wlan1 ch11  | prep wlan0 ch4  | BL=['8']
[TX  ->  *] bucket=21543 L3 active=wlan1 ch11  BL=['8']
[RX  <- A] bucket=21543  peer_BL=['8']  my_BL=['8']
[22:56:12] HOP bucket=21544 L3 active=wlan0 ch4  | prep wlan1 ch4  | BL=['8']
[RX  <- A] bucket=21544  peer_BL=['8']  my_BL=['8']
[TX  ->  *] bucket=21544 L3 active=wlan0 ch4  BL=['8']
[22:56:14] HOP bucket=21545 L3 active=wlan1 ch4  | prep wlan0 ch9  | BL=['8']
[TX  ->  *] bucket=21545 L3 active=wlan1 ch4  BL=['8']
[RX  <- A] bucket=21545  peer_BL=['8']  my_BL=['8']
[22:56:16] HOP bucket=21546 L3 active=wlan0 ch9  | prep wlan1 ch8  | BL=[]
[RX  <- A] bucket=21546  peer_BL=[]  my_BL=[]
[TX  ->  *] bucket=21546 L3 active=wlan0 ch9  BL=[]
[22:56:18] HOP bucket=21547 L3 active=wlan1 ch8  | prep wlan0 ch4  | BL=[]
[TX  ->  *] bucket=21547 L3 active=wlan1 ch8  BL=[]
[!! JAMMED  ] bucket=21547 L3 active=wlan1 ch8  silent + egress_drops=38  -> BL until bucket=21577  BL=['8']
[22:56:20] HOP bucket=21548 L3 active=wlan0 ch4  | prep wlan1 ch10  | BL=['8']
[RX  <- A] bucket=21548  peer_BL=['8']  my_BL=['8']
[TX  ->  *] bucket=21548 L3 active=wlan0 ch4  BL=['8']
[22:56:22] HOP bucket=21549 L3 active=wlan1 ch10  | prep wlan0 ch11  | BL=['8']
[RX  <- A] bucket=21549  peer_BL=['8']  my_BL=['8']
[TX  ->  *] bucket=21549 L3 active=wlan1 ch10  BL=['8']
[22:56:24] HOP bucket=21550 L3 active=wlan0 ch11  | prep wlan1 ch9  | BL=['8']
[RX  <- A] bucket=21550  peer_BL=['8']  my_BL=['8']
[TX  ->  *] bucket=21550 L3 active=wlan0 ch11  BL=['8']
[22:56:26] HOP bucket=21551 L3 active=wlan1 ch9  | prep wlan0 ch3  | BL=['8']
[RX  <- A] bucket=21551  peer_BL=['8']  my_BL=['8']
[TX  ->  *] bucket=21551 L3 active=wlan1 ch9  BL=['8']
[22:56:28] HOP bucket=21552 L3 active=wlan0 ch3  | prep wlan1 ch11  | BL=['8']
[RX  <- A] bucket=21552  peer_BL=['8']  my_BL=['8']
[TX  ->  *] bucket=21552 L3 active=wlan0 ch3  BL=['8']
[22:56:30] HOP bucket=21553 L3 active=wlan1 ch11  | prep wlan0 ch5  | BL=['8']
[TX  ->  *] bucket=21553 L3 active=wlan1 ch11  BL=['8']
[RX  <- A] bucket=21553  peer_BL=['8']  my_BL=['8']
[22:56:32] HOP bucket=21554 L3 active=wlan0 ch5  | prep wlan1 ch5  | BL=['8']
[TX  ->  *] bucket=21554 L3 active=wlan0 ch5  BL=['8']
[!! JAMMED  ] bucket=21554 L3 active=wlan0 ch5  silent + egress_drops=38  -> BL until bucket=21584  BL=['5', '8']
[22:56:34] HOP bucket=21555 L3 active=wlan1 ch5  (LAG: totp_says=ch6, physical=ch5)  | prep wlan0 ch7  | BL=['5', '8']
[TX  ->  *] bucket=21555 L3 active=wlan1 ch5  BL=['5', '8']
[22:56:36] HOP bucket=21556 L3 active=wlan0 ch7  | prep wlan1 ch4  | BL=['5', '8']
[TX  ->  *] bucket=21556 L3 active=wlan0 ch7  BL=['5', '8']
[!! JAMMED  ] bucket=21556 L3 active=wlan0 ch7  silent + egress_drops=77  -> BL until bucket=21586  BL=['5', '7', '8']
[22:56:38] HOP bucket=21557 L3 active=wlan1 ch4  | prep wlan0 ch3  | BL=['5', '7', '8']
[TX  ->  *] bucket=21557 L3 active=wlan1 ch4  BL=['5', '7', '8']
[RX  <- A] bucket=21557  peer_BL=['8', '5', '7']  my_BL=['5', '7', '8']
[22:56:40] HOP bucket=21558 L3 active=wlan0 ch3  | prep wlan1 ch9  | BL=['5', '7', '8']
[TX  ->  *] bucket=21558 L3 active=wlan0 ch3  BL=['5', '7', '8']
[RX  <- A] bucket=21558  peer_BL=['8', '5', '7']  my_BL=['5', '7', '8']
[22:56:42] HOP bucket=21559 L3 active=wlan1 ch9  | prep wlan0 ch10  | BL=['5', '7', '8']
[RX  <- A] bucket=21559  peer_BL=['8', '5', '7']  my_BL=['5', '7', '8']
[TX  ->  *] bucket=21559 L3 active=wlan1 ch9  BL=['5', '7', '8']
[22:56:44] HOP bucket=21560 L3 active=wlan0 ch10  | prep wlan1 ch9  | BL=['5', '7', '8']
[TX  ->  *] bucket=21560 L3 active=wlan0 ch10  BL=['5', '7', '8']
[RX  <- A] bucket=21560  peer_BL=['8', '5', '7']  my_BL=['5', '7', '8']
[22:56:46] HOP bucket=21561 L3 active=wlan1 ch9  | prep wlan0 ch9  | BL=['5', '7', '8']
[TX  ->  *] bucket=21561 L3 active=wlan1 ch9  BL=['5', '7', '8']
[RX  <- A] bucket=21561  peer_BL=['8', '5', '7']  my_BL=['5', '7', '8']
[22:56:48] HOP bucket=21562 L3 active=wlan0 ch9  | prep wlan1 ch11  | BL=['5', '7', '8']
[RX  <- A] bucket=21562  peer_BL=['8', '5', '7']  my_BL=['5', '7', '8']
[TX  ->  *] bucket=21562 L3 active=wlan0 ch9  BL=['5', '7', '8']
[22:56:50] HOP bucket=21563 L3 active=wlan1 ch11  | prep wlan0 ch3  | BL=['5', '7', '8']
[RX  <- A] bucket=21563  peer_BL=['8', '5', '7']  my_BL=['5', '7', '8']
[TX  ->  *] bucket=21563 L3 active=wlan1 ch11  BL=['5', '7', '8']
[22:56:52] HOP bucket=21564 L3 active=wlan0 ch3  | prep wlan1 ch4  | BL=['5', '7', '8']
[RX  <- A] bucket=21564  peer_BL=['8', '5', '7']  my_BL=['5', '7', '8']
[TX  ->  *] bucket=21564 L3 active=wlan0 ch3  BL=['5', '7', '8']
[22:56:54] HOP bucket=21565 L3 active=wlan1 ch4  | prep wlan0 ch4  | BL=['5', '7', '8']
[TX  ->  *] bucket=21565 L3 active=wlan1 ch4  BL=['5', '7', '8']
[RX  <- A] bucket=21565  peer_BL=['8', '5', '7']  my_BL=['5', '7', '8']
[22:56:56] HOP bucket=21566 L3 active=wlan0 ch4  | prep wlan1 ch3  | BL=['5', '7', '8']
[TX  ->  *] bucket=21566 L3 active=wlan0 ch4  BL=['5', '7', '8']
[RX  <- A] bucket=21566  peer_BL=['8', '5', '7']  my_BL=['5', '7', '8']
[22:56:58] HOP bucket=21567 L3 active=wlan1 ch3  | prep wlan0 ch6  | BL=['5', '7', '8']
[TX  ->  *] bucket=21567 L3 active=wlan1 ch3  BL=['5', '7', '8']
[RX  <- A] bucket=21567  peer_BL=['8', '5', '7']  my_BL=['5', '7', '8']
[22:57:00] HOP bucket=21568 L3 active=wlan0 ch6  | prep wlan1 ch6  | BL=['5', '7', '8']
[TX  ->  *] bucket=21568 L3 active=wlan0 ch6  BL=['5', '7', '8']
[RX  <- A] bucket=21568  peer_BL=['8', '5', '7']  my_BL=['5', '7', '8']
[22:57:02] HOP bucket=21569 L3 active=wlan1 ch6  | prep wlan0 ch11  | BL=['5', '7', '8']
[RX  <- A] bucket=21569  peer_BL=['8', '5', '7']  my_BL=['5', '7', '8']
[TX  ->  *] bucket=21569 L3 active=wlan1 ch6  BL=['5', '7', '8']
[22:57:04] HOP bucket=21570 L3 active=wlan0 ch11  | prep wlan1 ch3  | BL=['5', '7', '8']
[TX  ->  *] bucket=21570 L3 active=wlan0 ch11  BL=['5', '7', '8']
[RX  <- A] bucket=21570  peer_BL=['8', '5', '7']  my_BL=['5', '7', '8']
[22:57:06] HOP bucket=21571 L3 active=wlan1 ch3  | prep wlan0 ch6  | BL=['5', '7', '8']
[TX  ->  *] bucket=21571 L3 active=wlan1 ch3  BL=['5', '7', '8']
[RX  <- A] bucket=21571  peer_BL=['8', '5', '7']  my_BL=['5', '7', '8']
[22:57:08] HOP bucket=21572 L3 active=wlan0 ch6  | prep wlan1 ch3  | BL=['5', '7', '8']
[TX  ->  *] bucket=21572 L3 active=wlan0 ch6  BL=['5', '7', '8']
[RX  <- A] bucket=21572  peer_BL=['8', '5', '7']  my_BL=['5', '7', '8']
[22:57:10] HOP bucket=21573 L3 active=wlan1 ch3  | prep wlan0 ch9  | BL=['5', '7', '8']
[RX  <- A] bucket=21573  peer_BL=['8', '5', '7']  my_BL=['5', '7', '8']
[TX  ->  *] bucket=21573 L3 active=wlan1 ch3  BL=['5', '7', '8']
[22:57:12] HOP bucket=21574 L3 active=wlan0 ch9  | prep wlan1 ch6  | BL=['5', '7', '8']
[RX  <- A] bucket=21574  peer_BL=['8', '5', '7']  my_BL=['5', '7', '8']
[TX  ->  *] bucket=21574 L3 active=wlan0 ch9  BL=['5', '7', '8']
[22:57:14] HOP bucket=21575 L3 active=wlan1 ch6  | prep wlan0 ch4  | BL=['5', '7', '8']
[TX  ->  *] bucket=21575 L3 active=wlan1 ch6  BL=['5', '7', '8']
[RX  <- A] bucket=21575  peer_BL=['8', '5', '7']  my_BL=['5', '7', '8']
[22:57:16] HOP bucket=21576 L3 active=wlan0 ch4  | prep wlan1 ch9  | BL=['5', '7', '8']
[TX  ->  *] bucket=21576 L3 active=wlan0 ch4  BL=['5', '7', '8']
[RX  <- A] bucket=21576  peer_BL=['8', '5', '7']  my_BL=['5', '7', '8']
[22:57:18] HOP bucket=21577 L3 active=wlan1 ch9  | prep wlan0 ch6  | BL=['5', '7']
[TX  ->  *] bucket=21577 L3 active=wlan1 ch9  BL=['5', '7']
[RX  <- A] bucket=21577  peer_BL=['5', '7']  my_BL=['5', '7']
[22:57:20] HOP bucket=21578 L3 active=wlan0 ch6  | prep wlan1 ch11  | BL=['5', '7']
[TX  ->  *] bucket=21578 L3 active=wlan0 ch6  BL=['5', '7']
[RX  <- A] bucket=21578  peer_BL=['5', '7']  my_BL=['5', '7']
[22:57:22] HOP bucket=21579 L3 active=wlan1 ch11  | prep wlan0 ch9  | BL=['5', '7']
[RX  <- A] bucket=21579  peer_BL=['5', '7']  my_BL=['5', '7']
[TX  ->  *] bucket=21579 L3 active=wlan1 ch11  BL=['5', '7']
[22:57:24] HOP bucket=21580 L3 active=wlan0 ch9  | prep wlan1 ch3  | BL=['5', '7']
[TX  ->  *] bucket=21580 L3 active=wlan0 ch9  BL=['5', '7']
[RX  <- A] bucket=21580  peer_BL=['5', '7']  my_BL=['5', '7']
[22:57:26] HOP bucket=21581 L3 active=wlan1 ch3  | prep wlan0 ch9  | BL=['5', '7']
[TX  ->  *] bucket=21581 L3 active=wlan1 ch3  BL=['5', '7']
[RX  <- A] bucket=21581  peer_BL=['5', '7']  my_BL=['5', '7']
[22:57:28] HOP bucket=21582 L3 active=wlan0 ch9  | prep wlan1 ch11  | BL=['5', '7']
[TX  ->  *] bucket=21582 L3 active=wlan0 ch9  BL=['5', '7']
[RX  <- A] bucket=21582  peer_BL=['5', '7']  my_BL=['5', '7']
[22:57:30] HOP bucket=21583 L3 active=wlan1 ch11  | prep wlan0 ch6  | BL=['5', '7']
[TX  ->  *] bucket=21583 L3 active=wlan1 ch11  BL=['5', '7']
[RX  <- A] bucket=21583  peer_BL=['5', '7']  my_BL=['5', '7']
[22:57:32] HOP bucket=21584 L3 active=wlan0 ch6  (LAG: totp_says=ch5, physical=ch6)  | prep wlan1 ch5  | BL=['7']
[TX  ->  *] bucket=21584 L3 active=wlan0 ch6  BL=['7']
[RX  <- A] bucket=21584  peer_BL=['7']  my_BL=['7']
[22:57:34] HOP bucket=21585 L3 active=wlan1 ch5  | prep wlan0 ch4  | BL=['7']
[TX  ->  *] bucket=21585 L3 active=wlan1 ch5  BL=['7']
[RX  <- A] bucket=21585  peer_BL=['7']  my_BL=['7']
[22:57:36] HOP bucket=21586 L3 active=wlan0 ch4  | prep wlan1 ch9  | BL=[]
[TX  ->  *] bucket=21586 L3 active=wlan0 ch4  BL=[]
[RX  <- A] bucket=21586  peer_BL=[]  my_BL=[]
[22:57:38] HOP bucket=21587 L3 active=wlan1 ch9  | prep wlan0 ch3  | BL=[]
[TX  ->  *] bucket=21587 L3 active=wlan1 ch9  BL=[]
[RX  <- A] bucket=21587  peer_BL=[]  my_BL=[]
[22:57:40] HOP bucket=21588 L3 active=wlan0 ch3  | prep wlan1 ch6  | BL=[]
[TX  ->  *] bucket=21588 L3 active=wlan0 ch3  BL=[]
[RX  <- A] bucket=21588  peer_BL=[]  my_BL=[]
[22:57:42] HOP bucket=21589 L3 active=wlan1 ch6  | prep wlan0 ch7  | BL=[]
[TX  ->  *] bucket=21589 L3 active=wlan1 ch6  BL=[]
[RX  <- A] bucket=21589  peer_BL=[]  my_BL=[]
[22:57:44] HOP bucket=21590 L3 active=wlan0 ch7  | prep wlan1 ch5  | BL=[]
[TX  ->  *] bucket=21590 L3 active=wlan0 ch7  BL=[]
[RX  <- A] bucket=21590  peer_BL=[]  my_BL=[]
[22:57:46] HOP bucket=21591 L3 active=wlan1 ch5  | prep wlan0 ch5  | BL=[]
[TX  ->  *] bucket=21591 L3 active=wlan1 ch5  BL=[]
[RX  <- A] bucket=21591  peer_BL=[]  my_BL=[]
[22:57:48] HOP bucket=21592 L3 active=wlan0 ch5  | prep wlan1 ch10  | BL=[]
[RX  <- A] bucket=21592  peer_BL=[]  my_BL=[]
[TX  ->  *] bucket=21592 L3 active=wlan0 ch5  BL=[]
[22:57:50] HOP bucket=21593 L3 active=wlan1 ch10  | prep wlan0 ch9  | BL=[]
[RX  <- A] bucket=21593  peer_BL=[]  my_BL=[]
[TX  ->  *] bucket=21593 L3 active=wlan1 ch10  BL=[]
[22:57:52] HOP bucket=21594 L3 active=wlan0 ch9  | prep wlan1 ch11  | BL=[]
[RX  <- A] bucket=21594  peer_BL=[]  my_BL=[]
[TX  ->  *] bucket=21594 L3 active=wlan0 ch9  BL=[]
[22:57:54] HOP bucket=21595 L3 active=wlan1 ch11  | prep wlan0 ch8  | BL=[]
[RX  <- A] bucket=21595  peer_BL=[]  my_BL=[]
[TX  ->  *] bucket=21595 L3 active=wlan1 ch11  BL=[]
[22:57:56] HOP bucket=21596 L3 active=wlan0 ch8  | prep wlan1 ch11  | BL=[]
[RX  <- A] bucket=21596  peer_BL=[]  my_BL=[]
[TX  ->  *] bucket=21596 L3 active=wlan0 ch8  BL=[]
[22:57:58] HOP bucket=21597 L3 active=wlan1 ch11  | prep wlan0 ch4  | BL=[]
[TX  ->  *] bucket=21597 L3 active=wlan1 ch11  BL=[]
[RX  <- A] bucket=21597  peer_BL=[]  my_BL=[]
[22:58:00] HOP bucket=21598 L3 active=wlan0 ch4  | prep wlan1 ch10  | BL=[]
[RX  <- A] bucket=21598  peer_BL=[]  my_BL=[]
[TX  ->  *] bucket=21598 L3 active=wlan0 ch4  BL=[]
[22:58:02] HOP bucket=21599 L3 active=wlan1 ch10  | prep wlan0 ch10  | BL=[]
[TX  ->  *] bucket=21599 L3 active=wlan1 ch10  BL=[]
[RX  <- A] bucket=21599  peer_BL=[]  my_BL=[]
[22:58:04] HOP bucket=21600 L3 active=wlan0 ch10  | prep wlan1 ch10  | BL=[]
[TX  ->  *] bucket=21600 L3 active=wlan0 ch10  BL=[]
[RX  <- A] bucket=21600  peer_BL=[]  my_BL=[]
[22:58:06] HOP bucket=21601 L3 active=wlan1 ch10  | prep wlan0 ch7  | BL=[]
[TX  ->  *] bucket=21601 L3 active=wlan1 ch10  BL=[]
[RX  <- A] bucket=21601  peer_BL=[]  my_BL=[]
[22:58:08] HOP bucket=21602 L3 active=wlan0 ch7  | prep wlan1 ch3  | BL=[]
[RX  <- A] bucket=21602  peer_BL=[]  my_BL=[]
[TX  ->  *] bucket=21602 L3 active=wlan0 ch7  BL=[]
[22:58:10] HOP bucket=21603 L3 active=wlan1 ch3  | prep wlan0 ch9  | BL=[]
[TX  ->  *] bucket=21603 L3 active=wlan1 ch3  BL=[]
[!! JAMMED  ] bucket=21603 L3 active=wlan1 ch3  silent + egress_drops=38  -> BL until bucket=21633  BL=['3']
[22:58:12] HOP bucket=21604 L3 active=wlan0 ch9  | prep wlan1 ch11  | BL=['3']
[RX  <- A] bucket=21604  peer_BL=['3']  my_BL=['3']
[TX  ->  *] bucket=21604 L3 active=wlan0 ch9  BL=['3']
[22:58:14] HOP bucket=21605 L3 active=wlan1 ch11  | prep wlan0 ch10  | BL=['3']
[RX  <- A] bucket=21605  peer_BL=['3']  my_BL=['3']
[TX  ->  *] bucket=21605 L3 active=wlan1 ch11  BL=['3']
[22:58:16] HOP bucket=21606 L3 active=wlan0 ch10  | prep wlan1 ch6  | BL=['3']
[RX  <- A] bucket=21606  peer_BL=['3']  my_BL=['3']
[TX  ->  *] bucket=21606 L3 active=wlan0 ch10  BL=['3']
[22:58:18] HOP bucket=21607 L3 active=wlan1 ch6  | prep wlan0 ch7  | BL=['3']
[TX  ->  *] bucket=21607 L3 active=wlan1 ch6  BL=['3']
[RX  <- A] bucket=21607  peer_BL=['3']  my_BL=['3']
[22:58:20] HOP bucket=21608 L3 active=wlan0 ch7  | prep wlan1 ch8  | BL=['3']
[TX  ->  *] bucket=21608 L3 active=wlan0 ch7  BL=['3']
[RX  <- A] bucket=21608  peer_BL=['3']  my_BL=['3']
[22:58:22] HOP bucket=21609 L3 active=wlan1 ch8  | prep wlan0 ch11  | BL=['3']
[TX  ->  *] bucket=21609 L3 active=wlan1 ch8  BL=['3']
[RX  <- A] bucket=21609  peer_BL=['3']  my_BL=['3']
[22:58:24] HOP bucket=21610 L3 active=wlan0 ch11  | prep wlan1 ch8  | BL=['3']
[RX  <- A] bucket=21610  peer_BL=['3']  my_BL=['3']
[TX  ->  *] bucket=21610 L3 active=wlan0 ch11  BL=['3']
[22:58:26] HOP bucket=21611 L3 active=wlan1 ch8  | prep wlan0 ch7  | BL=['3']
[TX  ->  *] bucket=21611 L3 active=wlan1 ch8  BL=['3']
[RX  <- A] bucket=21611  peer_BL=['3']  my_BL=['3']
[22:58:28] HOP bucket=21612 L3 active=wlan0 ch7  | prep wlan1 ch4  | BL=['3']
[RX  <- A] bucket=21612  peer_BL=['3']  my_BL=['3']
[TX  ->  *] bucket=21612 L3 active=wlan0 ch7  BL=['3']
[22:58:30] HOP bucket=21613 L3 active=wlan1 ch4  | prep wlan0 ch4  | BL=['3']
[TX  ->  *] bucket=21613 L3 active=wlan1 ch4  BL=['3']
[RX  <- A] bucket=21613  peer_BL=['3']  my_BL=['3']
[22:58:32] HOP bucket=21614 L3 active=wlan0 ch4  | prep wlan1 ch5  | BL=['3']
[TX  ->  *] bucket=21614 L3 active=wlan0 ch4  BL=['3']
[RX  <- A] bucket=21614  peer_BL=['3']  my_BL=['3']
[22:58:34] HOP bucket=21615 L3 active=wlan1 ch5  | prep wlan0 ch5  | BL=['3']
[TX  ->  *] bucket=21615 L3 active=wlan1 ch5  BL=['3']
[RX  <- A] bucket=21615  peer_BL=['3']  my_BL=['3']
[22:58:36] HOP bucket=21616 L3 active=wlan0 ch5  | prep wlan1 ch8  | BL=['3']
[TX  ->  *] bucket=21616 L3 active=wlan0 ch5  BL=['3']
[RX  <- A] bucket=21616  peer_BL=['3']  my_BL=['3']
[22:58:38] HOP bucket=21617 L3 active=wlan1 ch8  | prep wlan0 ch6  | BL=['3']
[TX  ->  *] bucket=21617 L3 active=wlan1 ch8  BL=['3']
[RX  <- A] bucket=21617  peer_BL=['3']  my_BL=['3']
[22:58:40] HOP bucket=21618 L3 active=wlan0 ch6  | prep wlan1 ch10  | BL=['3']
[RX  <- A] bucket=21618  peer_BL=['3']  my_BL=['3']
[TX  ->  *] bucket=21618 L3 active=wlan0 ch6  BL=['3']
[22:58:42] HOP bucket=21619 L3 active=wlan1 ch10  | prep wlan0 ch6  | BL=['3']
[TX  ->  *] bucket=21619 L3 active=wlan1 ch10  BL=['3']
[RX  <- A] bucket=21619  peer_BL=['3']  my_BL=['3']
[22:58:44] HOP bucket=21620 L3 active=wlan0 ch6  | prep wlan1 ch9  | BL=['3']
[TX  ->  *] bucket=21620 L3 active=wlan0 ch6  BL=['3']
[RX  <- A] bucket=21620  peer_BL=['3']  my_BL=['3']
[22:58:46] HOP bucket=21621 L3 active=wlan1 ch9  | prep wlan0 ch8  | BL=['3']
[TX  ->  *] bucket=21621 L3 active=wlan1 ch9  BL=['3']
[RX  <- A] bucket=21621  peer_BL=['3']  my_BL=['3']
[22:58:48] HOP bucket=21622 L3 active=wlan0 ch8  | prep wlan1 ch8  | BL=['3']
[RX  <- A] bucket=21622  peer_BL=['3']  my_BL=['3']
[TX  ->  *] bucket=21622 L3 active=wlan0 ch8  BL=['3']
[22:58:50] HOP bucket=21623 L3 active=wlan1 ch8  | prep wlan0 ch7  | BL=['3']
[RX  <- A] bucket=21623  peer_BL=['3']  my_BL=['3']
[TX  ->  *] bucket=21623 L3 active=wlan1 ch8  BL=['3']
[22:58:52] HOP bucket=21624 L3 active=wlan0 ch7  | prep wlan1 ch4  | BL=['3']
[RX  <- A] bucket=21624  peer_BL=['3']  my_BL=['3']
[TX  ->  *] bucket=21624 L3 active=wlan0 ch7  BL=['3']
[22:58:54] HOP bucket=21625 L3 active=wlan1 ch4  | prep wlan0 ch5  | BL=['3']
[TX  ->  *] bucket=21625 L3 active=wlan1 ch4  BL=['3']
[RX  <- A] bucket=21625  peer_BL=['3']  my_BL=['3']
[22:58:56] HOP bucket=21626 L3 active=wlan0 ch5  | prep wlan1 ch7  | BL=['3']
[TX  ->  *] bucket=21626 L3 active=wlan0 ch5  BL=['3']
[RX  <- A] bucket=21626  peer_BL=['3']  my_BL=['3']
[22:58:58] HOP bucket=21627 L3 active=wlan1 ch7  | prep wlan0 ch9  | BL=['3']
[RX  <- A] bucket=21627  peer_BL=['3']  my_BL=['3']
[TX  ->  *] bucket=21627 L3 active=wlan1 ch7  BL=['3']
[22:59:00] HOP bucket=21628 L3 active=wlan0 ch9  | prep wlan1 ch9  | BL=['3']
[RX  <- A] bucket=21628  peer_BL=['3']  my_BL=['3']
[TX  ->  *] bucket=21628 L3 active=wlan0 ch9  BL=['3']
[22:59:02] HOP bucket=21629 L3 active=wlan1 ch9  | prep wlan0 ch5  | BL=['3']
[TX  ->  *] bucket=21629 L3 active=wlan1 ch9  BL=['3']
[RX  <- A] bucket=21629  peer_BL=['3']  my_BL=['3']
[22:59:04] HOP bucket=21630 L3 active=wlan0 ch5  | prep wlan1 ch7  | BL=['3']
[RX  <- A] bucket=21630  peer_BL=['3']  my_BL=['3']
[TX  ->  *] bucket=21630 L3 active=wlan0 ch5  BL=['3']
[22:59:06] HOP bucket=21631 L3 active=wlan1 ch7  | prep wlan0 ch4  | BL=['3']
[RX  <- A] bucket=21631  peer_BL=['3']  my_BL=['3']
[TX  ->  *] bucket=21631 L3 active=wlan1 ch7  BL=['3']
[22:59:08] HOP bucket=21632 L3 active=wlan0 ch4  | prep wlan1 ch10  | BL=['3']
[TX  ->  *] bucket=21632 L3 active=wlan0 ch4  BL=['3']
[!! JAMMED  ] bucket=21632 L3 active=wlan0 ch4  silent + egress_drops=39  -> BL until bucket=21662  BL=['3', '4']
[22:59:10] HOP bucket=21633 L3 active=wlan1 ch10  | prep wlan0 ch6  | BL=['4']
[TX  ->  *] bucket=21633 L3 active=wlan1 ch10  BL=['4']
[RX  <- A] bucket=21633  peer_BL=['4']  my_BL=['4']
[22:59:12] HOP bucket=21634 L3 active=wlan0 ch6  | prep wlan1 ch6  | BL=['4']
[TX  ->  *] bucket=21634 L3 active=wlan0 ch6  BL=['4']
[RX  <- A] bucket=21634  peer_BL=['4']  my_BL=['4']
[22:59:14] HOP bucket=21635 L3 active=wlan1 ch6  | prep wlan0 ch9  | BL=['4']
[TX  ->  *] bucket=21635 L3 active=wlan1 ch6  BL=['4']
[RX  <- A] bucket=21635  peer_BL=['4']  my_BL=['4']
[22:59:16] HOP bucket=21636 L3 active=wlan0 ch9  | prep wlan1 ch3  | BL=['4']
[TX  ->  *] bucket=21636 L3 active=wlan0 ch9  BL=['4']
[RX  <- A] bucket=21636  peer_BL=['4']  my_BL=['4']
[22:59:18] HOP bucket=21637 L3 active=wlan1 ch3  | prep wlan0 ch5  | BL=['4']
[TX  ->  *] bucket=21637 L3 active=wlan1 ch3  BL=['4']
[!! JAMMED  ] bucket=21637 L3 active=wlan1 ch3  silent + egress_drops=38  -> BL until bucket=21667  BL=['3', '4']
[22:59:20] HOP bucket=21638 L3 active=wlan0 ch5  | prep wlan1 ch5  | BL=['3', '4']
[TX  ->  *] bucket=21638 L3 active=wlan0 ch5  BL=['3', '4']
[RX  <- A] bucket=21638  peer_BL=['4', '3']  my_BL=['3', '4']
[22:59:22] HOP bucket=21639 L3 active=wlan1 ch5  | prep wlan0 ch5  | BL=['3', '4']
[TX  ->  *] bucket=21639 L3 active=wlan1 ch5  BL=['3', '4']
[RX  <- A] bucket=21639  peer_BL=['4', '3']  my_BL=['3', '4']
[22:59:24] HOP bucket=21640 L3 active=wlan0 ch5  | prep wlan1 ch11  | BL=['3', '4']
[RX  <- A] bucket=21640  peer_BL=['4', '3']  my_BL=['3', '4']
[TX  ->  *] bucket=21640 L3 active=wlan0 ch5  BL=['3', '4']
[22:59:26] HOP bucket=21641 L3 active=wlan1 ch11  | prep wlan0 ch8  | BL=['3', '4']
[TX  ->  *] bucket=21641 L3 active=wlan1 ch11  BL=['3', '4']
[RX  <- A] bucket=21641  peer_BL=['4', '3']  my_BL=['3', '4']
[22:59:28] HOP bucket=21642 L3 active=wlan0 ch8  | prep wlan1 ch5  | BL=['3', '4']
[TX  ->  *] bucket=21642 L3 active=wlan0 ch8  BL=['3', '4']
[RX  <- A] bucket=21642  peer_BL=['4', '3']  my_BL=['3', '4']
[22:59:30] HOP bucket=21643 L3 active=wlan1 ch5  | prep wlan0 ch6  | BL=['3', '4']
[TX  ->  *] bucket=21643 L3 active=wlan1 ch5  BL=['3', '4']
[RX  <- A] bucket=21643  peer_BL=['4', '3']  my_BL=['3', '4']
[22:59:32] HOP bucket=21644 L3 active=wlan0 ch6  | prep wlan1 ch6  | BL=['3', '4']
[TX  ->  *] bucket=21644 L3 active=wlan0 ch6  BL=['3', '4']
[RX  <- A] bucket=21644  peer_BL=['4', '3']  my_BL=['3', '4']
[22:59:34] HOP bucket=21645 L3 active=wlan1 ch6  | prep wlan0 ch6  | BL=['3', '4']
[TX  ->  *] bucket=21645 L3 active=wlan1 ch6  BL=['3', '4']
[RX  <- A] bucket=21645  peer_BL=['4', '3']  my_BL=['3', '4']
[22:59:36] HOP bucket=21646 L3 active=wlan0 ch6  | prep wlan1 ch9  | BL=['3', '4']
[RX  <- A] bucket=21646  peer_BL=['4', '3']  my_BL=['3', '4']
[TX  ->  *] bucket=21646 L3 active=wlan0 ch6  BL=['3', '4']
[22:59:38] HOP bucket=21647 L3 active=wlan1 ch9  | prep wlan0 ch11  | BL=['3', '4']
[TX  ->  *] bucket=21647 L3 active=wlan1 ch9  BL=['3', '4']
[RX  <- A] bucket=21647  peer_BL=['4', '3']  my_BL=['3', '4']
[22:59:40] HOP bucket=21648 L3 active=wlan0 ch11  | prep wlan1 ch10  | BL=['3', '4']
[RX  <- A] bucket=21648  peer_BL=['4', '3']  my_BL=['3', '4']
[TX  ->  *] bucket=21648 L3 active=wlan0 ch11  BL=['3', '4']
[22:59:42] HOP bucket=21649 L3 active=wlan1 ch10  | prep wlan0 ch6  | BL=['3', '4']
[TX  ->  *] bucket=21649 L3 active=wlan1 ch10  BL=['3', '4']
[RX  <- A] bucket=21649  peer_BL=['4', '3']  my_BL=['3', '4']
[22:59:44] HOP bucket=21650 L3 active=wlan0 ch6  | prep wlan1 ch11  | BL=['3', '4']
[TX  ->  *] bucket=21650 L3 active=wlan0 ch6  BL=['3', '4']
[RX  <- A] bucket=21650  peer_BL=['4', '3']  my_BL=['3', '4']
[22:59:46] HOP bucket=21651 L3 active=wlan1 ch11  | prep wlan0 ch5  | BL=['3', '4']
[RX  <- A] bucket=21651  peer_BL=['4', '3']  my_BL=['3', '4']
[TX  ->  *] bucket=21651 L3 active=wlan1 ch11  BL=['3', '4']
[22:59:48] HOP bucket=21652 L3 active=wlan0 ch5  | prep wlan1 ch8  | BL=['3', '4']
[RX  <- A] bucket=21652  peer_BL=['4', '3']  my_BL=['3', '4']
[TX  ->  *] bucket=21652 L3 active=wlan0 ch5  BL=['3', '4']
[22:59:50] HOP bucket=21653 L3 active=wlan1 ch8  | prep wlan0 ch5  | BL=['3', '4']
[RX  <- A] bucket=21653  peer_BL=['4', '3']  my_BL=['3', '4']
[TX  ->  *] bucket=21653 L3 active=wlan1 ch8  BL=['3', '4']
[22:59:52] HOP bucket=21654 L3 active=wlan0 ch5  | prep wlan1 ch7  | BL=['3', '4']
[RX  <- A] bucket=21654  peer_BL=['4', '3']  my_BL=['3', '4']
[TX  ->  *] bucket=21654 L3 active=wlan0 ch5  BL=['3', '4']
[22:59:54] HOP bucket=21655 L3 active=wlan1 ch7  | prep wlan0 ch7  | BL=['3', '4']
[TX  ->  *] bucket=21655 L3 active=wlan1 ch7  BL=['3', '4']
[RX  <- A] bucket=21655  peer_BL=['4', '3']  my_BL=['3', '4']
[22:59:56] HOP bucket=21656 L3 active=wlan0 ch7  | prep wlan1 ch5  | BL=['3', '4']
[RX  <- A] bucket=21656  peer_BL=['4', '3']  my_BL=['3', '4']
[TX  ->  *] bucket=21656 L3 active=wlan0 ch7  BL=['3', '4']
[22:59:58] HOP bucket=21657 L3 active=wlan1 ch5  | prep wlan0 ch11  | BL=['3', '4']
[TX  ->  *] bucket=21657 L3 active=wlan1 ch5  BL=['3', '4']
[RX  <- A] bucket=21657  peer_BL=['4', '3']  my_BL=['3', '4']
[23:00:00] HOP bucket=21658 L3 active=wlan0 ch11  | prep wlan1 ch8  | BL=['3', '4']
[RX  <- A] bucket=21658  peer_BL=['4', '3']  my_BL=['3', '4']
[TX  ->  *] bucket=21658 L3 active=wlan0 ch11  BL=['3', '4']
[23:00:02] HOP bucket=21659 L3 active=wlan1 ch8  | prep wlan0 ch11  | BL=['3', '4']
[RX  <- A] bucket=21659  peer_BL=['4', '3']  my_BL=['3', '4']
[TX  ->  *] bucket=21659 L3 active=wlan1 ch8  BL=['3', '4']
[23:00:04] HOP bucket=21660 L3 active=wlan0 ch11  | prep wlan1 ch9  | BL=['3', '4']
[TX  ->  *] bucket=21660 L3 active=wlan0 ch11  BL=['3', '4']
[RX  <- A] bucket=21660  peer_BL=['4', '3']  my_BL=['3', '4']
[23:00:06] HOP bucket=21661 L3 active=wlan1 ch9  | prep wlan0 ch8  | BL=['3', '4']
[RX  <- A] bucket=21661  peer_BL=['4', '3']  my_BL=['3', '4']
[TX  ->  *] bucket=21661 L3 active=wlan1 ch9  BL=['3', '4']
[23:00:08] HOP bucket=21662 L3 active=wlan0 ch8  | prep wlan1 ch4  | BL=['3']
[RX  <- A] bucket=21662  peer_BL=['3']  my_BL=['3']
[TX  ->  *] bucket=21662 L3 active=wlan0 ch8  BL=['3']
[23:00:10] HOP bucket=21663 L3 active=wlan1 ch4  | prep wlan0 ch4  | BL=['3']
[TX  ->  *] bucket=21663 L3 active=wlan1 ch4  BL=['3']
[!! JAMMED  ] bucket=21663 L3 active=wlan1 ch4  silent + egress_drops=38  -> BL until bucket=21693  BL=['3', '4']
[23:00:12] HOP bucket=21664 L3 active=wlan0 ch4  (LAG: totp_says=ch5, physical=ch4)  | prep wlan1 ch5  | BL=['3', '4']
[TX  ->  *] bucket=21664 L3 active=wlan0 ch4  BL=['3', '4']
[23:00:14] HOP bucket=21665 L3 active=wlan1 ch5  | prep wlan0 ch5  | BL=['3', '4']
[TX  ->  *] bucket=21665 L3 active=wlan1 ch5  BL=['3', '4']
[!! JAMMED  ] bucket=21665 L3 active=wlan1 ch5  silent + egress_drops=38  -> BL until bucket=21695  BL=['3', '4', '5']
[23:00:16] HOP bucket=21666 L3 active=wlan0 ch5  (LAG: totp_says=ch6, physical=ch5)  | prep wlan1 ch6  | BL=['3', '4', '5']
[TX  ->  *] bucket=21666 L3 active=wlan0 ch5  BL=['3', '4', '5']
[23:00:18] HOP bucket=21667 L3 active=wlan1 ch6  | prep wlan0 ch6  | BL=['4', '5']
[TX  ->  *] bucket=21667 L3 active=wlan1 ch6  BL=['4', '5']
[!! JAMMED  ] bucket=21667 L3 active=wlan1 ch6  silent + egress_drops=38  -> BL until bucket=21697  BL=['4', '5', '6']
[23:00:20] HOP bucket=21668 L3 active=wlan0 ch6  (LAG: totp_says=ch7, physical=ch6)  | prep wlan1 ch3  | BL=['4', '5', '6']
[TX  ->  *] bucket=21668 L3 active=wlan0 ch6  BL=['4', '5', '6']
[23:00:22] HOP bucket=21669 L3 active=wlan1 ch3  | prep wlan0 ch10  | BL=['4', '5', '6']
[TX  ->  *] bucket=21669 L3 active=wlan1 ch3  BL=['4', '5', '6']
[RX  <- A] bucket=21669  peer_BL=['4', '5', '6']  my_BL=['4', '5', '6']
[23:00:24] HOP bucket=21670 L3 active=wlan0 ch10  | prep wlan1 ch11  | BL=['4', '5', '6']
[RX  <- A] bucket=21670  peer_BL=['4', '5', '6']  my_BL=['4', '5', '6']
[TX  ->  *] bucket=21670 L3 active=wlan0 ch10  BL=['4', '5', '6']
[23:00:26] HOP bucket=21671 L3 active=wlan1 ch11  | prep wlan0 ch11  | BL=['4', '5', '6']
[RX  <- A] bucket=21671  peer_BL=['4', '5', '6']  my_BL=['4', '5', '6']
[TX  ->  *] bucket=21671 L3 active=wlan1 ch11  BL=['4', '5', '6']
[23:00:28] HOP bucket=21672 L3 active=wlan0 ch11  | prep wlan1 ch7  | BL=['4', '5', '6']
[TX  ->  *] bucket=21672 L3 active=wlan0 ch11  BL=['4', '5', '6']
[RX  <- A] bucket=21672  peer_BL=['4', '5', '6']  my_BL=['4', '5', '6']
[23:00:30] HOP bucket=21673 L3 active=wlan1 ch7  | prep wlan0 ch7  | BL=['4', '5', '6']
[TX  ->  *] bucket=21673 L3 active=wlan1 ch7  BL=['4', '5', '6']
[RX  <- A] bucket=21673  peer_BL=['4', '5', '6']  my_BL=['4', '5', '6']
[23:00:32] HOP bucket=21674 L3 active=wlan0 ch7  | prep wlan1 ch10  | BL=['4', '5', '6']
[TX  ->  *] bucket=21674 L3 active=wlan0 ch7  BL=['4', '5', '6']
[RX  <- A] bucket=21674  peer_BL=['4', '5', '6']  my_BL=['4', '5', '6']
[23:00:34] HOP bucket=21675 L3 active=wlan1 ch10  | prep wlan0 ch9  | BL=['4', '5', '6']
[TX  ->  *] bucket=21675 L3 active=wlan1 ch10  BL=['4', '5', '6']
[RX  <- A] bucket=21675  peer_BL=['4', '5', '6']  my_BL=['4', '5', '6']
[23:00:36] HOP bucket=21676 L3 active=wlan0 ch9  | prep wlan1 ch7  | BL=['4', '5', '6']
[RX  <- A] bucket=21676  peer_BL=['4', '5', '6']  my_BL=['4', '5', '6']
[TX  ->  *] bucket=21676 L3 active=wlan0 ch9  BL=['4', '5', '6']
[23:00:38] HOP bucket=21677 L3 active=wlan1 ch7  | prep wlan0 ch7  | BL=['4', '5', '6']
[RX  <- A] bucket=21677  peer_BL=['4', '5', '6']  my_BL=['4', '5', '6']
[TX  ->  *] bucket=21677 L3 active=wlan1 ch7  BL=['4', '5', '6']
[23:00:40] HOP bucket=21678 L3 active=wlan0 ch7  | prep wlan1 ch7  | BL=['4', '5', '6']
[TX  ->  *] bucket=21678 L3 active=wlan0 ch7  BL=['4', '5', '6']
[RX  <- A] bucket=21678  peer_BL=['4', '5', '6']  my_BL=['4', '5', '6']
[23:00:42] HOP bucket=21679 L3 active=wlan1 ch7  | prep wlan0 ch8  | BL=['4', '5', '6']
[RX  <- A] bucket=21679  peer_BL=['4', '5', '6']  my_BL=['4', '5', '6']
[TX  ->  *] bucket=21679 L3 active=wlan1 ch7  BL=['4', '5', '6']
[23:00:44] HOP bucket=21680 L3 active=wlan0 ch8  | prep wlan1 ch9  | BL=['4', '5', '6']
[TX  ->  *] bucket=21680 L3 active=wlan0 ch8  BL=['4', '5', '6']
[RX  <- A] bucket=21680  peer_BL=['4', '5', '6']  my_BL=['4', '5', '6']
[23:00:46] HOP bucket=21681 L3 active=wlan1 ch9  | prep wlan0 ch7  | BL=['4', '5', '6']
[TX  ->  *] bucket=21681 L3 active=wlan1 ch9  BL=['4', '5', '6']
[RX  <- A] bucket=21681  peer_BL=['4', '5', '6']  my_BL=['4', '5', '6']
[23:00:48] HOP bucket=21682 L3 active=wlan0 ch7  | prep wlan1 ch7  | BL=['4', '5', '6']
[TX  ->  *] bucket=21682 L3 active=wlan0 ch7  BL=['4', '5', '6']
[RX  <- A] bucket=21682  peer_BL=['4', '5', '6']  my_BL=['4', '5', '6']
[23:00:50] HOP bucket=21683 L3 active=wlan1 ch7  | prep wlan0 ch7  | BL=['4', '5', '6']
[TX  ->  *] bucket=21683 L3 active=wlan1 ch7  BL=['4', '5', '6']
[RX  <- A] bucket=21683  peer_BL=['4', '5', '6']  my_BL=['4', '5', '6']
[23:00:52] HOP bucket=21684 L3 active=wlan0 ch7  | prep wlan1 ch8  | BL=['4', '5', '6']
[TX  ->  *] bucket=21684 L3 active=wlan0 ch7  BL=['4', '5', '6']
[RX  <- A] bucket=21684  peer_BL=['4', '5', '6']  my_BL=['4', '5', '6']
[23:00:54] HOP bucket=21685 L3 active=wlan1 ch8  | prep wlan0 ch9  | BL=['4', '5', '6']
[TX  ->  *] bucket=21685 L3 active=wlan1 ch8  BL=['4', '5', '6']
[RX  <- A] bucket=21685  peer_BL=['4', '5', '6']  my_BL=['4', '5', '6']
[23:00:56] HOP bucket=21686 L3 active=wlan0 ch9  | prep wlan1 ch10  | BL=['4', '5', '6']
[TX  ->  *] bucket=21686 L3 active=wlan0 ch9  BL=['4', '5', '6']
[RX  <- A] bucket=21686  peer_BL=['4', '5', '6']  my_BL=['4', '5', '6']
[23:00:58] HOP bucket=21687 L3 active=wlan1 ch10  | prep wlan0 ch7  | BL=['4', '5', '6']
[TX  ->  *] bucket=21687 L3 active=wlan1 ch10  BL=['4', '5', '6']
[RX  <- A] bucket=21687  peer_BL=['4', '5', '6']  my_BL=['4', '5', '6']
[23:01:00] HOP bucket=21688 L3 active=wlan0 ch7  | prep wlan1 ch9  | BL=['4', '5', '6']
[TX  ->  *] bucket=21688 L3 active=wlan0 ch7  BL=['4', '5', '6']
[RX  <- A] bucket=21688  peer_BL=['4', '5', '6']  my_BL=['4', '5', '6']
[23:01:02] HOP bucket=21689 L3 active=wlan1 ch9  | prep wlan0 ch9  | BL=['4', '5', '6']
[TX  ->  *] bucket=21689 L3 active=wlan1 ch9  BL=['4', '5', '6']
[RX  <- A] bucket=21689  peer_BL=['4', '5', '6']  my_BL=['4', '5', '6']
[23:01:04] HOP bucket=21690 L3 active=wlan0 ch9  | prep wlan1 ch7  | BL=['4', '5', '6']
[TX  ->  *] bucket=21690 L3 active=wlan0 ch9  BL=['4', '5', '6']
[RX  <- A] bucket=21690  peer_BL=['4', '5', '6']  my_BL=['4', '5', '6']
[23:01:06] HOP bucket=21691 L3 active=wlan1 ch7  | prep wlan0 ch7  | BL=['4', '5', '6']
[TX  ->  *] bucket=21691 L3 active=wlan1 ch7  BL=['4', '5', '6']
[!! JAMMED  ] bucket=21691 L3 active=wlan1 ch7  silent + egress_drops=38  -> BL until bucket=21721  BL=['4', '5', '6', '7']
[23:01:08] HOP bucket=21692 L3 active=wlan0 ch7  (LAG: totp_says=ch8, physical=ch7)  | prep wlan1 ch8  | BL=['4', '5', '6', '7']
[TX  ->  *] bucket=21692 L3 active=wlan0 ch7  BL=['4', '5', '6', '7']
[23:01:10] HOP bucket=21693 L3 active=wlan1 ch8  | prep wlan0 ch8  | BL=['5', '6', '7']
[RX  <- A] bucket=21693  peer_BL=['5', '6', '7']  my_BL=['5', '6', '7']
[TX  ->  *] bucket=21693 L3 active=wlan1 ch8  BL=['5', '6', '7']
[23:01:12] HOP bucket=21694 L3 active=wlan0 ch8  | prep wlan1 ch8  | BL=['5', '6', '7']
[RX  <- A] bucket=21694  peer_BL=['5', '6', '7']  my_BL=['5', '6', '7']
[TX  ->  *] bucket=21694 L3 active=wlan0 ch8  BL=['5', '6', '7']
[23:01:14] HOP bucket=21695 L3 active=wlan1 ch8  | prep wlan0 ch10  | BL=['6', '7']
[RX  <- A] bucket=21695  peer_BL=['6', '7']  my_BL=['6', '7']
[TX  ->  *] bucket=21695 L3 active=wlan1 ch8  BL=['6', '7']
[23:01:16] HOP bucket=21696 L3 active=wlan0 ch10  | prep wlan1 ch5  | BL=['6', '7']
[TX  ->  *] bucket=21696 L3 active=wlan0 ch10  BL=['6', '7']
[RX  <- A] bucket=21696  peer_BL=['6', '7']  my_BL=['6', '7']
[23:01:18] HOP bucket=21697 L3 active=wlan1 ch5  | prep wlan0 ch8  | BL=['7']
[TX  ->  *] bucket=21697 L3 active=wlan1 ch5  BL=['7']
[!! JAMMED  ] bucket=21697 L3 active=wlan1 ch5  silent + egress_drops=38  -> BL until bucket=21727  BL=['5', '7']
[23:01:20] HOP bucket=21698 L3 active=wlan0 ch8  | prep wlan1 ch6  | BL=['5', '7']
[TX  ->  *] bucket=21698 L3 active=wlan0 ch8  BL=['5', '7']
[RX  <- A] bucket=21698  peer_BL=['7', '5']  my_BL=['5', '7']
[23:01:22] HOP bucket=21699 L3 active=wlan1 ch6  | prep wlan0 ch6  | BL=['5', '7']
[TX  ->  *] bucket=21699 L3 active=wlan1 ch6  BL=['5', '7']
[!! JAMMED  ] bucket=21699 L3 active=wlan1 ch6  silent + egress_drops=38  -> BL until bucket=21729  BL=['5', '6', '7']
[23:01:24] HOP bucket=21700 L3 active=wlan0 ch6  (LAG: totp_says=ch8, physical=ch6)  | prep wlan1 ch11  | BL=['5', '6', '7']
[TX  ->  *] bucket=21700 L3 active=wlan0 ch6  BL=['5', '6', '7']
[23:01:26] HOP bucket=21701 L3 active=wlan1 ch11  | prep wlan0 ch4  | BL=['5', '6', '7']
[TX  ->  *] bucket=21701 L3 active=wlan1 ch11  BL=['5', '6', '7']
[RX  <- A] bucket=21701  peer_BL=['7', '5', '6']  my_BL=['5', '6', '7']
[23:01:28] HOP bucket=21702 L3 active=wlan0 ch4  | prep wlan1 ch11  | BL=['5', '6', '7']
[TX  ->  *] bucket=21702 L3 active=wlan0 ch4  BL=['5', '6', '7']
[!! JAMMED  ] bucket=21702 L3 active=wlan0 ch4  silent + egress_drops=78  -> BL until bucket=21732  BL=['4', '5', '6', '7']
[23:01:30] HOP bucket=21703 L3 active=wlan1 ch11  | prep wlan0 ch8  | BL=['4', '5', '6', '7']
[RX  <- A] bucket=21703  peer_BL=['7', '5', '6', '4']  my_BL=['4', '5', '6', '7']
[TX  ->  *] bucket=21703 L3 active=wlan1 ch11  BL=['4', '5', '6', '7']
[23:01:32] HOP bucket=21704 L3 active=wlan0 ch8  | prep wlan1 ch11  | BL=['4', '5', '6', '7']
[RX  <- A] bucket=21704  peer_BL=['7', '5', '6', '4']  my_BL=['4', '5', '6', '7']
[TX  ->  *] bucket=21704 L3 active=wlan0 ch8  BL=['4', '5', '6', '7']
[23:01:34] HOP bucket=21705 L3 active=wlan1 ch11  | prep wlan0 ch8  | BL=['4', '5', '6', '7']
[TX  ->  *] bucket=21705 L3 active=wlan1 ch11  BL=['4', '5', '6', '7']
[RX  <- A] bucket=21705  peer_BL=['7', '5', '6', '4']  my_BL=['4', '5', '6', '7']
[23:01:36] HOP bucket=21706 L3 active=wlan0 ch8  | prep wlan1 ch9  | BL=['4', '5', '6', '7']
[RX  <- A] bucket=21706  peer_BL=['7', '5', '6', '4']  my_BL=['4', '5', '6', '7']
[TX  ->  *] bucket=21706 L3 active=wlan0 ch8  BL=['4', '5', '6', '7']
[23:01:38] HOP bucket=21707 L3 active=wlan1 ch9  | prep wlan0 ch10  | BL=['4', '5', '6', '7']
[TX  ->  *] bucket=21707 L3 active=wlan1 ch9  BL=['4', '5', '6', '7']
[RX  <- A] bucket=21707  peer_BL=['7', '5', '6', '4']  my_BL=['4', '5', '6', '7']
[23:01:40] HOP bucket=21708 L3 active=wlan0 ch10  | prep wlan1 ch8  | BL=['4', '5', '6', '7']
[RX  <- A] bucket=21708  peer_BL=['7', '5', '6', '4']  my_BL=['4', '5', '6', '7']
[TX  ->  *] bucket=21708 L3 active=wlan0 ch10  BL=['4', '5', '6', '7']
[23:01:42] HOP bucket=21709 L3 active=wlan1 ch8  | prep wlan0 ch3  | BL=['4', '5', '6', '7']
[RX  <- A] bucket=21709  peer_BL=['7', '5', '6', '4']  my_BL=['4', '5', '6', '7']
[TX  ->  *] bucket=21709 L3 active=wlan1 ch8  BL=['4', '5', '6', '7']
[23:01:44] HOP bucket=21710 L3 active=wlan0 ch3  | prep wlan1 ch8  | BL=['4', '5', '6', '7']
[TX  ->  *] bucket=21710 L3 active=wlan0 ch3  BL=['4', '5', '6', '7']
[RX  <- A] bucket=21710  peer_BL=['7', '5', '6', '4']  my_BL=['4', '5', '6', '7']
[23:01:46] HOP bucket=21711 L3 active=wlan1 ch8  | prep wlan0 ch8  | BL=['4', '5', '6', '7']
[TX  ->  *] bucket=21711 L3 active=wlan1 ch8  BL=['4', '5', '6', '7']
[RX  <- A] bucket=21711  peer_BL=['7', '5', '6', '4']  my_BL=['4', '5', '6', '7']
[23:01:48] HOP bucket=21712 L3 active=wlan0 ch8  | prep wlan1 ch11  | BL=['4', '5', '6', '7']
[TX  ->  *] bucket=21712 L3 active=wlan0 ch8  BL=['4', '5', '6', '7']
[RX  <- A] bucket=21712  peer_BL=['7', '5', '6', '4']  my_BL=['4', '5', '6', '7']
[23:01:50] HOP bucket=21713 L3 active=wlan1 ch11  | prep wlan0 ch8  | BL=['4', '5', '6', '7']
[TX  ->  *] bucket=21713 L3 active=wlan1 ch11  BL=['4', '5', '6', '7']
[RX  <- A] bucket=21713  peer_BL=['7', '5', '6', '4']  my_BL=['4', '5', '6', '7']
[23:01:52] HOP bucket=21714 L3 active=wlan0 ch8  | prep wlan1 ch10  | BL=['4', '5', '6', '7']
[RX  <- A] bucket=21714  peer_BL=['7', '5', '6', '4']  my_BL=['4', '5', '6', '7']
[TX  ->  *] bucket=21714 L3 active=wlan0 ch8  BL=['4', '5', '6', '7']
[23:01:54] HOP bucket=21715 L3 active=wlan1 ch10  | prep wlan0 ch11  | BL=['4', '5', '6', '7']
[RX  <- A] bucket=21715  peer_BL=['7', '5', '6', '4']  my_BL=['4', '5', '6', '7']
[TX  ->  *] bucket=21715 L3 active=wlan1 ch10  BL=['4', '5', '6', '7']
[23:01:56] HOP bucket=21716 L3 active=wlan0 ch11  | prep wlan1 ch10  | BL=['4', '5', '6', '7']
[RX  <- A] bucket=21716  peer_BL=['7', '5', '6', '4']  my_BL=['4', '5', '6', '7']
[TX  ->  *] bucket=21716 L3 active=wlan0 ch11  BL=['4', '5', '6', '7']
[23:01:58] HOP bucket=21717 L3 active=wlan1 ch10  | prep wlan0 ch8  | BL=['4', '5', '6', '7']
[TX  ->  *] bucket=21717 L3 active=wlan1 ch10  BL=['4', '5', '6', '7']
[RX  <- A] bucket=21717  peer_BL=['7', '5', '6', '4']  my_BL=['4', '5', '6', '7']
[23:02:00] HOP bucket=21718 L3 active=wlan0 ch8  | prep wlan1 ch8  | BL=['4', '5', '6', '7']
[RX  <- A] bucket=21718  peer_BL=['7', '5', '6', '4']  my_BL=['4', '5', '6', '7']
[TX  ->  *] bucket=21718 L3 active=wlan0 ch8  BL=['4', '5', '6', '7']
[23:02:02] HOP bucket=21719 L3 active=wlan1 ch8  | prep wlan0 ch10  | BL=['4', '5', '6', '7']
[TX  ->  *] bucket=21719 L3 active=wlan1 ch8  BL=['4', '5', '6', '7']
[RX  <- A] bucket=21719  peer_BL=['7', '5', '6', '4']  my_BL=['4', '5', '6', '7']
[23:02:04] HOP bucket=21720 L3 active=wlan0 ch10  | prep wlan1 ch8  | BL=['4', '5', '6', '7']
[RX  <- A] bucket=21720  peer_BL=['7', '5', '6', '4']  my_BL=['4', '5', '6', '7']
[TX  ->  *] bucket=21720 L3 active=wlan0 ch10  BL=['4', '5', '6', '7']
[23:02:06] HOP bucket=21721 L3 active=wlan1 ch8  (LAG: totp_says=ch7, physical=ch8)  | prep wlan0 ch10  | BL=['4', '5', '6']
[TX  ->  *] bucket=21721 L3 active=wlan1 ch8  BL=['4', '5', '6']
[!! JAMMED  ] bucket=21721 L3 active=wlan1 ch8  silent + egress_drops=38  -> BL until bucket=21751  BL=['4', '5', '6', '8']
[23:02:08] HOP bucket=21722 L3 active=wlan0 ch10  | prep wlan1 ch9  | BL=['4', '5', '6', '8']
[TX  ->  *] bucket=21722 L3 active=wlan0 ch10  BL=['4', '5', '6', '8']
[RX  <- A] bucket=21722  peer_BL=['5', '6', '4', '8']  my_BL=['4', '5', '6', '8']
[23:02:10] HOP bucket=21723 L3 active=wlan1 ch9  | prep wlan0 ch7  | BL=['4', '5', '6', '8']
[TX  ->  *] bucket=21723 L3 active=wlan1 ch9  BL=['4', '5', '6', '8']
[!! JAMMED  ] bucket=21723 L3 active=wlan1 ch9  silent + egress_drops=38  -> BL until bucket=21753  BL=['4', '5', '6', '8', '9']
[23:02:12] HOP bucket=21724 L3 active=wlan0 ch7  | prep wlan1 ch10  | BL=['4', '5', '6', '8', '9']
[TX  ->  *] bucket=21724 L3 active=wlan0 ch7  BL=['4', '5', '6', '8', '9']
[!! JAMMED  ] bucket=21724 L3 active=wlan0 ch7  silent + egress_drops=39  -> BL until bucket=21754  BL=['4', '5', '6', '7', '8', '9']
[23:02:14] HOP bucket=21725 L3 active=wlan1 ch10  | prep wlan0 ch10  | BL=['4', '5', '6', '7', '8', '9']
[TX  ->  *] bucket=21725 L3 active=wlan1 ch10  BL=['4', '5', '6', '7', '8', '9']
[RX  <- A] bucket=21725  peer_BL=['5', '6', '4', '8', '9', '7']  my_BL=['4', '5', '6', '7', '8', '9']
[23:02:16] HOP bucket=21726 L3 active=wlan0 ch10  | prep wlan1 ch10  | BL=['4', '5', '6', '7', '8', '9']
[TX  ->  *] bucket=21726 L3 active=wlan0 ch10  BL=['4', '5', '6', '7', '8', '9']
[RX  <- A] bucket=21726  peer_BL=['5', '6', '4', '8', '9', '7']  my_BL=['4', '5', '6', '7', '8', '9']
[23:02:18] HOP bucket=21727 L3 active=wlan1 ch10  | prep wlan0 ch10  | BL=['4', '6', '7', '8', '9']
[TX  ->  *] bucket=21727 L3 active=wlan1 ch10  BL=['4', '6', '7', '8', '9']
[RX  <- A] bucket=21727  peer_BL=['6', '4', '8', '9', '7']  my_BL=['4', '6', '7', '8', '9']
[23:02:20] HOP bucket=21728 L3 active=wlan0 ch10  | prep wlan1 ch10  | BL=['4', '6', '7', '8', '9']
[TX  ->  *] bucket=21728 L3 active=wlan0 ch10  BL=['4', '6', '7', '8', '9']
[RX  <- A] bucket=21728  peer_BL=['6', '4', '8', '9', '7']  my_BL=['4', '6', '7', '8', '9']
[23:02:22] HOP bucket=21729 L3 active=wlan1 ch10  | prep wlan0 ch10  | BL=['4', '7', '8', '9']
[TX  ->  *] bucket=21729 L3 active=wlan1 ch10  BL=['4', '7', '8', '9']
[RX  <- A] bucket=21729  peer_BL=['4', '8', '9', '7']  my_BL=['4', '7', '8', '9']
[23:02:24] HOP bucket=21730 L3 active=wlan0 ch10  | prep wlan1 ch10  | BL=['4', '7', '8', '9']
[RX  <- A] bucket=21730  peer_BL=['4', '8', '9', '7']  my_BL=['4', '7', '8', '9']
[TX  ->  *] bucket=21730 L3 active=wlan0 ch10  BL=['4', '7', '8', '9']
[23:02:26] HOP bucket=21731 L3 active=wlan1 ch10  | prep wlan0 ch10  | BL=['4', '7', '8', '9']
[TX  ->  *] bucket=21731 L3 active=wlan1 ch10  BL=['4', '7', '8', '9']
[RX  <- A] bucket=21731  peer_BL=['4', '8', '9', '7']  my_BL=['4', '7', '8', '9']
[23:02:28] HOP bucket=21732 L3 active=wlan0 ch10  | prep wlan1 ch5  | BL=['7', '8', '9']
[TX  ->  *] bucket=21732 L3 active=wlan0 ch10  BL=['7', '8', '9']
[RX  <- A] bucket=21732  peer_BL=['8', '9', '7']  my_BL=['7', '8', '9']
[23:02:30] HOP bucket=21733 L3 active=wlan1 ch5  | prep wlan0 ch6  | BL=['7', '8', '9']
[TX  ->  *] bucket=21733 L3 active=wlan1 ch5  BL=['7', '8', '9']
[RX  <- A] bucket=21733  peer_BL=['8', '9', '7']  my_BL=['7', '8', '9']
[23:02:32] HOP bucket=21734 L3 active=wlan0 ch6  | prep wlan1 ch5  | BL=['7', '8', '9']
[TX  ->  *] bucket=21734 L3 active=wlan0 ch6  BL=['7', '8', '9']
[RX  <- A] bucket=21734  peer_BL=['8', '9', '7']  my_BL=['7', '8', '9']
[23:02:34] HOP bucket=21735 L3 active=wlan1 ch5  | prep wlan0 ch5  | BL=['7', '8', '9']
[TX  ->  *] bucket=21735 L3 active=wlan1 ch5  BL=['7', '8', '9']
[RX  <- A] bucket=21735  peer_BL=['8', '9', '7']  my_BL=['7', '8', '9']
[23:02:36] HOP bucket=21736 L3 active=wlan0 ch5  | prep wlan1 ch6  | BL=['7', '8', '9']
[RX  <- A] bucket=21736  peer_BL=['8', '9', '7']  my_BL=['7', '8', '9']
[TX  ->  *] bucket=21736 L3 active=wlan0 ch5  BL=['7', '8', '9']
[23:02:38] HOP bucket=21737 L3 active=wlan1 ch6  | prep wlan0 ch10  | BL=['7', '8', '9']
[RX  <- A] bucket=21737  peer_BL=['8', '9', '7']  my_BL=['7', '8', '9']
[TX  ->  *] bucket=21737 L3 active=wlan1 ch6  BL=['7', '8', '9']
[23:02:40] HOP bucket=21738 L3 active=wlan0 ch10  | prep wlan1 ch10  | BL=['7', '8', '9']
[TX  ->  *] bucket=21738 L3 active=wlan0 ch10  BL=['7', '8', '9']
[RX  <- A] bucket=21738  peer_BL=['8', '9', '7']  my_BL=['7', '8', '9']
[23:02:42] HOP bucket=21739 L3 active=wlan1 ch10  | prep wlan0 ch10  | BL=['7', '8', '9']
[RX  <- A] bucket=21739  peer_BL=['8', '9', '7']  my_BL=['7', '8', '9']
[TX  ->  *] bucket=21739 L3 active=wlan1 ch10  BL=['7', '8', '9']
[23:02:44] HOP bucket=21740 L3 active=wlan0 ch10  | prep wlan1 ch10  | BL=['7', '8', '9']
[TX  ->  *] bucket=21740 L3 active=wlan0 ch10  BL=['7', '8', '9']
[RX  <- A] bucket=21740  peer_BL=['8', '9', '7']  my_BL=['7', '8', '9']
[23:02:46] HOP bucket=21741 L3 active=wlan1 ch10  | prep wlan0 ch10  | BL=['7', '8', '9']
[TX  ->  *] bucket=21741 L3 active=wlan1 ch10  BL=['7', '8', '9']
[RX  <- A] bucket=21741  peer_BL=['8', '9', '7']  my_BL=['7', '8', '9']
[23:02:48] HOP bucket=21742 L3 active=wlan0 ch10  | prep wlan1 ch6  | BL=['7', '8', '9']
[RX  <- A] bucket=21742  peer_BL=['8', '9', '7']  my_BL=['7', '8', '9']
[TX  ->  *] bucket=21742 L3 active=wlan0 ch10  BL=['7', '8', '9']
[23:02:50] HOP bucket=21743 L3 active=wlan1 ch6  | prep wlan0 ch10  | BL=['7', '8', '9']
[TX  ->  *] bucket=21743 L3 active=wlan1 ch6  BL=['7', '8', '9']
[RX  <- A] bucket=21743  peer_BL=['8', '9', '7']  my_BL=['7', '8', '9']
[23:02:52] HOP bucket=21744 L3 active=wlan0 ch10  | prep wlan1 ch10  | BL=['7', '8', '9']
[TX  ->  *] bucket=21744 L3 active=wlan0 ch10  BL=['7', '8', '9']
[RX  <- A] bucket=21744  peer_BL=['8', '9', '7']  my_BL=['7', '8', '9']
[23:02:54] HOP bucket=21745 L3 active=wlan1 ch10  | prep wlan0 ch5  | BL=['7', '8', '9']
[TX  ->  *] bucket=21745 L3 active=wlan1 ch10  BL=['7', '8', '9']
[RX  <- A] bucket=21745  peer_BL=['8', '9', '7']  my_BL=['7', '8', '9']
[23:02:56] HOP bucket=21746 L3 active=wlan0 ch5  | prep wlan1 ch10  | BL=['7', '8', '9']
[TX  ->  *] bucket=21746 L3 active=wlan0 ch5  BL=['7', '8', '9']
[RX  <- A] bucket=21746  peer_BL=['8', '9', '7']  my_BL=['7', '8', '9']
[23:02:58] HOP bucket=21747 L3 active=wlan1 ch10  | prep wlan0 ch5  | BL=['7', '8', '9']
[TX  ->  *] bucket=21747 L3 active=wlan1 ch10  BL=['7', '8', '9']
[RX  <- A] bucket=21747  peer_BL=['8', '9', '7']  my_BL=['7', '8', '9']
[23:03:00] HOP bucket=21748 L3 active=wlan0 ch5  | prep wlan1 ch11  | BL=['7', '8', '9']
[TX  ->  *] bucket=21748 L3 active=wlan0 ch5  BL=['7', '8', '9']
[RX  <- A] bucket=21748  peer_BL=['8', '9', '7']  my_BL=['7', '8', '9']
[23:03:02] HOP bucket=21749 L3 active=wlan1 ch11  | prep wlan0 ch3  | BL=['7', '8', '9']
[TX  ->  *] bucket=21749 L3 active=wlan1 ch11  BL=['7', '8', '9']
[RX  <- A] bucket=21749  peer_BL=['8', '9', '7']  my_BL=['7', '8', '9']
[23:03:04] HOP bucket=21750 L3 active=wlan0 ch3  | prep wlan1 ch3  | BL=['7', '8', '9']
[RX  <- A] bucket=21750  peer_BL=['8', '9', '7']  my_BL=['7', '8', '9']
[TX  ->  *] bucket=21750 L3 active=wlan0 ch3  BL=['7', '8', '9']
[23:03:06] HOP bucket=21751 L3 active=wlan1 ch3  | prep wlan0 ch5  | BL=['7', '9']
[RX  <- A] bucket=21751  peer_BL=['9', '7']  my_BL=['7', '9']
[TX  ->  *] bucket=21751 L3 active=wlan1 ch3  BL=['7', '9']
[23:03:08] HOP bucket=21752 L3 active=wlan0 ch5  | prep wlan1 ch8  | BL=['7', '9']
[RX  <- A] bucket=21752  peer_BL=['9', '7']  my_BL=['7', '9']
[TX  ->  *] bucket=21752 L3 active=wlan0 ch5  BL=['7', '9']
[23:03:10] HOP bucket=21753 L3 active=wlan1 ch8  | prep wlan0 ch9  | BL=['7']
[TX  ->  *] bucket=21753 L3 active=wlan1 ch8  BL=['7']
[!! JAMMED  ] bucket=21753 L3 active=wlan1 ch8  silent + egress_drops=38  -> BL until bucket=21783  BL=['7', '8']
[23:03:12] HOP bucket=21754 L3 active=wlan0 ch9  | prep wlan1 ch6  | BL=['8']
[TX  ->  *] bucket=21754 L3 active=wlan0 ch9  BL=['8']
[!! JAMMED  ] bucket=21754 L3 active=wlan0 ch9  silent + egress_drops=39  -> BL until bucket=21784  BL=['8', '9']
[23:03:14] HOP bucket=21755 L3 active=wlan1 ch6  | prep wlan0 ch3  | BL=['8', '9']
[RX  <- A] bucket=21755  peer_BL=['8', '9']  my_BL=['8', '9']
[TX  ->  *] bucket=21755 L3 active=wlan1 ch6  BL=['8', '9']
[23:03:16] HOP bucket=21756 L3 active=wlan0 ch3  | prep wlan1 ch10  | BL=['8', '9']
[TX  ->  *] bucket=21756 L3 active=wlan0 ch3  BL=['8', '9']
[RX  <- A] bucket=21756  peer_BL=['8', '9']  my_BL=['8', '9']
[23:03:18] HOP bucket=21757 L3 active=wlan1 ch10  | prep wlan0 ch10  | BL=['8', '9']
[TX  ->  *] bucket=21757 L3 active=wlan1 ch10  BL=['8', '9']
[!! JAMMED  ] bucket=21757 L3 active=wlan1 ch10  silent + egress_drops=38  -> BL until bucket=21787  BL=['8', '9', '10']
[23:03:20] HOP bucket=21758 L3 active=wlan0 ch10  (LAG: totp_says=ch11, physical=ch10)  | prep wlan1 ch3  | BL=['8', '9', '10']
[TX  ->  *] bucket=21758 L3 active=wlan0 ch10  BL=['8', '9', '10']
[23:03:22] HOP bucket=21759 L3 active=wlan1 ch3  | prep wlan0 ch5  | BL=['8', '9', '10']
[TX  ->  *] bucket=21759 L3 active=wlan1 ch3  BL=['8', '9', '10']
[RX  <- A] bucket=21759  peer_BL=['8', '9', '10']  my_BL=['8', '9', '10']
[23:03:24] HOP bucket=21760 L3 active=wlan0 ch5  | prep wlan1 ch11  | BL=['8', '9', '10']
[RX  <- A] bucket=21760  peer_BL=['8', '9', '10']  my_BL=['8', '9', '10']
[TX  ->  *] bucket=21760 L3 active=wlan0 ch5  BL=['8', '9', '10']
[23:03:26] HOP bucket=21761 L3 active=wlan1 ch11  | prep wlan0 ch11  | BL=['8', '9', '10']
[TX  ->  *] bucket=21761 L3 active=wlan1 ch11  BL=['8', '9', '10']
[RX  <- A] bucket=21761  peer_BL=['8', '9', '10']  my_BL=['8', '9', '10']
[23:03:28] HOP bucket=21762 L3 active=wlan0 ch11  | prep wlan1 ch6  | BL=['8', '9', '10']
[TX  ->  *] bucket=21762 L3 active=wlan0 ch11  BL=['8', '9', '10']
[RX  <- A] bucket=21762  peer_BL=['8', '9', '10']  my_BL=['8', '9', '10']
[23:03:30] HOP bucket=21763 L3 active=wlan1 ch6  | prep wlan0 ch3  | BL=['8', '9', '10']
[RX  <- A] bucket=21763  peer_BL=['8', '9', '10']  my_BL=['8', '9', '10']
[TX  ->  *] bucket=21763 L3 active=wlan1 ch6  BL=['8', '9', '10']
[23:03:32] HOP bucket=21764 L3 active=wlan0 ch3  | prep wlan1 ch4  | BL=['8', '9', '10']
[RX  <- A] bucket=21764  peer_BL=['8', '9', '10']  my_BL=['8', '9', '10']
[TX  ->  *] bucket=21764 L3 active=wlan0 ch3  BL=['8', '9', '10']
[23:03:34] HOP bucket=21765 L3 active=wlan1 ch4  | prep wlan0 ch4  | BL=['8', '9', '10']
[TX  ->  *] bucket=21765 L3 active=wlan1 ch4  BL=['8', '9', '10']
[RX  <- A] bucket=21765  peer_BL=['8', '9', '10']  my_BL=['8', '9', '10']
[23:03:36] HOP bucket=21766 L3 active=wlan0 ch4  | prep wlan1 ch11  | BL=['8', '9', '10']
[TX  ->  *] bucket=21766 L3 active=wlan0 ch4  BL=['8', '9', '10']
[RX  <- A] bucket=21766  peer_BL=['8', '9', '10']  my_BL=['8', '9', '10']
[23:03:38] HOP bucket=21767 L3 active=wlan1 ch11  | prep wlan0 ch7  | BL=['8', '9', '10']
[TX  ->  *] bucket=21767 L3 active=wlan1 ch11  BL=['8', '9', '10']
[RX  <- A] bucket=21767  peer_BL=['8', '9', '10']  my_BL=['8', '9', '10']
[23:03:40] HOP bucket=21768 L3 active=wlan0 ch7  | prep wlan1 ch7  | BL=['8', '9', '10']
[TX  ->  *] bucket=21768 L3 active=wlan0 ch7  BL=['8', '9', '10']
[!! JAMMED  ] bucket=21768 L3 active=wlan0 ch7  silent + egress_drops=38  -> BL until bucket=21798  BL=['7', '8', '9', '10']
[23:03:42] HOP bucket=21769 L3 active=wlan1 ch7  (LAG: totp_says=ch11, physical=ch7)  | prep wlan0 ch6  | BL=['7', '8', '9', '10']
[TX  ->  *] bucket=21769 L3 active=wlan1 ch7  BL=['7', '8', '9', '10']
[23:03:44] HOP bucket=21770 L3 active=wlan0 ch6  | prep wlan1 ch11  | BL=['7', '8', '9', '10']
[RX  <- A] bucket=21770  peer_BL=['8', '9', '10', '7']  my_BL=['7', '8', '9', '10']
[TX  ->  *] bucket=21770 L3 active=wlan0 ch6  BL=['7', '8', '9', '10']
[23:03:46] HOP bucket=21771 L3 active=wlan1 ch11  | prep wlan0 ch11  | BL=['7', '8', '9', '10']
[RX  <- A] bucket=21771  peer_BL=['8', '9', '10', '7']  my_BL=['7', '8', '9', '10']
[TX  ->  *] bucket=21771 L3 active=wlan1 ch11  BL=['7', '8', '9', '10']
[23:03:48] HOP bucket=21772 L3 active=wlan0 ch11  | prep wlan1 ch11  | BL=['7', '8', '9', '10']
[TX  ->  *] bucket=21772 L3 active=wlan0 ch11  BL=['7', '8', '9', '10']
[RX  <- A] bucket=21772  peer_BL=['8', '9', '10', '7']  my_BL=['7', '8', '9', '10']
[23:03:50] HOP bucket=21773 L3 active=wlan1 ch11  | prep wlan0 ch11  | BL=['7', '8', '9', '10']
[TX  ->  *] bucket=21773 L3 active=wlan1 ch11  BL=['7', '8', '9', '10']
[RX  <- A] bucket=21773  peer_BL=['8', '9', '10', '7']  my_BL=['7', '8', '9', '10']
[23:03:52] HOP bucket=21774 L3 active=wlan0 ch11  | prep wlan1 ch6  | BL=['7', '8', '9', '10']
[TX  ->  *] bucket=21774 L3 active=wlan0 ch11  BL=['7', '8', '9', '10']
[RX  <- A] bucket=21774  peer_BL=['8', '9', '10', '7']  my_BL=['7', '8', '9', '10']
[23:03:54] HOP bucket=21775 L3 active=wlan1 ch6  | prep wlan0 ch4  | BL=['7', '8', '9', '10']
[RX  <- A] bucket=21775  peer_BL=['8', '9', '10', '7']  my_BL=['7', '8', '9', '10']
[TX  ->  *] bucket=21775 L3 active=wlan1 ch6  BL=['7', '8', '9', '10']
[23:03:56] HOP bucket=21776 L3 active=wlan0 ch4  | prep wlan1 ch5  | BL=['7', '8', '9', '10']
[RX  <- A] bucket=21776  peer_BL=['8', '9', '10', '7']  my_BL=['7', '8', '9', '10']
[TX  ->  *] bucket=21776 L3 active=wlan0 ch4  BL=['7', '8', '9', '10']
[23:03:58] HOP bucket=21777 L3 active=wlan1 ch5  | prep wlan0 ch11  | BL=['7', '8', '9', '10']
[TX  ->  *] bucket=21777 L3 active=wlan1 ch5  BL=['7', '8', '9', '10']
[RX  <- A] bucket=21777  peer_BL=['8', '9', '10', '7']  my_BL=['7', '8', '9', '10']
[23:04:00] HOP bucket=21778 L3 active=wlan0 ch11  | prep wlan1 ch11  | BL=['7', '8', '9', '10']
[RX  <- A] bucket=21778  peer_BL=['8', '9', '10', '7']  my_BL=['7', '8', '9', '10']
[TX  ->  *] bucket=21778 L3 active=wlan0 ch11  BL=['7', '8', '9', '10']
[23:04:02] HOP bucket=21779 L3 active=wlan1 ch11  | prep wlan0 ch11  | BL=['7', '8', '9', '10']
[TX  ->  *] bucket=21779 L3 active=wlan1 ch11  BL=['7', '8', '9', '10']
[RX  <- A] bucket=21779  peer_BL=['8', '9', '10', '7']  my_BL=['7', '8', '9', '10']
[23:04:04] HOP bucket=21780 L3 active=wlan0 ch11  | prep wlan1 ch11  | BL=['7', '8', '9', '10']
[TX  ->  *] bucket=21780 L3 active=wlan0 ch11  BL=['7', '8', '9', '10']
[!! JAMMED  ] bucket=21780 L3 active=wlan0 ch11  silent + egress_drops=72  -> BL until bucket=21810  BL=['7', '8', '9', '10', '11']
[23:04:06] HOP bucket=21781 L3 active=wlan1 ch11  (LAG: totp_says=ch3, physical=ch11)  | prep wlan0 ch3  | BL=['7', '8', '9', '10', '11']
[TX  ->  *] bucket=21781 L3 active=wlan1 ch11  BL=['7', '8', '9', '10', '11']
[23:04:08] HOP bucket=21782 L3 active=wlan0 ch3  | prep wlan1 ch3  | BL=['7', '8', '9', '10', '11']
[TX  ->  *] bucket=21782 L3 active=wlan0 ch3  BL=['7', '8', '9', '10', '11']
[RX  <- A] bucket=21782  peer_BL=['8', '9', '10', '7', '11']  my_BL=['7', '8', '9', '10', '11']
[23:04:10] HOP bucket=21783 L3 active=wlan1 ch3  | prep wlan0 ch3  | BL=['7', '9', '10', '11']
[TX  ->  *] bucket=21783 L3 active=wlan1 ch3  BL=['7', '9', '10', '11']
[RX  <- A] bucket=21783  peer_BL=['9', '10', '7', '11']  my_BL=['7', '9', '10', '11']
[23:04:12] HOP bucket=21784 L3 active=wlan0 ch3  (LAG: totp_says=ch9, physical=ch3)  | prep wlan1 ch6  | BL=['7', '10', '11']
[TX  ->  *] bucket=21784 L3 active=wlan0 ch3  BL=['7', '10', '11']
[RX  <- A] bucket=21784  peer_BL=['10', '7', '11']  my_BL=['7', '10', '11']
[23:04:14] HOP bucket=21785 L3 active=wlan1 ch6  | prep wlan0 ch3  | BL=['7', '10', '11']
[TX  ->  *] bucket=21785 L3 active=wlan1 ch6  BL=['7', '10', '11']
[RX  <- A] bucket=21785  peer_BL=['10', '7', '11']  my_BL=['7', '10', '11']
[23:04:16] HOP bucket=21786 L3 active=wlan0 ch3  | prep wlan1 ch8  | BL=['7', '10', '11']
[RX  <- A] bucket=21786  peer_BL=['10', '7', '11']  my_BL=['7', '10', '11']
[TX  ->  *] bucket=21786 L3 active=wlan0 ch3  BL=['7', '10', '11']
[23:04:18] HOP bucket=21787 L3 active=wlan1 ch8  | prep wlan0 ch3  | BL=['7', '11']
[RX  <- A] bucket=21787  peer_BL=['7', '11']  my_BL=['7', '11']
[TX  ->  *] bucket=21787 L3 active=wlan1 ch8  BL=['7', '11']
[23:04:20] HOP bucket=21788 L3 active=wlan0 ch3  | prep wlan1 ch3  | BL=['7', '11']
[RX  <- A] bucket=21788  peer_BL=['7', '11']  my_BL=['7', '11']
[TX  ->  *] bucket=21788 L3 active=wlan0 ch3  BL=['7', '11']
[23:04:22] HOP bucket=21789 L3 active=wlan1 ch3  | prep wlan0 ch8  | BL=['7', '11']
[TX  ->  *] bucket=21789 L3 active=wlan1 ch3  BL=['7', '11']
[RX  <- A] bucket=21789  peer_BL=['7', '11']  my_BL=['7', '11']
[23:04:24] HOP bucket=21790 L3 active=wlan0 ch8  | prep wlan1 ch3  | BL=['7', '11']
[TX  ->  *] bucket=21790 L3 active=wlan0 ch8  BL=['7', '11']
[RX  <- A] bucket=21790  peer_BL=['7', '11']  my_BL=['7', '11']
[23:04:26] HOP bucket=21791 L3 active=wlan1 ch3  | prep wlan0 ch5  | BL=['7', '11']
[RX  <- A] bucket=21791  peer_BL=['7', '11']  my_BL=['7', '11']
[TX  ->  *] bucket=21791 L3 active=wlan1 ch3  BL=['7', '11']
[23:04:28] HOP bucket=21792 L3 active=wlan0 ch5  | prep wlan1 ch9  | BL=['7', '11']
[TX  ->  *] bucket=21792 L3 active=wlan0 ch5  BL=['7', '11']
[RX  <- A] bucket=21792  peer_BL=['7', '11']  my_BL=['7', '11']
[23:04:30] HOP bucket=21793 L3 active=wlan1 ch9  | prep wlan0 ch3  | BL=['7', '11']
[TX  ->  *] bucket=21793 L3 active=wlan1 ch9  BL=['7', '11']
[RX  <- A] bucket=21793  peer_BL=['7', '11']  my_BL=['7', '11']
[23:04:32] HOP bucket=21794 L3 active=wlan0 ch3  | prep wlan1 ch4  | BL=['7', '11']
[RX  <- A] bucket=21794  peer_BL=['7', '11']  my_BL=['7', '11']
[TX  ->  *] bucket=21794 L3 active=wlan0 ch3  BL=['7', '11']
[23:04:34] HOP bucket=21795 L3 active=wlan1 ch4  | prep wlan0 ch8  | BL=['7', '11']
[TX  ->  *] bucket=21795 L3 active=wlan1 ch4  BL=['7', '11']
[RX  <- A] bucket=21795  peer_BL=['7', '11']  my_BL=['7', '11']
[23:04:36] HOP bucket=21796 L3 active=wlan0 ch8  | prep wlan1 ch8  | BL=['7', '11']
[TX  ->  *] bucket=21796 L3 active=wlan0 ch8  BL=['7', '11']
[RX  <- A] bucket=21796  peer_BL=['7', '11']  my_BL=['7', '11']
[23:04:38] HOP bucket=21797 L3 active=wlan1 ch8  | prep wlan0 ch6  | BL=['7', '11']
[TX  ->  *] bucket=21797 L3 active=wlan1 ch8  BL=['7', '11']
[RX  <- A] bucket=21797  peer_BL=['7', '11']  my_BL=['7', '11']
[23:04:40] HOP bucket=21798 L3 active=wlan0 ch6  | prep wlan1 ch4  | BL=['11']
[RX  <- A] bucket=21798  peer_BL=['11']  my_BL=['11']
[TX  ->  *] bucket=21798 L3 active=wlan0 ch6  BL=['11']
[23:04:42] HOP bucket=21799 L3 active=wlan1 ch4  | prep wlan0 ch6  | BL=['11']
[TX  ->  *] bucket=21799 L3 active=wlan1 ch4  BL=['11']
[RX  <- A] bucket=21799  peer_BL=['11']  my_BL=['11']
[23:04:44] HOP bucket=21800 L3 active=wlan0 ch6  | prep wlan1 ch5  | BL=['11']
[TX  ->  *] bucket=21800 L3 active=wlan0 ch6  BL=['11']
[RX  <- A] bucket=21800  peer_BL=['11']  my_BL=['11']
[23:04:46] HOP bucket=21801 L3 active=wlan1 ch5  | prep wlan0 ch3  | BL=['11']
[TX  ->  *] bucket=21801 L3 active=wlan1 ch5  BL=['11']
[RX  <- A] bucket=21801  peer_BL=['11']  my_BL=['11']
[23:04:48] HOP bucket=21802 L3 active=wlan0 ch3  | prep wlan1 ch10  | BL=['11']
[TX  ->  *] bucket=21802 L3 active=wlan0 ch3  BL=['11']
[RX  <- A] bucket=21802  peer_BL=['11']  my_BL=['11']
[23:04:50] HOP bucket=21803 L3 active=wlan1 ch10  | prep wlan0 ch7  | BL=['11']
[TX  ->  *] bucket=21803 L3 active=wlan1 ch10  BL=['11']
[!! JAMMED  ] bucket=21803 L3 active=wlan1 ch10  silent + egress_drops=38  -> BL until bucket=21833  BL=['10', '11']
[23:04:52] HOP bucket=21804 L3 active=wlan0 ch7  | prep wlan1 ch4  | BL=['10', '11']
[TX  ->  *] bucket=21804 L3 active=wlan0 ch7  BL=['10', '11']
[RX  <- A] bucket=21804  peer_BL=['11', '10']  my_BL=['10', '11']
[23:04:54] HOP bucket=21805 L3 active=wlan1 ch4  | prep wlan0 ch3  | BL=['10', '11']
[TX  ->  *] bucket=21805 L3 active=wlan1 ch4  BL=['10', '11']
[RX  <- A] bucket=21805  peer_BL=['11', '10']  my_BL=['10', '11']
[23:04:56] HOP bucket=21806 L3 active=wlan0 ch3  | prep wlan1 ch4  | BL=['10', '11']
[TX  ->  *] bucket=21806 L3 active=wlan0 ch3  BL=['10', '11']
[RX  <- A] bucket=21806  peer_BL=['11', '10']  my_BL=['10', '11']
[23:04:58] HOP bucket=21807 L3 active=wlan1 ch4  | prep wlan0 ch3  | BL=['10', '11']
[TX  ->  *] bucket=21807 L3 active=wlan1 ch4  BL=['10', '11']
[RX  <- A] bucket=21807  peer_BL=['11', '10']  my_BL=['10', '11']
[23:05:00] HOP bucket=21808 L3 active=wlan0 ch3  | prep wlan1 ch7  | BL=['10', '11']
[TX  ->  *] bucket=21808 L3 active=wlan0 ch3  BL=['10', '11']
[RX  <- A] bucket=21808  peer_BL=['11', '10']  my_BL=['10', '11']
[23:05:02] HOP bucket=21809 L3 active=wlan1 ch7  | prep wlan0 ch4  | BL=['10', '11']
[TX  ->  *] bucket=21809 L3 active=wlan1 ch7  BL=['10', '11']
[RX  <- A] bucket=21809  peer_BL=['11', '10']  my_BL=['10', '11']
[23:05:04] HOP bucket=21810 L3 active=wlan0 ch4  | prep wlan1 ch11  | BL=['10']
[TX  ->  *] bucket=21810 L3 active=wlan0 ch4  BL=['10']
[RX  <- A] bucket=21810  peer_BL=['10']  my_BL=['10']
[23:05:06] HOP bucket=21811 L3 active=wlan1 ch11  | prep wlan0 ch7  | BL=['10']
[TX  ->  *] bucket=21811 L3 active=wlan1 ch11  BL=['10']
[!! JAMMED  ] bucket=21811 L3 active=wlan1 ch11  silent + egress_drops=38  -> BL until bucket=21841  BL=['10', '11']
[23:05:08] HOP bucket=21812 L3 active=wlan0 ch7  | prep wlan1 ch8  | BL=['10', '11']
[TX  ->  *] bucket=21812 L3 active=wlan0 ch7  BL=['10', '11']
[RX  <- A] bucket=21812  peer_BL=['10', '11']  my_BL=['10', '11']
[23:05:10] HOP bucket=21813 L3 active=wlan1 ch8  | prep wlan0 ch7  | BL=['10', '11']
[TX  ->  *] bucket=21813 L3 active=wlan1 ch8  BL=['10', '11']
[RX  <- A] bucket=21813  peer_BL=['10', '11']  my_BL=['10', '11']
[23:05:12] HOP bucket=21814 L3 active=wlan0 ch7  | prep wlan1 ch4  | BL=['10', '11']
[TX  ->  *] bucket=21814 L3 active=wlan0 ch7  BL=['10', '11']
[RX  <- A] bucket=21814  peer_BL=['10', '11']  my_BL=['10', '11']
[23:05:14] HOP bucket=21815 L3 active=wlan1 ch4  | prep wlan0 ch3  | BL=['10', '11']
[TX  ->  *] bucket=21815 L3 active=wlan1 ch4  BL=['10', '11']
[RX  <- A] bucket=21815  peer_BL=['10', '11']  my_BL=['10', '11']
[23:05:16] HOP bucket=21816 L3 active=wlan0 ch3  | prep wlan1 ch5  | BL=['10', '11']
[TX  ->  *] bucket=21816 L3 active=wlan0 ch3  BL=['10', '11']
[!! JAMMED  ] bucket=21816 L3 active=wlan0 ch3  silent + egress_drops=39  -> BL until bucket=21846  BL=['3', '10', '11']
[23:05:18] HOP bucket=21817 L3 active=wlan1 ch5  | prep wlan0 ch5  | BL=['3', '10', '11']
[RX  <- A] bucket=21817  peer_BL=['10', '11', '3']  my_BL=['3', '10', '11']
[TX  ->  *] bucket=21817 L3 active=wlan1 ch5  BL=['3', '10', '11']
[23:05:20] HOP bucket=21818 L3 active=wlan0 ch5  | prep wlan1 ch4  | BL=['3', '10', '11']
[TX  ->  *] bucket=21818 L3 active=wlan0 ch5  BL=['3', '10', '11']
[RX  <- A] bucket=21818  peer_BL=['10', '11', '3']  my_BL=['3', '10', '11']
[23:05:22] HOP bucket=21819 L3 active=wlan1 ch4  | prep wlan0 ch4  | BL=['3', '10', '11']
[RX  <- A] bucket=21819  peer_BL=['10', '11', '3']  my_BL=['3', '10', '11']
[TX  ->  *] bucket=21819 L3 active=wlan1 ch4  BL=['3', '10', '11']
[23:05:24] HOP bucket=21820 L3 active=wlan0 ch4  | prep wlan1 ch9  | BL=['3', '10', '11']
[TX  ->  *] bucket=21820 L3 active=wlan0 ch4  BL=['3', '10', '11']
[RX  <- A] bucket=21820  peer_BL=['10', '11', '3']  my_BL=['3', '10', '11']
[23:05:26] HOP bucket=21821 L3 active=wlan1 ch9  | prep wlan0 ch4  | BL=['3', '10', '11']
[TX  ->  *] bucket=21821 L3 active=wlan1 ch9  BL=['3', '10', '11']
[!! JAMMED  ] bucket=21821 L3 active=wlan1 ch9  silent + egress_drops=38  -> BL until bucket=21851  BL=['3', '9', '10', '11']
[23:05:28] HOP bucket=21822 L3 active=wlan0 ch4  | prep wlan1 ch6  | BL=['3', '9', '10', '11']
[TX  ->  *] bucket=21822 L3 active=wlan0 ch4  BL=['3', '9', '10', '11']
[RX  <- A] bucket=21822  peer_BL=['10', '11', '3', '9']  my_BL=['3', '9', '10', '11']
[23:05:30] HOP bucket=21823 L3 active=wlan1 ch6  | prep wlan0 ch5  | BL=['3', '9', '10', '11']
[TX  ->  *] bucket=21823 L3 active=wlan1 ch6  BL=['3', '9', '10', '11']
[!! JAMMED  ] bucket=21823 L3 active=wlan1 ch6  silent + egress_drops=38  -> BL until bucket=21853  BL=['3', '6', '9', '10', '11']
[23:05:32] HOP bucket=21824 L3 active=wlan0 ch5  | prep wlan1 ch5  | BL=['3', '6', '9', '10', '11']
[TX  ->  *] bucket=21824 L3 active=wlan0 ch5  BL=['3', '6', '9', '10', '11']
[RX  <- A] bucket=21824  peer_BL=['10', '11', '3', '9', '6']  my_BL=['3', '6', '9', '10', '11']
[23:05:34] HOP bucket=21825 L3 active=wlan1 ch5  | prep wlan0 ch4  | BL=['3', '6', '9', '10', '11']
[TX  ->  *] bucket=21825 L3 active=wlan1 ch5  BL=['3', '6', '9', '10', '11']
[RX  <- A] bucket=21825  peer_BL=['10', '11', '3', '9', '6']  my_BL=['3', '6', '9', '10', '11']
[23:05:36] HOP bucket=21826 L3 active=wlan0 ch4  | prep wlan1 ch4  | BL=['3', '6', '9', '10', '11']
[TX  ->  *] bucket=21826 L3 active=wlan0 ch4  BL=['3', '6', '9', '10', '11']
[RX  <- A] bucket=21826  peer_BL=['10', '11', '3', '9', '6']  my_BL=['3', '6', '9', '10', '11']
[23:05:38] HOP bucket=21827 L3 active=wlan1 ch4  | prep wlan0 ch7  | BL=['3', '6', '9', '10', '11']
[RX  <- A] bucket=21827  peer_BL=['10', '11', '3', '9', '6']  my_BL=['3', '6', '9', '10', '11']
[TX  ->  *] bucket=21827 L3 active=wlan1 ch4  BL=['3', '6', '9', '10', '11']
[23:05:40] HOP bucket=21828 L3 active=wlan0 ch7  | prep wlan1 ch8  | BL=['3', '6', '9', '10', '11']
[RX  <- A] bucket=21828  peer_BL=['10', '11', '3', '9', '6']  my_BL=['3', '6', '9', '10', '11']
[TX  ->  *] bucket=21828 L3 active=wlan0 ch7  BL=['3', '6', '9', '10', '11']
[23:05:42] HOP bucket=21829 L3 active=wlan1 ch8  | prep wlan0 ch7  | BL=['3', '6', '9', '10', '11']
[RX  <- A] bucket=21829  peer_BL=['10', '11', '3', '9', '6']  my_BL=['3', '6', '9', '10', '11']
[TX  ->  *] bucket=21829 L3 active=wlan1 ch8  BL=['3', '6', '9', '10', '11']
[23:05:44] HOP bucket=21830 L3 active=wlan0 ch7  | prep wlan1 ch4  | BL=['3', '6', '9', '10', '11']
[RX  <- A] bucket=21830  peer_BL=['10', '11', '3', '9', '6']  my_BL=['3', '6', '9', '10', '11']
[TX  ->  *] bucket=21830 L3 active=wlan0 ch7  BL=['3', '6', '9', '10', '11']
[23:05:46] HOP bucket=21831 L3 active=wlan1 ch4  | prep wlan0 ch8  | BL=['3', '6', '9', '10', '11']
[TX  ->  *] bucket=21831 L3 active=wlan1 ch4  BL=['3', '6', '9', '10', '11']
[RX  <- A] bucket=21831  peer_BL=['10', '11', '3', '9', '6']  my_BL=['3', '6', '9', '10', '11']
[23:05:48] HOP bucket=21832 L3 active=wlan0 ch8  | prep wlan1 ch4  | BL=['3', '6', '9', '10', '11']
[RX  <- A] bucket=21832  peer_BL=['10', '11', '3', '9', '6']  my_BL=['3', '6', '9', '10', '11']
[TX  ->  *] bucket=21832 L3 active=wlan0 ch8  BL=['3', '6', '9', '10', '11']
[23:05:50] HOP bucket=21833 L3 active=wlan1 ch4  | prep wlan0 ch10  | BL=['3', '6', '9', '11']
[TX  ->  *] bucket=21833 L3 active=wlan1 ch4  BL=['3', '6', '9', '11']
[RX  <- A] bucket=21833  peer_BL=['11', '3', '9', '6']  my_BL=['3', '6', '9', '11']
[23:05:52] HOP bucket=21834 L3 active=wlan0 ch10  | prep wlan1 ch4  | BL=['3', '6', '9', '11']
[RX  <- A] bucket=21834  peer_BL=['11', '3', '9', '6']  my_BL=['3', '6', '9', '11']
[TX  ->  *] bucket=21834 L3 active=wlan0 ch10  BL=['3', '6', '9', '11']
[23:05:54] HOP bucket=21835 L3 active=wlan1 ch4  | prep wlan0 ch10  | BL=['3', '6', '9', '11']
[TX  ->  *] bucket=21835 L3 active=wlan1 ch4  BL=['3', '6', '9', '11']
[RX  <- A] bucket=21835  peer_BL=['11', '3', '9', '6']  my_BL=['3', '6', '9', '11']
[23:05:56] HOP bucket=21836 L3 active=wlan0 ch10  | prep wlan1 ch10  | BL=['3', '6', '9', '11']
[TX  ->  *] bucket=21836 L3 active=wlan0 ch10  BL=['3', '6', '9', '11']
[RX  <- A] bucket=21836  peer_BL=['11', '3', '9', '6']  my_BL=['3', '6', '9', '11']
[23:05:58] HOP bucket=21837 L3 active=wlan1 ch10  | prep wlan0 ch5  | BL=['3', '6', '9', '11']
[TX  ->  *] bucket=21837 L3 active=wlan1 ch10  BL=['3', '6', '9', '11']
[RX  <- A] bucket=21837  peer_BL=['11', '3', '9', '6']  my_BL=['3', '6', '9', '11']
[23:06:00] HOP bucket=21838 L3 active=wlan0 ch5  | prep wlan1 ch8  | BL=['3', '6', '9', '11']
[RX  <- A] bucket=21838  peer_BL=['11', '3', '9', '6']  my_BL=['3', '6', '9', '11']
[TX  ->  *] bucket=21838 L3 active=wlan0 ch5  BL=['3', '6', '9', '11']
[23:06:02] HOP bucket=21839 L3 active=wlan1 ch8  | prep wlan0 ch8  | BL=['3', '6', '9', '11']
[RX  <- A] bucket=21839  peer_BL=['11', '3', '9', '6']  my_BL=['3', '6', '9', '11']
[TX  ->  *] bucket=21839 L3 active=wlan1 ch8  BL=['3', '6', '9', '11']
[23:06:04] HOP bucket=21840 L3 active=wlan0 ch8  | prep wlan1 ch5  | BL=['3', '6', '9', '11']
[TX  ->  *] bucket=21840 L3 active=wlan0 ch8  BL=['3', '6', '9', '11']
[RX  <- A] bucket=21840  peer_BL=['11', '3', '9', '6']  my_BL=['3', '6', '9', '11']
[23:06:06] HOP bucket=21841 L3 active=wlan1 ch5  | prep wlan0 ch5  | BL=['3', '6', '9']
[RX  <- A] bucket=21841  peer_BL=['3', '9', '6']  my_BL=['3', '6', '9']
[TX  ->  *] bucket=21841 L3 active=wlan1 ch5  BL=['3', '6', '9']
[23:06:08] HOP bucket=21842 L3 active=wlan0 ch5  | prep wlan1 ch10  | BL=['3', '6', '9']
[TX  ->  *] bucket=21842 L3 active=wlan0 ch5  BL=['3', '6', '9']
[RX  <- A] bucket=21842  peer_BL=['3', '9', '6']  my_BL=['3', '6', '9']
[23:06:10] HOP bucket=21843 L3 active=wlan1 ch10  | prep wlan0 ch7  | BL=['3', '6', '9']
[TX  ->  *] bucket=21843 L3 active=wlan1 ch10  BL=['3', '6', '9']
[RX  <- A] bucket=21843  peer_BL=['3', '9', '6']  my_BL=['3', '6', '9']
[23:06:12] HOP bucket=21844 L3 active=wlan0 ch7  | prep wlan1 ch7  | BL=['3', '6', '9']
[TX  ->  *] bucket=21844 L3 active=wlan0 ch7  BL=['3', '6', '9']
[RX  <- A] bucket=21844  peer_BL=['3', '9', '6']  my_BL=['3', '6', '9']
[23:06:14] HOP bucket=21845 L3 active=wlan1 ch7  | prep wlan0 ch5  | BL=['3', '6', '9']
[RX  <- A] bucket=21845  peer_BL=['3', '9', '6']  my_BL=['3', '6', '9']
[TX  ->  *] bucket=21845 L3 active=wlan1 ch7  BL=['3', '6', '9']
[23:06:16] HOP bucket=21846 L3 active=wlan0 ch5  | prep wlan1 ch5  | BL=['6', '9']
[TX  ->  *] bucket=21846 L3 active=wlan0 ch5  BL=['6', '9']
[RX  <- A] bucket=21846  peer_BL=['9', '6']  my_BL=['6', '9']
[23:06:18] HOP bucket=21847 L3 active=wlan1 ch5  | prep wlan0 ch10  | BL=['6', '9']
[RX  <- A] bucket=21847  peer_BL=['9', '6']  my_BL=['6', '9']
[TX  ->  *] bucket=21847 L3 active=wlan1 ch5  BL=['6', '9']
[23:06:20] HOP bucket=21848 L3 active=wlan0 ch10  | prep wlan1 ch7  | BL=['6', '9']
[RX  <- A] bucket=21848  peer_BL=['9', '6']  my_BL=['6', '9']
[TX  ->  *] bucket=21848 L3 active=wlan0 ch10  BL=['6', '9']
[23:06:22] HOP bucket=21849 L3 active=wlan1 ch7  | prep wlan0 ch5  | BL=['6', '9']
[RX  <- A] bucket=21849  peer_BL=['9', '6']  my_BL=['6', '9']
[TX  ->  *] bucket=21849 L3 active=wlan1 ch7  BL=['6', '9']
[23:06:24] HOP bucket=21850 L3 active=wlan0 ch5  | prep wlan1 ch10  | BL=['6', '9']
[TX  ->  *] bucket=21850 L3 active=wlan0 ch5  BL=['6', '9']
[RX  <- A] bucket=21850  peer_BL=['9', '6']  my_BL=['6', '9']
[23:06:26] HOP bucket=21851 L3 active=wlan1 ch10  (LAG: totp_says=ch9, physical=ch10)  | prep wlan0 ch11  | BL=['6']
[TX  ->  *] bucket=21851 L3 active=wlan1 ch10  BL=['6']
[RX  <- A] bucket=21851  peer_BL=['6']  my_BL=['6']
[23:06:28] HOP bucket=21852 L3 active=wlan0 ch11  | prep wlan1 ch8  | BL=['6']
[TX  ->  *] bucket=21852 L3 active=wlan0 ch11  BL=['6']
[!! JAMMED  ] bucket=21852 L3 active=wlan0 ch11  silent + egress_drops=39  -> BL until bucket=21882  BL=['6', '11']