============================================================
 ARTCHO NODE — MODE=L6 — NODE_ID=B
============================================================
 Bucket duration : 2.0s
 TEST_EPOCH      : 1772521990.0
 BUCKET_EPOCH    : 1772479390.0
 sim offset      : 42600s  (11.83h)
 Use blacklist   : True
 Detect enabled  : True
 Dual radio      : True
============================================================

[STARTUP] sleeping 5s to let launch SSH close before pre_warm...
[PRE-WARM] L6 -> wlan0 ch8 (active, bucket 21300), wlan1 ch9 (bg, bucket 21301)
[WAIT] sleeping 12.7s until TEST_EPOCH (radios pre-warmed)...
[INIT] L6 cold-start (bucket=21300):
       active  wlan0 -> ch8 (2447 MHz)
       bg      wlan1 -> ch9 (2452 MHz)
       confirmed blacklist: []
[INIT] L6 cold-start complete.

[TX  ->  *] bucket=21300 L6 active=wlan0 ch8  BL=[]
[RX  <- A] bucket=21300  peer_BL=[]  my_BL=[]
[08:13:12] HOP bucket=21301 L6 active=wlan1 ch9  | prep wlan0 ch3  | BL=[]
[RX  <- A] bucket=21301  peer_BL=[]  my_BL=[]
[TX  ->  *] bucket=21301 L6 active=wlan1 ch9  BL=[]
[08:13:14] HOP bucket=21302 L6 active=wlan0 ch3  | prep wlan1 ch3  | BL=[]
[RX  <- A] bucket=21302  peer_BL=[]  my_BL=[]
[TX  ->  *] bucket=21302 L6 active=wlan0 ch3  BL=[]
[08:13:16] HOP bucket=21303 L6 active=wlan1 ch3  | prep wlan0 ch3  | BL=[]
[TX  ->  *] bucket=21303 L6 active=wlan1 ch3  BL=[]
[RX  <- A] bucket=21303  peer_BL=[]  my_BL=[]
[08:13:18] HOP bucket=21304 L6 active=wlan0 ch3  | prep wlan1 ch11  | BL=[]
[TX  ->  *] bucket=21304 L6 active=wlan0 ch3  BL=[]
[RX  <- A] bucket=21304  peer_BL=[]  my_BL=[]
[08:13:20] HOP bucket=21305 L6 active=wlan1 ch11  | prep wlan0 ch10  | BL=[]
[TX  ->  *] bucket=21305 L6 active=wlan1 ch11  BL=[]
[RX  <- A] bucket=21305  peer_BL=[]  my_BL=[]
[08:13:22] HOP bucket=21306 L6 active=wlan0 ch10  | prep wlan1 ch8  | BL=[]
[RX  <- A] bucket=21306  peer_BL=[]  my_BL=[]
[TX  ->  *] bucket=21306 L6 active=wlan0 ch10  BL=[]
[08:13:24] HOP bucket=21307 L6 active=wlan1 ch8  | prep wlan0 ch4  | BL=[]
[TX  ->  *] bucket=21307 L6 active=wlan1 ch8  BL=[]
[RX  <- A] bucket=21307  peer_BL=[]  my_BL=[]
[08:13:26] HOP bucket=21308 L6 active=wlan0 ch4  | prep wlan1 ch8  | BL=[]
[TX  ->  *] bucket=21308 L6 active=wlan0 ch4  BL=[]
[RX  <- A] bucket=21308  peer_BL=[]  my_BL=[]
[08:13:28] HOP bucket=21309 L6 active=wlan1 ch8  | prep wlan0 ch7  | BL=[]
[TX  ->  *] bucket=21309 L6 active=wlan1 ch8  BL=[]
[RX  <- A] bucket=21309  peer_BL=[]  my_BL=[]
[08:13:30] HOP bucket=21310 L6 active=wlan0 ch7  | prep wlan1 ch7  | BL=[]
[RX  <- A] bucket=21310  peer_BL=[]  my_BL=[]
[TX  ->  *] bucket=21310 L6 active=wlan0 ch7  BL=[]
[08:13:32] HOP bucket=21311 L6 active=wlan1 ch7  | prep wlan0 ch3  | BL=[]
[TX  ->  *] bucket=21311 L6 active=wlan1 ch7  BL=[]
[RX  <- A] bucket=21311  peer_BL=[]  my_BL=[]
[08:13:34] HOP bucket=21312 L6 active=wlan0 ch3  | prep wlan1 ch5  | BL=[]
[TX  ->  *] bucket=21312 L6 active=wlan0 ch3  BL=[]
[RX  <- A] bucket=21312  peer_BL=[]  my_BL=[]
[08:13:36] HOP bucket=21313 L6 active=wlan1 ch5  | prep wlan0 ch4  | BL=[]
[TX  ->  *] bucket=21313 L6 active=wlan1 ch5  BL=[]
[RX  <- A] bucket=21313  peer_BL=[]  my_BL=[]
[08:13:38] HOP bucket=21314 L6 active=wlan0 ch4  | prep wlan1 ch8  | BL=[]
[RX  <- A] bucket=21314  peer_BL=[]  my_BL=[]
[TX  ->  *] bucket=21314 L6 active=wlan0 ch4  BL=[]
[08:13:40] HOP bucket=21315 L6 active=wlan1 ch8  | prep wlan0 ch4  | BL=[]
[TX  ->  *] bucket=21315 L6 active=wlan1 ch8  BL=[]
[RX  <- A] bucket=21315  peer_BL=[]  my_BL=[]
[08:13:42] HOP bucket=21316 L6 active=wlan0 ch4  | prep wlan1 ch3  | BL=[]
[RX  <- A] bucket=21316  peer_BL=[]  my_BL=[]
[TX  ->  *] bucket=21316 L6 active=wlan0 ch4  BL=[]
[08:13:44] HOP bucket=21317 L6 active=wlan1 ch3  | prep wlan0 ch11  | BL=[]
[TX  ->  *] bucket=21317 L6 active=wlan1 ch3  BL=[]
[RX  <- A] bucket=21317  peer_BL=[]  my_BL=[]
[08:13:46] HOP bucket=21318 L6 active=wlan0 ch11  | prep wlan1 ch4  | BL=[]
[TX  ->  *] bucket=21318 L6 active=wlan0 ch11  BL=[]
[RX  <- A] bucket=21318  peer_BL=[]  my_BL=[]
[08:13:48] HOP bucket=21319 L6 active=wlan1 ch4  | prep wlan0 ch11  | BL=[]
[TX  ->  *] bucket=21319 L6 active=wlan1 ch4  BL=[]
[RX  <- A] bucket=21319  peer_BL=[]  my_BL=[]
[08:13:50] HOP bucket=21320 L6 active=wlan0 ch11  | prep wlan1 ch4  | BL=[]
[TX  ->  *] bucket=21320 L6 active=wlan0 ch11  BL=[]
[RX  <- A] bucket=21320  peer_BL=[]  my_BL=[]
[08:13:52] HOP bucket=21321 L6 active=wlan1 ch4  | prep wlan0 ch8  | BL=[]
[TX  ->  *] bucket=21321 L6 active=wlan1 ch4  BL=[]
[RX  <- A] bucket=21321  peer_BL=[]  my_BL=[]
[08:13:54] HOP bucket=21322 L6 active=wlan0 ch8  | prep wlan1 ch9  | BL=[]
[RX  <- A] bucket=21322  peer_BL=[]  my_BL=[]
[TX  ->  *] bucket=21322 L6 active=wlan0 ch8  BL=[]
[08:13:56] HOP bucket=21323 L6 active=wlan1 ch9  | prep wlan0 ch8  | BL=[]
[RX  <- A] bucket=21323  peer_BL=[]  my_BL=[]
[TX  ->  *] bucket=21323 L6 active=wlan1 ch9  BL=[]
[08:13:58] HOP bucket=21324 L6 active=wlan0 ch8  | prep wlan1 ch6  | BL=[]
[RX  <- A] bucket=21324  peer_BL=[]  my_BL=[]
[TX  ->  *] bucket=21324 L6 active=wlan0 ch8  BL=[]
[08:14:00] HOP bucket=21325 L6 active=wlan1 ch6  | prep wlan0 ch9  | BL=[]
[RX  <- A] bucket=21325  peer_BL=[]  my_BL=[]
[TX  ->  *] bucket=21325 L6 active=wlan1 ch6  BL=[]
[08:14:02] HOP bucket=21326 L6 active=wlan0 ch9  | prep wlan1 ch4  | BL=[]
[RX  <- A] bucket=21326  peer_BL=[]  my_BL=[]
[TX  ->  *] bucket=21326 L6 active=wlan0 ch9  BL=[]
[08:14:04] HOP bucket=21327 L6 active=wlan1 ch4  | prep wlan0 ch7  | BL=[]
[TX  ->  *] bucket=21327 L6 active=wlan1 ch4  BL=[]
[RX  <- A] bucket=21327  peer_BL=[]  my_BL=[]
[08:14:06] HOP bucket=21328 L6 active=wlan0 ch7  | prep wlan1 ch5  | BL=[]
[RX  <- A] bucket=21328  peer_BL=[]  my_BL=[]
[TX  ->  *] bucket=21328 L6 active=wlan0 ch7  BL=[]
[08:14:08] HOP bucket=21329 L6 active=wlan1 ch5  | prep wlan0 ch11  | BL=[]
[TX  ->  *] bucket=21329 L6 active=wlan1 ch5  BL=[]
[RX  <- A] bucket=21329  peer_BL=[]  my_BL=[]
[08:14:10] HOP bucket=21330 L6 active=wlan0 ch11  | prep wlan1 ch7  | BL=[]
[TX  ->  *] bucket=21330 L6 active=wlan0 ch11  BL=[]
[RX  <- A] bucket=21330  peer_BL=[]  my_BL=[]
[08:14:12] HOP bucket=21331 L6 active=wlan1 ch7  | prep wlan0 ch10  | BL=[]
[TX  ->  *] bucket=21331 L6 active=wlan1 ch7  BL=[]
[RX  <- A] bucket=21331  peer_BL=[]  my_BL=[]
[08:14:14] HOP bucket=21332 L6 active=wlan0 ch10  | prep wlan1 ch11  | BL=[]
[RX  <- A] bucket=21332  peer_BL=[]  my_BL=[]
[TX  ->  *] bucket=21332 L6 active=wlan0 ch10  BL=[]
[08:14:16] HOP bucket=21333 L6 active=wlan1 ch11  | prep wlan0 ch5  | BL=[]
[RX  <- A] bucket=21333  peer_BL=[]  my_BL=[]
[TX  ->  *] bucket=21333 L6 active=wlan1 ch11  BL=[]
[08:14:18] HOP bucket=21334 L6 active=wlan0 ch5  | prep wlan1 ch4  | BL=[]
[TX  ->  *] bucket=21334 L6 active=wlan0 ch5  BL=[]
[RX  <- A] bucket=21334  peer_BL=[]  my_BL=[]
[08:14:20] HOP bucket=21335 L6 active=wlan1 ch4  | prep wlan0 ch6  | BL=[]
[TX  ->  *] bucket=21335 L6 active=wlan1 ch4  BL=[]
[RX  <- A] bucket=21335  peer_BL=[]  my_BL=[]
[08:14:22] HOP bucket=21336 L6 active=wlan0 ch6  | prep wlan1 ch11  | BL=[]
[TX  ->  *] bucket=21336 L6 active=wlan0 ch6  BL=[]
[!! JAMMED  ] bucket=21336 L6 active=wlan0 ch6  silent + egress_drops=38  -> BL until bucket=21366  BL=['6']
[08:14:24] HOP bucket=21337 L6 active=wlan1 ch11  | prep wlan0 ch4  | BL=['6']
[TX  ->  *] bucket=21337 L6 active=wlan1 ch11  BL=['6']
[RX  <- A] bucket=21337  peer_BL=['6']  my_BL=['6']
[08:14:26] HOP bucket=21338 L6 active=wlan0 ch4  | prep wlan1 ch10  | BL=['6']
[RX  <- A] bucket=21338  peer_BL=['6']  my_BL=['6']
[TX  ->  *] bucket=21338 L6 active=wlan0 ch4  BL=['6']
[08:14:28] HOP bucket=21339 L6 active=wlan1 ch10  | prep wlan0 ch3  | BL=['6']
[TX  ->  *] bucket=21339 L6 active=wlan1 ch10  BL=['6']
[RX  <- A] bucket=21339  peer_BL=['6']  my_BL=['6']
[08:14:30] HOP bucket=21340 L6 active=wlan0 ch3  | prep wlan1 ch9  | BL=['6']
[RX  <- A] bucket=21340  peer_BL=['6']  my_BL=['6']
[TX  ->  *] bucket=21340 L6 active=wlan0 ch3  BL=['6']
[08:14:32] HOP bucket=21341 L6 active=wlan1 ch9  | prep wlan0 ch4  | BL=['6']
[RX  <- A] bucket=21341  peer_BL=['6']  my_BL=['6']
[TX  ->  *] bucket=21341 L6 active=wlan1 ch9  BL=['6']
[08:14:34] HOP bucket=21342 L6 active=wlan0 ch4  | prep wlan1 ch8  | BL=['6']
[RX  <- A] bucket=21342  peer_BL=['6']  my_BL=['6']
[TX  ->  *] bucket=21342 L6 active=wlan0 ch4  BL=['6']
[08:14:36] HOP bucket=21343 L6 active=wlan1 ch8  | prep wlan0 ch4  | BL=['6']
[RX  <- A] bucket=21343  peer_BL=['6']  my_BL=['6']
[TX  ->  *] bucket=21343 L6 active=wlan1 ch8  BL=['6']
[08:14:38] HOP bucket=21344 L6 active=wlan0 ch4  | prep wlan1 ch5  | BL=['6']
[RX  <- A] bucket=21344  peer_BL=['6']  my_BL=['6']
[TX  ->  *] bucket=21344 L6 active=wlan0 ch4  BL=['6']
[08:14:40] HOP bucket=21345 L6 active=wlan1 ch5  | prep wlan0 ch4  | BL=['6']
[TX  ->  *] bucket=21345 L6 active=wlan1 ch5  BL=['6']
[RX  <- A] bucket=21345  peer_BL=['6']  my_BL=['6']
[08:14:42] HOP bucket=21346 L6 active=wlan0 ch4  | prep wlan1 ch5  | BL=['6']
[TX  ->  *] bucket=21346 L6 active=wlan0 ch4  BL=['6']
[RX  <- A] bucket=21346  peer_BL=['6']  my_BL=['6']
[08:14:44] HOP bucket=21347 L6 active=wlan1 ch5  | prep wlan0 ch8  | BL=['6']
[RX  <- A] bucket=21347  peer_BL=['6']  my_BL=['6']
[TX  ->  *] bucket=21347 L6 active=wlan1 ch5  BL=['6']
[08:14:46] HOP bucket=21348 L6 active=wlan0 ch8  | prep wlan1 ch7  | BL=['6']
[RX  <- A] bucket=21348  peer_BL=['6']  my_BL=['6']
[TX  ->  *] bucket=21348 L6 active=wlan0 ch8  BL=['6']
[08:14:48] HOP bucket=21349 L6 active=wlan1 ch7  | prep wlan0 ch4  | BL=['6']
[RX  <- A] bucket=21349  peer_BL=['6']  my_BL=['6']
[TX  ->  *] bucket=21349 L6 active=wlan1 ch7  BL=['6']
[08:14:50] HOP bucket=21350 L6 active=wlan0 ch4  | prep wlan1 ch5  | BL=['6']
[RX  <- A] bucket=21350  peer_BL=['6']  my_BL=['6']
[TX  ->  *] bucket=21350 L6 active=wlan0 ch4  BL=['6']
[08:14:52] HOP bucket=21351 L6 active=wlan1 ch5  | prep wlan0 ch7  | BL=['6']
[TX  ->  *] bucket=21351 L6 active=wlan1 ch5  BL=['6']
[RX  <- A] bucket=21351  peer_BL=['6']  my_BL=['6']
[08:14:54] HOP bucket=21352 L6 active=wlan0 ch7  | prep wlan1 ch7  | BL=['6']
[RX  <- A] bucket=21352  peer_BL=['6']  my_BL=['6']
[TX  ->  *] bucket=21352 L6 active=wlan0 ch7  BL=['6']
[08:14:56] HOP bucket=21353 L6 active=wlan1 ch7  | prep wlan0 ch5  | BL=['6']
[TX  ->  *] bucket=21353 L6 active=wlan1 ch7  BL=['6']
[RX  <- A] bucket=21353  peer_BL=['6']  my_BL=['6']
[08:14:58] HOP bucket=21354 L6 active=wlan0 ch5  | prep wlan1 ch7  | BL=['6']
[TX  ->  *] bucket=21354 L6 active=wlan0 ch5  BL=['6']
[RX  <- A] bucket=21354  peer_BL=['6']  my_BL=['6']
[08:15:00] HOP bucket=21355 L6 active=wlan1 ch7  | prep wlan0 ch7  | BL=['6']
[RX  <- A] bucket=21355  peer_BL=['6']  my_BL=['6']
[TX  ->  *] bucket=21355 L6 active=wlan1 ch7  BL=['6']
[08:15:02] HOP bucket=21356 L6 active=wlan0 ch7  | prep wlan1 ch3  | BL=['6']
[RX  <- A] bucket=21356  peer_BL=['6']  my_BL=['6']
[TX  ->  *] bucket=21356 L6 active=wlan0 ch7  BL=['6']
[08:15:04] HOP bucket=21357 L6 active=wlan1 ch3  | prep wlan0 ch9  | BL=['6']
[TX  ->  *] bucket=21357 L6 active=wlan1 ch3  BL=['6']
[RX  <- A] bucket=21357  peer_BL=['6']  my_BL=['6']
[08:15:06] HOP bucket=21358 L6 active=wlan0 ch9  | prep wlan1 ch7  | BL=['6']
[TX  ->  *] bucket=21358 L6 active=wlan0 ch9  BL=['6']
[RX  <- A] bucket=21358  peer_BL=['6']  my_BL=['6']
[08:15:08] HOP bucket=21359 L6 active=wlan1 ch7  | prep wlan0 ch7  | BL=['6']
[RX  <- A] bucket=21359  peer_BL=['6']  my_BL=['6']
[TX  ->  *] bucket=21359 L6 active=wlan1 ch7  BL=['6']
[08:15:10] HOP bucket=21360 L6 active=wlan0 ch7  | prep wlan1 ch8  | BL=['6']
[RX  <- A] bucket=21360  peer_BL=['6']  my_BL=['6']
[TX  ->  *] bucket=21360 L6 active=wlan0 ch7  BL=['6']
[08:15:12] HOP bucket=21361 L6 active=wlan1 ch8  | prep wlan0 ch7  | BL=['6']
[RX  <- A] bucket=21361  peer_BL=['6']  my_BL=['6']
[TX  ->  *] bucket=21361 L6 active=wlan1 ch8  BL=['6']
[08:15:14] HOP bucket=21362 L6 active=wlan0 ch7  | prep wlan1 ch3  | BL=['6']
[TX  ->  *] bucket=21362 L6 active=wlan0 ch7  BL=['6']
[RX  <- A] bucket=21362  peer_BL=['6']  my_BL=['6']
[08:15:16] HOP bucket=21363 L6 active=wlan1 ch3  | prep wlan0 ch3  | BL=['6']
[TX  ->  *] bucket=21363 L6 active=wlan1 ch3  BL=['6']
[RX  <- A] bucket=21363  peer_BL=['6']  my_BL=['6']
[08:15:18] HOP bucket=21364 L6 active=wlan0 ch3  | prep wlan1 ch5  | BL=['6']
[RX  <- A] bucket=21364  peer_BL=['6']  my_BL=['6']
[TX  ->  *] bucket=21364 L6 active=wlan0 ch3  BL=['6']
[08:15:20] HOP bucket=21365 L6 active=wlan1 ch5  | prep wlan0 ch5  | BL=['6']
[RX  <- A] bucket=21365  peer_BL=['6']  my_BL=['6']
[TX  ->  *] bucket=21365 L6 active=wlan1 ch5  BL=['6']
[08:15:22] HOP bucket=21366 L6 active=wlan0 ch5  | prep wlan1 ch9  | BL=[]
[RX  <- A] bucket=21366  peer_BL=[]  my_BL=[]
[TX  ->  *] bucket=21366 L6 active=wlan0 ch5  BL=[]
[08:15:24] HOP bucket=21367 L6 active=wlan1 ch9  | prep wlan0 ch11  | BL=[]
[TX  ->  *] bucket=21367 L6 active=wlan1 ch9  BL=[]
[RX  <- A] bucket=21367  peer_BL=[]  my_BL=[]
[08:15:26] HOP bucket=21368 L6 active=wlan0 ch11  | prep wlan1 ch9  | BL=[]
[TX  ->  *] bucket=21368 L6 active=wlan0 ch11  BL=[]
[RX  <- A] bucket=21368  peer_BL=[]  my_BL=[]
[08:15:28] HOP bucket=21369 L6 active=wlan1 ch9  | prep wlan0 ch5  | BL=[]
[TX  ->  *] bucket=21369 L6 active=wlan1 ch9  BL=[]
[RX  <- A] bucket=21369  peer_BL=[]  my_BL=[]
[08:15:30] HOP bucket=21370 L6 active=wlan0 ch5  | prep wlan1 ch8  | BL=[]
[TX  ->  *] bucket=21370 L6 active=wlan0 ch5  BL=[]
[RX  <- A] bucket=21370  peer_BL=[]  my_BL=[]
[08:15:32] HOP bucket=21371 L6 active=wlan1 ch8  | prep wlan0 ch4  | BL=[]
[RX  <- A] bucket=21371  peer_BL=[]  my_BL=[]
[TX  ->  *] bucket=21371 L6 active=wlan1 ch8  BL=[]
[08:15:34] HOP bucket=21372 L6 active=wlan0 ch4  | prep wlan1 ch10  | BL=[]
[RX  <- A] bucket=21372  peer_BL=[]  my_BL=[]
[TX  ->  *] bucket=21372 L6 active=wlan0 ch4  BL=[]
[08:15:36] HOP bucket=21373 L6 active=wlan1 ch10  | prep wlan0 ch4  | BL=[]
[RX  <- A] bucket=21373  peer_BL=[]  my_BL=[]
[TX  ->  *] bucket=21373 L6 active=wlan1 ch10  BL=[]
[08:15:38] HOP bucket=21374 L6 active=wlan0 ch4  | prep wlan1 ch3  | BL=[]
[TX  ->  *] bucket=21374 L6 active=wlan0 ch4  BL=[]
[RX  <- A] bucket=21374  peer_BL=[]  my_BL=[]
[08:15:40] HOP bucket=21375 L6 active=wlan1 ch3  | prep wlan0 ch6  | BL=[]
[TX  ->  *] bucket=21375 L6 active=wlan1 ch3  BL=[]
[RX  <- A] bucket=21375  peer_BL=[]  my_BL=[]
[08:15:42] HOP bucket=21376 L6 active=wlan0 ch6  | prep wlan1 ch4  | BL=[]
[TX  ->  *] bucket=21376 L6 active=wlan0 ch6  BL=[]
[?? SOFT    ] bucket=21376 L6 active=wlan0 ch6  silent across 35 frames but egress_drops=0  (no tc evidence)
[08:15:44] HOP bucket=21377 L6 active=wlan1 ch4  | prep wlan0 ch9  | BL=[]
[RX  <- A] bucket=21377  peer_BL=['6']  my_BL=['6']
[<= MERGED  ] ch6 from peer's confirmed -> expires bucket=886261101
[TX  ->  *] bucket=21377 L6 active=wlan1 ch4  BL=['6']
[08:15:46] HOP bucket=21378 L6 active=wlan0 ch9  | prep wlan1 ch3  | BL=['6']
[RX  <- A] bucket=21378  peer_BL=['6']  my_BL=['6']
[TX  ->  *] bucket=21378 L6 active=wlan0 ch9  BL=['6']
[08:15:48] HOP bucket=21379 L6 active=wlan1 ch3  | prep wlan0 ch11  | BL=['6']
[TX  ->  *] bucket=21379 L6 active=wlan1 ch3  BL=['6']
[RX  <- A] bucket=21379  peer_BL=['6']  my_BL=['6']
[08:15:50] HOP bucket=21380 L6 active=wlan0 ch11  | prep wlan1 ch9  | BL=['6']
[TX  ->  *] bucket=21380 L6 active=wlan0 ch11  BL=['6']
[RX  <- A] bucket=21380  peer_BL=['6']  my_BL=['6']
[08:15:52] HOP bucket=21381 L6 active=wlan1 ch9  | prep wlan0 ch3  | BL=['6']
[TX  ->  *] bucket=21381 L6 active=wlan1 ch9  BL=['6']
[RX  <- A] bucket=21381  peer_BL=['6']  my_BL=['6']
[08:15:54] HOP bucket=21382 L6 active=wlan0 ch3  | prep wlan1 ch10  | BL=['6']
[RX  <- A] bucket=21382  peer_BL=['6']  my_BL=['6']
[TX  ->  *] bucket=21382 L6 active=wlan0 ch3  BL=['6']
[08:15:56] HOP bucket=21383 L6 active=wlan1 ch10  | prep wlan0 ch11  | BL=['6']
[TX  ->  *] bucket=21383 L6 active=wlan1 ch10  BL=['6']
[RX  <- A] bucket=21383  peer_BL=['6']  my_BL=['6']
[08:15:58] HOP bucket=21384 L6 active=wlan0 ch11  | prep wlan1 ch3  | BL=['6']
[RX  <- A] bucket=21384  peer_BL=['6']  my_BL=['6']
[TX  ->  *] bucket=21384 L6 active=wlan0 ch11  BL=['6']
[08:16:00] HOP bucket=21385 L6 active=wlan1 ch3  | prep wlan0 ch8  | BL=['6']
[RX  <- A] bucket=21385  peer_BL=['6']  my_BL=['6']
[TX  ->  *] bucket=21385 L6 active=wlan1 ch3  BL=['6']
[08:16:02] HOP bucket=21386 L6 active=wlan0 ch8  | prep wlan1 ch5  | BL=['6']
[TX  ->  *] bucket=21386 L6 active=wlan0 ch8  BL=['6']
[RX  <- A] bucket=21386  peer_BL=['6']  my_BL=['6']
[08:16:04] HOP bucket=21387 L6 active=wlan1 ch5  | prep wlan0 ch5  | BL=['6']
[RX  <- A] bucket=21387  peer_BL=['6']  my_BL=['6']
[TX  ->  *] bucket=21387 L6 active=wlan1 ch5  BL=['6']
[08:16:06] HOP bucket=21388 L6 active=wlan0 ch5  | prep wlan1 ch7  | BL=['6']
[TX  ->  *] bucket=21388 L6 active=wlan0 ch5  BL=['6']
[RX  <- A] bucket=21388  peer_BL=['6']  my_BL=['6']
[08:16:08] HOP bucket=21389 L6 active=wlan1 ch7  | prep wlan0 ch7  | BL=['6']
[TX  ->  *] bucket=21389 L6 active=wlan1 ch7  BL=['6']
[!! JAMMED  ] bucket=21389 L6 active=wlan1 ch7  silent + egress_drops=38  -> BL until bucket=21419  BL=['6', '7']
[08:16:10] HOP bucket=21390 L6 active=wlan0 ch7  (LAG: totp_says=ch8, physical=ch7)  | prep wlan1 ch9  | BL=['6', '7']
[TX  ->  *] bucket=21390 L6 active=wlan0 ch7  BL=['6', '7']
[08:16:12] HOP bucket=21391 L6 active=wlan1 ch9  | prep wlan0 ch8  | BL=['6', '7']
[TX  ->  *] bucket=21391 L6 active=wlan1 ch9  BL=['6', '7']
[RX  <- A] bucket=21391  peer_BL=['6', '7']  my_BL=['6', '7']
[08:16:14] HOP bucket=21392 L6 active=wlan0 ch8  | prep wlan1 ch4  | BL=['6', '7']
[TX  ->  *] bucket=21392 L6 active=wlan0 ch8  BL=['6', '7']
[!! JAMMED  ] bucket=21392 L6 active=wlan0 ch8  silent + egress_drops=78  -> BL until bucket=21422  BL=['6', '7', '8']
[08:16:16] HOP bucket=21393 L6 active=wlan1 ch4  | prep wlan0 ch10  | BL=['6', '7', '8']
[RX  <- A] bucket=21393  peer_BL=['6', '7']  my_BL=['6', '7', '8']
[TX  ->  *] bucket=21393 L6 active=wlan1 ch4  BL=['6', '7', '8']
[08:16:18] HOP bucket=21394 L6 active=wlan0 ch10  | prep wlan1 ch9  | BL=['6', '7', '8']
[RX  <- A] bucket=21394  peer_BL=['6', '7', '8']  my_BL=['6', '7', '8']
[TX  ->  *] bucket=21394 L6 active=wlan0 ch10  BL=['6', '7', '8']
[08:16:20] HOP bucket=21395 L6 active=wlan1 ch9  | prep wlan0 ch9  | BL=['6', '7', '8']
[RX  <- A] bucket=21395  peer_BL=['6', '7', '8']  my_BL=['6', '7', '8']
[TX  ->  *] bucket=21395 L6 active=wlan1 ch9  BL=['6', '7', '8']
[08:16:22] HOP bucket=21396 L6 active=wlan0 ch9  | prep wlan1 ch3  | BL=['6', '7', '8']
[TX  ->  *] bucket=21396 L6 active=wlan0 ch9  BL=['6', '7', '8']
[RX  <- A] bucket=21396  peer_BL=['6', '7', '8']  my_BL=['6', '7', '8']
[08:16:24] HOP bucket=21397 L6 active=wlan1 ch3  | prep wlan0 ch11  | BL=['6', '7', '8']
[RX  <- A] bucket=21397  peer_BL=['6', '7', '8']  my_BL=['6', '7', '8']
[TX  ->  *] bucket=21397 L6 active=wlan1 ch3  BL=['6', '7', '8']
[08:16:26] HOP bucket=21398 L6 active=wlan0 ch11  | prep wlan1 ch10  | BL=['6', '7', '8']
[RX  <- A] bucket=21398  peer_BL=['6', '7', '8']  my_BL=['6', '7', '8']
[TX  ->  *] bucket=21398 L6 active=wlan0 ch11  BL=['6', '7', '8']
[08:16:28] HOP bucket=21399 L6 active=wlan1 ch10  | prep wlan0 ch9  | BL=['6', '7', '8']
[TX  ->  *] bucket=21399 L6 active=wlan1 ch10  BL=['6', '7', '8']
[RX  <- A] bucket=21399  peer_BL=['6', '7', '8']  my_BL=['6', '7', '8']
[08:16:30] HOP bucket=21400 L6 active=wlan0 ch9  | prep wlan1 ch9  | BL=['6', '7', '8']
[TX  ->  *] bucket=21400 L6 active=wlan0 ch9  BL=['6', '7', '8']
[RX  <- A] bucket=21400  peer_BL=['6', '7', '8']  my_BL=['6', '7', '8']
[08:16:32] HOP bucket=21401 L6 active=wlan1 ch9  | prep wlan0 ch9  | BL=['6', '7', '8']
[RX  <- A] bucket=21401  peer_BL=['6', '7', '8']  my_BL=['6', '7', '8']
[TX  ->  *] bucket=21401 L6 active=wlan1 ch9  BL=['6', '7', '8']
[08:16:34] HOP bucket=21402 L6 active=wlan0 ch9  | prep wlan1 ch10  | BL=['6', '7', '8']
[RX  <- A] bucket=21402  peer_BL=['6', '7', '8']  my_BL=['6', '7', '8']
[TX  ->  *] bucket=21402 L6 active=wlan0 ch9  BL=['6', '7', '8']
[08:16:36] HOP bucket=21403 L6 active=wlan1 ch10  | prep wlan0 ch11  | BL=['6', '7', '8']
[TX  ->  *] bucket=21403 L6 active=wlan1 ch10  BL=['6', '7', '8']
[RX  <- A] bucket=21403  peer_BL=['6', '7', '8']  my_BL=['6', '7', '8']
[08:16:38] HOP bucket=21404 L6 active=wlan0 ch11  | prep wlan1 ch3  | BL=['6', '7', '8']
[TX  ->  *] bucket=21404 L6 active=wlan0 ch11  BL=['6', '7', '8']
[RX  <- A] bucket=21404  peer_BL=['6', '7', '8']  my_BL=['6', '7', '8']
[08:16:40] HOP bucket=21405 L6 active=wlan1 ch3  | prep wlan0 ch9  | BL=['6', '7', '8']
[RX  <- A] bucket=21405  peer_BL=['6', '7', '8']  my_BL=['6', '7', '8']
[TX  ->  *] bucket=21405 L6 active=wlan1 ch3  BL=['6', '7', '8']
[08:16:42] HOP bucket=21406 L6 active=wlan0 ch9  | prep wlan1 ch10  | BL=['7', '8']
[RX  <- A] bucket=21406  peer_BL=['7', '8']  my_BL=['7', '8']
[TX  ->  *] bucket=21406 L6 active=wlan0 ch9  BL=['7', '8']
[08:16:44] HOP bucket=21407 L6 active=wlan1 ch10  | prep wlan0 ch9  | BL=['7', '8']
[TX  ->  *] bucket=21407 L6 active=wlan1 ch10  BL=['7', '8']
[RX  <- A] bucket=21407  peer_BL=['7', '8']  my_BL=['7', '8']
[08:16:46] HOP bucket=21408 L6 active=wlan0 ch9  | prep wlan1 ch11  | BL=['7', '8']
[RX  <- A] bucket=21408  peer_BL=['7', '8']  my_BL=['7', '8']
[TX  ->  *] bucket=21408 L6 active=wlan0 ch9  BL=['7', '8']
[08:16:48] HOP bucket=21409 L6 active=wlan1 ch11  | prep wlan0 ch11  | BL=['7', '8']
[RX  <- A] bucket=21409  peer_BL=['7', '8']  my_BL=['7', '8']
[TX  ->  *] bucket=21409 L6 active=wlan1 ch11  BL=['7', '8']
[08:16:50] HOP bucket=21410 L6 active=wlan0 ch11  | prep wlan1 ch9  | BL=['7', '8']
[TX  ->  *] bucket=21410 L6 active=wlan0 ch11  BL=['7', '8']
[RX  <- A] bucket=21410  peer_BL=['7', '8']  my_BL=['7', '8']
[08:16:52] HOP bucket=21411 L6 active=wlan1 ch9  | prep wlan0 ch5  | BL=['7', '8']
[RX  <- A] bucket=21411  peer_BL=['7', '8']  my_BL=['7', '8']
[TX  ->  *] bucket=21411 L6 active=wlan1 ch9  BL=['7', '8']
[08:16:54] HOP bucket=21412 L6 active=wlan0 ch5  | prep wlan1 ch11  | BL=['7', '8']
[RX  <- A] bucket=21412  peer_BL=['7', '8']  my_BL=['7', '8']
[TX  ->  *] bucket=21412 L6 active=wlan0 ch5  BL=['7', '8']
[08:16:56] HOP bucket=21413 L6 active=wlan1 ch11  | prep wlan0 ch9  | BL=['7', '8']
[RX  <- A] bucket=21413  peer_BL=['7', '8']  my_BL=['7', '8']
[TX  ->  *] bucket=21413 L6 active=wlan1 ch11  BL=['7', '8']
[08:16:58] HOP bucket=21414 L6 active=wlan0 ch9  | prep wlan1 ch9  | BL=['7', '8']
[TX  ->  *] bucket=21414 L6 active=wlan0 ch9  BL=['7', '8']
[RX  <- A] bucket=21414  peer_BL=['7', '8']  my_BL=['7', '8']
[08:17:00] HOP bucket=21415 L6 active=wlan1 ch9  | prep wlan0 ch9  | BL=['7', '8']
[RX  <- A] bucket=21415  peer_BL=['7', '8']  my_BL=['7', '8']
[TX  ->  *] bucket=21415 L6 active=wlan1 ch9  BL=['7', '8']
[08:17:02] HOP bucket=21416 L6 active=wlan0 ch9  | prep wlan1 ch10  | BL=['7', '8']
[TX  ->  *] bucket=21416 L6 active=wlan0 ch9  BL=['7', '8']
[RX  <- A] bucket=21416  peer_BL=['7', '8']  my_BL=['7', '8']
[08:17:04] HOP bucket=21417 L6 active=wlan1 ch10  | prep wlan0 ch3  | BL=['7', '8']
[TX  ->  *] bucket=21417 L6 active=wlan1 ch10  BL=['7', '8']
[RX  <- A] bucket=21417  peer_BL=['7', '8']  my_BL=['7', '8']
[08:17:06] HOP bucket=21418 L6 active=wlan0 ch3  | prep wlan1 ch9  | BL=['7', '8']
[TX  ->  *] bucket=21418 L6 active=wlan0 ch3  BL=['7', '8']
[RX  <- A] bucket=21418  peer_BL=['7', '8']  my_BL=['7', '8']
[08:17:08] HOP bucket=21419 L6 active=wlan1 ch9  | prep wlan0 ch10  | BL=['7', '8']
[RX  <- A] bucket=21419  peer_BL=['7', '8']  my_BL=['7', '8']
[TX  ->  *] bucket=21419 L6 active=wlan1 ch9  BL=['7', '8']
[08:17:10] HOP bucket=21420 L6 active=wlan0 ch10  | prep wlan1 ch10  | BL=['8']
[RX  <- A] bucket=21420  peer_BL=['8']  my_BL=['8']
[TX  ->  *] bucket=21420 L6 active=wlan0 ch10  BL=['8']
[08:17:12] HOP bucket=21421 L6 active=wlan1 ch10  | prep wlan0 ch9  | BL=['8']
[RX  <- A] bucket=21421  peer_BL=['8']  my_BL=['8']
[TX  ->  *] bucket=21421 L6 active=wlan1 ch10  BL=['8']
[08:17:14] HOP bucket=21422 L6 active=wlan0 ch9  | prep wlan1 ch7  | BL=[]
[RX  <- A] bucket=21422  peer_BL=[]  my_BL=[]
[TX  ->  *] bucket=21422 L6 active=wlan0 ch9  BL=[]
[08:17:16] HOP bucket=21423 L6 active=wlan1 ch7  | prep wlan0 ch5  | BL=[]
[RX  <- A] bucket=21423  peer_BL=[]  my_BL=[]
[TX  ->  *] bucket=21423 L6 active=wlan1 ch7  BL=[]
[08:17:18] HOP bucket=21424 L6 active=wlan0 ch5  | prep wlan1 ch9  | BL=[]
[RX  <- A] bucket=21424  peer_BL=[]  my_BL=[]
[TX  ->  *] bucket=21424 L6 active=wlan0 ch5  BL=[]
[08:17:20] HOP bucket=21425 L6 active=wlan1 ch9  | prep wlan0 ch11  | BL=[]
[TX  ->  *] bucket=21425 L6 active=wlan1 ch9  BL=[]
[RX  <- A] bucket=21425  peer_BL=[]  my_BL=[]
[08:17:22] HOP bucket=21426 L6 active=wlan0 ch11  | prep wlan1 ch7  | BL=[]
[RX  <- A] bucket=21426  peer_BL=[]  my_BL=[]
[TX  ->  *] bucket=21426 L6 active=wlan0 ch11  BL=[]
[08:17:24] HOP bucket=21427 L6 active=wlan1 ch7  | prep wlan0 ch11  | BL=[]
[TX  ->  *] bucket=21427 L6 active=wlan1 ch7  BL=[]
[RX  <- A] bucket=21427  peer_BL=[]  my_BL=[]
[08:17:26] HOP bucket=21428 L6 active=wlan0 ch11  | prep wlan1 ch5  | BL=[]
[TX  ->  *] bucket=21428 L6 active=wlan0 ch11  BL=[]
[RX  <- A] bucket=21428  peer_BL=[]  my_BL=[]
[08:17:28] HOP bucket=21429 L6 active=wlan1 ch5  | prep wlan0 ch10  | BL=[]
[TX  ->  *] bucket=21429 L6 active=wlan1 ch5  BL=[]
[RX  <- A] bucket=21429  peer_BL=[]  my_BL=[]
[08:17:30] HOP bucket=21430 L6 active=wlan0 ch10  | prep wlan1 ch7  | BL=[]
[RX  <- A] bucket=21430  peer_BL=[]  my_BL=[]
[TX  ->  *] bucket=21430 L6 active=wlan0 ch10  BL=[]
[08:17:32] HOP bucket=21431 L6 active=wlan1 ch7  | prep wlan0 ch7  | BL=[]
[TX  ->  *] bucket=21431 L6 active=wlan1 ch7  BL=[]
[RX  <- A] bucket=21431  peer_BL=[]  my_BL=[]
[08:17:34] HOP bucket=21432 L6 active=wlan0 ch7  | prep wlan1 ch4  | BL=[]
[TX  ->  *] bucket=21432 L6 active=wlan0 ch7  BL=[]
[RX  <- A] bucket=21432  peer_BL=[]  my_BL=[]
[08:17:36] HOP bucket=21433 L6 active=wlan1 ch4  | prep wlan0 ch8  | BL=[]
[TX  ->  *] bucket=21433 L6 active=wlan1 ch4  BL=[]
[RX  <- A] bucket=21433  peer_BL=[]  my_BL=[]
[08:17:38] HOP bucket=21434 L6 active=wlan0 ch8  | prep wlan1 ch9  | BL=[]
[TX  ->  *] bucket=21434 L6 active=wlan0 ch8  BL=[]
[RX  <- A] bucket=21434  peer_BL=[]  my_BL=[]
[08:17:40] HOP bucket=21435 L6 active=wlan1 ch9  | prep wlan0 ch9  | BL=[]
[TX  ->  *] bucket=21435 L6 active=wlan1 ch9  BL=[]
[RX  <- A] bucket=21435  peer_BL=[]  my_BL=[]
[08:17:42] HOP bucket=21436 L6 active=wlan0 ch9  | prep wlan1 ch7  | BL=[]
[RX  <- A] bucket=21436  peer_BL=[]  my_BL=[]
[TX  ->  *] bucket=21436 L6 active=wlan0 ch9  BL=[]
[08:17:44] HOP bucket=21437 L6 active=wlan1 ch7  | prep wlan0 ch8  | BL=[]
[RX  <- A] bucket=21437  peer_BL=[]  my_BL=[]
[TX  ->  *] bucket=21437 L6 active=wlan1 ch7  BL=[]
[08:17:46] HOP bucket=21438 L6 active=wlan0 ch8  | prep wlan1 ch3  | BL=[]
[RX  <- A] bucket=21438  peer_BL=[]  my_BL=[]
[TX  ->  *] bucket=21438 L6 active=wlan0 ch8  BL=[]
[08:17:48] HOP bucket=21439 L6 active=wlan1 ch3  | prep wlan0 ch3  | BL=[]
[RX  <- A] bucket=21439  peer_BL=[]  my_BL=[]
[TX  ->  *] bucket=21439 L6 active=wlan1 ch3  BL=[]
[08:17:50] HOP bucket=21440 L6 active=wlan0 ch3  | prep wlan1 ch5  | BL=[]
[TX  ->  *] bucket=21440 L6 active=wlan0 ch3  BL=[]
[RX  <- A] bucket=21440  peer_BL=[]  my_BL=[]
[08:17:52] HOP bucket=21441 L6 active=wlan1 ch5  | prep wlan0 ch6  | BL=[]
[RX  <- A] bucket=21441  peer_BL=[]  my_BL=[]
[TX  ->  *] bucket=21441 L6 active=wlan1 ch5  BL=[]
[08:17:54] HOP bucket=21442 L6 active=wlan0 ch6  | prep wlan1 ch3  | BL=[]
[TX  ->  *] bucket=21442 L6 active=wlan0 ch6  BL=[]
[?? SOFT    ] bucket=21442 L6 active=wlan0 ch6  silent across 35 frames but egress_drops=0  (no tc evidence)
[08:17:56] HOP bucket=21443 L6 active=wlan1 ch3  | prep wlan0 ch5  | BL=[]
[TX  ->  *] bucket=21443 L6 active=wlan1 ch3  BL=[]
[RX  <- A] bucket=21443  peer_BL=['6']  my_BL=['6']
[<= MERGED  ] ch6 from peer's confirmed -> expires bucket=886261167
[08:17:58] HOP bucket=21444 L6 active=wlan0 ch5  | prep wlan1 ch4  | BL=['6']
[RX  <- A] bucket=21444  peer_BL=['6']  my_BL=['6']
[TX  ->  *] bucket=21444 L6 active=wlan0 ch5  BL=['6']
[08:18:00] HOP bucket=21445 L6 active=wlan1 ch4  | prep wlan0 ch11  | BL=['6']
[TX  ->  *] bucket=21445 L6 active=wlan1 ch4  BL=['6']
[RX  <- A] bucket=21445  peer_BL=['6']  my_BL=['6']
[08:18:02] HOP bucket=21446 L6 active=wlan0 ch11  | prep wlan1 ch11  | BL=['6']
[RX  <- A] bucket=21446  peer_BL=['6']  my_BL=['6']
[TX  ->  *] bucket=21446 L6 active=wlan0 ch11  BL=['6']
[08:18:04] HOP bucket=21447 L6 active=wlan1 ch11  | prep wlan0 ch10  | BL=['6']
[TX  ->  *] bucket=21447 L6 active=wlan1 ch11  BL=['6']
[RX  <- A] bucket=21447  peer_BL=['6']  my_BL=['6']
[08:18:06] HOP bucket=21448 L6 active=wlan0 ch10  | prep wlan1 ch11  | BL=['6']
[RX  <- A] bucket=21448  peer_BL=['6']  my_BL=['6']
[TX  ->  *] bucket=21448 L6 active=wlan0 ch10  BL=['6']
[08:18:08] HOP bucket=21449 L6 active=wlan1 ch11  | prep wlan0 ch7  | BL=['6']
[TX  ->  *] bucket=21449 L6 active=wlan1 ch11  BL=['6']
[RX  <- A] bucket=21449  peer_BL=['6']  my_BL=['6']
[08:18:10] HOP bucket=21450 L6 active=wlan0 ch7  | prep wlan1 ch10  | BL=['6']
[TX  ->  *] bucket=21450 L6 active=wlan0 ch7  BL=['6']
[!! JAMMED  ] bucket=21450 L6 active=wlan0 ch7  silent + egress_drops=37  -> BL until bucket=21480  BL=['6', '7']
[08:18:12] HOP bucket=21451 L6 active=wlan1 ch10  | prep wlan0 ch9  | BL=['6', '7']
[TX  ->  *] bucket=21451 L6 active=wlan1 ch10  BL=['6', '7']
[RX  <- A] bucket=21451  peer_BL=['6', '7']  my_BL=['6', '7']
[08:18:14] HOP bucket=21452 L6 active=wlan0 ch9  | prep wlan1 ch3  | BL=['6', '7']
[TX  ->  *] bucket=21452 L6 active=wlan0 ch9  BL=['6', '7']
[RX  <- A] bucket=21452  peer_BL=['6', '7']  my_BL=['6', '7']
[08:18:16] HOP bucket=21453 L6 active=wlan1 ch3  | prep wlan0 ch3  | BL=['6', '7']
[TX  ->  *] bucket=21453 L6 active=wlan1 ch3  BL=['6', '7']
[RX  <- A] bucket=21453  peer_BL=['6', '7']  my_BL=['6', '7']
[08:18:18] HOP bucket=21454 L6 active=wlan0 ch3  | prep wlan1 ch10  | BL=['6', '7']
[TX  ->  *] bucket=21454 L6 active=wlan0 ch3  BL=['6', '7']
[RX  <- A] bucket=21454  peer_BL=['6', '7']  my_BL=['6', '7']
[08:18:20] HOP bucket=21455 L6 active=wlan1 ch10  | prep wlan0 ch8  | BL=['6', '7']
[TX  ->  *] bucket=21455 L6 active=wlan1 ch10  BL=['6', '7']
[RX  <- A] bucket=21455  peer_BL=['6', '7']  my_BL=['6', '7']
[08:18:22] HOP bucket=21456 L6 active=wlan0 ch8  | prep wlan1 ch3  | BL=['6', '7']
[TX  ->  *] bucket=21456 L6 active=wlan0 ch8  BL=['6', '7']
[RX  <- A] bucket=21456  peer_BL=['6', '7']  my_BL=['6', '7']
[08:18:24] HOP bucket=21457 L6 active=wlan1 ch3  | prep wlan0 ch11  | BL=['6', '7']
[TX  ->  *] bucket=21457 L6 active=wlan1 ch3  BL=['6', '7']
[RX  <- A] bucket=21457  peer_BL=['6', '7']  my_BL=['6', '7']
[08:18:26] HOP bucket=21458 L6 active=wlan0 ch11  | prep wlan1 ch5  | BL=['6', '7']
[RX  <- A] bucket=21458  peer_BL=['6', '7']  my_BL=['6', '7']
[TX  ->  *] bucket=21458 L6 active=wlan0 ch11  BL=['6', '7']
[08:18:28] HOP bucket=21459 L6 active=wlan1 ch5  | prep wlan0 ch4  | BL=['6', '7']
[TX  ->  *] bucket=21459 L6 active=wlan1 ch5  BL=['6', '7']
[RX  <- A] bucket=21459  peer_BL=['6', '7']  my_BL=['6', '7']
[08:18:30] HOP bucket=21460 L6 active=wlan0 ch4  | prep wlan1 ch8  | BL=['6', '7']
[RX  <- A] bucket=21460  peer_BL=['6', '7']  my_BL=['6', '7']
[TX  ->  *] bucket=21460 L6 active=wlan0 ch4  BL=['6', '7']
[08:18:32] HOP bucket=21461 L6 active=wlan1 ch8  | prep wlan0 ch8  | BL=['6', '7']
[RX  <- A] bucket=21461  peer_BL=['6', '7']  my_BL=['6', '7']
[TX  ->  *] bucket=21461 L6 active=wlan1 ch8  BL=['6', '7']
[08:18:34] HOP bucket=21462 L6 active=wlan0 ch8  | prep wlan1 ch11  | BL=['6', '7']
[TX  ->  *] bucket=21462 L6 active=wlan0 ch8  BL=['6', '7']
[RX  <- A] bucket=21462  peer_BL=['6', '7']  my_BL=['6', '7']
[08:18:36] HOP bucket=21463 L6 active=wlan1 ch11  | prep wlan0 ch8  | BL=['6', '7']
[TX  ->  *] bucket=21463 L6 active=wlan1 ch11  BL=['6', '7']
[RX  <- A] bucket=21463  peer_BL=['6', '7']  my_BL=['6', '7']
[08:18:38] HOP bucket=21464 L6 active=wlan0 ch8  | prep wlan1 ch8  | BL=['6', '7']
[TX  ->  *] bucket=21464 L6 active=wlan0 ch8  BL=['6', '7']
[RX  <- A] bucket=21464  peer_BL=['6', '7']  my_BL=['6', '7']
[08:18:40] HOP bucket=21465 L6 active=wlan1 ch8  | prep wlan0 ch8  | BL=['6', '7']
[RX  <- A] bucket=21465  peer_BL=['6', '7']  my_BL=['6', '7']
[TX  ->  *] bucket=21465 L6 active=wlan1 ch8  BL=['6', '7']
[08:18:42] HOP bucket=21466 L6 active=wlan0 ch8  | prep wlan1 ch9  | BL=['6', '7']
[TX  ->  *] bucket=21466 L6 active=wlan0 ch8  BL=['6', '7']
[RX  <- A] bucket=21466  peer_BL=['6', '7']  my_BL=['6', '7']
[08:18:44] HOP bucket=21467 L6 active=wlan1 ch9  | prep wlan0 ch4  | BL=['6', '7']
[RX  <- A] bucket=21467  peer_BL=['6', '7']  my_BL=['6', '7']
[TX  ->  *] bucket=21467 L6 active=wlan1 ch9  BL=['6', '7']
[08:18:46] HOP bucket=21468 L6 active=wlan0 ch4  | prep wlan1 ch8  | BL=['6', '7']
[TX  ->  *] bucket=21468 L6 active=wlan0 ch4  BL=['6', '7']
[RX  <- A] bucket=21468  peer_BL=['6', '7']  my_BL=['6', '7']
[08:18:48] HOP bucket=21469 L6 active=wlan1 ch8  | prep wlan0 ch4  | BL=['6', '7']
[TX  ->  *] bucket=21469 L6 active=wlan1 ch8  BL=['6', '7']
[RX  <- A] bucket=21469  peer_BL=['6', '7']  my_BL=['6', '7']
[08:18:50] HOP bucket=21470 L6 active=wlan0 ch4  | prep wlan1 ch8  | BL=['6', '7']
[TX  ->  *] bucket=21470 L6 active=wlan0 ch4  BL=['6', '7']
[RX  <- A] bucket=21470  peer_BL=['6', '7']  my_BL=['6', '7']
[08:18:52] HOP bucket=21471 L6 active=wlan1 ch8  | prep wlan0 ch8  | BL=['6', '7']
[TX  ->  *] bucket=21471 L6 active=wlan1 ch8  BL=['6', '7']
[RX  <- A] bucket=21471  peer_BL=['6', '7']  my_BL=['6', '7']
[08:18:54] HOP bucket=21472 L6 active=wlan0 ch8  | prep wlan1 ch11  | BL=['7']
[TX  ->  *] bucket=21472 L6 active=wlan0 ch8  BL=['7']
[RX  <- A] bucket=21472  peer_BL=['7']  my_BL=['7']
[08:18:56] HOP bucket=21473 L6 active=wlan1 ch11  | prep wlan0 ch10  | BL=['7']
[TX  ->  *] bucket=21473 L6 active=wlan1 ch11  BL=['7']
[RX  <- A] bucket=21473  peer_BL=['7']  my_BL=['7']
[08:18:58] HOP bucket=21474 L6 active=wlan0 ch10  | prep wlan1 ch11  | BL=['7']
[TX  ->  *] bucket=21474 L6 active=wlan0 ch10  BL=['7']
[RX  <- A] bucket=21474  peer_BL=['7']  my_BL=['7']
[08:19:00] HOP bucket=21475 L6 active=wlan1 ch11  | prep wlan0 ch5  | BL=['7']
[TX  ->  *] bucket=21475 L6 active=wlan1 ch11  BL=['7']
[RX  <- A] bucket=21475  peer_BL=['7']  my_BL=['7']
[08:19:02] HOP bucket=21476 L6 active=wlan0 ch5  | prep wlan1 ch8  | BL=['7']
[TX  ->  *] bucket=21476 L6 active=wlan0 ch5  BL=['7']
[RX  <- A] bucket=21476  peer_BL=['7']  my_BL=['7']
[08:19:04] HOP bucket=21477 L6 active=wlan1 ch8  | prep wlan0 ch3  | BL=['7']
[RX  <- A] bucket=21477  peer_BL=['7']  my_BL=['7']
[TX  ->  *] bucket=21477 L6 active=wlan1 ch8  BL=['7']
[08:19:06] HOP bucket=21478 L6 active=wlan0 ch3  | prep wlan1 ch9  | BL=['7']
[RX  <- A] bucket=21478  peer_BL=['7']  my_BL=['7']
[TX  ->  *] bucket=21478 L6 active=wlan0 ch3  BL=['7']
[08:19:08] HOP bucket=21479 L6 active=wlan1 ch9  | prep wlan0 ch10  | BL=['7']
[TX  ->  *] bucket=21479 L6 active=wlan1 ch9  BL=['7']
[RX  <- A] bucket=21479  peer_BL=['7']  my_BL=['7']
[08:19:10] HOP bucket=21480 L6 active=wlan0 ch10  | prep wlan1 ch7  | BL=[]
[TX  ->  *] bucket=21480 L6 active=wlan0 ch10  BL=[]
[RX  <- A] bucket=21480  peer_BL=[]  my_BL=[]
[08:19:12] HOP bucket=21481 L6 active=wlan1 ch7  | prep wlan0 ch6  | BL=[]
[TX  ->  *] bucket=21481 L6 active=wlan1 ch7  BL=[]
[!! JAMMED  ] bucket=21481 L6 active=wlan1 ch7  silent + egress_drops=38  -> BL until bucket=21511  BL=['7']
[08:19:14] HOP bucket=21482 L6 active=wlan0 ch6  | prep wlan1 ch8  | BL=['7']
[TX  ->  *] bucket=21482 L6 active=wlan0 ch6  BL=['7']
[RX  <- A] bucket=21482  peer_BL=['7']  my_BL=['7']
[08:19:16] HOP bucket=21483 L6 active=wlan1 ch8  | prep wlan0 ch5  | BL=['7']
[TX  ->  *] bucket=21483 L6 active=wlan1 ch8  BL=['7']
[RX  <- A] bucket=21483  peer_BL=['7']  my_BL=['7']
[08:19:18] HOP bucket=21484 L6 active=wlan0 ch5  | prep wlan1 ch5  | BL=['7']
[RX  <- A] bucket=21484  peer_BL=['7']  my_BL=['7']
[TX  ->  *] bucket=21484 L6 active=wlan0 ch5  BL=['7']
[08:19:20] HOP bucket=21485 L6 active=wlan1 ch5  | prep wlan0 ch10  | BL=['7']
[TX  ->  *] bucket=21485 L6 active=wlan1 ch5  BL=['7']
[RX  <- A] bucket=21485  peer_BL=['7']  my_BL=['7']
[08:19:22] HOP bucket=21486 L6 active=wlan0 ch10  | prep wlan1 ch4  | BL=['7']
[TX  ->  *] bucket=21486 L6 active=wlan0 ch10  BL=['7']
[RX  <- A] bucket=21486  peer_BL=['7']  my_BL=['7']
[08:19:24] HOP bucket=21487 L6 active=wlan1 ch4  | prep wlan0 ch11  | BL=['7']
[TX  ->  *] bucket=21487 L6 active=wlan1 ch4  BL=['7']
[RX  <- A] bucket=21487  peer_BL=['7']  my_BL=['7']
[08:19:26] HOP bucket=21488 L6 active=wlan0 ch11  | prep wlan1 ch9  | BL=['7']
[TX  ->  *] bucket=21488 L6 active=wlan0 ch11  BL=['7']
[RX  <- A] bucket=21488  peer_BL=['7']  my_BL=['7']
[08:19:28] HOP bucket=21489 L6 active=wlan1 ch9  | prep wlan0 ch3  | BL=['7']
[TX  ->  *] bucket=21489 L6 active=wlan1 ch9  BL=['7']
[RX  <- A] bucket=21489  peer_BL=['7']  my_BL=['7']
[08:19:30] HOP bucket=21490 L6 active=wlan0 ch3  | prep wlan1 ch9  | BL=['7']
[TX  ->  *] bucket=21490 L6 active=wlan0 ch3  BL=['7']
[RX  <- A] bucket=21490  peer_BL=['7']  my_BL=['7']
[08:19:32] HOP bucket=21491 L6 active=wlan1 ch9  | prep wlan0 ch8  | BL=['7']
[TX  ->  *] bucket=21491 L6 active=wlan1 ch9  BL=['7']
[RX  <- A] bucket=21491  peer_BL=['7']  my_BL=['7']
[08:19:34] HOP bucket=21492 L6 active=wlan0 ch8  | prep wlan1 ch9  | BL=['7']
[RX  <- A] bucket=21492  peer_BL=['7']  my_BL=['7']
[TX  ->  *] bucket=21492 L6 active=wlan0 ch8  BL=['7']
[08:19:36] HOP bucket=21493 L6 active=wlan1 ch9  | prep wlan0 ch8  | BL=['7']
[RX  <- A] bucket=21493  peer_BL=['7']  my_BL=['7']
[TX  ->  *] bucket=21493 L6 active=wlan1 ch9  BL=['7']
[08:19:38] HOP bucket=21494 L6 active=wlan0 ch8  | prep wlan1 ch10  | BL=['7']
[TX  ->  *] bucket=21494 L6 active=wlan0 ch8  BL=['7']
[RX  <- A] bucket=21494  peer_BL=['7']  my_BL=['7']
[08:19:40] HOP bucket=21495 L6 active=wlan1 ch10  | prep wlan0 ch8  | BL=['7']
[TX  ->  *] bucket=21495 L6 active=wlan1 ch10  BL=['7']
[RX  <- A] bucket=21495  peer_BL=['7']  my_BL=['7']
[08:19:42] HOP bucket=21496 L6 active=wlan0 ch8  | prep wlan1 ch4  | BL=['7']
[TX  ->  *] bucket=21496 L6 active=wlan0 ch8  BL=['7']
[RX  <- A] bucket=21496  peer_BL=['7']  my_BL=['7']
[08:19:44] HOP bucket=21497 L6 active=wlan1 ch4  | prep wlan0 ch8  | BL=['7']
[TX  ->  *] bucket=21497 L6 active=wlan1 ch4  BL=['7']
[RX  <- A] bucket=21497  peer_BL=['7']  my_BL=['7']
[08:19:46] HOP bucket=21498 L6 active=wlan0 ch8  | prep wlan1 ch4  | BL=['7']
[TX  ->  *] bucket=21498 L6 active=wlan0 ch8  BL=['7']
[RX  <- A] bucket=21498  peer_BL=['7']  my_BL=['7']
[08:19:48] HOP bucket=21499 L6 active=wlan1 ch4  | prep wlan0 ch5  | BL=['7']
[TX  ->  *] bucket=21499 L6 active=wlan1 ch4  BL=['7']
[RX  <- A] bucket=21499  peer_BL=['7']  my_BL=['7']
[08:19:50] HOP bucket=21500 L6 active=wlan0 ch5  | prep wlan1 ch4  | BL=['7']
[TX  ->  *] bucket=21500 L6 active=wlan0 ch5  BL=['7']
[RX  <- A] bucket=21500  peer_BL=['7']  my_BL=['7']
[08:19:52] HOP bucket=21501 L6 active=wlan1 ch4  | prep wlan0 ch5  | BL=['7']
[TX  ->  *] bucket=21501 L6 active=wlan1 ch4  BL=['7']
[RX  <- A] bucket=21501  peer_BL=['7']  my_BL=['7']
[08:19:54] HOP bucket=21502 L6 active=wlan0 ch5  | prep wlan1 ch9  | BL=['7']
[RX  <- A] bucket=21502  peer_BL=['7']  my_BL=['7']
[TX  ->  *] bucket=21502 L6 active=wlan0 ch5  BL=['7']
[08:19:56] HOP bucket=21503 L6 active=wlan1 ch9  | prep wlan0 ch5  | BL=['7']
[RX  <- A] bucket=21503  peer_BL=['7']  my_BL=['7']
[TX  ->  *] bucket=21503 L6 active=wlan1 ch9  BL=['7']
[08:19:58] HOP bucket=21504 L6 active=wlan0 ch5  | prep wlan1 ch8  | BL=['7']
[TX  ->  *] bucket=21504 L6 active=wlan0 ch5  BL=['7']
[RX  <- A] bucket=21504  peer_BL=['7']  my_BL=['7']
[08:20:00] HOP bucket=21505 L6 active=wlan1 ch8  | prep wlan0 ch6  | BL=['7']
[TX  ->  *] bucket=21505 L6 active=wlan1 ch8  BL=['7']
[RX  <- A] bucket=21505  peer_BL=['7']  my_BL=['7']
[08:20:02] HOP bucket=21506 L6 active=wlan0 ch6  | prep wlan1 ch8  | BL=['7']
[TX  ->  *] bucket=21506 L6 active=wlan0 ch6  BL=['7']
[RX  <- A] bucket=21506  peer_BL=['7']  my_BL=['7']
[08:20:04] HOP bucket=21507 L6 active=wlan1 ch8  | prep wlan0 ch4  | BL=['7']
[RX  <- A] bucket=21507  peer_BL=['7']  my_BL=['7']
[TX  ->  *] bucket=21507 L6 active=wlan1 ch8  BL=['7']
[08:20:06] HOP bucket=21508 L6 active=wlan0 ch4  | prep wlan1 ch10  | BL=['7']
[TX  ->  *] bucket=21508 L6 active=wlan0 ch4  BL=['7']
[RX  <- A] bucket=21508  peer_BL=['7']  my_BL=['7']
[08:20:08] HOP bucket=21509 L6 active=wlan1 ch10  | prep wlan0 ch11  | BL=['7']
[RX  <- A] bucket=21509  peer_BL=['7']  my_BL=['7']
[TX  ->  *] bucket=21509 L6 active=wlan1 ch10  BL=['7']
[08:20:10] HOP bucket=21510 L6 active=wlan0 ch11  | prep wlan1 ch5  | BL=['7']
[RX  <- A] bucket=21510  peer_BL=['7']  my_BL=['7']
[TX  ->  *] bucket=21510 L6 active=wlan0 ch11  BL=['7']
[08:20:12] HOP bucket=21511 L6 active=wlan1 ch5  | prep wlan0 ch3  | BL=[]
[TX  ->  *] bucket=21511 L6 active=wlan1 ch5  BL=[]
[!! JAMMED  ] bucket=21511 L6 active=wlan1 ch5  silent + egress_drops=38  -> BL until bucket=21541  BL=['5']
[08:20:14] HOP bucket=21512 L6 active=wlan0 ch3  | prep wlan1 ch6  | BL=['5']
[RX  <- A] bucket=21512  peer_BL=['5']  my_BL=['5']
[TX  ->  *] bucket=21512 L6 active=wlan0 ch3  BL=['5']
[08:20:16] HOP bucket=21513 L6 active=wlan1 ch6  | prep wlan0 ch3  | BL=['5']
[TX  ->  *] bucket=21513 L6 active=wlan1 ch6  BL=['5']
[RX  <- A] bucket=21513  peer_BL=['5']  my_BL=['5']
[08:20:18] HOP bucket=21514 L6 active=wlan0 ch3  | prep wlan1 ch9  | BL=['5']
[TX  ->  *] bucket=21514 L6 active=wlan0 ch3  BL=['5']
[RX  <- A] bucket=21514  peer_BL=['5']  my_BL=['5']
[08:20:20] HOP bucket=21515 L6 active=wlan1 ch9  | prep wlan0 ch7  | BL=['5']
[TX  ->  *] bucket=21515 L6 active=wlan1 ch9  BL=['5']
[RX  <- A] bucket=21515  peer_BL=['5']  my_BL=['5']
[08:20:22] HOP bucket=21516 L6 active=wlan0 ch7  | prep wlan1 ch9  | BL=['5']
[TX  ->  *] bucket=21516 L6 active=wlan0 ch7  BL=['5']
[!! JAMMED  ] bucket=21516 L6 active=wlan0 ch7  silent + egress_drops=38  -> BL until bucket=21546  BL=['5', '7']
[08:20:24] HOP bucket=21517 L6 active=wlan1 ch9  | prep wlan0 ch4  | BL=['5', '7']
[TX  ->  *] bucket=21517 L6 active=wlan1 ch9  BL=['5', '7']
[RX  <- A] bucket=21517  peer_BL=['5', '7']  my_BL=['5', '7']
[08:20:26] HOP bucket=21518 L6 active=wlan0 ch4  | prep wlan1 ch6  | BL=['5', '7']
[TX  ->  *] bucket=21518 L6 active=wlan0 ch4  BL=['5', '7']
[RX  <- A] bucket=21518  peer_BL=['5', '7']  my_BL=['5', '7']
[08:20:28] HOP bucket=21519 L6 active=wlan1 ch6  | prep wlan0 ch10  | BL=['5', '7']
[TX  ->  *] bucket=21519 L6 active=wlan1 ch6  BL=['5', '7']
[RX  <- A] bucket=21519  peer_BL=['5', '7']  my_BL=['5', '7']
[08:20:30] HOP bucket=21520 L6 active=wlan0 ch10  | prep wlan1 ch6  | BL=['5', '7']
[TX  ->  *] bucket=21520 L6 active=wlan0 ch10  BL=['5', '7']
[RX  <- A] bucket=21520  peer_BL=['5', '7']  my_BL=['5', '7']
[08:20:32] HOP bucket=21521 L6 active=wlan1 ch6  | prep wlan0 ch8  | BL=['5', '7']
[RX  <- A] bucket=21521  peer_BL=['5', '7']  my_BL=['5', '7']
[TX  ->  *] bucket=21521 L6 active=wlan1 ch6  BL=['5', '7']
[08:20:34] HOP bucket=21522 L6 active=wlan0 ch8  | prep wlan1 ch10  | BL=['5', '7']
[TX  ->  *] bucket=21522 L6 active=wlan0 ch8  BL=['5', '7']
[!! JAMMED  ] bucket=21522 L6 active=wlan0 ch8  silent + egress_drops=38  -> BL until bucket=21552  BL=['5', '7', '8']
[08:20:36] HOP bucket=21523 L6 active=wlan1 ch10  | prep wlan0 ch9  | BL=['5', '7', '8']
[TX  ->  *] bucket=21523 L6 active=wlan1 ch10  BL=['5', '7', '8']
[RX  <- A] bucket=21523  peer_BL=['5', '7', '8']  my_BL=['5', '7', '8']
[08:20:38] HOP bucket=21524 L6 active=wlan0 ch9  | prep wlan1 ch3  | BL=['5', '7', '8']
[TX  ->  *] bucket=21524 L6 active=wlan0 ch9  BL=['5', '7', '8']
[RX  <- A] bucket=21524  peer_BL=['5', '7', '8']  my_BL=['5', '7', '8']
[08:20:40] HOP bucket=21525 L6 active=wlan1 ch3  | prep wlan0 ch3  | BL=['5', '7', '8']
[TX  ->  *] bucket=21525 L6 active=wlan1 ch3  BL=['5', '7', '8']
[RX  <- A] bucket=21525  peer_BL=['5', '7', '8']  my_BL=['5', '7', '8']
[08:20:42] HOP bucket=21526 L6 active=wlan0 ch3  | prep wlan1 ch4  | BL=['5', '7', '8']
[RX  <- A] bucket=21526  peer_BL=['5', '7', '8']  my_BL=['5', '7', '8']
[TX  ->  *] bucket=21526 L6 active=wlan0 ch3  BL=['5', '7', '8']
[08:20:44] HOP bucket=21527 L6 active=wlan1 ch4  | prep wlan0 ch11  | BL=['5', '7', '8']
[RX  <- A] bucket=21527  peer_BL=['5', '7', '8']  my_BL=['5', '7', '8']
[TX  ->  *] bucket=21527 L6 active=wlan1 ch4  BL=['5', '7', '8']
[08:20:46] HOP bucket=21528 L6 active=wlan0 ch11  | prep wlan1 ch10  | BL=['5', '7', '8']
[TX  ->  *] bucket=21528 L6 active=wlan0 ch11  BL=['5', '7', '8']
[RX  <- A] bucket=21528  peer_BL=['5', '7', '8']  my_BL=['5', '7', '8']
[08:20:48] HOP bucket=21529 L6 active=wlan1 ch10  | prep wlan0 ch9  | BL=['5', '7', '8']
[TX  ->  *] bucket=21529 L6 active=wlan1 ch10  BL=['5', '7', '8']
[RX  <- A] bucket=21529  peer_BL=['5', '7', '8']  my_BL=['5', '7', '8']
[08:20:50] HOP bucket=21530 L6 active=wlan0 ch9  | prep wlan1 ch4  | BL=['5', '7', '8']
[TX  ->  *] bucket=21530 L6 active=wlan0 ch9  BL=['5', '7', '8']
[RX  <- A] bucket=21530  peer_BL=['5', '7', '8']  my_BL=['5', '7', '8']
[08:20:52] HOP bucket=21531 L6 active=wlan1 ch4  | prep wlan0 ch6  | BL=['5', '7', '8']
[TX  ->  *] bucket=21531 L6 active=wlan1 ch4  BL=['5', '7', '8']
[RX  <- A] bucket=21531  peer_BL=['5', '7', '8']  my_BL=['5', '7', '8']
[08:20:54] HOP bucket=21532 L6 active=wlan0 ch6  | prep wlan1 ch4  | BL=['5', '7', '8']
[RX  <- A] bucket=21532  peer_BL=['5', '7', '8']  my_BL=['5', '7', '8']
[TX  ->  *] bucket=21532 L6 active=wlan0 ch6  BL=['5', '7', '8']
[08:20:56] HOP bucket=21533 L6 active=wlan1 ch4  | prep wlan0 ch4  | BL=['5', '7', '8']
[TX  ->  *] bucket=21533 L6 active=wlan1 ch4  BL=['5', '7', '8']
[RX  <- A] bucket=21533  peer_BL=['5', '7', '8']  my_BL=['5', '7', '8']
[08:20:58] HOP bucket=21534 L6 active=wlan0 ch4  | prep wlan1 ch9  | BL=['5', '7', '8']
[TX  ->  *] bucket=21534 L6 active=wlan0 ch4  BL=['5', '7', '8']
[RX  <- A] bucket=21534  peer_BL=['5', '7', '8']  my_BL=['5', '7', '8']
[08:21:00] HOP bucket=21535 L6 active=wlan1 ch9  | prep wlan0 ch9  | BL=['5', '7', '8']
[RX  <- A] bucket=21535  peer_BL=['5', '7', '8']  my_BL=['5', '7', '8']
[TX  ->  *] bucket=21535 L6 active=wlan1 ch9  BL=['5', '7', '8']
[08:21:02] HOP bucket=21536 L6 active=wlan0 ch9  | prep wlan1 ch9  | BL=['5', '7', '8']
[RX  <- A] bucket=21536  peer_BL=['5', '7', '8']  my_BL=['5', '7', '8']
[TX  ->  *] bucket=21536 L6 active=wlan0 ch9  BL=['5', '7', '8']
[08:21:04] HOP bucket=21537 L6 active=wlan1 ch9  | prep wlan0 ch9  | BL=['5', '7', '8']
[TX  ->  *] bucket=21537 L6 active=wlan1 ch9  BL=['5', '7', '8']
[RX  <- A] bucket=21537  peer_BL=['5', '7', '8']  my_BL=['5', '7', '8']
[08:21:06] HOP bucket=21538 L6 active=wlan0 ch9  | prep wlan1 ch6  | BL=['5', '7', '8']
[TX  ->  *] bucket=21538 L6 active=wlan0 ch9  BL=['5', '7', '8']
[RX  <- A] bucket=21538  peer_BL=['5', '7', '8']  my_BL=['5', '7', '8']
[08:21:08] HOP bucket=21539 L6 active=wlan1 ch6  | prep wlan0 ch6  | BL=['5', '7', '8']
[RX  <- A] bucket=21539  peer_BL=['5', '7', '8']  my_BL=['5', '7', '8']
[TX  ->  *] bucket=21539 L6 active=wlan1 ch6  BL=['5', '7', '8']
[08:21:10] HOP bucket=21540 L6 active=wlan0 ch6  | prep wlan1 ch9  | BL=['5', '7', '8']
[TX  ->  *] bucket=21540 L6 active=wlan0 ch6  BL=['5', '7', '8']
[!! JAMMED  ] bucket=21540 L6 active=wlan0 ch6  silent + egress_drops=75  -> BL until bucket=21570  BL=['5', '6', '7', '8']
[08:21:12] HOP bucket=21541 L6 active=wlan1 ch9  | prep wlan0 ch9  | BL=['6', '7', '8']
[TX  ->  *] bucket=21541 L6 active=wlan1 ch9  BL=['6', '7', '8']
[!! JAMMED  ] bucket=21541 L6 active=wlan1 ch9  silent + egress_drops=38  -> BL until bucket=21571  BL=['6', '7', '8', '9']
[08:21:14] HOP bucket=21542 L6 active=wlan0 ch9  (LAG: totp_says=ch10, physical=ch9)  | prep wlan1 ch11  | BL=['6', '7', '8', '9']
[TX  ->  *] bucket=21542 L6 active=wlan0 ch9  BL=['6', '7', '8', '9']
[08:21:16] HOP bucket=21543 L6 active=wlan1 ch11  | prep wlan0 ch4  | BL=['6', '7', '8', '9']
[TX  ->  *] bucket=21543 L6 active=wlan1 ch11  BL=['6', '7', '8', '9']
[RX  <- A] bucket=21543  peer_BL=['7', '8', '6', '9']  my_BL=['6', '7', '8', '9']
[08:21:18] HOP bucket=21544 L6 active=wlan0 ch4  | prep wlan1 ch4  | BL=['6', '7', '8', '9']
[RX  <- A] bucket=21544  peer_BL=['7', '8', '6', '9']  my_BL=['6', '7', '8', '9']
[TX  ->  *] bucket=21544 L6 active=wlan0 ch4  BL=['6', '7', '8', '9']
[08:21:20] HOP bucket=21545 L6 active=wlan1 ch4  | prep wlan0 ch10  | BL=['6', '7', '8', '9']
[TX  ->  *] bucket=21545 L6 active=wlan1 ch4  BL=['6', '7', '8', '9']
[RX  <- A] bucket=21545  peer_BL=['7', '8', '6', '9']  my_BL=['6', '7', '8', '9']
[08:21:22] HOP bucket=21546 L6 active=wlan0 ch10  | prep wlan1 ch10  | BL=['6', '8', '9']
[TX  ->  *] bucket=21546 L6 active=wlan0 ch10  BL=['6', '8', '9']
[RX  <- A] bucket=21546  peer_BL=['8', '6', '9']  my_BL=['6', '8', '9']
[08:21:24] HOP bucket=21547 L6 active=wlan1 ch10  | prep wlan0 ch4  | BL=['6', '8', '9']
[RX  <- A] bucket=21547  peer_BL=['8', '6', '9']  my_BL=['6', '8', '9']
[TX  ->  *] bucket=21547 L6 active=wlan1 ch10  BL=['6', '8', '9']
[08:21:26] HOP bucket=21548 L6 active=wlan0 ch4  | prep wlan1 ch10  | BL=['6', '8', '9']
[TX  ->  *] bucket=21548 L6 active=wlan0 ch4  BL=['6', '8', '9']
[RX  <- A] bucket=21548  peer_BL=['8', '6', '9']  my_BL=['6', '8', '9']
[08:21:28] HOP bucket=21549 L6 active=wlan1 ch10  | prep wlan0 ch11  | BL=['6', '8', '9']
[TX  ->  *] bucket=21549 L6 active=wlan1 ch10  BL=['6', '8', '9']
[RX  <- A] bucket=21549  peer_BL=['8', '6', '9']  my_BL=['6', '8', '9']
[08:21:30] HOP bucket=21550 L6 active=wlan0 ch11  | prep wlan1 ch10  | BL=['6', '8', '9']
[TX  ->  *] bucket=21550 L6 active=wlan0 ch11  BL=['6', '8', '9']
[RX  <- A] bucket=21550  peer_BL=['8', '6', '9']  my_BL=['6', '8', '9']
[08:21:32] HOP bucket=21551 L6 active=wlan1 ch10  | prep wlan0 ch3  | BL=['6', '8', '9']
[TX  ->  *] bucket=21551 L6 active=wlan1 ch10  BL=['6', '8', '9']
[RX  <- A] bucket=21551  peer_BL=['8', '6', '9']  my_BL=['6', '8', '9']
[08:21:34] HOP bucket=21552 L6 active=wlan0 ch3  | prep wlan1 ch11  | BL=['6', '9']
[RX  <- A] bucket=21552  peer_BL=['6', '9']  my_BL=['6', '9']
[TX  ->  *] bucket=21552 L6 active=wlan0 ch3  BL=['6', '9']
[08:21:36] HOP bucket=21553 L6 active=wlan1 ch11  | prep wlan0 ch5  | BL=['6', '9']
[TX  ->  *] bucket=21553 L6 active=wlan1 ch11  BL=['6', '9']
[RX  <- A] bucket=21553  peer_BL=['6', '9']  my_BL=['6', '9']
[08:21:38] HOP bucket=21554 L6 active=wlan0 ch5  | prep wlan1 ch5  | BL=['6', '9']
[TX  ->  *] bucket=21554 L6 active=wlan0 ch5  BL=['6', '9']
[?? SOFT    ] bucket=21554 L6 active=wlan0 ch5  silent across 35 frames but egress_drops=0  (no tc evidence)
[08:21:40] HOP bucket=21555 L6 active=wlan1 ch5  | prep wlan0 ch7  | BL=['6', '9']
[TX  ->  *] bucket=21555 L6 active=wlan1 ch5  BL=['6', '9']
[?? SOFT    ] bucket=21555 L6 active=wlan1 ch5  silent across 35 frames but egress_drops=0  (no tc evidence)
[08:21:42] HOP bucket=21556 L6 active=wlan0 ch7  | prep wlan1 ch4  | BL=['6', '9']
[TX  ->  *] bucket=21556 L6 active=wlan0 ch7  BL=['6', '9']
[!! JAMMED  ] bucket=21556 L6 active=wlan0 ch7  silent + egress_drops=38  -> BL until bucket=21586  BL=['6', '7', '9']
[08:21:44] HOP bucket=21557 L6 active=wlan1 ch4  | prep wlan0 ch3  | BL=['6', '7', '9']
[TX  ->  *] bucket=21557 L6 active=wlan1 ch4  BL=['6', '7', '9']
[RX  <- A] bucket=21557  peer_BL=['6', '9', '5', '7']  my_BL=['5', '6', '7', '9']
[<= MERGED  ] ch5 from peer's confirmed -> expires bucket=886261279
[08:21:46] HOP bucket=21558 L6 active=wlan0 ch3  | prep wlan1 ch8  | BL=['5', '6', '7', '9']
[TX  ->  *] bucket=21558 L6 active=wlan0 ch3  BL=['5', '6', '7', '9']
[RX  <- A] bucket=21558  peer_BL=['6', '9', '5', '7']  my_BL=['5', '6', '7', '9']
[08:21:48] HOP bucket=21559 L6 active=wlan1 ch8  | prep wlan0 ch10  | BL=['5', '6', '7', '9']
[TX  ->  *] bucket=21559 L6 active=wlan1 ch8  BL=['5', '6', '7', '9']
[?? SOFT    ] bucket=21559 L6 active=wlan1 ch8  silent across 35 frames but egress_drops=0  (no tc evidence)
[08:21:50] HOP bucket=21560 L6 active=wlan0 ch10  | prep wlan1 ch8  | BL=['5', '6', '7', '9']
[TX  ->  *] bucket=21560 L6 active=wlan0 ch10  BL=['5', '6', '7', '9']
[RX  <- A] bucket=21560  peer_BL=['6', '9', '5', '7', '8']  my_BL=['5', '6', '7', '8', '9']
[<= MERGED  ] ch8 from peer's confirmed -> expires bucket=886261284
[08:21:52] HOP bucket=21561 L6 active=wlan1 ch8  (LAG: totp_says=ch10, physical=ch8)  | prep wlan0 ch10  | BL=['5', '6', '7', '8', '9']
[TX  ->  *] bucket=21561 L6 active=wlan1 ch8  BL=['5', '6', '7', '8', '9']
[RX  <- A] bucket=21561  peer_BL=['6', '9', '5', '7', '8']  my_BL=['5', '6', '7', '8', '9']
[08:21:54] HOP bucket=21562 L6 active=wlan0 ch10  | prep wlan1 ch11  | BL=['5', '6', '7', '8', '9']
[TX  ->  *] bucket=21562 L6 active=wlan0 ch10  BL=['5', '6', '7', '8', '9']
[RX  <- A] bucket=21562  peer_BL=['6', '9', '5', '7', '8']  my_BL=['5', '6', '7', '8', '9']
[08:21:56] HOP bucket=21563 L6 active=wlan1 ch11  | prep wlan0 ch3  | BL=['5', '6', '7', '8', '9']
[TX  ->  *] bucket=21563 L6 active=wlan1 ch11  BL=['5', '6', '7', '8', '9']
[RX  <- A] bucket=21563  peer_BL=['6', '9', '5', '7', '8']  my_BL=['5', '6', '7', '8', '9']
[08:21:58] HOP bucket=21564 L6 active=wlan0 ch3  | prep wlan1 ch4  | BL=['5', '6', '7', '8', '9']
[RX  <- A] bucket=21564  peer_BL=['6', '9', '5', '7', '8']  my_BL=['5', '6', '7', '8', '9']
[TX  ->  *] bucket=21564 L6 active=wlan0 ch3  BL=['5', '6', '7', '8', '9']
[08:22:00] HOP bucket=21565 L6 active=wlan1 ch4  | prep wlan0 ch4  | BL=['5', '6', '7', '8', '9']
[TX  ->  *] bucket=21565 L6 active=wlan1 ch4  BL=['5', '6', '7', '8', '9']
[RX  <- A] bucket=21565  peer_BL=['6', '9', '5', '7', '8']  my_BL=['5', '6', '7', '8', '9']
[08:22:02] HOP bucket=21566 L6 active=wlan0 ch4  | prep wlan1 ch3  | BL=['5', '6', '7', '8', '9']
[TX  ->  *] bucket=21566 L6 active=wlan0 ch4  BL=['5', '6', '7', '8', '9']
[RX  <- A] bucket=21566  peer_BL=['6', '9', '5', '7', '8']  my_BL=['5', '6', '7', '8', '9']
[08:22:04] HOP bucket=21567 L6 active=wlan1 ch3  | prep wlan0 ch10  | BL=['5', '6', '7', '8', '9']
[TX  ->  *] bucket=21567 L6 active=wlan1 ch3  BL=['5', '6', '7', '8', '9']
[RX  <- A] bucket=21567  peer_BL=['6', '9', '5', '7', '8']  my_BL=['5', '6', '7', '8', '9']
[08:22:06] HOP bucket=21568 L6 active=wlan0 ch10  | prep wlan1 ch10  | BL=['5', '6', '7', '8', '9']
[TX  ->  *] bucket=21568 L6 active=wlan0 ch10  BL=['5', '6', '7', '8', '9']
[RX  <- A] bucket=21568  peer_BL=['6', '9', '5', '7', '8']  my_BL=['5', '6', '7', '8', '9']
[08:22:08] HOP bucket=21569 L6 active=wlan1 ch10  | prep wlan0 ch11  | BL=['5', '6', '7', '8', '9']
[RX  <- A] bucket=21569  peer_BL=['6', '9', '5', '7', '8']  my_BL=['5', '6', '7', '8', '9']
[TX  ->  *] bucket=21569 L6 active=wlan1 ch10  BL=['5', '6', '7', '8', '9']
[08:22:10] HOP bucket=21570 L6 active=wlan0 ch11  | prep wlan1 ch3  | BL=['5', '7', '8', '9']
[TX  ->  *] bucket=21570 L6 active=wlan0 ch11  BL=['5', '7', '8', '9']
[RX  <- A] bucket=21570  peer_BL=['9', '5', '7', '8']  my_BL=['5', '7', '8', '9']
[08:22:12] HOP bucket=21571 L6 active=wlan1 ch3  | prep wlan0 ch6  | BL=['5', '7', '8']
[TX  ->  *] bucket=21571 L6 active=wlan1 ch3  BL=['5', '7', '8']
[RX  <- A] bucket=21571  peer_BL=['5', '7', '8']  my_BL=['5', '7', '8']
[08:22:14] HOP bucket=21572 L6 active=wlan0 ch6  | prep wlan1 ch3  | BL=['5', '7', '8']
[TX  ->  *] bucket=21572 L6 active=wlan0 ch6  BL=['5', '7', '8']
[RX  <- A] bucket=21572  peer_BL=['5', '7', '8']  my_BL=['5', '7', '8']
[08:22:16] HOP bucket=21573 L6 active=wlan1 ch3  | prep wlan0 ch9  | BL=['5', '7', '8']
[RX  <- A] bucket=21573  peer_BL=['5', '7', '8']  my_BL=['5', '7', '8']
[TX  ->  *] bucket=21573 L6 active=wlan1 ch3  BL=['5', '7', '8']
[08:22:18] HOP bucket=21574 L6 active=wlan0 ch9  | prep wlan1 ch6  | BL=['5', '7', '8']
[TX  ->  *] bucket=21574 L6 active=wlan0 ch9  BL=['5', '7', '8']
[RX  <- A] bucket=21574  peer_BL=['5', '7', '8']  my_BL=['5', '7', '8']
[08:22:20] HOP bucket=21575 L6 active=wlan1 ch6  | prep wlan0 ch4  | BL=['5', '7', '8']
[TX  ->  *] bucket=21575 L6 active=wlan1 ch6  BL=['5', '7', '8']
[RX  <- A] bucket=21575  peer_BL=['5', '7', '8']  my_BL=['5', '7', '8']
[08:22:22] HOP bucket=21576 L6 active=wlan0 ch4  | prep wlan1 ch9  | BL=['5', '7', '8']
[RX  <- A] bucket=21576  peer_BL=['5', '7', '8']  my_BL=['5', '7', '8']
[TX  ->  *] bucket=21576 L6 active=wlan0 ch4  BL=['5', '7', '8']
[08:22:24] HOP bucket=21577 L6 active=wlan1 ch9  | prep wlan0 ch6  | BL=['5', '7', '8']
[TX  ->  *] bucket=21577 L6 active=wlan1 ch9  BL=['5', '7', '8']
[RX  <- A] bucket=21577  peer_BL=['5', '7', '8']  my_BL=['5', '7', '8']
[08:22:26] HOP bucket=21578 L6 active=wlan0 ch6  | prep wlan1 ch11  | BL=['5', '7', '8']
[RX  <- A] bucket=21578  peer_BL=['5', '7', '8']  my_BL=['5', '7', '8']
[TX  ->  *] bucket=21578 L6 active=wlan0 ch6  BL=['5', '7', '8']
[08:22:28] HOP bucket=21579 L6 active=wlan1 ch11  | prep wlan0 ch9  | BL=['5', '7', '8']
[RX  <- A] bucket=21579  peer_BL=['5', '7', '8']  my_BL=['5', '7', '8']
[TX  ->  *] bucket=21579 L6 active=wlan1 ch11  BL=['5', '7', '8']
[08:22:30] HOP bucket=21580 L6 active=wlan0 ch9  | prep wlan1 ch3  | BL=['5', '7', '8']
[TX  ->  *] bucket=21580 L6 active=wlan0 ch9  BL=['5', '7', '8']
[RX  <- A] bucket=21580  peer_BL=['5', '7', '8']  my_BL=['5', '7', '8']
[08:22:32] HOP bucket=21581 L6 active=wlan1 ch3  | prep wlan0 ch9  | BL=['5', '7', '8']
[TX  ->  *] bucket=21581 L6 active=wlan1 ch3  BL=['5', '7', '8']
[RX  <- A] bucket=21581  peer_BL=['5', '7', '8']  my_BL=['5', '7', '8']
[08:22:34] HOP bucket=21582 L6 active=wlan0 ch9  | prep wlan1 ch11  | BL=['5', '7', '8']
[TX  ->  *] bucket=21582 L6 active=wlan0 ch9  BL=['5', '7', '8']
[RX  <- A] bucket=21582  peer_BL=['5', '7', '8']  my_BL=['5', '7', '8']
[08:22:36] HOP bucket=21583 L6 active=wlan1 ch11  | prep wlan0 ch6  | BL=['5', '7', '8']
[RX  <- A] bucket=21583  peer_BL=['5', '7', '8']  my_BL=['5', '7', '8']
[TX  ->  *] bucket=21583 L6 active=wlan1 ch11  BL=['5', '7', '8']
[08:22:38] HOP bucket=21584 L6 active=wlan0 ch6  (LAG: totp_says=ch5, physical=ch6)  | prep wlan1 ch5  | BL=['7', '8']
[RX  <- A] bucket=21584  peer_BL=['7', '8']  my_BL=['7', '8']
[TX  ->  *] bucket=21584 L6 active=wlan0 ch6  BL=['7', '8']
[08:22:40] HOP bucket=21585 L6 active=wlan1 ch5  | prep wlan0 ch4  | BL=['7', '8']
[TX  ->  *] bucket=21585 L6 active=wlan1 ch5  BL=['7', '8']
[RX  <- A] bucket=21585  peer_BL=['7', '8']  my_BL=['7', '8']
[08:22:42] HOP bucket=21586 L6 active=wlan0 ch4  | prep wlan1 ch9  | BL=['8']
[RX  <- A] bucket=21586  peer_BL=['8']  my_BL=['8']
[TX  ->  *] bucket=21586 L6 active=wlan0 ch4  BL=['8']
[08:22:44] HOP bucket=21587 L6 active=wlan1 ch9  | prep wlan0 ch3  | BL=['8']
[RX  <- A] bucket=21587  peer_BL=['8']  my_BL=['8']
[TX  ->  *] bucket=21587 L6 active=wlan1 ch9  BL=['8']
[08:22:46] HOP bucket=21588 L6 active=wlan0 ch3  | prep wlan1 ch6  | BL=['8']
[RX  <- A] bucket=21588  peer_BL=['8']  my_BL=['8']
[TX  ->  *] bucket=21588 L6 active=wlan0 ch3  BL=['8']
[08:22:48] HOP bucket=21589 L6 active=wlan1 ch6  | prep wlan0 ch7  | BL=[]
[RX  <- A] bucket=21589  peer_BL=[]  my_BL=[]
[TX  ->  *] bucket=21589 L6 active=wlan1 ch6  BL=[]
[08:22:50] HOP bucket=21590 L6 active=wlan0 ch7  | prep wlan1 ch5  | BL=[]
[RX  <- A] bucket=21590  peer_BL=[]  my_BL=[]
[TX  ->  *] bucket=21590 L6 active=wlan0 ch7  BL=[]
[08:22:52] HOP bucket=21591 L6 active=wlan1 ch5  | prep wlan0 ch5  | BL=[]
[TX  ->  *] bucket=21591 L6 active=wlan1 ch5  BL=[]
[RX  <- A] bucket=21591  peer_BL=[]  my_BL=[]
[08:22:54] HOP bucket=21592 L6 active=wlan0 ch5  | prep wlan1 ch10  | BL=[]
[RX  <- A] bucket=21592  peer_BL=[]  my_BL=[]
[TX  ->  *] bucket=21592 L6 active=wlan0 ch5  BL=[]
[08:22:56] HOP bucket=21593 L6 active=wlan1 ch10  | prep wlan0 ch9  | BL=[]
[TX  ->  *] bucket=21593 L6 active=wlan1 ch10  BL=[]
[RX  <- A] bucket=21593  peer_BL=[]  my_BL=[]
[08:22:58] HOP bucket=21594 L6 active=wlan0 ch9  | prep wlan1 ch11  | BL=[]
[TX  ->  *] bucket=21594 L6 active=wlan0 ch9  BL=[]
[RX  <- A] bucket=21594  peer_BL=[]  my_BL=[]
[08:23:00] HOP bucket=21595 L6 active=wlan1 ch11  | prep wlan0 ch8  | BL=[]
[TX  ->  *] bucket=21595 L6 active=wlan1 ch11  BL=[]
[RX  <- A] bucket=21595  peer_BL=[]  my_BL=[]
[08:23:02] HOP bucket=21596 L6 active=wlan0 ch8  | prep wlan1 ch11  | BL=[]
[TX  ->  *] bucket=21596 L6 active=wlan0 ch8  BL=[]
[RX  <- A] bucket=21596  peer_BL=[]  my_BL=[]
[08:23:04] HOP bucket=21597 L6 active=wlan1 ch11  | prep wlan0 ch4  | BL=[]
[TX  ->  *] bucket=21597 L6 active=wlan1 ch11  BL=[]
[RX  <- A] bucket=21597  peer_BL=[]  my_BL=[]
[08:23:06] HOP bucket=21598 L6 active=wlan0 ch4  | prep wlan1 ch10  | BL=[]
[RX  <- A] bucket=21598  peer_BL=[]  my_BL=[]
[TX  ->  *] bucket=21598 L6 active=wlan0 ch4  BL=[]
[08:23:08] HOP bucket=21599 L6 active=wlan1 ch10  | prep wlan0 ch10  | BL=[]
[RX  <- A] bucket=21599  peer_BL=[]  my_BL=[]
[TX  ->  *] bucket=21599 L6 active=wlan1 ch10  BL=[]
[08:23:10] HOP bucket=21600 L6 active=wlan0 ch10  | prep wlan1 ch10  | BL=[]
[TX  ->  *] bucket=21600 L6 active=wlan0 ch10  BL=[]
[RX  <- A] bucket=21600  peer_BL=[]  my_BL=[]
[08:23:12] HOP bucket=21601 L6 active=wlan1 ch10  | prep wlan0 ch7  | BL=[]
[TX  ->  *] bucket=21601 L6 active=wlan1 ch10  BL=[]
[RX  <- A] bucket=21601  peer_BL=[]  my_BL=[]
[08:23:14] HOP bucket=21602 L6 active=wlan0 ch7  | prep wlan1 ch3  | BL=[]
[TX  ->  *] bucket=21602 L6 active=wlan0 ch7  BL=[]
[RX  <- A] bucket=21602  peer_BL=[]  my_BL=[]
[08:23:16] HOP bucket=21603 L6 active=wlan1 ch3  | prep wlan0 ch9  | BL=[]
[TX  ->  *] bucket=21603 L6 active=wlan1 ch3  BL=[]
[!! JAMMED  ] bucket=21603 L6 active=wlan1 ch3  silent + egress_drops=38  -> BL until bucket=21633  BL=['3']
[08:23:18] HOP bucket=21604 L6 active=wlan0 ch9  | prep wlan1 ch11  | BL=['3']
[RX  <- A] bucket=21604  peer_BL=['3']  my_BL=['3']
[TX  ->  *] bucket=21604 L6 active=wlan0 ch9  BL=['3']
[08:23:20] HOP bucket=21605 L6 active=wlan1 ch11  | prep wlan0 ch10  | BL=['3']
[RX  <- A] bucket=21605  peer_BL=['3']  my_BL=['3']
[TX  ->  *] bucket=21605 L6 active=wlan1 ch11  BL=['3']
[08:23:22] HOP bucket=21606 L6 active=wlan0 ch10  | prep wlan1 ch6  | BL=['3']
[TX  ->  *] bucket=21606 L6 active=wlan0 ch10  BL=['3']
[RX  <- A] bucket=21606  peer_BL=['3']  my_BL=['3']
[08:23:24] HOP bucket=21607 L6 active=wlan1 ch6  | prep wlan0 ch7  | BL=['3']
[TX  ->  *] bucket=21607 L6 active=wlan1 ch6  BL=['3']
[RX  <- A] bucket=21607  peer_BL=['3']  my_BL=['3']
[08:23:26] HOP bucket=21608 L6 active=wlan0 ch7  | prep wlan1 ch8  | BL=['3']
[TX  ->  *] bucket=21608 L6 active=wlan0 ch7  BL=['3']
[RX  <- A] bucket=21608  peer_BL=['3']  my_BL=['3']
[08:23:28] HOP bucket=21609 L6 active=wlan1 ch8  | prep wlan0 ch11  | BL=['3']
[RX  <- A] bucket=21609  peer_BL=['3']  my_BL=['3']
[TX  ->  *] bucket=21609 L6 active=wlan1 ch8  BL=['3']
[08:23:30] HOP bucket=21610 L6 active=wlan0 ch11  | prep wlan1 ch8  | BL=['3']
[TX  ->  *] bucket=21610 L6 active=wlan0 ch11  BL=['3']
[RX  <- A] bucket=21610  peer_BL=['3']  my_BL=['3']
[08:23:32] HOP bucket=21611 L6 active=wlan1 ch8  | prep wlan0 ch7  | BL=['3']
[TX  ->  *] bucket=21611 L6 active=wlan1 ch8  BL=['3']
[RX  <- A] bucket=21611  peer_BL=['3']  my_BL=['3']
[08:23:34] HOP bucket=21612 L6 active=wlan0 ch7  | prep wlan1 ch4  | BL=['3']
[TX  ->  *] bucket=21612 L6 active=wlan0 ch7  BL=['3']
[RX  <- A] bucket=21612  peer_BL=['3']  my_BL=['3']
[08:23:36] HOP bucket=21613 L6 active=wlan1 ch4  | prep wlan0 ch4  | BL=['3']
[TX  ->  *] bucket=21613 L6 active=wlan1 ch4  BL=['3']
[RX  <- A] bucket=21613  peer_BL=['3']  my_BL=['3']
[08:23:38] HOP bucket=21614 L6 active=wlan0 ch4  | prep wlan1 ch5  | BL=['3']
[TX  ->  *] bucket=21614 L6 active=wlan0 ch4  BL=['3']
[RX  <- A] bucket=21614  peer_BL=['3']  my_BL=['3']
[08:23:40] HOP bucket=21615 L6 active=wlan1 ch5  | prep wlan0 ch5  | BL=['3']
[RX  <- A] bucket=21615  peer_BL=['3']  my_BL=['3']
[TX  ->  *] bucket=21615 L6 active=wlan1 ch5  BL=['3']
[08:23:42] HOP bucket=21616 L6 active=wlan0 ch5  | prep wlan1 ch8  | BL=['3']
[RX  <- A] bucket=21616  peer_BL=['3']  my_BL=['3']
[TX  ->  *] bucket=21616 L6 active=wlan0 ch5  BL=['3']
[08:23:44] HOP bucket=21617 L6 active=wlan1 ch8  | prep wlan0 ch6  | BL=['3']
[TX  ->  *] bucket=21617 L6 active=wlan1 ch8  BL=['3']
[RX  <- A] bucket=21617  peer_BL=['3']  my_BL=['3']
[08:23:46] HOP bucket=21618 L6 active=wlan0 ch6  | prep wlan1 ch10  | BL=['3']
[TX  ->  *] bucket=21618 L6 active=wlan0 ch6  BL=['3']
[RX  <- A] bucket=21618  peer_BL=['3']  my_BL=['3']
[08:23:48] HOP bucket=21619 L6 active=wlan1 ch10  | prep wlan0 ch6  | BL=['3']
[TX  ->  *] bucket=21619 L6 active=wlan1 ch10  BL=['3']
[RX  <- A] bucket=21619  peer_BL=['3']  my_BL=['3']
[08:23:50] HOP bucket=21620 L6 active=wlan0 ch6  | prep wlan1 ch9  | BL=['3']
[TX  ->  *] bucket=21620 L6 active=wlan0 ch6  BL=['3']
[RX  <- A] bucket=21620  peer_BL=['3']  my_BL=['3']
[08:23:52] HOP bucket=21621 L6 active=wlan1 ch9  | prep wlan0 ch8  | BL=['3']
[TX  ->  *] bucket=21621 L6 active=wlan1 ch9  BL=['3']
[RX  <- A] bucket=21621  peer_BL=['3']  my_BL=['3']
[08:23:54] HOP bucket=21622 L6 active=wlan0 ch8  | prep wlan1 ch8  | BL=['3']
[TX  ->  *] bucket=21622 L6 active=wlan0 ch8  BL=['3']
[RX  <- A] bucket=21622  peer_BL=['3']  my_BL=['3']
[08:23:56] HOP bucket=21623 L6 active=wlan1 ch8  | prep wlan0 ch7  | BL=['3']
[TX  ->  *] bucket=21623 L6 active=wlan1 ch8  BL=['3']
[RX  <- A] bucket=21623  peer_BL=['3']  my_BL=['3']
[08:23:58] HOP bucket=21624 L6 active=wlan0 ch7  | prep wlan1 ch4  | BL=['3']
[RX  <- A] bucket=21624  peer_BL=['3']  my_BL=['3']
[TX  ->  *] bucket=21624 L6 active=wlan0 ch7  BL=['3']
[08:24:00] HOP bucket=21625 L6 active=wlan1 ch4  | prep wlan0 ch5  | BL=['3']
[TX  ->  *] bucket=21625 L6 active=wlan1 ch4  BL=['3']
[RX  <- A] bucket=21625  peer_BL=['3']  my_BL=['3']
[08:24:02] HOP bucket=21626 L6 active=wlan0 ch5  | prep wlan1 ch7  | BL=['3']
[RX  <- A] bucket=21626  peer_BL=['3']  my_BL=['3']
[TX  ->  *] bucket=21626 L6 active=wlan0 ch5  BL=['3']
[08:24:04] HOP bucket=21627 L6 active=wlan1 ch7  | prep wlan0 ch9  | BL=['3']
[RX  <- A] bucket=21627  peer_BL=['3']  my_BL=['3']
[TX  ->  *] bucket=21627 L6 active=wlan1 ch7  BL=['3']
[08:24:06] HOP bucket=21628 L6 active=wlan0 ch9  | prep wlan1 ch9  | BL=['3']
[TX  ->  *] bucket=21628 L6 active=wlan0 ch9  BL=['3']
[RX  <- A] bucket=21628  peer_BL=['3']  my_BL=['3']
[08:24:08] HOP bucket=21629 L6 active=wlan1 ch9  | prep wlan0 ch5  | BL=['3']
[RX  <- A] bucket=21629  peer_BL=['3']  my_BL=['3']
[TX  ->  *] bucket=21629 L6 active=wlan1 ch9  BL=['3']
[08:24:10] HOP bucket=21630 L6 active=wlan0 ch5  | prep wlan1 ch7  | BL=['3']
[TX  ->  *] bucket=21630 L6 active=wlan0 ch5  BL=['3']
[!! JAMMED  ] bucket=21630 L6 active=wlan0 ch5  silent + egress_drops=37  -> BL until bucket=21660  BL=['3', '5']
[08:24:12] HOP bucket=21631 L6 active=wlan1 ch7  | prep wlan0 ch4  | BL=['3', '5']
[TX  ->  *] bucket=21631 L6 active=wlan1 ch7  BL=['3', '5']
[RX  <- A] bucket=21631  peer_BL=['3', '5']  my_BL=['3', '5']
[08:24:14] HOP bucket=21632 L6 active=wlan0 ch4  | prep wlan1 ch10  | BL=['3', '5']
[TX  ->  *] bucket=21632 L6 active=wlan0 ch4  BL=['3', '5']
[?? SOFT    ] bucket=21632 L6 active=wlan0 ch4  silent across 35 frames but egress_drops=0  (no tc evidence)
[08:24:16] HOP bucket=21633 L6 active=wlan1 ch10  | prep wlan0 ch6  | BL=['5']
[TX  ->  *] bucket=21633 L6 active=wlan1 ch10  BL=['5']
[RX  <- A] bucket=21633  peer_BL=['5', '4']  my_BL=['4', '5']
[<= MERGED  ] ch4 from peer's confirmed -> expires bucket=886261357
[08:24:18] HOP bucket=21634 L6 active=wlan0 ch6  | prep wlan1 ch6  | BL=['4', '5']
[TX  ->  *] bucket=21634 L6 active=wlan0 ch6  BL=['4', '5']
[RX  <- A] bucket=21634  peer_BL=['5', '4']  my_BL=['4', '5']
[08:24:20] HOP bucket=21635 L6 active=wlan1 ch6  | prep wlan0 ch9  | BL=['4', '5']
[TX  ->  *] bucket=21635 L6 active=wlan1 ch6  BL=['4', '5']
[RX  <- A] bucket=21635  peer_BL=['5', '4']  my_BL=['4', '5']
[08:24:22] HOP bucket=21636 L6 active=wlan0 ch9  | prep wlan1 ch3  | BL=['4', '5']
[TX  ->  *] bucket=21636 L6 active=wlan0 ch9  BL=['4', '5']
[RX  <- A] bucket=21636  peer_BL=['5', '4']  my_BL=['4', '5']
[08:24:24] HOP bucket=21637 L6 active=wlan1 ch3  | prep wlan0 ch6  | BL=['4', '5']
[TX  ->  *] bucket=21637 L6 active=wlan1 ch3  BL=['4', '5']
[!! JAMMED  ] bucket=21637 L6 active=wlan1 ch3  silent + egress_drops=38  -> BL until bucket=21667  BL=['3', '4', '5']
[08:24:26] HOP bucket=21638 L6 active=wlan0 ch6  | prep wlan1 ch6  | BL=['3', '4', '5']
[TX  ->  *] bucket=21638 L6 active=wlan0 ch6  BL=['3', '4', '5']
[RX  <- A] bucket=21638  peer_BL=['5', '4', '3']  my_BL=['3', '4', '5']
[08:24:28] HOP bucket=21639 L6 active=wlan1 ch6  | prep wlan0 ch6  | BL=['3', '4', '5']
[RX  <- A] bucket=21639  peer_BL=['5', '4', '3']  my_BL=['3', '4', '5']
[TX  ->  *] bucket=21639 L6 active=wlan1 ch6  BL=['3', '4', '5']
[08:24:30] HOP bucket=21640 L6 active=wlan0 ch6  | prep wlan1 ch11  | BL=['3', '4', '5']
[RX  <- A] bucket=21640  peer_BL=['5', '4', '3']  my_BL=['3', '4', '5']
[TX  ->  *] bucket=21640 L6 active=wlan0 ch6  BL=['3', '4', '5']
[08:24:32] HOP bucket=21641 L6 active=wlan1 ch11  | prep wlan0 ch8  | BL=['3', '4', '5']
[RX  <- A] bucket=21641  peer_BL=['5', '4', '3']  my_BL=['3', '4', '5']
[TX  ->  *] bucket=21641 L6 active=wlan1 ch11  BL=['3', '4', '5']
[08:24:34] HOP bucket=21642 L6 active=wlan0 ch8  | prep wlan1 ch6  | BL=['3', '4', '5']
[TX  ->  *] bucket=21642 L6 active=wlan0 ch8  BL=['3', '4', '5']
[RX  <- A] bucket=21642  peer_BL=['5', '4', '3']  my_BL=['3', '4', '5']
[08:24:36] HOP bucket=21643 L6 active=wlan1 ch6  | prep wlan0 ch6  | BL=['3', '4', '5']
[TX  ->  *] bucket=21643 L6 active=wlan1 ch6  BL=['3', '4', '5']
[RX  <- A] bucket=21643  peer_BL=['5', '4', '3']  my_BL=['3', '4', '5']
[08:24:38] HOP bucket=21644 L6 active=wlan0 ch6  | prep wlan1 ch6  | BL=['3', '4', '5']
[RX  <- A] bucket=21644  peer_BL=['5', '4', '3']  my_BL=['3', '4', '5']
[TX  ->  *] bucket=21644 L6 active=wlan0 ch6  BL=['3', '4', '5']
[08:24:40] HOP bucket=21645 L6 active=wlan1 ch6  | prep wlan0 ch6  | BL=['3', '4', '5']
[TX  ->  *] bucket=21645 L6 active=wlan1 ch6  BL=['3', '4', '5']
[RX  <- A] bucket=21645  peer_BL=['5', '4', '3']  my_BL=['3', '4', '5']
[08:24:42] HOP bucket=21646 L6 active=wlan0 ch6  | prep wlan1 ch9  | BL=['3', '4', '5']
[TX  ->  *] bucket=21646 L6 active=wlan0 ch6  BL=['3', '4', '5']
[RX  <- A] bucket=21646  peer_BL=['5', '4', '3']  my_BL=['3', '4', '5']
[08:24:44] HOP bucket=21647 L6 active=wlan1 ch9  | prep wlan0 ch11  | BL=['3', '4', '5']
[TX  ->  *] bucket=21647 L6 active=wlan1 ch9  BL=['3', '4', '5']
[RX  <- A] bucket=21647  peer_BL=['5', '4', '3']  my_BL=['3', '4', '5']
[08:24:46] HOP bucket=21648 L6 active=wlan0 ch11  | prep wlan1 ch10  | BL=['3', '4', '5']
[TX  ->  *] bucket=21648 L6 active=wlan0 ch11  BL=['3', '4', '5']
[RX  <- A] bucket=21648  peer_BL=['5', '4', '3']  my_BL=['3', '4', '5']
[08:24:48] HOP bucket=21649 L6 active=wlan1 ch10  | prep wlan0 ch6  | BL=['3', '4', '5']
[TX  ->  *] bucket=21649 L6 active=wlan1 ch10  BL=['3', '4', '5']
[RX  <- A] bucket=21649  peer_BL=['5', '4', '3']  my_BL=['3', '4', '5']
[08:24:50] HOP bucket=21650 L6 active=wlan0 ch6  | prep wlan1 ch11  | BL=['3', '4', '5']
[RX  <- A] bucket=21650  peer_BL=['5', '4', '3']  my_BL=['3', '4', '5']
[TX  ->  *] bucket=21650 L6 active=wlan0 ch6  BL=['3', '4', '5']
[08:24:52] HOP bucket=21651 L6 active=wlan1 ch11  | prep wlan0 ch6  | BL=['3', '4', '5']
[TX  ->  *] bucket=21651 L6 active=wlan1 ch11  BL=['3', '4', '5']
[RX  <- A] bucket=21651  peer_BL=['5', '4', '3']  my_BL=['3', '4', '5']
[08:24:54] HOP bucket=21652 L6 active=wlan0 ch6  | prep wlan1 ch8  | BL=['3', '4', '5']
[RX  <- A] bucket=21652  peer_BL=['5', '4', '3']  my_BL=['3', '4', '5']
[TX  ->  *] bucket=21652 L6 active=wlan0 ch6  BL=['3', '4', '5']
[08:24:56] HOP bucket=21653 L6 active=wlan1 ch8  | prep wlan0 ch6  | BL=['3', '4', '5']
[TX  ->  *] bucket=21653 L6 active=wlan1 ch8  BL=['3', '4', '5']
[RX  <- A] bucket=21653  peer_BL=['5', '4', '3']  my_BL=['3', '4', '5']
[08:24:58] HOP bucket=21654 L6 active=wlan0 ch6  | prep wlan1 ch7  | BL=['3', '4', '5']
[TX  ->  *] bucket=21654 L6 active=wlan0 ch6  BL=['3', '4', '5']
[RX  <- A] bucket=21654  peer_BL=['5', '4', '3']  my_BL=['3', '4', '5']
[08:25:00] HOP bucket=21655 L6 active=wlan1 ch7  | prep wlan0 ch7  | BL=['3', '4', '5']
[RX  <- A] bucket=21655  peer_BL=['5', '4', '3']  my_BL=['3', '4', '5']
[TX  ->  *] bucket=21655 L6 active=wlan1 ch7  BL=['3', '4', '5']
[08:25:02] HOP bucket=21656 L6 active=wlan0 ch7  | prep wlan1 ch6  | BL=['3', '4', '5']
[RX  <- A] bucket=21656  peer_BL=['5', '4', '3']  my_BL=['3', '4', '5']
[TX  ->  *] bucket=21656 L6 active=wlan0 ch7  BL=['3', '4', '5']
[08:25:04] HOP bucket=21657 L6 active=wlan1 ch6  | prep wlan0 ch11  | BL=['3', '4', '5']
[TX  ->  *] bucket=21657 L6 active=wlan1 ch6  BL=['3', '4', '5']
[RX  <- A] bucket=21657  peer_BL=['5', '4', '3']  my_BL=['3', '4', '5']
[08:25:06] HOP bucket=21658 L6 active=wlan0 ch11  | prep wlan1 ch8  | BL=['3', '4', '5']
[TX  ->  *] bucket=21658 L6 active=wlan0 ch11  BL=['3', '4', '5']
[RX  <- A] bucket=21658  peer_BL=['5', '4', '3']  my_BL=['3', '4', '5']
[08:25:08] HOP bucket=21659 L6 active=wlan1 ch8  | prep wlan0 ch11  | BL=['3', '4', '5']
[TX  ->  *] bucket=21659 L6 active=wlan1 ch8  BL=['3', '4', '5']
[RX  <- A] bucket=21659  peer_BL=['5', '4', '3']  my_BL=['3', '4', '5']
[08:25:10] HOP bucket=21660 L6 active=wlan0 ch11  | prep wlan1 ch9  | BL=['3', '4']
[RX  <- A] bucket=21660  peer_BL=['4', '3']  my_BL=['3', '4']
[TX  ->  *] bucket=21660 L6 active=wlan0 ch11  BL=['3', '4']
[08:25:12] HOP bucket=21661 L6 active=wlan1 ch9  | prep wlan0 ch8  | BL=['3', '4']
[RX  <- A] bucket=21661  peer_BL=['4', '3']  my_BL=['3', '4']
[TX  ->  *] bucket=21661 L6 active=wlan1 ch9  BL=['3', '4']
[08:25:14] HOP bucket=21662 L6 active=wlan0 ch8  | prep wlan1 ch4  | BL=['3']
[TX  ->  *] bucket=21662 L6 active=wlan0 ch8  BL=['3']
[RX  <- A] bucket=21662  peer_BL=['3']  my_BL=['3']
[08:25:16] HOP bucket=21663 L6 active=wlan1 ch4  | prep wlan0 ch4  | BL=['3']
[TX  ->  *] bucket=21663 L6 active=wlan1 ch4  BL=['3']
[!! JAMMED  ] bucket=21663 L6 active=wlan1 ch4  silent + egress_drops=38  -> BL until bucket=21693  BL=['3', '4']
[08:25:18] HOP bucket=21664 L6 active=wlan0 ch4  (LAG: totp_says=ch5, physical=ch4)  | prep wlan1 ch5  | BL=['3', '4']
[TX  ->  *] bucket=21664 L6 active=wlan0 ch4  BL=['3', '4']
[08:25:20] HOP bucket=21665 L6 active=wlan1 ch5  | prep wlan0 ch5  | BL=['3', '4']
[TX  ->  *] bucket=21665 L6 active=wlan1 ch5  BL=['3', '4']
[!! JAMMED  ] bucket=21665 L6 active=wlan1 ch5  silent + egress_drops=38  -> BL until bucket=21695  BL=['3', '4', '5']
[08:25:22] HOP bucket=21666 L6 active=wlan0 ch5  (LAG: totp_says=ch6, physical=ch5)  | prep wlan1 ch6  | BL=['3', '4', '5']
[TX  ->  *] bucket=21666 L6 active=wlan0 ch5  BL=['3', '4', '5']
[08:25:24] HOP bucket=21667 L6 active=wlan1 ch6  | prep wlan0 ch6  | BL=['4', '5']
[TX  ->  *] bucket=21667 L6 active=wlan1 ch6  BL=['4', '5']
[!! JAMMED  ] bucket=21667 L6 active=wlan1 ch6  silent + egress_drops=38  -> BL until bucket=21697  BL=['4', '5', '6']
[08:25:26] HOP bucket=21668 L6 active=wlan0 ch6  (LAG: totp_says=ch7, physical=ch6)  | prep wlan1 ch3  | BL=['4', '5', '6']
[TX  ->  *] bucket=21668 L6 active=wlan0 ch6  BL=['4', '5', '6']
[08:25:28] HOP bucket=21669 L6 active=wlan1 ch3  | prep wlan0 ch10  | BL=['4', '5', '6']
[RX  <- A] bucket=21669  peer_BL=['4', '5', '6']  my_BL=['4', '5', '6']
[TX  ->  *] bucket=21669 L6 active=wlan1 ch3  BL=['4', '5', '6']
[08:25:30] HOP bucket=21670 L6 active=wlan0 ch10  | prep wlan1 ch11  | BL=['4', '5', '6']
[RX  <- A] bucket=21670  peer_BL=['4', '5', '6']  my_BL=['4', '5', '6']
[TX  ->  *] bucket=21670 L6 active=wlan0 ch10  BL=['4', '5', '6']
[08:25:32] HOP bucket=21671 L6 active=wlan1 ch11  | prep wlan0 ch11  | BL=['4', '5', '6']
[RX  <- A] bucket=21671  peer_BL=['4', '5', '6']  my_BL=['4', '5', '6']
[TX  ->  *] bucket=21671 L6 active=wlan1 ch11  BL=['4', '5', '6']
[08:25:34] HOP bucket=21672 L6 active=wlan0 ch11  | prep wlan1 ch7  | BL=['4', '5', '6']
[TX  ->  *] bucket=21672 L6 active=wlan0 ch11  BL=['4', '5', '6']
[RX  <- A] bucket=21672  peer_BL=['4', '5', '6']  my_BL=['4', '5', '6']
[08:25:36] HOP bucket=21673 L6 active=wlan1 ch7  | prep wlan0 ch7  | BL=['4', '5', '6']
[TX  ->  *] bucket=21673 L6 active=wlan1 ch7  BL=['4', '5', '6']
[RX  <- A] bucket=21673  peer_BL=['4', '5', '6']  my_BL=['4', '5', '6']
[08:25:38] HOP bucket=21674 L6 active=wlan0 ch7  | prep wlan1 ch10  | BL=['4', '5', '6']
[TX  ->  *] bucket=21674 L6 active=wlan0 ch7  BL=['4', '5', '6']
[RX  <- A] bucket=21674  peer_BL=['4', '5', '6']  my_BL=['4', '5', '6']
[08:25:40] HOP bucket=21675 L6 active=wlan1 ch10  | prep wlan0 ch9  | BL=['4', '5', '6']
[TX  ->  *] bucket=21675 L6 active=wlan1 ch10  BL=['4', '5', '6']
[RX  <- A] bucket=21675  peer_BL=['4', '5', '6']  my_BL=['4', '5', '6']
[08:25:42] HOP bucket=21676 L6 active=wlan0 ch9  | prep wlan1 ch7  | BL=['4', '5', '6']
[TX  ->  *] bucket=21676 L6 active=wlan0 ch9  BL=['4', '5', '6']
[RX  <- A] bucket=21676  peer_BL=['4', '5', '6']  my_BL=['4', '5', '6']
[08:25:44] HOP bucket=21677 L6 active=wlan1 ch7  | prep wlan0 ch7  | BL=['4', '5', '6']
[TX  ->  *] bucket=21677 L6 active=wlan1 ch7  BL=['4', '5', '6']
[RX  <- A] bucket=21677  peer_BL=['4', '5', '6']  my_BL=['4', '5', '6']
[08:25:46] HOP bucket=21678 L6 active=wlan0 ch7  | prep wlan1 ch7  | BL=['4', '5', '6']
[TX  ->  *] bucket=21678 L6 active=wlan0 ch7  BL=['4', '5', '6']
[RX  <- A] bucket=21678  peer_BL=['4', '5', '6']  my_BL=['4', '5', '6']
[08:25:48] HOP bucket=21679 L6 active=wlan1 ch7  | prep wlan0 ch8  | BL=['4', '5', '6']
[RX  <- A] bucket=21679  peer_BL=['4', '5', '6']  my_BL=['4', '5', '6']
[TX  ->  *] bucket=21679 L6 active=wlan1 ch7  BL=['4', '5', '6']
[08:25:50] HOP bucket=21680 L6 active=wlan0 ch8  | prep wlan1 ch9  | BL=['4', '5', '6']
[RX  <- A] bucket=21680  peer_BL=['4', '5', '6']  my_BL=['4', '5', '6']
[TX  ->  *] bucket=21680 L6 active=wlan0 ch8  BL=['4', '5', '6']
[08:25:52] HOP bucket=21681 L6 active=wlan1 ch9  | prep wlan0 ch7  | BL=['4', '5', '6']
[TX  ->  *] bucket=21681 L6 active=wlan1 ch9  BL=['4', '5', '6']
[RX  <- A] bucket=21681  peer_BL=['4', '5', '6']  my_BL=['4', '5', '6']
[08:25:54] HOP bucket=21682 L6 active=wlan0 ch7  | prep wlan1 ch7  | BL=['4', '5', '6']
[TX  ->  *] bucket=21682 L6 active=wlan0 ch7  BL=['4', '5', '6']
[RX  <- A] bucket=21682  peer_BL=['4', '5', '6']  my_BL=['4', '5', '6']
[08:25:56] HOP bucket=21683 L6 active=wlan1 ch7  | prep wlan0 ch7  | BL=['4', '5', '6']
[TX  ->  *] bucket=21683 L6 active=wlan1 ch7  BL=['4', '5', '6']
[RX  <- A] bucket=21683  peer_BL=['4', '5', '6']  my_BL=['4', '5', '6']
[08:25:58] HOP bucket=21684 L6 active=wlan0 ch7  | prep wlan1 ch8  | BL=['4', '5', '6']
[TX  ->  *] bucket=21684 L6 active=wlan0 ch7  BL=['4', '5', '6']
[RX  <- A] bucket=21684  peer_BL=['4', '5', '6']  my_BL=['4', '5', '6']
[08:26:00] HOP bucket=21685 L6 active=wlan1 ch8  | prep wlan0 ch9  | BL=['4', '5', '6']
[RX  <- A] bucket=21685  peer_BL=['4', '5', '6']  my_BL=['4', '5', '6']
[TX  ->  *] bucket=21685 L6 active=wlan1 ch8  BL=['4', '5', '6']
[08:26:02] HOP bucket=21686 L6 active=wlan0 ch9  | prep wlan1 ch10  | BL=['4', '5', '6']
[TX  ->  *] bucket=21686 L6 active=wlan0 ch9  BL=['4', '5', '6']
[RX  <- A] bucket=21686  peer_BL=['4', '5', '6']  my_BL=['4', '5', '6']
[08:26:04] HOP bucket=21687 L6 active=wlan1 ch10  | prep wlan0 ch7  | BL=['4', '5', '6']
[TX  ->  *] bucket=21687 L6 active=wlan1 ch10  BL=['4', '5', '6']
[RX  <- A] bucket=21687  peer_BL=['4', '5', '6']  my_BL=['4', '5', '6']
[08:26:06] HOP bucket=21688 L6 active=wlan0 ch7  | prep wlan1 ch9  | BL=['4', '5', '6']
[RX  <- A] bucket=21688  peer_BL=['4', '5', '6']  my_BL=['4', '5', '6']
[TX  ->  *] bucket=21688 L6 active=wlan0 ch7  BL=['4', '5', '6']
[08:26:08] HOP bucket=21689 L6 active=wlan1 ch9  | prep wlan0 ch9  | BL=['4', '5', '6']
[TX  ->  *] bucket=21689 L6 active=wlan1 ch9  BL=['4', '5', '6']
[RX  <- A] bucket=21689  peer_BL=['4', '5', '6']  my_BL=['4', '5', '6']
[08:26:10] HOP bucket=21690 L6 active=wlan0 ch9  | prep wlan1 ch7  | BL=['4', '5', '6']
[TX  ->  *] bucket=21690 L6 active=wlan0 ch9  BL=['4', '5', '6']
[RX  <- A] bucket=21690  peer_BL=['4', '5', '6']  my_BL=['4', '5', '6']
[08:26:12] HOP bucket=21691 L6 active=wlan1 ch7  | prep wlan0 ch7  | BL=['4', '5', '6']
[TX  ->  *] bucket=21691 L6 active=wlan1 ch7  BL=['4', '5', '6']
[!! JAMMED  ] bucket=21691 L6 active=wlan1 ch7  silent + egress_drops=38  -> BL until bucket=21721  BL=['4', '5', '6', '7']
[08:26:14] HOP bucket=21692 L6 active=wlan0 ch7  (LAG: totp_says=ch8, physical=ch7)  | prep wlan1 ch8  | BL=['4', '5', '6', '7']
[TX  ->  *] bucket=21692 L6 active=wlan0 ch7  BL=['4', '5', '6', '7']
[08:26:16] HOP bucket=21693 L6 active=wlan1 ch8  | prep wlan0 ch8  | BL=['5', '6', '7']
[TX  ->  *] bucket=21693 L6 active=wlan1 ch8  BL=['5', '6', '7']
[!! JAMMED  ] bucket=21693 L6 active=wlan1 ch8  silent + egress_drops=38  -> BL until bucket=21723  BL=['5', '6', '7', '8']
[08:26:18] HOP bucket=21694 L6 active=wlan0 ch8  (LAG: totp_says=ch9, physical=ch8)  | prep wlan1 ch9  | BL=['5', '6', '7', '8']
[RX  <- A] bucket=21694  peer_BL=['5', '6', '7']  my_BL=['5', '6', '7', '8']
[TX  ->  *] bucket=21694 L6 active=wlan0 ch8  BL=['5', '6', '7', '8']
[08:26:20] HOP bucket=21695 L6 active=wlan1 ch9  | prep wlan0 ch10  | BL=['6', '7', '8']
[TX  ->  *] bucket=21695 L6 active=wlan1 ch9  BL=['6', '7', '8']
[RX  <- A] bucket=21695  peer_BL=['6', '7']  my_BL=['6', '7', '8']
[08:26:22] HOP bucket=21696 L6 active=wlan0 ch10  | prep wlan1 ch5  | BL=['6', '7', '8']
[TX  ->  *] bucket=21696 L6 active=wlan0 ch10  BL=['6', '7', '8']
[RX  <- A] bucket=21696  peer_BL=['6', '7', '8']  my_BL=['6', '7', '8']
[08:26:24] HOP bucket=21697 L6 active=wlan1 ch5  | prep wlan0 ch9  | BL=['7', '8']
[TX  ->  *] bucket=21697 L6 active=wlan1 ch5  BL=['7', '8']
[!! JAMMED  ] bucket=21697 L6 active=wlan1 ch5  silent + egress_drops=38  -> BL until bucket=21727  BL=['5', '7', '8']
[08:26:26] HOP bucket=21698 L6 active=wlan0 ch9  | prep wlan1 ch6  | BL=['5', '7', '8']
[TX  ->  *] bucket=21698 L6 active=wlan0 ch9  BL=['5', '7', '8']
[RX  <- A] bucket=21698  peer_BL=['7', '8', '5']  my_BL=['5', '7', '8']
[08:26:28] HOP bucket=21699 L6 active=wlan1 ch6  | prep wlan0 ch6  | BL=['5', '7', '8']
[TX  ->  *] bucket=21699 L6 active=wlan1 ch6  BL=['5', '7', '8']
[!! JAMMED  ] bucket=21699 L6 active=wlan1 ch6  silent + egress_drops=38  -> BL until bucket=21729  BL=['5', '6', '7', '8']
[08:26:30] HOP bucket=21700 L6 active=wlan0 ch6  (LAG: totp_says=ch9, physical=ch6)  | prep wlan1 ch11  | BL=['5', '6', '7', '8']
[TX  ->  *] bucket=21700 L6 active=wlan0 ch6  BL=['5', '6', '7', '8']
[08:26:32] HOP bucket=21701 L6 active=wlan1 ch11  | prep wlan0 ch4  | BL=['5', '6', '7', '8']
[TX  ->  *] bucket=21701 L6 active=wlan1 ch11  BL=['5', '6', '7', '8']
[RX  <- A] bucket=21701  peer_BL=['7', '8', '5', '6']  my_BL=['5', '6', '7', '8']
[08:26:34] HOP bucket=21702 L6 active=wlan0 ch4  | prep wlan1 ch11  | BL=['5', '6', '7', '8']
[TX  ->  *] bucket=21702 L6 active=wlan0 ch4  BL=['5', '6', '7', '8']
[?? SOFT    ] bucket=21702 L6 active=wlan0 ch4  silent across 35 frames but egress_drops=0  (no tc evidence)
[08:26:36] HOP bucket=21703 L6 active=wlan1 ch11  | prep wlan0 ch9  | BL=['5', '6', '7', '8']
[RX  <- A] bucket=21703  peer_BL=['7', '8', '5', '6', '4']  my_BL=['4', '5', '6', '7', '8']
[<= MERGED  ] ch4 from peer's confirmed -> expires bucket=886261427
[TX  ->  *] bucket=21703 L6 active=wlan1 ch11  BL=['4', '5', '6', '7', '8']
[08:26:38] HOP bucket=21704 L6 active=wlan0 ch9  | prep wlan1 ch11  | BL=['4', '5', '6', '7', '8']
[RX  <- A] bucket=21704  peer_BL=['7', '8', '5', '6', '4']  my_BL=['4', '5', '6', '7', '8']
[TX  ->  *] bucket=21704 L6 active=wlan0 ch9  BL=['4', '5', '6', '7', '8']
[08:26:40] HOP bucket=21705 L6 active=wlan1 ch11  | prep wlan0 ch9  | BL=['4', '5', '6', '7', '8']
[TX  ->  *] bucket=21705 L6 active=wlan1 ch11  BL=['4', '5', '6', '7', '8']
[RX  <- A] bucket=21705  peer_BL=['7', '8', '5', '6', '4']  my_BL=['4', '5', '6', '7', '8']
[08:26:42] HOP bucket=21706 L6 active=wlan0 ch9  | prep wlan1 ch9  | BL=['4', '5', '6', '7', '8']
[TX  ->  *] bucket=21706 L6 active=wlan0 ch9  BL=['4', '5', '6', '7', '8']
[RX  <- A] bucket=21706  peer_BL=['7', '8', '5', '6', '4']  my_BL=['4', '5', '6', '7', '8']
[08:26:44] HOP bucket=21707 L6 active=wlan1 ch9  | prep wlan0 ch10  | BL=['4', '5', '6', '7', '8']
[TX  ->  *] bucket=21707 L6 active=wlan1 ch9  BL=['4', '5', '6', '7', '8']
[RX  <- A] bucket=21707  peer_BL=['7', '8', '5', '6', '4']  my_BL=['4', '5', '6', '7', '8']
[08:26:46] HOP bucket=21708 L6 active=wlan0 ch10  | prep wlan1 ch9  | BL=['4', '5', '6', '7', '8']
[TX  ->  *] bucket=21708 L6 active=wlan0 ch10  BL=['4', '5', '6', '7', '8']
[RX  <- A] bucket=21708  peer_BL=['7', '8', '5', '6', '4']  my_BL=['4', '5', '6', '7', '8']
[08:26:48] HOP bucket=21709 L6 active=wlan1 ch9  | prep wlan0 ch3  | BL=['4', '5', '6', '7', '8']
[TX  ->  *] bucket=21709 L6 active=wlan1 ch9  BL=['4', '5', '6', '7', '8']
[RX  <- A] bucket=21709  peer_BL=['7', '8', '5', '6', '4']  my_BL=['4', '5', '6', '7', '8']
[08:26:50] HOP bucket=21710 L6 active=wlan0 ch3  | prep wlan1 ch9  | BL=['4', '5', '6', '7', '8']
[TX  ->  *] bucket=21710 L6 active=wlan0 ch3  BL=['4', '5', '6', '7', '8']
[RX  <- A] bucket=21710  peer_BL=['7', '8', '5', '6', '4']  my_BL=['4', '5', '6', '7', '8']
[08:26:52] HOP bucket=21711 L6 active=wlan1 ch9  | prep wlan0 ch9  | BL=['4', '5', '6', '7', '8']
[TX  ->  *] bucket=21711 L6 active=wlan1 ch9  BL=['4', '5', '6', '7', '8']
[RX  <- A] bucket=21711  peer_BL=['7', '8', '5', '6', '4']  my_BL=['4', '5', '6', '7', '8']
[08:26:54] HOP bucket=21712 L6 active=wlan0 ch9  | prep wlan1 ch11  | BL=['4', '5', '6', '7', '8']
[TX  ->  *] bucket=21712 L6 active=wlan0 ch9  BL=['4', '5', '6', '7', '8']
[RX  <- A] bucket=21712  peer_BL=['7', '8', '5', '6', '4']  my_BL=['4', '5', '6', '7', '8']
[08:26:56] HOP bucket=21713 L6 active=wlan1 ch11  | prep wlan0 ch9  | BL=['4', '5', '6', '7', '8']
[RX  <- A] bucket=21713  peer_BL=['7', '8', '5', '6', '4']  my_BL=['4', '5', '6', '7', '8']
[TX  ->  *] bucket=21713 L6 active=wlan1 ch11  BL=['4', '5', '6', '7', '8']
[08:26:58] HOP bucket=21714 L6 active=wlan0 ch9  | prep wlan1 ch10  | BL=['4', '5', '6', '7', '8']
[RX  <- A] bucket=21714  peer_BL=['7', '8', '5', '6', '4']  my_BL=['4', '5', '6', '7', '8']
[TX  ->  *] bucket=21714 L6 active=wlan0 ch9  BL=['4', '5', '6', '7', '8']
[08:27:00] HOP bucket=21715 L6 active=wlan1 ch10  | prep wlan0 ch11  | BL=['4', '5', '6', '7', '8']
[TX  ->  *] bucket=21715 L6 active=wlan1 ch10  BL=['4', '5', '6', '7', '8']
[RX  <- A] bucket=21715  peer_BL=['7', '8', '5', '6', '4']  my_BL=['4', '5', '6', '7', '8']
[08:27:02] HOP bucket=21716 L6 active=wlan0 ch11  | prep wlan1 ch10  | BL=['4', '5', '6', '7', '8']
[RX  <- A] bucket=21716  peer_BL=['7', '8', '5', '6', '4']  my_BL=['4', '5', '6', '7', '8']
[TX  ->  *] bucket=21716 L6 active=wlan0 ch11  BL=['4', '5', '6', '7', '8']
[08:27:04] HOP bucket=21717 L6 active=wlan1 ch10  | prep wlan0 ch9  | BL=['4', '5', '6', '7', '8']
[RX  <- A] bucket=21717  peer_BL=['7', '8', '5', '6', '4']  my_BL=['4', '5', '6', '7', '8']
[TX  ->  *] bucket=21717 L6 active=wlan1 ch10  BL=['4', '5', '6', '7', '8']
[08:27:06] HOP bucket=21718 L6 active=wlan0 ch9  | prep wlan1 ch9  | BL=['4', '5', '6', '7', '8']
[RX  <- A] bucket=21718  peer_BL=['7', '8', '5', '6', '4']  my_BL=['4', '5', '6', '7', '8']
[TX  ->  *] bucket=21718 L6 active=wlan0 ch9  BL=['4', '5', '6', '7', '8']
[08:27:08] HOP bucket=21719 L6 active=wlan1 ch9  | prep wlan0 ch10  | BL=['4', '5', '6', '7', '8']
[TX  ->  *] bucket=21719 L6 active=wlan1 ch9  BL=['4', '5', '6', '7', '8']
[RX  <- A] bucket=21719  peer_BL=['7', '8', '5', '6', '4']  my_BL=['4', '5', '6', '7', '8']
[08:27:10] HOP bucket=21720 L6 active=wlan0 ch10  | prep wlan1 ch9  | BL=['4', '5', '6', '7', '8']
[TX  ->  *] bucket=21720 L6 active=wlan0 ch10  BL=['4', '5', '6', '7', '8']
[RX  <- A] bucket=21720  peer_BL=['7', '8', '5', '6', '4']  my_BL=['4', '5', '6', '7', '8']
[08:27:12] HOP bucket=21721 L6 active=wlan1 ch9  (LAG: totp_says=ch7, physical=ch9)  | prep wlan0 ch10  | BL=['4', '5', '6', '8']
[TX  ->  *] bucket=21721 L6 active=wlan1 ch9  BL=['4', '5', '6', '8']
[?? SOFT    ] bucket=21721 L6 active=wlan1 ch9  silent across 35 frames but egress_drops=0  (no tc evidence)
[08:27:14] HOP bucket=21722 L6 active=wlan0 ch10  | prep wlan1 ch9  | BL=['4', '5', '6', '8']
[TX  ->  *] bucket=21722 L6 active=wlan0 ch10  BL=['4', '5', '6', '8']
[RX  <- A] bucket=21722  peer_BL=['8', '5', '6', '4', '9']  my_BL=['4', '5', '6', '8', '9']
[<= MERGED  ] ch9 from peer's confirmed -> expires bucket=886261446
[08:27:16] HOP bucket=21723 L6 active=wlan1 ch9  (LAG: totp_says=ch8, physical=ch9)  | prep wlan0 ch7  | BL=['4', '5', '6', '9']
[TX  ->  *] bucket=21723 L6 active=wlan1 ch9  BL=['4', '5', '6', '9']
[RX  <- A] bucket=21723  peer_BL=['5', '6', '4', '9']  my_BL=['4', '5', '6', '9']
[08:27:18] HOP bucket=21724 L6 active=wlan0 ch7  | prep wlan1 ch10  | BL=['4', '5', '6', '9']
[TX  ->  *] bucket=21724 L6 active=wlan0 ch7  BL=['4', '5', '6', '9']
[!! JAMMED  ] bucket=21724 L6 active=wlan0 ch7  silent + egress_drops=39  -> BL until bucket=21754  BL=['4', '5', '6', '7', '9']
[08:27:20] HOP bucket=21725 L6 active=wlan1 ch10  | prep wlan0 ch10  | BL=['4', '5', '6', '7', '9']
[TX  ->  *] bucket=21725 L6 active=wlan1 ch10  BL=['4', '5', '6', '7', '9']
[RX  <- A] bucket=21725  peer_BL=['5', '6', '4', '9', '7']  my_BL=['4', '5', '6', '7', '9']
[08:27:22] HOP bucket=21726 L6 active=wlan0 ch10  | prep wlan1 ch8  | BL=['4', '5', '6', '7', '9']
[TX  ->  *] bucket=21726 L6 active=wlan0 ch10  BL=['4', '5', '6', '7', '9']
[RX  <- A] bucket=21726  peer_BL=['5', '6', '4', '9', '7']  my_BL=['4', '5', '6', '7', '9']
[08:27:24] HOP bucket=21727 L6 active=wlan1 ch8  | prep wlan0 ch8  | BL=['4', '6', '7', '9']
[TX  ->  *] bucket=21727 L6 active=wlan1 ch8  BL=['4', '6', '7', '9']
[!! JAMMED  ] bucket=21727 L6 active=wlan1 ch8  silent + egress_drops=38  -> BL until bucket=21757  BL=['4', '6', '7', '8', '9']
[08:27:26] HOP bucket=21728 L6 active=wlan0 ch8  (LAG: totp_says=ch10, physical=ch8)  | prep wlan1 ch10  | BL=['4', '6', '7', '8', '9']
[TX  ->  *] bucket=21728 L6 active=wlan0 ch8  BL=['4', '6', '7', '8', '9']
[08:27:28] HOP bucket=21729 L6 active=wlan1 ch10  | prep wlan0 ch10  | BL=['4', '7', '8', '9']
[RX  <- A] bucket=21729  peer_BL=['4', '9', '7', '8']  my_BL=['4', '7', '8', '9']
[TX  ->  *] bucket=21729 L6 active=wlan1 ch10  BL=['4', '7', '8', '9']
[08:27:30] HOP bucket=21730 L6 active=wlan0 ch10  | prep wlan1 ch10  | BL=['4', '7', '8', '9']
[TX  ->  *] bucket=21730 L6 active=wlan0 ch10  BL=['4', '7', '8', '9']
[RX  <- A] bucket=21730  peer_BL=['4', '9', '7', '8']  my_BL=['4', '7', '8', '9']
[08:27:32] HOP bucket=21731 L6 active=wlan1 ch10  | prep wlan0 ch10  | BL=['4', '7', '8', '9']
[RX  <- A] bucket=21731  peer_BL=['4', '9', '7', '8']  my_BL=['4', '7', '8', '9']
[TX  ->  *] bucket=21731 L6 active=wlan1 ch10  BL=['4', '7', '8', '9']
[08:27:34] HOP bucket=21732 L6 active=wlan0 ch10  | prep wlan1 ch5  | BL=['7', '8', '9']
[RX  <- A] bucket=21732  peer_BL=['9', '7', '8']  my_BL=['7', '8', '9']
[TX  ->  *] bucket=21732 L6 active=wlan0 ch10  BL=['7', '8', '9']
[08:27:36] HOP bucket=21733 L6 active=wlan1 ch5  | prep wlan0 ch6  | BL=['7', '8', '9']
[RX  <- A] bucket=21733  peer_BL=['9', '7', '8']  my_BL=['7', '8', '9']
[TX  ->  *] bucket=21733 L6 active=wlan1 ch5  BL=['7', '8', '9']
[08:27:38] HOP bucket=21734 L6 active=wlan0 ch6  | prep wlan1 ch5  | BL=['7', '8', '9']
[RX  <- A] bucket=21734  peer_BL=['9', '7', '8']  my_BL=['7', '8', '9']
[TX  ->  *] bucket=21734 L6 active=wlan0 ch6  BL=['7', '8', '9']
[08:27:40] HOP bucket=21735 L6 active=wlan1 ch5  | prep wlan0 ch5  | BL=['7', '8', '9']
[TX  ->  *] bucket=21735 L6 active=wlan1 ch5  BL=['7', '8', '9']
[RX  <- A] bucket=21735  peer_BL=['9', '7', '8']  my_BL=['7', '8', '9']
[08:27:42] HOP bucket=21736 L6 active=wlan0 ch5  | prep wlan1 ch6  | BL=['7', '8', '9']
[RX  <- A] bucket=21736  peer_BL=['9', '7', '8']  my_BL=['7', '8', '9']
[TX  ->  *] bucket=21736 L6 active=wlan0 ch5  BL=['7', '8', '9']
[08:27:44] HOP bucket=21737 L6 active=wlan1 ch6  | prep wlan0 ch10  | BL=['7', '8', '9']
[TX  ->  *] bucket=21737 L6 active=wlan1 ch6  BL=['7', '8', '9']
[RX  <- A] bucket=21737  peer_BL=['9', '7', '8']  my_BL=['7', '8', '9']
[08:27:46] HOP bucket=21738 L6 active=wlan0 ch10  | prep wlan1 ch10  | BL=['7', '8', '9']
[TX  ->  *] bucket=21738 L6 active=wlan0 ch10  BL=['7', '8', '9']
[RX  <- A] bucket=21738  peer_BL=['9', '7', '8']  my_BL=['7', '8', '9']
[08:27:48] HOP bucket=21739 L6 active=wlan1 ch10  | prep wlan0 ch10  | BL=['7', '8', '9']
[RX  <- A] bucket=21739  peer_BL=['9', '7', '8']  my_BL=['7', '8', '9']
[TX  ->  *] bucket=21739 L6 active=wlan1 ch10  BL=['7', '8', '9']
[08:27:50] HOP bucket=21740 L6 active=wlan0 ch10  | prep wlan1 ch10  | BL=['7', '8', '9']
[TX  ->  *] bucket=21740 L6 active=wlan0 ch10  BL=['7', '8', '9']
[RX  <- A] bucket=21740  peer_BL=['9', '7', '8']  my_BL=['7', '8', '9']
[08:27:52] HOP bucket=21741 L6 active=wlan1 ch10  | prep wlan0 ch10  | BL=['7', '8', '9']
[TX  ->  *] bucket=21741 L6 active=wlan1 ch10  BL=['7', '8', '9']
[RX  <- A] bucket=21741  peer_BL=['9', '7', '8']  my_BL=['7', '8', '9']
[08:27:54] HOP bucket=21742 L6 active=wlan0 ch10  | prep wlan1 ch6  | BL=['7', '8', '9']
[RX  <- A] bucket=21742  peer_BL=['9', '7', '8']  my_BL=['7', '8', '9']
[TX  ->  *] bucket=21742 L6 active=wlan0 ch10  BL=['7', '8', '9']
[08:27:56] HOP bucket=21743 L6 active=wlan1 ch6  | prep wlan0 ch10  | BL=['7', '8', '9']
[TX  ->  *] bucket=21743 L6 active=wlan1 ch6  BL=['7', '8', '9']
[RX  <- A] bucket=21743  peer_BL=['9', '7', '8']  my_BL=['7', '8', '9']
[08:27:58] HOP bucket=21744 L6 active=wlan0 ch10  | prep wlan1 ch10  | BL=['7', '8', '9']
[RX  <- A] bucket=21744  peer_BL=['9', '7', '8']  my_BL=['7', '8', '9']
[TX  ->  *] bucket=21744 L6 active=wlan0 ch10  BL=['7', '8', '9']
[08:28:00] HOP bucket=21745 L6 active=wlan1 ch10  | prep wlan0 ch5  | BL=['7', '8', '9']
[TX  ->  *] bucket=21745 L6 active=wlan1 ch10  BL=['7', '8', '9']
[RX  <- A] bucket=21745  peer_BL=['9', '7', '8']  my_BL=['7', '8', '9']
[08:28:02] HOP bucket=21746 L6 active=wlan0 ch5  | prep wlan1 ch10  | BL=['7', '8', '9']
[RX  <- A] bucket=21746  peer_BL=['9', '7', '8']  my_BL=['7', '8', '9']
[TX  ->  *] bucket=21746 L6 active=wlan0 ch5  BL=['7', '8', '9']
[08:28:04] HOP bucket=21747 L6 active=wlan1 ch10  | prep wlan0 ch5  | BL=['7', '8', '9']
[RX  <- A] bucket=21747  peer_BL=['9', '7', '8']  my_BL=['7', '8', '9']
[TX  ->  *] bucket=21747 L6 active=wlan1 ch10  BL=['7', '8', '9']
[08:28:06] HOP bucket=21748 L6 active=wlan0 ch5  | prep wlan1 ch11  | BL=['7', '8', '9']
[RX  <- A] bucket=21748  peer_BL=['9', '7', '8']  my_BL=['7', '8', '9']
[TX  ->  *] bucket=21748 L6 active=wlan0 ch5  BL=['7', '8', '9']
[08:28:08] HOP bucket=21749 L6 active=wlan1 ch11  | prep wlan0 ch3  | BL=['7', '8', '9']
[TX  ->  *] bucket=21749 L6 active=wlan1 ch11  BL=['7', '8', '9']
[RX  <- A] bucket=21749  peer_BL=['9', '7', '8']  my_BL=['7', '8', '9']
[08:28:10] HOP bucket=21750 L6 active=wlan0 ch3  | prep wlan1 ch3  | BL=['7', '8', '9']
[TX  ->  *] bucket=21750 L6 active=wlan0 ch3  BL=['7', '8', '9']
[RX  <- A] bucket=21750  peer_BL=['9', '7', '8']  my_BL=['7', '8', '9']
[08:28:12] HOP bucket=21751 L6 active=wlan1 ch3  | prep wlan0 ch5  | BL=['7', '8']
[TX  ->  *] bucket=21751 L6 active=wlan1 ch3  BL=['7', '8']
[RX  <- A] bucket=21751  peer_BL=['7', '8']  my_BL=['7', '8']
[08:28:14] HOP bucket=21752 L6 active=wlan0 ch5  | prep wlan1 ch9  | BL=['7', '8']
[RX  <- A] bucket=21752  peer_BL=['7', '8']  my_BL=['7', '8']
[TX  ->  *] bucket=21752 L6 active=wlan0 ch5  BL=['7', '8']
[08:28:16] HOP bucket=21753 L6 active=wlan1 ch9  | prep wlan0 ch9  | BL=['7', '8']
[TX  ->  *] bucket=21753 L6 active=wlan1 ch9  BL=['7', '8']
[!! JAMMED  ] bucket=21753 L6 active=wlan1 ch9  silent + egress_drops=38  -> BL until bucket=21783  BL=['7', '8', '9']
[08:28:18] HOP bucket=21754 L6 active=wlan0 ch9  (LAG: totp_says=ch10, physical=ch9)  | prep wlan1 ch6  | BL=['8', '9']
[TX  ->  *] bucket=21754 L6 active=wlan0 ch9  BL=['8', '9']
[08:28:20] HOP bucket=21755 L6 active=wlan1 ch6  | prep wlan0 ch3  | BL=['8', '9']
[RX  <- A] bucket=21755  peer_BL=['8', '9']  my_BL=['8', '9']
[TX  ->  *] bucket=21755 L6 active=wlan1 ch6  BL=['8', '9']
[08:28:22] HOP bucket=21756 L6 active=wlan0 ch3  | prep wlan1 ch10  | BL=['8', '9']
[TX  ->  *] bucket=21756 L6 active=wlan0 ch3  BL=['8', '9']
[RX  <- A] bucket=21756  peer_BL=['8', '9']  my_BL=['8', '9']
[08:28:24] HOP bucket=21757 L6 active=wlan1 ch10  (LAG: totp_says=ch8, physical=ch10)  | prep wlan0 ch10  | BL=['9']
[TX  ->  *] bucket=21757 L6 active=wlan1 ch10  BL=['9']
[!! JAMMED  ] bucket=21757 L6 active=wlan1 ch10  silent + egress_drops=38  -> BL until bucket=21787  BL=['9', '10']
[08:28:26] HOP bucket=21758 L6 active=wlan0 ch10  (LAG: totp_says=ch11, physical=ch10)  | prep wlan1 ch3  | BL=['9', '10']
[TX  ->  *] bucket=21758 L6 active=wlan0 ch10  BL=['9', '10']
[08:28:28] HOP bucket=21759 L6 active=wlan1 ch3  | prep wlan0 ch5  | BL=['9', '10']
[RX  <- A] bucket=21759  peer_BL=['9', '10']  my_BL=['9', '10']
[TX  ->  *] bucket=21759 L6 active=wlan1 ch3  BL=['9', '10']
[08:28:30] HOP bucket=21760 L6 active=wlan0 ch5  | prep wlan1 ch11  | BL=['9', '10']
[TX  ->  *] bucket=21760 L6 active=wlan0 ch5  BL=['9', '10']
[RX  <- A] bucket=21760  peer_BL=['9', '10']  my_BL=['9', '10']
[08:28:32] HOP bucket=21761 L6 active=wlan1 ch11  | prep wlan0 ch11  | BL=['9', '10']
[TX  ->  *] bucket=21761 L6 active=wlan1 ch11  BL=['9', '10']
[!! JAMMED  ] bucket=21761 L6 active=wlan1 ch11  silent + egress_drops=38  -> BL until bucket=21791  BL=['9', '10', '11']
[08:28:34] HOP bucket=21762 L6 active=wlan0 ch11  (LAG: totp_says=ch3, physical=ch11)  | prep wlan1 ch6  | BL=['9', '10', '11']
[TX  ->  *] bucket=21762 L6 active=wlan0 ch11  BL=['9', '10', '11']
[08:28:36] HOP bucket=21763 L6 active=wlan1 ch6  | prep wlan0 ch3  | BL=['9', '10', '11']
[TX  ->  *] bucket=21763 L6 active=wlan1 ch6  BL=['9', '10', '11']
[RX  <- A] bucket=21763  peer_BL=['9', '10', '11']  my_BL=['9', '10', '11']
[08:28:38] HOP bucket=21764 L6 active=wlan0 ch3  | prep wlan1 ch4  | BL=['9', '10', '11']
[RX  <- A] bucket=21764  peer_BL=['9', '10', '11']  my_BL=['9', '10', '11']
[TX  ->  *] bucket=21764 L6 active=wlan0 ch3  BL=['9', '10', '11']
[08:28:40] HOP bucket=21765 L6 active=wlan1 ch4  | prep wlan0 ch4  | BL=['9', '10', '11']
[TX  ->  *] bucket=21765 L6 active=wlan1 ch4  BL=['9', '10', '11']
[RX  <- A] bucket=21765  peer_BL=['9', '10', '11']  my_BL=['9', '10', '11']
[08:28:42] HOP bucket=21766 L6 active=wlan0 ch4  | prep wlan1 ch8  | BL=['9', '10', '11']
[TX  ->  *] bucket=21766 L6 active=wlan0 ch4  BL=['9', '10', '11']
[RX  <- A] bucket=21766  peer_BL=['9', '10', '11']  my_BL=['9', '10', '11']
[08:28:44] HOP bucket=21767 L6 active=wlan1 ch8  | prep wlan0 ch7  | BL=['9', '10', '11']
[TX  ->  *] bucket=21767 L6 active=wlan1 ch8  BL=['9', '10', '11']
[!! JAMMED  ] bucket=21767 L6 active=wlan1 ch8  silent + egress_drops=38  -> BL until bucket=21797  BL=['8', '9', '10', '11']
[08:28:46] HOP bucket=21768 L6 active=wlan0 ch7  | prep wlan1 ch7  | BL=['8', '9', '10', '11']
[TX  ->  *] bucket=21768 L6 active=wlan0 ch7  BL=['8', '9', '10', '11']
[?? SOFT    ] bucket=21768 L6 active=wlan0 ch7  silent across 35 frames but egress_drops=0  (no tc evidence)
[08:28:48] HOP bucket=21769 L6 active=wlan1 ch7  | prep wlan0 ch6  | BL=['8', '9', '10', '11']
[TX  ->  *] bucket=21769 L6 active=wlan1 ch7  BL=['8', '9', '10', '11']
[?? SOFT    ] bucket=21769 L6 active=wlan1 ch7  silent across 35 frames but egress_drops=0  (no tc evidence)
[08:28:50] HOP bucket=21770 L6 active=wlan0 ch6  | prep wlan1 ch7  | BL=['8', '9', '10', '11']
[TX  ->  *] bucket=21770 L6 active=wlan0 ch6  BL=['8', '9', '10', '11']
[RX  <- A] bucket=21770  peer_BL=['9', '10', '11', '8', '7']  my_BL=['7', '8', '9', '10', '11']
[<= MERGED  ] ch7 from peer's confirmed -> expires bucket=886261493
[08:28:52] HOP bucket=21771 L6 active=wlan1 ch7  (LAG: totp_says=ch3, physical=ch7)  | prep wlan0 ch3  | BL=['7', '8', '9', '10', '11']
[TX  ->  *] bucket=21771 L6 active=wlan1 ch7  BL=['7', '8', '9', '10', '11']
[RX  <- A] bucket=21771  peer_BL=['9', '10', '11', '8', '7']  my_BL=['7', '8', '9', '10', '11']
[08:28:54] HOP bucket=21772 L6 active=wlan0 ch3  | prep wlan1 ch3  | BL=['7', '8', '9', '10', '11']
[RX  <- A] bucket=21772  peer_BL=['9', '10', '11', '8', '7']  my_BL=['7', '8', '9', '10', '11']
[TX  ->  *] bucket=21772 L6 active=wlan0 ch3  BL=['7', '8', '9', '10', '11']
[08:28:56] HOP bucket=21773 L6 active=wlan1 ch3  | prep wlan0 ch3  | BL=['7', '8', '9', '10', '11']
[TX  ->  *] bucket=21773 L6 active=wlan1 ch3  BL=['7', '8', '9', '10', '11']
[RX  <- A] bucket=21773  peer_BL=['9', '10', '11', '8', '7']  my_BL=['7', '8', '9', '10', '11']
[08:28:58] HOP bucket=21774 L6 active=wlan0 ch3  | prep wlan1 ch6  | BL=['7', '8', '9', '10', '11']
[TX  ->  *] bucket=21774 L6 active=wlan0 ch3  BL=['7', '8', '9', '10', '11']
[?? SOFT    ] bucket=21774 L6 active=wlan0 ch3  silent across 35 frames but egress_drops=0  (no tc evidence)
[08:29:00] HOP bucket=21775 L6 active=wlan1 ch6  | prep wlan0 ch4  | BL=['7', '8', '9', '10', '11']
[TX  ->  *] bucket=21775 L6 active=wlan1 ch6  BL=['7', '8', '9', '10', '11']
[RX  <- A] bucket=21775  peer_BL=['9', '10', '11', '8', '7']  my_BL=['7', '8', '9', '10', '11']
[08:29:02] HOP bucket=21776 L6 active=wlan0 ch4  | prep wlan1 ch5  | BL=['7', '8', '9', '10', '11']
[RX  <- A] bucket=21776  peer_BL=['9', '10', '11', '8', '7']  my_BL=['7', '8', '9', '10', '11']
[TX  ->  *] bucket=21776 L6 active=wlan0 ch4  BL=['7', '8', '9', '10', '11']
[08:29:04] HOP bucket=21777 L6 active=wlan1 ch5  | prep wlan0 ch3  | BL=['7', '8', '9', '10', '11']
[TX  ->  *] bucket=21777 L6 active=wlan1 ch5  BL=['7', '8', '9', '10', '11']
[RX  <- A] bucket=21777  peer_BL=['9', '10', '11', '8', '7']  my_BL=['7', '8', '9', '10', '11']
[08:29:06] HOP bucket=21778 L6 active=wlan0 ch3  | prep wlan1 ch3  | BL=['7', '8', '9', '10', '11']
[TX  ->  *] bucket=21778 L6 active=wlan0 ch3  BL=['7', '8', '9', '10', '11']
[RX  <- A] bucket=21778  peer_BL=['9', '10', '11', '8', '7']  my_BL=['7', '8', '9', '10', '11']
[08:29:08] HOP bucket=21779 L6 active=wlan1 ch3  | prep wlan0 ch3  | BL=['7', '8', '9', '10', '11']
[RX  <- A] bucket=21779  peer_BL=['9', '10', '11', '8', '7']  my_BL=['7', '8', '9', '10', '11']
[TX  ->  *] bucket=21779 L6 active=wlan1 ch3  BL=['7', '8', '9', '10', '11']
[08:29:10] HOP bucket=21780 L6 active=wlan0 ch3  | prep wlan1 ch3  | BL=['7', '8', '9', '10', '11']
[TX  ->  *] bucket=21780 L6 active=wlan0 ch3  BL=['7', '8', '9', '10', '11']
[RX  <- A] bucket=21780  peer_BL=['9', '10', '11', '8', '7']  my_BL=['7', '8', '9', '10', '11']
[08:29:12] HOP bucket=21781 L6 active=wlan1 ch3  | prep wlan0 ch3  | BL=['7', '8', '9', '10', '11']
[RX  <- A] bucket=21781  peer_BL=['9', '10', '11', '8', '7']  my_BL=['7', '8', '9', '10', '11']
[TX  ->  *] bucket=21781 L6 active=wlan1 ch3  BL=['7', '8', '9', '10', '11']
[08:29:14] HOP bucket=21782 L6 active=wlan0 ch3  | prep wlan1 ch3  | BL=['7', '8', '9', '10', '11']
[TX  ->  *] bucket=21782 L6 active=wlan0 ch3  BL=['7', '8', '9', '10', '11']
[RX  <- A] bucket=21782  peer_BL=['9', '10', '11', '8', '7']  my_BL=['7', '8', '9', '10', '11']
[08:29:16] HOP bucket=21783 L6 active=wlan1 ch3  | prep wlan0 ch9  | BL=['7', '8', '10', '11']
[TX  ->  *] bucket=21783 L6 active=wlan1 ch3  BL=['7', '8', '10', '11']
[RX  <- A] bucket=21783  peer_BL=['10', '11', '8', '7']  my_BL=['7', '8', '10', '11']
[08:29:18] HOP bucket=21784 L6 active=wlan0 ch9  | prep wlan1 ch6  | BL=['7', '8', '10', '11']
[TX  ->  *] bucket=21784 L6 active=wlan0 ch9  BL=['7', '8', '10', '11']
[RX  <- A] bucket=21784  peer_BL=['10', '11', '8', '7']  my_BL=['7', '8', '10', '11']
[08:29:20] HOP bucket=21785 L6 active=wlan1 ch6  | prep wlan0 ch3  | BL=['7', '8', '10', '11']
[TX  ->  *] bucket=21785 L6 active=wlan1 ch6  BL=['7', '8', '10', '11']
[RX  <- A] bucket=21785  peer_BL=['10', '11', '8', '7']  my_BL=['7', '8', '10', '11']
[08:29:22] HOP bucket=21786 L6 active=wlan0 ch3  | prep wlan1 ch9  | BL=['7', '8', '10', '11']
[TX  ->  *] bucket=21786 L6 active=wlan0 ch3  BL=['7', '8', '10', '11']
[RX  <- A] bucket=21786  peer_BL=['10', '11', '8', '7']  my_BL=['7', '8', '10', '11']
[08:29:24] HOP bucket=21787 L6 active=wlan1 ch9  | prep wlan0 ch3  | BL=['7', '8', '11']
[TX  ->  *] bucket=21787 L6 active=wlan1 ch9  BL=['7', '8', '11']
[RX  <- A] bucket=21787  peer_BL=['11', '8', '7']  my_BL=['7', '8', '11']
[08:29:26] HOP bucket=21788 L6 active=wlan0 ch3  | prep wlan1 ch3  | BL=['7', '8', '11']
[TX  ->  *] bucket=21788 L6 active=wlan0 ch3  BL=['7', '8', '11']
[RX  <- A] bucket=21788  peer_BL=['11', '8', '7']  my_BL=['7', '8', '11']
[08:29:28] HOP bucket=21789 L6 active=wlan1 ch3  | prep wlan0 ch9  | BL=['7', '8', '11']
[TX  ->  *] bucket=21789 L6 active=wlan1 ch3  BL=['7', '8', '11']
[RX  <- A] bucket=21789  peer_BL=['11', '8', '7']  my_BL=['7', '8', '11']
[08:29:30] HOP bucket=21790 L6 active=wlan0 ch9  | prep wlan1 ch3  | BL=['7', '8', '11']
[TX  ->  *] bucket=21790 L6 active=wlan0 ch9  BL=['7', '8', '11']
[RX  <- A] bucket=21790  peer_BL=['11', '8', '7']  my_BL=['7', '8', '11']
[08:29:32] HOP bucket=21791 L6 active=wlan1 ch3  (LAG: totp_says=ch11, physical=ch3)  | prep wlan0 ch5  | BL=['7', '8']
[TX  ->  *] bucket=21791 L6 active=wlan1 ch3  BL=['7', '8']
[RX  <- A] bucket=21791  peer_BL=['8', '7']  my_BL=['7', '8']
[08:29:34] HOP bucket=21792 L6 active=wlan0 ch5  | prep wlan1 ch9  | BL=['7', '8']
[TX  ->  *] bucket=21792 L6 active=wlan0 ch5  BL=['7', '8']
[RX  <- A] bucket=21792  peer_BL=['8', '7']  my_BL=['7', '8']
[08:29:36] HOP bucket=21793 L6 active=wlan1 ch9  | prep wlan0 ch3  | BL=['7', '8']
[TX  ->  *] bucket=21793 L6 active=wlan1 ch9  BL=['7', '8']
[RX  <- A] bucket=21793  peer_BL=['8', '7']  my_BL=['7', '8']
[08:29:38] HOP bucket=21794 L6 active=wlan0 ch3  | prep wlan1 ch4  | BL=['7', '8']
[RX  <- A] bucket=21794  peer_BL=['8', '7']  my_BL=['7', '8']
[TX  ->  *] bucket=21794 L6 active=wlan0 ch3  BL=['7', '8']
[08:29:40] HOP bucket=21795 L6 active=wlan1 ch4  | prep wlan0 ch9  | BL=['7', '8']
[TX  ->  *] bucket=21795 L6 active=wlan1 ch4  BL=['7', '8']
[RX  <- A] bucket=21795  peer_BL=['8', '7']  my_BL=['7', '8']
[08:29:42] HOP bucket=21796 L6 active=wlan0 ch9  | prep wlan1 ch9  | BL=['7', '8']
[RX  <- A] bucket=21796  peer_BL=['8', '7']  my_BL=['7', '8']
[TX  ->  *] bucket=21796 L6 active=wlan0 ch9  BL=['7', '8']
[08:29:44] HOP bucket=21797 L6 active=wlan1 ch9  (LAG: totp_says=ch8, physical=ch9)  | prep wlan0 ch6  | BL=['7']
[TX  ->  *] bucket=21797 L6 active=wlan1 ch9  BL=['7']
[RX  <- A] bucket=21797  peer_BL=['7']  my_BL=['7']
[08:29:46] HOP bucket=21798 L6 active=wlan0 ch6  | prep wlan1 ch4  | BL=[]
[TX  ->  *] bucket=21798 L6 active=wlan0 ch6  BL=[]
[RX  <- A] bucket=21798  peer_BL=[]  my_BL=[]
[08:29:48] HOP bucket=21799 L6 active=wlan1 ch4  | prep wlan0 ch6  | BL=[]
[RX  <- A] bucket=21799  peer_BL=[]  my_BL=[]
[TX  ->  *] bucket=21799 L6 active=wlan1 ch4  BL=[]
[08:29:50] HOP bucket=21800 L6 active=wlan0 ch6  | prep wlan1 ch5  | BL=[]
[TX  ->  *] bucket=21800 L6 active=wlan0 ch6  BL=[]
[RX  <- A] bucket=21800  peer_BL=[]  my_BL=[]
[08:29:52] HOP bucket=21801 L6 active=wlan1 ch5  | prep wlan0 ch3  | BL=[]
[RX  <- A] bucket=21801  peer_BL=[]  my_BL=[]
[TX  ->  *] bucket=21801 L6 active=wlan1 ch5  BL=[]
[08:29:54] HOP bucket=21802 L6 active=wlan0 ch3  | prep wlan1 ch10  | BL=[]
[RX  <- A] bucket=21802  peer_BL=[]  my_BL=[]
[TX  ->  *] bucket=21802 L6 active=wlan0 ch3  BL=[]
[08:29:56] HOP bucket=21803 L6 active=wlan1 ch10  | prep wlan0 ch7  | BL=[]
[TX  ->  *] bucket=21803 L6 active=wlan1 ch10  BL=[]
[!! JAMMED  ] bucket=21803 L6 active=wlan1 ch10  silent + egress_drops=38  -> BL until bucket=21833  BL=['10']
[08:29:58] HOP bucket=21804 L6 active=wlan0 ch7  | prep wlan1 ch4  | BL=['10']
[RX  <- A] bucket=21804  peer_BL=['10']  my_BL=['10']
[TX  ->  *] bucket=21804 L6 active=wlan0 ch7  BL=['10']
[08:30:00] HOP bucket=21805 L6 active=wlan1 ch4  | prep wlan0 ch3  | BL=['10']
[TX  ->  *] bucket=21805 L6 active=wlan1 ch4  BL=['10']
[RX  <- A] bucket=21805  peer_BL=['10']  my_BL=['10']
[08:30:02] HOP bucket=21806 L6 active=wlan0 ch3  | prep wlan1 ch4  | BL=['10']
[TX  ->  *] bucket=21806 L6 active=wlan0 ch3  BL=['10']
[RX  <- A] bucket=21806  peer_BL=['10']  my_BL=['10']
[08:30:04] HOP bucket=21807 L6 active=wlan1 ch4  | prep wlan0 ch11  | BL=['10']
[RX  <- A] bucket=21807  peer_BL=['10']  my_BL=['10']
[TX  ->  *] bucket=21807 L6 active=wlan1 ch4  BL=['10']
[08:30:06] HOP bucket=21808 L6 active=wlan0 ch11  | prep wlan1 ch7  | BL=['10']
[TX  ->  *] bucket=21808 L6 active=wlan0 ch11  BL=['10']
[!! JAMMED  ] bucket=21808 L6 active=wlan0 ch11  silent + egress_drops=38  -> BL until bucket=21838  BL=['10', '11']
[08:30:08] HOP bucket=21809 L6 active=wlan1 ch7  | prep wlan0 ch4  | BL=['10', '11']
[TX  ->  *] bucket=21809 L6 active=wlan1 ch7  BL=['10', '11']
[RX  <- A] bucket=21809  peer_BL=['10', '11']  my_BL=['10', '11']
[08:30:10] HOP bucket=21810 L6 active=wlan0 ch4  | prep wlan1 ch3  | BL=['10', '11']
[RX  <- A] bucket=21810  peer_BL=['10', '11']  my_BL=['10', '11']
[TX  ->  *] bucket=21810 L6 active=wlan0 ch4  BL=['10', '11']
[08:30:12] HOP bucket=21811 L6 active=wlan1 ch3  | prep wlan0 ch7  | BL=['10', '11']
[TX  ->  *] bucket=21811 L6 active=wlan1 ch3  BL=['10', '11']
[!! JAMMED  ] bucket=21811 L6 active=wlan1 ch3  silent + egress_drops=38  -> BL until bucket=21841  BL=['3', '10', '11']
[08:30:14] HOP bucket=21812 L6 active=wlan0 ch7  | prep wlan1 ch8  | BL=['3', '10', '11']
[TX  ->  *] bucket=21812 L6 active=wlan0 ch7  BL=['3', '10', '11']
[RX  <- A] bucket=21812  peer_BL=['10', '11', '3']  my_BL=['3', '10', '11']
[08:30:16] HOP bucket=21813 L6 active=wlan1 ch8  | prep wlan0 ch7  | BL=['3', '10', '11']
[RX  <- A] bucket=21813  peer_BL=['10', '11', '3']  my_BL=['3', '10', '11']
[TX  ->  *] bucket=21813 L6 active=wlan1 ch8  BL=['3', '10', '11']
[08:30:18] HOP bucket=21814 L6 active=wlan0 ch7  | prep wlan1 ch4  | BL=['3', '10', '11']
[RX  <- A] bucket=21814  peer_BL=['10', '11', '3']  my_BL=['3', '10', '11']
[TX  ->  *] bucket=21814 L6 active=wlan0 ch7  BL=['3', '10', '11']
[08:30:20] HOP bucket=21815 L6 active=wlan1 ch4  | prep wlan0 ch4  | BL=['3', '10', '11']
[RX  <- A] bucket=21815  peer_BL=['10', '11', '3']  my_BL=['3', '10', '11']
[TX  ->  *] bucket=21815 L6 active=wlan1 ch4  BL=['3', '10', '11']
[08:30:22] HOP bucket=21816 L6 active=wlan0 ch4  | prep wlan1 ch5  | BL=['3', '10', '11']
[TX  ->  *] bucket=21816 L6 active=wlan0 ch4  BL=['3', '10', '11']
[RX  <- A] bucket=21816  peer_BL=['10', '11', '3']  my_BL=['3', '10', '11']
[08:30:24] HOP bucket=21817 L6 active=wlan1 ch5  | prep wlan0 ch5  | BL=['3', '10', '11']
[TX  ->  *] bucket=21817 L6 active=wlan1 ch5  BL=['3', '10', '11']
[RX  <- A] bucket=21817  peer_BL=['10', '11', '3']  my_BL=['3', '10', '11']
[08:30:26] HOP bucket=21818 L6 active=wlan0 ch5  | prep wlan1 ch4  | BL=['3', '10', '11']
[RX  <- A] bucket=21818  peer_BL=['10', '11', '3']  my_BL=['3', '10', '11']
[TX  ->  *] bucket=21818 L6 active=wlan0 ch5  BL=['3', '10', '11']
[08:30:28] HOP bucket=21819 L6 active=wlan1 ch4  | prep wlan0 ch4  | BL=['3', '10', '11']
[TX  ->  *] bucket=21819 L6 active=wlan1 ch4  BL=['3', '10', '11']
[RX  <- A] bucket=21819  peer_BL=['10', '11', '3']  my_BL=['3', '10', '11']
[08:30:30] HOP bucket=21820 L6 active=wlan0 ch4  | prep wlan1 ch9  | BL=['3', '10', '11']
[RX  <- A] bucket=21820  peer_BL=['10', '11', '3']  my_BL=['3', '10', '11']
[TX  ->  *] bucket=21820 L6 active=wlan0 ch4  BL=['3', '10', '11']
[08:30:32] HOP bucket=21821 L6 active=wlan1 ch9  | prep wlan0 ch4  | BL=['3', '10', '11']
[TX  ->  *] bucket=21821 L6 active=wlan1 ch9  BL=['3', '10', '11']
[!! JAMMED  ] bucket=21821 L6 active=wlan1 ch9  silent + egress_drops=38  -> BL until bucket=21851  BL=['3', '9', '10', '11']
[08:30:34] HOP bucket=21822 L6 active=wlan0 ch4  | prep wlan1 ch6  | BL=['3', '9', '10', '11']
[TX  ->  *] bucket=21822 L6 active=wlan0 ch4  BL=['3', '9', '10', '11']
[RX  <- A] bucket=21822  peer_BL=['10', '11', '3', '9']  my_BL=['3', '9', '10', '11']
[08:30:36] HOP bucket=21823 L6 active=wlan1 ch6  | prep wlan0 ch5  | BL=['3', '9', '10', '11']
[TX  ->  *] bucket=21823 L6 active=wlan1 ch6  BL=['3', '9', '10', '11']
[!! JAMMED  ] bucket=21823 L6 active=wlan1 ch6  silent + egress_drops=38  -> BL until bucket=21853  BL=['3', '6', '9', '10', '11']
[08:30:38] HOP bucket=21824 L6 active=wlan0 ch5  | prep wlan1 ch5  | BL=['3', '6', '9', '10', '11']
[RX  <- A] bucket=21824  peer_BL=['10', '11', '3', '9', '6']  my_BL=['3', '6', '9', '10', '11']
[TX  ->  *] bucket=21824 L6 active=wlan0 ch5  BL=['3', '6', '9', '10', '11']
[08:30:40] HOP bucket=21825 L6 active=wlan1 ch5  | prep wlan0 ch4  | BL=['3', '6', '9', '10', '11']
[RX  <- A] bucket=21825  peer_BL=['10', '11', '3', '9', '6']  my_BL=['3', '6', '9', '10', '11']
[TX  ->  *] bucket=21825 L6 active=wlan1 ch5  BL=['3', '6', '9', '10', '11']
[08:30:42] HOP bucket=21826 L6 active=wlan0 ch4  | prep wlan1 ch4  | BL=['3', '6', '9', '10', '11']
[TX  ->  *] bucket=21826 L6 active=wlan0 ch4  BL=['3', '6', '9', '10', '11']
[RX  <- A] bucket=21826  peer_BL=['10', '11', '3', '9', '6']  my_BL=['3', '6', '9', '10', '11']
[08:30:44] HOP bucket=21827 L6 active=wlan1 ch4  | prep wlan0 ch7  | BL=['3', '6', '9', '10', '11']
[TX  ->  *] bucket=21827 L6 active=wlan1 ch4  BL=['3', '6', '9', '10', '11']
[RX  <- A] bucket=21827  peer_BL=['10', '11', '3', '9', '6']  my_BL=['3', '6', '9', '10', '11']
[08:30:46] HOP bucket=21828 L6 active=wlan0 ch7  | prep wlan1 ch8  | BL=['3', '6', '9', '10', '11']
[TX  ->  *] bucket=21828 L6 active=wlan0 ch7  BL=['3', '6', '9', '10', '11']
[RX  <- A] bucket=21828  peer_BL=['10', '11', '3', '9', '6']  my_BL=['3', '6', '9', '10', '11']
[08:30:48] HOP bucket=21829 L6 active=wlan1 ch8  | prep wlan0 ch7  | BL=['3', '6', '9', '10', '11']
[TX  ->  *] bucket=21829 L6 active=wlan1 ch8  BL=['3', '6', '9', '10', '11']
[RX  <- A] bucket=21829  peer_BL=['10', '11', '3', '9', '6']  my_BL=['3', '6', '9', '10', '11']
[08:30:50] HOP bucket=21830 L6 active=wlan0 ch7  | prep wlan1 ch4  | BL=['3', '6', '9', '10', '11']
[TX  ->  *] bucket=21830 L6 active=wlan0 ch7  BL=['3', '6', '9', '10', '11']
[RX  <- A] bucket=21830  peer_BL=['10', '11', '3', '9', '6']  my_BL=['3', '6', '9', '10', '11']
[08:30:52] HOP bucket=21831 L6 active=wlan1 ch4  | prep wlan0 ch8  | BL=['3', '6', '9', '10', '11']
[TX  ->  *] bucket=21831 L6 active=wlan1 ch4  BL=['3', '6', '9', '10', '11']
[RX  <- A] bucket=21831  peer_BL=['10', '11', '3', '9', '6']  my_BL=['3', '6', '9', '10', '11']
[08:30:54] HOP bucket=21832 L6 active=wlan0 ch8  | prep wlan1 ch4  | BL=['3', '6', '9', '10', '11']
[TX  ->  *] bucket=21832 L6 active=wlan0 ch8  BL=['3', '6', '9', '10', '11']
[RX  <- A] bucket=21832  peer_BL=['10', '11', '3', '9', '6']  my_BL=['3', '6', '9', '10', '11']
[08:30:56] HOP bucket=21833 L6 active=wlan1 ch4  | prep wlan0 ch10  | BL=['3', '6', '9', '11']
[RX  <- A] bucket=21833  peer_BL=['11', '3', '9', '6']  my_BL=['3', '6', '9', '11']
[TX  ->  *] bucket=21833 L6 active=wlan1 ch4  BL=['3', '6', '9', '11']
[08:30:58] HOP bucket=21834 L6 active=wlan0 ch10  | prep wlan1 ch4  | BL=['3', '6', '9', '11']
[RX  <- A] bucket=21834  peer_BL=['11', '3', '9', '6']  my_BL=['3', '6', '9', '11']
[TX  ->  *] bucket=21834 L6 active=wlan0 ch10  BL=['3', '6', '9', '11']
[08:31:00] HOP bucket=21835 L6 active=wlan1 ch4  | prep wlan0 ch10  | BL=['3', '6', '9', '11']
[TX  ->  *] bucket=21835 L6 active=wlan1 ch4  BL=['3', '6', '9', '11']
[RX  <- A] bucket=21835  peer_BL=['11', '3', '9', '6']  my_BL=['3', '6', '9', '11']
[08:31:02] HOP bucket=21836 L6 active=wlan0 ch10  | prep wlan1 ch10  | BL=['3', '6', '9', '11']
[TX  ->  *] bucket=21836 L6 active=wlan0 ch10  BL=['3', '6', '9', '11']
[RX  <- A] bucket=21836  peer_BL=['11', '3', '9', '6']  my_BL=['3', '6', '9', '11']
[08:31:04] HOP bucket=21837 L6 active=wlan1 ch10  | prep wlan0 ch5  | BL=['3', '6', '9', '11']
[TX  ->  *] bucket=21837 L6 active=wlan1 ch10  BL=['3', '6', '9', '11']
[RX  <- A] bucket=21837  peer_BL=['11', '3', '9', '6']  my_BL=['3', '6', '9', '11']
[08:31:06] HOP bucket=21838 L6 active=wlan0 ch5  | prep wlan1 ch8  | BL=['3', '6', '9']
[RX  <- A] bucket=21838  peer_BL=['3', '9', '6']  my_BL=['3', '6', '9']
[TX  ->  *] bucket=21838 L6 active=wlan0 ch5  BL=['3', '6', '9']
[08:31:08] HOP bucket=21839 L6 active=wlan1 ch8  | prep wlan0 ch8  | BL=['3', '6', '9']
[RX  <- A] bucket=21839  peer_BL=['3', '9', '6']  my_BL=['3', '6', '9']
[TX  ->  *] bucket=21839 L6 active=wlan1 ch8  BL=['3', '6', '9']
[08:31:10] HOP bucket=21840 L6 active=wlan0 ch8  | prep wlan1 ch5  | BL=['3', '6', '9']
[TX  ->  *] bucket=21840 L6 active=wlan0 ch8  BL=['3', '6', '9']
[RX  <- A] bucket=21840  peer_BL=['3', '9', '6']  my_BL=['3', '6', '9']
[08:31:12] HOP bucket=21841 L6 active=wlan1 ch5  | prep wlan0 ch5  | BL=['6', '9']
[TX  ->  *] bucket=21841 L6 active=wlan1 ch5  BL=['6', '9']
[RX  <- A] bucket=21841  peer_BL=['9', '6']  my_BL=['6', '9']
[08:31:14] HOP bucket=21842 L6 active=wlan0 ch5  | prep wlan1 ch10  | BL=['6', '9']
[RX  <- A] bucket=21842  peer_BL=['9', '6']  my_BL=['6', '9']
[TX  ->  *] bucket=21842 L6 active=wlan0 ch5  BL=['6', '9']
[08:31:16] HOP bucket=21843 L6 active=wlan1 ch10  | prep wlan0 ch7  | BL=['6', '9']
[TX  ->  *] bucket=21843 L6 active=wlan1 ch10  BL=['6', '9']
[!! JAMMED  ] bucket=21843 L6 active=wlan1 ch10  silent + egress_drops=38  -> BL until bucket=21873  BL=['6', '9', '10']
[08:31:18] HOP bucket=21844 L6 active=wlan0 ch7  | prep wlan1 ch7  | BL=['6', '9', '10']
[TX  ->  *] bucket=21844 L6 active=wlan0 ch7  BL=['6', '9', '10']
[!! JAMMED  ] bucket=21844 L6 active=wlan0 ch7  silent + egress_drops=38  -> BL until bucket=21874  BL=['6', '7', '9', '10']
[08:31:20] HOP bucket=21845 L6 active=wlan1 ch7  (LAG: totp_says=ch8, physical=ch7)  | prep wlan0 ch5  | BL=['6', '7', '9', '10']
[TX  ->  *] bucket=21845 L6 active=wlan1 ch7  BL=['6', '7', '9', '10']
[08:31:22] HOP bucket=21846 L6 active=wlan0 ch5  | prep wlan1 ch5  | BL=['6', '7', '9', '10']
[TX  ->  *] bucket=21846 L6 active=wlan0 ch5  BL=['6', '7', '9', '10']
[RX  <- A] bucket=21846  peer_BL=['9', '6', '10', '7']  my_BL=['6', '7', '9', '10']
[08:31:24] HOP bucket=21847 L6 active=wlan1 ch5  | prep wlan0 ch11  | BL=['6', '7', '9', '10']
[TX  ->  *] bucket=21847 L6 active=wlan1 ch5  BL=['6', '7', '9', '10']
[RX  <- A] bucket=21847  peer_BL=['9', '6', '10', '7']  my_BL=['6', '7', '9', '10']
[08:31:26] HOP bucket=21848 L6 active=wlan0 ch11  | prep wlan1 ch8  | BL=['6', '7', '9', '10']
[TX  ->  *] bucket=21848 L6 active=wlan0 ch11  BL=['6', '7', '9', '10']
[!! JAMMED  ] bucket=21848 L6 active=wlan0 ch11  silent + egress_drops=38  -> BL until bucket=21878  BL=['6', '7', '9', '10', '11']
[08:31:28] HOP bucket=21849 L6 active=wlan1 ch8  | prep wlan0 ch5  | BL=['6', '7', '9', '10', '11']
[RX  <- A] bucket=21849  peer_BL=['9', '6', '10', '7', '11']  my_BL=['6', '7', '9', '10', '11']
[TX  ->  *] bucket=21849 L6 active=wlan1 ch8  BL=['6', '7', '9', '10', '11']
[08:31:30] HOP bucket=21850 L6 active=wlan0 ch5  | prep wlan1 ch3  | BL=['6', '7', '9', '10', '11']
[TX  ->  *] bucket=21850 L6 active=wlan0 ch5  BL=['6', '7', '9', '10', '11']
[RX  <- A] bucket=21850  peer_BL=['9', '6', '10', '7', '11']  my_BL=['6', '7', '9', '10', '11']
[08:31:32] HOP bucket=21851 L6 active=wlan1 ch3  (LAG: totp_says=ch9, physical=ch3)  | prep wlan0 ch3  | BL=['6', '7', '10', '11']
[TX  ->  *] bucket=21851 L6 active=wlan1 ch3  BL=['6', '7', '10', '11']
[?? SOFT    ] bucket=21851 L6 active=wlan1 ch3  silent across 35 frames but egress_drops=0  (no tc evidence)
[08:31:34] HOP bucket=21852 L6 active=wlan0 ch3  | prep wlan1 ch8  | BL=['6', '7', '10', '11']
[TX  ->  *] bucket=21852 L6 active=wlan0 ch3  BL=['6', '7', '10', '11']
[?? SOFT    ] bucket=21852 L6 active=wlan0 ch3  silent across 35 frames but egress_drops=0  (no tc evidence)
[08:31:36] HOP bucket=21853 L6 active=wlan1 ch8  | prep wlan0 ch4  | BL=['7', '10', '11']
[TX  ->  *] bucket=21853 L6 active=wlan1 ch8  BL=['7', '10', '11']
[RX  <- A] bucket=21853  peer_BL=['10', '7', '11', '3']  my_BL=['3', '7', '10', '11']
[<= MERGED  ] ch3 from peer's confirmed -> expires bucket=886261576
[08:31:38] HOP bucket=21854 L6 active=wlan0 ch4  | prep wlan1 ch4  | BL=['3', '7', '10', '11']
[TX  ->  *] bucket=21854 L6 active=wlan0 ch4  BL=['3', '7', '10', '11']
[!! JAMMED  ] bucket=21854 L6 active=wlan0 ch4  silent + egress_drops=38  -> BL until bucket=21884  BL=['3', '4', '7', '10', '11']
[08:31:40] HOP bucket=21855 L6 active=wlan1 ch4  (LAG: totp_says=ch5, physical=ch4)  | prep wlan0 ch5  | BL=['3', '4', '7', '10', '11']
[TX  ->  *] bucket=21855 L6 active=wlan1 ch4  BL=['3', '4', '7', '10', '11']
[08:31:42] HOP bucket=21856 L6 active=wlan0 ch5  | prep wlan1 ch8  | BL=['3', '4', '7', '10', '11']
[TX  ->  *] bucket=21856 L6 active=wlan0 ch5  BL=['3', '4', '7', '10', '11']
[?? SOFT    ] bucket=21856 L6 active=wlan0 ch5  silent across 35 frames but egress_drops=0  (no tc evidence)
[08:31:44] HOP bucket=21857 L6 active=wlan1 ch8  | prep wlan0 ch5  | BL=['3', '4', '7', '10', '11']
[TX  ->  *] bucket=21857 L6 active=wlan1 ch8  BL=['3', '4', '7', '10', '11']
[RX  <- A] bucket=21857  peer_BL=['10', '7', '11', '3']  my_BL=['3', '4', '7', '10', '11']
[08:31:46] HOP bucket=21858 L6 active=wlan0 ch5  | prep wlan1 ch6  | BL=['3', '4', '7', '10', '11']
[TX  ->  *] bucket=21858 L6 active=wlan0 ch5  BL=['3', '4', '7', '10', '11']
[?? SOFT    ] bucket=21858 L6 active=wlan0 ch5  silent across 35 frames but egress_drops=0  (no tc evidence)
[08:31:48] HOP bucket=21859 L6 active=wlan1 ch6  | prep wlan0 ch9  | BL=['3', '4', '7', '10', '11']
[TX  ->  *] bucket=21859 L6 active=wlan1 ch6  BL=['3', '4', '7', '10', '11']
[?? SOFT    ] bucket=21859 L6 active=wlan1 ch6  silent across 35 frames but egress_drops=0  (no tc evidence)
[08:31:50] HOP bucket=21860 L6 active=wlan0 ch9  | prep wlan1 ch8  | BL=['3', '4', '7', '10', '11']
[TX  ->  *] bucket=21860 L6 active=wlan0 ch9  BL=['3', '4', '7', '10', '11']
[?? SOFT    ] bucket=21860 L6 active=wlan0 ch9  silent across 35 frames but egress_drops=0  (no tc evidence)
[08:31:52] HOP bucket=21861 L6 active=wlan1 ch8  | prep wlan0 ch5  | BL=['3', '4', '7', '10', '11']
[TX  ->  *] bucket=21861 L6 active=wlan1 ch8  BL=['3', '4', '7', '10', '11']
[RX  <- A] bucket=21861  peer_BL=['10', '7', '11', '3', '4', '6', '9']  my_BL=['3', '4', '6', '7', '9', '10', '11']
[<= MERGED  ] ch6 from peer's confirmed -> expires bucket=886261584
[<= MERGED  ] ch9 from peer's confirmed -> expires bucket=886261585
[08:31:54] HOP bucket=21862 L6 active=wlan0 ch5  | prep wlan1 ch8  | BL=['3', '4', '6', '7', '9', '10', '11']
[TX  ->  *] bucket=21862 L6 active=wlan0 ch5  BL=['3', '4', '6', '7', '9', '10', '11']
[RX  <- A] bucket=21862  peer_BL=['10', '7', '11', '3', '4', '6', '9']  my_BL=['3', '4', '6', '7', '9', '10', '11']
[08:31:56] HOP bucket=21863 L6 active=wlan1 ch8  | prep wlan0 ch8  | BL=['3', '4', '6', '7', '9', '10', '11']
[TX  ->  *] bucket=21863 L6 active=wlan1 ch8  BL=['3', '4', '6', '7', '9', '10', '11']
[RX  <- A] bucket=21863  peer_BL=['10', '7', '11', '3', '4', '6', '9']  my_BL=['3', '4', '6', '7', '9', '10', '11']
[08:31:58] HOP bucket=21864 L6 active=wlan0 ch8  | prep wlan1 ch5  | BL=['3', '4', '6', '7', '9', '10', '11']