============================================================
 ARTCHO NODE — MODE=L4 — NODE_ID=A
============================================================
 Bucket duration : 2.0s
 TEST_EPOCH      : 1772496494.0
 BUCKET_EPOCH    : 1772453894.0
 sim offset      : 42600s  (11.83h)
 Use blacklist   : False
 Detect enabled  : False
 Dual radio      : False
============================================================

[WAIT] sleeping 17.2s until TEST_EPOCH...
[INIT] L4 cold-start (bucket=21300): wlan0 -> ch8 (2447 MHz), wlan1 idle
       confirmed blacklist: []
[INIT] L4 cold-start complete.

[TX  ->  *] bucket=21300 L4 active=wlan0 ch8  BL=[]
[RX  <- B] bucket=21300  peer_BL=[]  my_BL=[]
[01:08:16] HOP bucket=21301 L4 wlan0 -> ch9  (retuning, ~700ms loss)  | BL=[]
[TX  ->  *] bucket=21301 L4 active=wlan0 ch9  BL=[]
[RX  <- B] bucket=21301  peer_BL=[]  my_BL=[]
[01:08:18] HOP bucket=21302 L4 wlan0 -> ch3  (retuning, ~700ms loss)  | BL=[]
[TX  ->  *] bucket=21302 L4 active=wlan0 ch3  BL=[]
[RX  <- B] bucket=21302  peer_BL=[]  my_BL=[]
[01:08:20] HOP bucket=21303 L4 wlan0 -> ch3  (retuning, ~700ms loss)  | BL=[]
[TX  ->  *] bucket=21303 L4 active=wlan0 ch3  BL=[]
[RX  <- B] bucket=21303  peer_BL=[]  my_BL=[]
[01:08:22] HOP bucket=21304 L4 wlan0 -> ch3  (retuning, ~700ms loss)  | BL=[]
[RX  <- B] bucket=21304  peer_BL=[]  my_BL=[]
[TX  ->  *] bucket=21304 L4 active=wlan0 ch3  BL=[]
[01:08:24] HOP bucket=21305 L4 wlan0 -> ch11  (retuning, ~700ms loss)  | BL=[]
[TX  ->  *] bucket=21305 L4 active=wlan0 ch11  BL=[]
[RX  <- B] bucket=21305  peer_BL=[]  my_BL=[]
[01:08:26] HOP bucket=21306 L4 wlan0 -> ch10  (retuning, ~700ms loss)  | BL=[]
[TX  ->  *] bucket=21306 L4 active=wlan0 ch10  BL=[]
[RX  <- B] bucket=21306  peer_BL=[]  my_BL=[]
[01:08:28] HOP bucket=21307 L4 wlan0 -> ch8  (retuning, ~700ms loss)  | BL=[]
[RX  <- B] bucket=21307  peer_BL=[]  my_BL=[]
[TX  ->  *] bucket=21307 L4 active=wlan0 ch8  BL=[]
[01:08:30] HOP bucket=21308 L4 wlan0 -> ch4  (retuning, ~700ms loss)  | BL=[]
[TX  ->  *] bucket=21308 L4 active=wlan0 ch4  BL=[]
[RX  <- B] bucket=21308  peer_BL=[]  my_BL=[]
[01:08:32] HOP bucket=21309 L4 wlan0 -> ch8  (retuning, ~700ms loss)  | BL=[]
[TX  ->  *] bucket=21309 L4 active=wlan0 ch8  BL=[]
[RX  <- B] bucket=21309  peer_BL=[]  my_BL=[]
[01:08:34] HOP bucket=21310 L4 wlan0 -> ch7  (retuning, ~700ms loss)  | BL=[]
[RX  <- B] bucket=21310  peer_BL=[]  my_BL=[]
[TX  ->  *] bucket=21310 L4 active=wlan0 ch7  BL=[]
[01:08:36] HOP bucket=21311 L4 wlan0 -> ch7  (retuning, ~700ms loss)  | BL=[]
[RX  <- B] bucket=21311  peer_BL=[]  my_BL=[]
[TX  ->  *] bucket=21311 L4 active=wlan0 ch7  BL=[]
[01:08:38] HOP bucket=21312 L4 wlan0 -> ch3  (retuning, ~700ms loss)  | BL=[]
[TX  ->  *] bucket=21312 L4 active=wlan0 ch3  BL=[]
[RX  <- B] bucket=21312  peer_BL=[]  my_BL=[]
[01:08:40] HOP bucket=21313 L4 wlan0 -> ch5  (retuning, ~700ms loss)  | BL=[]
[TX  ->  *] bucket=21313 L4 active=wlan0 ch5  BL=[]
[RX  <- B] bucket=21313  peer_BL=[]  my_BL=[]
[01:08:42] HOP bucket=21314 L4 wlan0 -> ch4  (retuning, ~700ms loss)  | BL=[]
[RX  <- B] bucket=21314  peer_BL=[]  my_BL=[]
[TX  ->  *] bucket=21314 L4 active=wlan0 ch4  BL=[]
[01:08:44] HOP bucket=21315 L4 wlan0 -> ch8  (retuning, ~700ms loss)  | BL=[]
[TX  ->  *] bucket=21315 L4 active=wlan0 ch8  BL=[]
[RX  <- B] bucket=21315  peer_BL=[]  my_BL=[]
[01:08:46] HOP bucket=21316 L4 wlan0 -> ch4  (retuning, ~700ms loss)  | BL=[]
[TX  ->  *] bucket=21316 L4 active=wlan0 ch4  BL=[]
[RX  <- B] bucket=21316  peer_BL=[]  my_BL=[]
[01:08:48] HOP bucket=21317 L4 wlan0 -> ch3  (retuning, ~700ms loss)  | BL=[]
[TX  ->  *] bucket=21317 L4 active=wlan0 ch3  BL=[]
[RX  <- B] bucket=21317  peer_BL=[]  my_BL=[]
[01:08:50] HOP bucket=21318 L4 wlan0 -> ch11  (retuning, ~700ms loss)  | BL=[]
[TX  ->  *] bucket=21318 L4 active=wlan0 ch11  BL=[]
[RX  <- B] bucket=21318  peer_BL=[]  my_BL=[]
[01:08:52] HOP bucket=21319 L4 wlan0 -> ch4  (retuning, ~700ms loss)  | BL=[]
[TX  ->  *] bucket=21319 L4 active=wlan0 ch4  BL=[]
[RX  <- B] bucket=21319  peer_BL=[]  my_BL=[]
[01:08:54] HOP bucket=21320 L4 wlan0 -> ch11  (retuning, ~700ms loss)  | BL=[]
[TX  ->  *] bucket=21320 L4 active=wlan0 ch11  BL=[]
[RX  <- B] bucket=21320  peer_BL=[]  my_BL=[]
[01:08:56] HOP bucket=21321 L4 wlan0 -> ch4  (retuning, ~700ms loss)  | BL=[]
[TX  ->  *] bucket=21321 L4 active=wlan0 ch4  BL=[]
[RX  <- B] bucket=21321  peer_BL=[]  my_BL=[]
[01:08:58] HOP bucket=21322 L4 wlan0 -> ch8  (retuning, ~700ms loss)  | BL=[]
[TX  ->  *] bucket=21322 L4 active=wlan0 ch8  BL=[]
[RX  <- B] bucket=21322  peer_BL=[]  my_BL=[]
[01:09:00] HOP bucket=21323 L4 wlan0 -> ch9  (retuning, ~700ms loss)  | BL=[]
[TX  ->  *] bucket=21323 L4 active=wlan0 ch9  BL=[]
[RX  <- B] bucket=21323  peer_BL=[]  my_BL=[]
[01:09:02] HOP bucket=21324 L4 wlan0 -> ch8  (retuning, ~700ms loss)  | BL=[]
[TX  ->  *] bucket=21324 L4 active=wlan0 ch8  BL=[]
[RX  <- B] bucket=21324  peer_BL=[]  my_BL=[]
[01:09:04] HOP bucket=21325 L4 wlan0 -> ch6  (retuning, ~700ms loss)  | BL=[]
[TX  ->  *] bucket=21325 L4 active=wlan0 ch6  BL=[]
[RX  <- B] bucket=21325  peer_BL=[]  my_BL=[]
[01:09:06] HOP bucket=21326 L4 wlan0 -> ch9  (retuning, ~700ms loss)  | BL=[]
[TX  ->  *] bucket=21326 L4 active=wlan0 ch9  BL=[]
[RX  <- B] bucket=21326  peer_BL=[]  my_BL=[]
[01:09:08] HOP bucket=21327 L4 wlan0 -> ch4  (retuning, ~700ms loss)  | BL=[]
[TX  ->  *] bucket=21327 L4 active=wlan0 ch4  BL=[]
[RX  <- B] bucket=21327  peer_BL=[]  my_BL=[]
[01:09:10] HOP bucket=21328 L4 wlan0 -> ch7  (retuning, ~700ms loss)  | BL=[]
[TX  ->  *] bucket=21328 L4 active=wlan0 ch7  BL=[]
[RX  <- B] bucket=21328  peer_BL=[]  my_BL=[]
[01:09:12] HOP bucket=21329 L4 wlan0 -> ch5  (retuning, ~700ms loss)  | BL=[]
[TX  ->  *] bucket=21329 L4 active=wlan0 ch5  BL=[]
[RX  <- B] bucket=21329  peer_BL=[]  my_BL=[]
[01:09:14] HOP bucket=21330 L4 wlan0 -> ch11  (retuning, ~700ms loss)  | BL=[]
[TX  ->  *] bucket=21330 L4 active=wlan0 ch11  BL=[]
[RX  <- B] bucket=21330  peer_BL=[]  my_BL=[]
[01:09:16] HOP bucket=21331 L4 wlan0 -> ch7  (retuning, ~700ms loss)  | BL=[]
[TX  ->  *] bucket=21331 L4 active=wlan0 ch7  BL=[]
[RX  <- B] bucket=21331  peer_BL=[]  my_BL=[]
[01:09:18] HOP bucket=21332 L4 wlan0 -> ch10  (retuning, ~700ms loss)  | BL=[]
[TX  ->  *] bucket=21332 L4 active=wlan0 ch10  BL=[]
[RX  <- B] bucket=21332  peer_BL=[]  my_BL=[]
[01:09:20] HOP bucket=21333 L4 wlan0 -> ch11  (retuning, ~700ms loss)  | BL=[]
[RX  <- B] bucket=21333  peer_BL=[]  my_BL=[]
[TX  ->  *] bucket=21333 L4 active=wlan0 ch11  BL=[]
[01:09:22] HOP bucket=21334 L4 wlan0 -> ch5  (retuning, ~700ms loss)  | BL=[]
[RX  <- B] bucket=21334  peer_BL=[]  my_BL=[]
[TX  ->  *] bucket=21334 L4 active=wlan0 ch5  BL=[]
[01:09:24] HOP bucket=21335 L4 wlan0 -> ch4  (retuning, ~700ms loss)  | BL=[]
[TX  ->  *] bucket=21335 L4 active=wlan0 ch4  BL=[]
[RX  <- B] bucket=21335  peer_BL=[]  my_BL=[]
[01:09:26] HOP bucket=21336 L4 wlan0 -> ch6  (retuning, ~700ms loss)  | BL=[]
[TX  ->  *] bucket=21336 L4 active=wlan0 ch6  BL=[]
[RX  <- B] bucket=21336  peer_BL=[]  my_BL=[]
[01:09:28] HOP bucket=21337 L4 wlan0 -> ch11  (retuning, ~700ms loss)  | BL=[]
[TX  ->  *] bucket=21337 L4 active=wlan0 ch11  BL=[]
[RX  <- B] bucket=21337  peer_BL=[]  my_BL=[]
[01:09:30] HOP bucket=21338 L4 wlan0 -> ch4  (retuning, ~700ms loss)  | BL=[]
[TX  ->  *] bucket=21338 L4 active=wlan0 ch4  BL=[]
[RX  <- B] bucket=21338  peer_BL=[]  my_BL=[]
[01:09:32] HOP bucket=21339 L4 wlan0 -> ch10  (retuning, ~700ms loss)  | BL=[]
[TX  ->  *] bucket=21339 L4 active=wlan0 ch10  BL=[]
[RX  <- B] bucket=21339  peer_BL=[]  my_BL=[]
[01:09:34] HOP bucket=21340 L4 wlan0 -> ch3  (retuning, ~700ms loss)  | BL=[]
[TX  ->  *] bucket=21340 L4 active=wlan0 ch3  BL=[]
[RX  <- B] bucket=21340  peer_BL=[]  my_BL=[]
[01:09:36] HOP bucket=21341 L4 wlan0 -> ch9  (retuning, ~700ms loss)  | BL=[]
[TX  ->  *] bucket=21341 L4 active=wlan0 ch9  BL=[]
[RX  <- B] bucket=21341  peer_BL=[]  my_BL=[]
[01:09:38] HOP bucket=21342 L4 wlan0 -> ch4  (retuning, ~700ms loss)  | BL=[]
[TX  ->  *] bucket=21342 L4 active=wlan0 ch4  BL=[]
[RX  <- B] bucket=21342  peer_BL=[]  my_BL=[]
[01:09:40] HOP bucket=21343 L4 wlan0 -> ch8  (retuning, ~700ms loss)  | BL=[]
[TX  ->  *] bucket=21343 L4 active=wlan0 ch8  BL=[]
[RX  <- B] bucket=21343  peer_BL=[]  my_BL=[]
[01:09:42] HOP bucket=21344 L4 wlan0 -> ch4  (retuning, ~700ms loss)  | BL=[]
[TX  ->  *] bucket=21344 L4 active=wlan0 ch4  BL=[]
[RX  <- B] bucket=21344  peer_BL=[]  my_BL=[]
[01:09:44] HOP bucket=21345 L4 wlan0 -> ch5  (retuning, ~700ms loss)  | BL=[]
[RX  <- B] bucket=21345  peer_BL=[]  my_BL=[]
[TX  ->  *] bucket=21345 L4 active=wlan0 ch5  BL=[]
[01:09:46] HOP bucket=21346 L4 wlan0 -> ch4  (retuning, ~700ms loss)  | BL=[]
[TX  ->  *] bucket=21346 L4 active=wlan0 ch4  BL=[]
[RX  <- B] bucket=21346  peer_BL=[]  my_BL=[]
[01:09:48] HOP bucket=21347 L4 wlan0 -> ch5  (retuning, ~700ms loss)  | BL=[]
[RX  <- B] bucket=21347  peer_BL=[]  my_BL=[]
[TX  ->  *] bucket=21347 L4 active=wlan0 ch5  BL=[]
[01:09:50] HOP bucket=21348 L4 wlan0 -> ch8  (retuning, ~700ms loss)  | BL=[]
[TX  ->  *] bucket=21348 L4 active=wlan0 ch8  BL=[]
[RX  <- B] bucket=21348  peer_BL=[]  my_BL=[]
[01:09:52] HOP bucket=21349 L4 wlan0 -> ch6  (retuning, ~700ms loss)  | BL=[]
[TX  ->  *] bucket=21349 L4 active=wlan0 ch6  BL=[]
[RX  <- B] bucket=21349  peer_BL=[]  my_BL=[]
[01:09:54] HOP bucket=21350 L4 wlan0 -> ch4  (retuning, ~700ms loss)  | BL=[]
[TX  ->  *] bucket=21350 L4 active=wlan0 ch4  BL=[]
[RX  <- B] bucket=21350  peer_BL=[]  my_BL=[]
[01:09:56] HOP bucket=21351 L4 wlan0 -> ch5  (retuning, ~700ms loss)  | BL=[]
[RX  <- B] bucket=21351  peer_BL=[]  my_BL=[]
[TX  ->  *] bucket=21351 L4 active=wlan0 ch5  BL=[]
[01:09:58] HOP bucket=21352 L4 wlan0 -> ch6  (retuning, ~700ms loss)  | BL=[]
[RX  <- B] bucket=21352  peer_BL=[]  my_BL=[]
[TX  ->  *] bucket=21352 L4 active=wlan0 ch6  BL=[]
[01:10:00] HOP bucket=21353 L4 wlan0 -> ch7  (retuning, ~700ms loss)  | BL=[]
[RX  <- B] bucket=21353  peer_BL=[]  my_BL=[]
[TX  ->  *] bucket=21353 L4 active=wlan0 ch7  BL=[]
[01:10:02] HOP bucket=21354 L4 wlan0 -> ch5  (retuning, ~700ms loss)  | BL=[]
[RX  <- B] bucket=21354  peer_BL=[]  my_BL=[]
[TX  ->  *] bucket=21354 L4 active=wlan0 ch5  BL=[]
[01:10:04] HOP bucket=21355 L4 wlan0 -> ch6  (retuning, ~700ms loss)  | BL=[]
[RX  <- B] bucket=21355  peer_BL=[]  my_BL=[]
[TX  ->  *] bucket=21355 L4 active=wlan0 ch6  BL=[]
[01:10:06] HOP bucket=21356 L4 wlan0 -> ch6  (retuning, ~700ms loss)  | BL=[]
[RX  <- B] bucket=21356  peer_BL=[]  my_BL=[]
[TX  ->  *] bucket=21356 L4 active=wlan0 ch6  BL=[]
[01:10:08] HOP bucket=21357 L4 wlan0 -> ch3  (retuning, ~700ms loss)  | BL=[]
[TX  ->  *] bucket=21357 L4 active=wlan0 ch3  BL=[]
[RX  <- B] bucket=21357  peer_BL=[]  my_BL=[]
[01:10:10] HOP bucket=21358 L4 wlan0 -> ch9  (retuning, ~700ms loss)  | BL=[]
[TX  ->  *] bucket=21358 L4 active=wlan0 ch9  BL=[]
[RX  <- B] bucket=21358  peer_BL=[]  my_BL=[]
[01:10:12] HOP bucket=21359 L4 wlan0 -> ch6  (retuning, ~700ms loss)  | BL=[]
[TX  ->  *] bucket=21359 L4 active=wlan0 ch6  BL=[]
[RX  <- B] bucket=21359  peer_BL=[]  my_BL=[]
[01:10:14] HOP bucket=21360 L4 wlan0 -> ch6  (retuning, ~700ms loss)  | BL=[]
[TX  ->  *] bucket=21360 L4 active=wlan0 ch6  BL=[]
[RX  <- B] bucket=21360  peer_BL=[]  my_BL=[]
[01:10:16] HOP bucket=21361 L4 wlan0 -> ch8  (retuning, ~700ms loss)  | BL=[]
[TX  ->  *] bucket=21361 L4 active=wlan0 ch8  BL=[]
[RX  <- B] bucket=21361  peer_BL=[]  my_BL=[]
[01:10:18] HOP bucket=21362 L4 wlan0 -> ch7  (retuning, ~700ms loss)  | BL=[]
[TX  ->  *] bucket=21362 L4 active=wlan0 ch7  BL=[]
[RX  <- B] bucket=21362  peer_BL=[]  my_BL=[]
[01:10:20] HOP bucket=21363 L4 wlan0 -> ch3  (retuning, ~700ms loss)  | BL=[]
[TX  ->  *] bucket=21363 L4 active=wlan0 ch3  BL=[]
[RX  <- B] bucket=21363  peer_BL=[]  my_BL=[]
[01:10:22] HOP bucket=21364 L4 wlan0 -> ch3  (retuning, ~700ms loss)  | BL=[]
[TX  ->  *] bucket=21364 L4 active=wlan0 ch3  BL=[]
[RX  <- B] bucket=21364  peer_BL=[]  my_BL=[]
[01:10:24] HOP bucket=21365 L4 wlan0 -> ch5  (retuning, ~700ms loss)  | BL=[]
[RX  <- B] bucket=21365  peer_BL=[]  my_BL=[]
[TX  ->  *] bucket=21365 L4 active=wlan0 ch5  BL=[]
[01:10:26] HOP bucket=21366 L4 wlan0 -> ch5  (retuning, ~700ms loss)  | BL=[]
[RX  <- B] bucket=21366  peer_BL=[]  my_BL=[]
[TX  ->  *] bucket=21366 L4 active=wlan0 ch5  BL=[]
[01:10:28] HOP bucket=21367 L4 wlan0 -> ch9  (retuning, ~700ms loss)  | BL=[]
[RX  <- B] bucket=21367  peer_BL=[]  my_BL=[]
[TX  ->  *] bucket=21367 L4 active=wlan0 ch9  BL=[]
[01:10:30] HOP bucket=21368 L4 wlan0 -> ch11  (retuning, ~700ms loss)  | BL=[]
[RX  <- B] bucket=21368  peer_BL=[]  my_BL=[]
[TX  ->  *] bucket=21368 L4 active=wlan0 ch11  BL=[]
[01:10:32] HOP bucket=21369 L4 wlan0 -> ch9  (retuning, ~700ms loss)  | BL=[]
[RX  <- B] bucket=21369  peer_BL=[]  my_BL=[]
[TX  ->  *] bucket=21369 L4 active=wlan0 ch9  BL=[]
[01:10:34] HOP bucket=21370 L4 wlan0 -> ch5  (retuning, ~700ms loss)  | BL=[]
[RX  <- B] bucket=21370  peer_BL=[]  my_BL=[]
[TX  ->  *] bucket=21370 L4 active=wlan0 ch5  BL=[]
[01:10:36] HOP bucket=21371 L4 wlan0 -> ch8  (retuning, ~700ms loss)  | BL=[]
[RX  <- B] bucket=21371  peer_BL=[]  my_BL=[]
[TX  ->  *] bucket=21371 L4 active=wlan0 ch8  BL=[]
[01:10:38] HOP bucket=21372 L4 wlan0 -> ch4  (retuning, ~700ms loss)  | BL=[]
[RX  <- B] bucket=21372  peer_BL=[]  my_BL=[]
[TX  ->  *] bucket=21372 L4 active=wlan0 ch4  BL=[]
[01:10:40] HOP bucket=21373 L4 wlan0 -> ch10  (retuning, ~700ms loss)  | BL=[]
[RX  <- B] bucket=21373  peer_BL=[]  my_BL=[]
[TX  ->  *] bucket=21373 L4 active=wlan0 ch10  BL=[]
[01:10:42] HOP bucket=21374 L4 wlan0 -> ch4  (retuning, ~700ms loss)  | BL=[]
[RX  <- B] bucket=21374  peer_BL=[]  my_BL=[]
[TX  ->  *] bucket=21374 L4 active=wlan0 ch4  BL=[]
[01:10:44] HOP bucket=21375 L4 wlan0 -> ch3  (retuning, ~700ms loss)  | BL=[]
[TX  ->  *] bucket=21375 L4 active=wlan0 ch3  BL=[]
[RX  <- B] bucket=21375  peer_BL=[]  my_BL=[]
[01:10:46] HOP bucket=21376 L4 wlan0 -> ch6  (retuning, ~700ms loss)  | BL=[]
[RX  <- B] bucket=21376  peer_BL=[]  my_BL=[]
[TX  ->  *] bucket=21376 L4 active=wlan0 ch6  BL=[]
[01:10:48] HOP bucket=21377 L4 wlan0 -> ch4  (retuning, ~700ms loss)  | BL=[]
[TX  ->  *] bucket=21377 L4 active=wlan0 ch4  BL=[]
[RX  <- B] bucket=21377  peer_BL=[]  my_BL=[]
[01:10:50] HOP bucket=21378 L4 wlan0 -> ch9  (retuning, ~700ms loss)  | BL=[]
[RX  <- B] bucket=21378  peer_BL=[]  my_BL=[]
[TX  ->  *] bucket=21378 L4 active=wlan0 ch9  BL=[]
[01:10:52] HOP bucket=21379 L4 wlan0 -> ch3  (retuning, ~700ms loss)  | BL=[]
[RX  <- B] bucket=21379  peer_BL=[]  my_BL=[]
[TX  ->  *] bucket=21379 L4 active=wlan0 ch3  BL=[]
[01:10:54] HOP bucket=21380 L4 wlan0 -> ch11  (retuning, ~700ms loss)  | BL=[]
[RX  <- B] bucket=21380  peer_BL=[]  my_BL=[]
[TX  ->  *] bucket=21380 L4 active=wlan0 ch11  BL=[]
[01:10:56] HOP bucket=21381 L4 wlan0 -> ch9  (retuning, ~700ms loss)  | BL=[]
[TX  ->  *] bucket=21381 L4 active=wlan0 ch9  BL=[]
[RX  <- B] bucket=21381  peer_BL=[]  my_BL=[]
[01:10:58] HOP bucket=21382 L4 wlan0 -> ch3  (retuning, ~700ms loss)  | BL=[]
[RX  <- B] bucket=21382  peer_BL=[]  my_BL=[]
[TX  ->  *] bucket=21382 L4 active=wlan0 ch3  BL=[]
[01:11:00] HOP bucket=21383 L4 wlan0 -> ch10  (retuning, ~700ms loss)  | BL=[]
[TX  ->  *] bucket=21383 L4 active=wlan0 ch10  BL=[]
[RX  <- B] bucket=21383  peer_BL=[]  my_BL=[]
[01:11:02] HOP bucket=21384 L4 wlan0 -> ch11  (retuning, ~700ms loss)  | BL=[]
[TX  ->  *] bucket=21384 L4 active=wlan0 ch11  BL=[]
[RX  <- B] bucket=21384  peer_BL=[]  my_BL=[]
[01:11:04] HOP bucket=21385 L4 wlan0 -> ch3  (retuning, ~700ms loss)  | BL=[]
[TX  ->  *] bucket=21385 L4 active=wlan0 ch3  BL=[]
[RX  <- B] bucket=21385  peer_BL=[]  my_BL=[]
[01:11:06] HOP bucket=21386 L4 wlan0 -> ch8  (retuning, ~700ms loss)  | BL=[]
[RX  <- B] bucket=21386  peer_BL=[]  my_BL=[]
[TX  ->  *] bucket=21386 L4 active=wlan0 ch8  BL=[]
[01:11:08] HOP bucket=21387 L4 wlan0 -> ch5  (retuning, ~700ms loss)  | BL=[]
[TX  ->  *] bucket=21387 L4 active=wlan0 ch5  BL=[]
[RX  <- B] bucket=21387  peer_BL=[]  my_BL=[]
[01:11:10] HOP bucket=21388 L4 wlan0 -> ch5  (retuning, ~700ms loss)  | BL=[]
[RX  <- B] bucket=21388  peer_BL=[]  my_BL=[]
[TX  ->  *] bucket=21388 L4 active=wlan0 ch5  BL=[]
[01:11:12] HOP bucket=21389 L4 wlan0 -> ch6  (retuning, ~700ms loss)  | BL=[]
[RX  <- B] bucket=21389  peer_BL=[]  my_BL=[]
[TX  ->  *] bucket=21389 L4 active=wlan0 ch6  BL=[]
[01:11:14] HOP bucket=21390 L4 wlan0 -> ch6  (retuning, ~700ms loss)  | BL=[]
[TX  ->  *] bucket=21390 L4 active=wlan0 ch6  BL=[]
[RX  <- B] bucket=21390  peer_BL=[]  my_BL=[]
[01:11:16] HOP bucket=21391 L4 wlan0 -> ch9  (retuning, ~700ms loss)  | BL=[]
[TX  ->  *] bucket=21391 L4 active=wlan0 ch9  BL=[]
[RX  <- B] bucket=21391  peer_BL=[]  my_BL=[]
[01:11:18] HOP bucket=21392 L4 wlan0 -> ch7  (retuning, ~700ms loss)  | BL=[]
[TX  ->  *] bucket=21392 L4 active=wlan0 ch7  BL=[]
[RX  <- B] bucket=21392  peer_BL=[]  my_BL=[]
[01:11:20] HOP bucket=21393 L4 wlan0 -> ch4  (retuning, ~700ms loss)  | BL=[]
[TX  ->  *] bucket=21393 L4 active=wlan0 ch4  BL=[]
[RX  <- B] bucket=21393  peer_BL=[]  my_BL=[]
[01:11:22] HOP bucket=21394 L4 wlan0 -> ch10  (retuning, ~700ms loss)  | BL=[]
[RX  <- B] bucket=21394  peer_BL=[]  my_BL=[]
[TX  ->  *] bucket=21394 L4 active=wlan0 ch10  BL=[]
[01:11:24] HOP bucket=21395 L4 wlan0 -> ch6  (retuning, ~700ms loss)  | BL=[]
[TX  ->  *] bucket=21395 L4 active=wlan0 ch6  BL=[]
[RX  <- B] bucket=21395  peer_BL=[]  my_BL=[]
[01:11:26] HOP bucket=21396 L4 wlan0 -> ch8  (retuning, ~700ms loss)  | BL=[]
[RX  <- B] bucket=21396  peer_BL=[]  my_BL=[]
[TX  ->  *] bucket=21396 L4 active=wlan0 ch8  BL=[]
[01:11:28] HOP bucket=21397 L4 wlan0 -> ch3  (retuning, ~700ms loss)  | BL=[]
[TX  ->  *] bucket=21397 L4 active=wlan0 ch3  BL=[]
[RX  <- B] bucket=21397  peer_BL=[]  my_BL=[]
[01:11:30] HOP bucket=21398 L4 wlan0 -> ch11  (retuning, ~700ms loss)  | BL=[]
[TX  ->  *] bucket=21398 L4 active=wlan0 ch11  BL=[]
[RX  <- B] bucket=21398  peer_BL=[]  my_BL=[]
[01:11:32] HOP bucket=21399 L4 wlan0 -> ch10  (retuning, ~700ms loss)  | BL=[]
[TX  ->  *] bucket=21399 L4 active=wlan0 ch10  BL=[]
[RX  <- B] bucket=21399  peer_BL=[]  my_BL=[]
[01:11:34] HOP bucket=21400 L4 wlan0 -> ch8  (retuning, ~700ms loss)  | BL=[]
[TX  ->  *] bucket=21400 L4 active=wlan0 ch8  BL=[]
[RX  <- B] bucket=21400  peer_BL=[]  my_BL=[]
[01:11:36] HOP bucket=21401 L4 wlan0 -> ch6  (retuning, ~700ms loss)  | BL=[]
[RX  <- B] bucket=21401  peer_BL=[]  my_BL=[]
[TX  ->  *] bucket=21401 L4 active=wlan0 ch6  BL=[]
[01:11:38] HOP bucket=21402 L4 wlan0 -> ch7  (retuning, ~700ms loss)  | BL=[]
[TX  ->  *] bucket=21402 L4 active=wlan0 ch7  BL=[]
[RX  <- B] bucket=21402  peer_BL=[]  my_BL=[]
[01:11:40] HOP bucket=21403 L4 wlan0 -> ch10  (retuning, ~700ms loss)  | BL=[]
[TX  ->  *] bucket=21403 L4 active=wlan0 ch10  BL=[]
[RX  <- B] bucket=21403  peer_BL=[]  my_BL=[]
[01:11:42] HOP bucket=21404 L4 wlan0 -> ch11  (retuning, ~700ms loss)  | BL=[]
[TX  ->  *] bucket=21404 L4 active=wlan0 ch11  BL=[]
[RX  <- B] bucket=21404  peer_BL=[]  my_BL=[]
[01:11:44] HOP bucket=21405 L4 wlan0 -> ch3  (retuning, ~700ms loss)  | BL=[]
[TX  ->  *] bucket=21405 L4 active=wlan0 ch3  BL=[]
[RX  <- B] bucket=21405  peer_BL=[]  my_BL=[]
[01:11:46] HOP bucket=21406 L4 wlan0 -> ch8  (retuning, ~700ms loss)  | BL=[]
[TX  ->  *] bucket=21406 L4 active=wlan0 ch8  BL=[]
[RX  <- B] bucket=21406  peer_BL=[]  my_BL=[]
[01:11:48] HOP bucket=21407 L4 wlan0 -> ch10  (retuning, ~700ms loss)  | BL=[]
[TX  ->  *] bucket=21407 L4 active=wlan0 ch10  BL=[]
[RX  <- B] bucket=21407  peer_BL=[]  my_BL=[]
[01:11:50] HOP bucket=21408 L4 wlan0 -> ch8  (retuning, ~700ms loss)  | BL=[]
[TX  ->  *] bucket=21408 L4 active=wlan0 ch8  BL=[]
[RX  <- B] bucket=21408  peer_BL=[]  my_BL=[]
[01:11:52] HOP bucket=21409 L4 wlan0 -> ch11  (retuning, ~700ms loss)  | BL=[]
[TX  ->  *] bucket=21409 L4 active=wlan0 ch11  BL=[]
[RX  <- B] bucket=21409  peer_BL=[]  my_BL=[]
[01:11:54] HOP bucket=21410 L4 wlan0 -> ch11  (retuning, ~700ms loss)  | BL=[]
[TX  ->  *] bucket=21410 L4 active=wlan0 ch11  BL=[]
[RX  <- B] bucket=21410  peer_BL=[]  my_BL=[]
[01:11:56] HOP bucket=21411 L4 wlan0 -> ch7  (retuning, ~700ms loss)  | BL=[]
[TX  ->  *] bucket=21411 L4 active=wlan0 ch7  BL=[]
[RX  <- B] bucket=21411  peer_BL=[]  my_BL=[]
[01:11:58] HOP bucket=21412 L4 wlan0 -> ch5  (retuning, ~700ms loss)  | BL=[]
[TX  ->  *] bucket=21412 L4 active=wlan0 ch5  BL=[]
[RX  <- B] bucket=21412  peer_BL=[]  my_BL=[]
[01:12:00] HOP bucket=21413 L4 wlan0 -> ch11  (retuning, ~700ms loss)  | BL=[]
[TX  ->  *] bucket=21413 L4 active=wlan0 ch11  BL=[]
[RX  <- B] bucket=21413  peer_BL=[]  my_BL=[]
[01:12:02] HOP bucket=21414 L4 wlan0 -> ch7  (retuning, ~700ms loss)  | BL=[]
[TX  ->  *] bucket=21414 L4 active=wlan0 ch7  BL=[]
[RX  <- B] bucket=21414  peer_BL=[]  my_BL=[]
[01:12:04] HOP bucket=21415 L4 wlan0 -> ch8  (retuning, ~700ms loss)  | BL=[]
[TX  ->  *] bucket=21415 L4 active=wlan0 ch8  BL=[]
[RX  <- B] bucket=21415  peer_BL=[]  my_BL=[]
[01:12:06] HOP bucket=21416 L4 wlan0 -> ch7  (retuning, ~700ms loss)  | BL=[]
[TX  ->  *] bucket=21416 L4 active=wlan0 ch7  BL=[]
[RX  <- B] bucket=21416  peer_BL=[]  my_BL=[]
[01:12:08] HOP bucket=21417 L4 wlan0 -> ch10  (retuning, ~700ms loss)  | BL=[]
[TX  ->  *] bucket=21417 L4 active=wlan0 ch10  BL=[]
[RX  <- B] bucket=21417  peer_BL=[]  my_BL=[]
[01:12:10] HOP bucket=21418 L4 wlan0 -> ch3  (retuning, ~700ms loss)  | BL=[]
[TX  ->  *] bucket=21418 L4 active=wlan0 ch3  BL=[]
[RX  <- B] bucket=21418  peer_BL=[]  my_BL=[]
[01:12:12] HOP bucket=21419 L4 wlan0 -> ch9  (retuning, ~700ms loss)  | BL=[]
[TX  ->  *] bucket=21419 L4 active=wlan0 ch9  BL=[]
[RX  <- B] bucket=21419  peer_BL=[]  my_BL=[]
[01:12:14] HOP bucket=21420 L4 wlan0 -> ch10  (retuning, ~700ms loss)  | BL=[]
[TX  ->  *] bucket=21420 L4 active=wlan0 ch10  BL=[]
[RX  <- B] bucket=21420  peer_BL=[]  my_BL=[]
[01:12:16] HOP bucket=21421 L4 wlan0 -> ch10  (retuning, ~700ms loss)  | BL=[]
[TX  ->  *] bucket=21421 L4 active=wlan0 ch10  BL=[]
[RX  <- B] bucket=21421  peer_BL=[]  my_BL=[]
[01:12:18] HOP bucket=21422 L4 wlan0 -> ch9  (retuning, ~700ms loss)  | BL=[]
[TX  ->  *] bucket=21422 L4 active=wlan0 ch9  BL=[]
[RX  <- B] bucket=21422  peer_BL=[]  my_BL=[]
[01:12:20] HOP bucket=21423 L4 wlan0 -> ch7  (retuning, ~700ms loss)  | BL=[]
[TX  ->  *] bucket=21423 L4 active=wlan0 ch7  BL=[]
[RX  <- B] bucket=21423  peer_BL=[]  my_BL=[]
[01:12:22] HOP bucket=21424 L4 wlan0 -> ch5  (retuning, ~700ms loss)  | BL=[]
[RX  <- B] bucket=21424  peer_BL=[]  my_BL=[]
[TX  ->  *] bucket=21424 L4 active=wlan0 ch5  BL=[]
[01:12:24] HOP bucket=21425 L4 wlan0 -> ch9  (retuning, ~700ms loss)  | BL=[]
[TX  ->  *] bucket=21425 L4 active=wlan0 ch9  BL=[]
[RX  <- B] bucket=21425  peer_BL=[]  my_BL=[]
[01:12:26] HOP bucket=21426 L4 wlan0 -> ch11  (retuning, ~700ms loss)  | BL=[]
[TX  ->  *] bucket=21426 L4 active=wlan0 ch11  BL=[]
[RX  <- B] bucket=21426  peer_BL=[]  my_BL=[]
[01:12:28] HOP bucket=21427 L4 wlan0 -> ch7  (retuning, ~700ms loss)  | BL=[]
[RX  <- B] bucket=21427  peer_BL=[]  my_BL=[]
[TX  ->  *] bucket=21427 L4 active=wlan0 ch7  BL=[]
[01:12:30] HOP bucket=21428 L4 wlan0 -> ch11  (retuning, ~700ms loss)  | BL=[]
[TX  ->  *] bucket=21428 L4 active=wlan0 ch11  BL=[]
[RX  <- B] bucket=21428  peer_BL=[]  my_BL=[]
[01:12:32] HOP bucket=21429 L4 wlan0 -> ch5  (retuning, ~700ms loss)  | BL=[]
[TX  ->  *] bucket=21429 L4 active=wlan0 ch5  BL=[]
[RX  <- B] bucket=21429  peer_BL=[]  my_BL=[]
[01:12:34] HOP bucket=21430 L4 wlan0 -> ch10  (retuning, ~700ms loss)  | BL=[]
[TX  ->  *] bucket=21430 L4 active=wlan0 ch10  BL=[]
[RX  <- B] bucket=21430  peer_BL=[]  my_BL=[]
[01:12:36] HOP bucket=21431 L4 wlan0 -> ch7  (retuning, ~700ms loss)  | BL=[]
[TX  ->  *] bucket=21431 L4 active=wlan0 ch7  BL=[]
[RX  <- B] bucket=21431  peer_BL=[]  my_BL=[]
[01:12:38] HOP bucket=21432 L4 wlan0 -> ch7  (retuning, ~700ms loss)  | BL=[]
[TX  ->  *] bucket=21432 L4 active=wlan0 ch7  BL=[]
[RX  <- B] bucket=21432  peer_BL=[]  my_BL=[]
[01:12:40] HOP bucket=21433 L4 wlan0 -> ch4  (retuning, ~700ms loss)  | BL=[]
[TX  ->  *] bucket=21433 L4 active=wlan0 ch4  BL=[]
[RX  <- B] bucket=21433  peer_BL=[]  my_BL=[]
[01:12:42] HOP bucket=21434 L4 wlan0 -> ch8  (retuning, ~700ms loss)  | BL=[]
[TX  ->  *] bucket=21434 L4 active=wlan0 ch8  BL=[]
[RX  <- B] bucket=21434  peer_BL=[]  my_BL=[]
[01:12:44] HOP bucket=21435 L4 wlan0 -> ch9  (retuning, ~700ms loss)  | BL=[]
[TX  ->  *] bucket=21435 L4 active=wlan0 ch9  BL=[]
[RX  <- B] bucket=21435  peer_BL=[]  my_BL=[]
[01:12:46] HOP bucket=21436 L4 wlan0 -> ch9  (retuning, ~700ms loss)  | BL=[]
[TX  ->  *] bucket=21436 L4 active=wlan0 ch9  BL=[]
[RX  <- B] bucket=21436  peer_BL=[]  my_BL=[]
[01:12:48] HOP bucket=21437 L4 wlan0 -> ch7  (retuning, ~700ms loss)  | BL=[]
[TX  ->  *] bucket=21437 L4 active=wlan0 ch7  BL=[]
[RX  <- B] bucket=21437  peer_BL=[]  my_BL=[]
[01:12:50] HOP bucket=21438 L4 wlan0 -> ch8  (retuning, ~700ms loss)  | BL=[]
[TX  ->  *] bucket=21438 L4 active=wlan0 ch8  BL=[]
[RX  <- B] bucket=21438  peer_BL=[]  my_BL=[]
[01:12:52] HOP bucket=21439 L4 wlan0 -> ch3  (retuning, ~700ms loss)  | BL=[]
[TX  ->  *] bucket=21439 L4 active=wlan0 ch3  BL=[]
[RX  <- B] bucket=21439  peer_BL=[]  my_BL=[]
[01:12:54] HOP bucket=21440 L4 wlan0 -> ch3  (retuning, ~700ms loss)  | BL=[]
[RX  <- B] bucket=21440  peer_BL=[]  my_BL=[]
[TX  ->  *] bucket=21440 L4 active=wlan0 ch3  BL=[]
[01:12:56] HOP bucket=21441 L4 wlan0 -> ch5  (retuning, ~700ms loss)  | BL=[]
[RX  <- B] bucket=21441  peer_BL=[]  my_BL=[]
[TX  ->  *] bucket=21441 L4 active=wlan0 ch5  BL=[]
[01:12:58] HOP bucket=21442 L4 wlan0 -> ch6  (retuning, ~700ms loss)  | BL=[]
[RX  <- B] bucket=21442  peer_BL=[]  my_BL=[]
[TX  ->  *] bucket=21442 L4 active=wlan0 ch6  BL=[]
[01:13:00] HOP bucket=21443 L4 wlan0 -> ch3  (retuning, ~700ms loss)  | BL=[]
[TX  ->  *] bucket=21443 L4 active=wlan0 ch3  BL=[]
[RX  <- B] bucket=21443  peer_BL=[]  my_BL=[]
[01:13:02] HOP bucket=21444 L4 wlan0 -> ch5  (retuning, ~700ms loss)  | BL=[]
[TX  ->  *] bucket=21444 L4 active=wlan0 ch5  BL=[]
[RX  <- B] bucket=21444  peer_BL=[]  my_BL=[]
[01:13:04] HOP bucket=21445 L4 wlan0 -> ch4  (retuning, ~700ms loss)  | BL=[]
[RX  <- B] bucket=21445  peer_BL=[]  my_BL=[]
[TX  ->  *] bucket=21445 L4 active=wlan0 ch4  BL=[]
[01:13:06] HOP bucket=21446 L4 wlan0 -> ch11  (retuning, ~700ms loss)  | BL=[]
[RX  <- B] bucket=21446  peer_BL=[]  my_BL=[]
[TX  ->  *] bucket=21446 L4 active=wlan0 ch11  BL=[]
[01:13:08] HOP bucket=21447 L4 wlan0 -> ch11  (retuning, ~700ms loss)  | BL=[]
[RX  <- B] bucket=21447  peer_BL=[]  my_BL=[]
[TX  ->  *] bucket=21447 L4 active=wlan0 ch11  BL=[]
[01:13:10] HOP bucket=21448 L4 wlan0 -> ch10  (retuning, ~700ms loss)  | BL=[]
[RX  <- B] bucket=21448  peer_BL=[]  my_BL=[]
[TX  ->  *] bucket=21448 L4 active=wlan0 ch10  BL=[]
[01:13:12] HOP bucket=21449 L4 wlan0 -> ch11  (retuning, ~700ms loss)  | BL=[]
[RX  <- B] bucket=21449  peer_BL=[]  my_BL=[]
[TX  ->  *] bucket=21449 L4 active=wlan0 ch11  BL=[]
[01:13:14] HOP bucket=21450 L4 wlan0 -> ch7  (retuning, ~700ms loss)  | BL=[]
[RX  <- B] bucket=21450  peer_BL=[]  my_BL=[]
[TX  ->  *] bucket=21450 L4 active=wlan0 ch7  BL=[]
[01:13:16] HOP bucket=21451 L4 wlan0 -> ch10  (retuning, ~700ms loss)  | BL=[]
[TX  ->  *] bucket=21451 L4 active=wlan0 ch10  BL=[]
[RX  <- B] bucket=21451  peer_BL=[]  my_BL=[]
[01:13:18] HOP bucket=21452 L4 wlan0 -> ch9  (retuning, ~700ms loss)  | BL=[]
[TX  ->  *] bucket=21452 L4 active=wlan0 ch9  BL=[]
[RX  <- B] bucket=21452  peer_BL=[]  my_BL=[]
[01:13:20] HOP bucket=21453 L4 wlan0 -> ch3  (retuning, ~700ms loss)  | BL=[]
[TX  ->  *] bucket=21453 L4 active=wlan0 ch3  BL=[]
[RX  <- B] bucket=21453  peer_BL=[]  my_BL=[]
[01:13:22] HOP bucket=21454 L4 wlan0 -> ch3  (retuning, ~700ms loss)  | BL=[]
[TX  ->  *] bucket=21454 L4 active=wlan0 ch3  BL=[]
[RX  <- B] bucket=21454  peer_BL=[]  my_BL=[]
[01:13:24] HOP bucket=21455 L4 wlan0 -> ch10  (retuning, ~700ms loss)  | BL=[]
[TX  ->  *] bucket=21455 L4 active=wlan0 ch10  BL=[]
[RX  <- B] bucket=21455  peer_BL=[]  my_BL=[]
[01:13:26] HOP bucket=21456 L4 wlan0 -> ch8  (retuning, ~700ms loss)  | BL=[]
[TX  ->  *] bucket=21456 L4 active=wlan0 ch8  BL=[]
[RX  <- B] bucket=21456  peer_BL=[]  my_BL=[]
[01:13:28] HOP bucket=21457 L4 wlan0 -> ch3  (retuning, ~700ms loss)  | BL=[]
[RX  <- B] bucket=21457  peer_BL=[]  my_BL=[]
[TX  ->  *] bucket=21457 L4 active=wlan0 ch3  BL=[]
[01:13:30] HOP bucket=21458 L4 wlan0 -> ch11  (retuning, ~700ms loss)  | BL=[]
[TX  ->  *] bucket=21458 L4 active=wlan0 ch11  BL=[]
[RX  <- B] bucket=21458  peer_BL=[]  my_BL=[]
[01:13:32] HOP bucket=21459 L4 wlan0 -> ch5  (retuning, ~700ms loss)  | BL=[]
[RX  <- B] bucket=21459  peer_BL=[]  my_BL=[]
[TX  ->  *] bucket=21459 L4 active=wlan0 ch5  BL=[]
[01:13:34] HOP bucket=21460 L4 wlan0 -> ch4  (retuning, ~700ms loss)  | BL=[]
[TX  ->  *] bucket=21460 L4 active=wlan0 ch4  BL=[]
[RX  <- B] bucket=21460  peer_BL=[]  my_BL=[]
[01:13:36] HOP bucket=21461 L4 wlan0 -> ch7  (retuning, ~700ms loss)  | BL=[]
[TX  ->  *] bucket=21461 L4 active=wlan0 ch7  BL=[]
[RX  <- B] bucket=21461  peer_BL=[]  my_BL=[]
[01:13:38] HOP bucket=21462 L4 wlan0 -> ch6  (retuning, ~700ms loss)  | BL=[]
[TX  ->  *] bucket=21462 L4 active=wlan0 ch6  BL=[]
[RX  <- B] bucket=21462  peer_BL=[]  my_BL=[]
[01:13:40] HOP bucket=21463 L4 wlan0 -> ch11  (retuning, ~700ms loss)  | BL=[]
[TX  ->  *] bucket=21463 L4 active=wlan0 ch11  BL=[]
[RX  <- B] bucket=21463  peer_BL=[]  my_BL=[]
[01:13:42] HOP bucket=21464 L4 wlan0 -> ch7  (retuning, ~700ms loss)  | BL=[]
[TX  ->  *] bucket=21464 L4 active=wlan0 ch7  BL=[]
[RX  <- B] bucket=21464  peer_BL=[]  my_BL=[]
[01:13:44] HOP bucket=21465 L4 wlan0 -> ch8  (retuning, ~700ms loss)  | BL=[]
[RX  <- B] bucket=21465  peer_BL=[]  my_BL=[]
[TX  ->  *] bucket=21465 L4 active=wlan0 ch8  BL=[]
[01:13:46] HOP bucket=21466 L4 wlan0 -> ch8  (retuning, ~700ms loss)  | BL=[]
[RX  <- B] bucket=21466  peer_BL=[]  my_BL=[]
[TX  ->  *] bucket=21466 L4 active=wlan0 ch8  BL=[]
[01:13:48] HOP bucket=21467 L4 wlan0 -> ch9  (retuning, ~700ms loss)  | BL=[]
[RX  <- B] bucket=21467  peer_BL=[]  my_BL=[]
[TX  ->  *] bucket=21467 L4 active=wlan0 ch9  BL=[]
[01:13:50] HOP bucket=21468 L4 wlan0 -> ch4  (retuning, ~700ms loss)  | BL=[]
[TX  ->  *] bucket=21468 L4 active=wlan0 ch4  BL=[]
[RX  <- B] bucket=21468  peer_BL=[]  my_BL=[]
[01:13:52] HOP bucket=21469 L4 wlan0 -> ch7  (retuning, ~700ms loss)  | BL=[]
[TX  ->  *] bucket=21469 L4 active=wlan0 ch7  BL=[]
[RX  <- B] bucket=21469  peer_BL=[]  my_BL=[]
[01:13:54] HOP bucket=21470 L4 wlan0 -> ch4  (retuning, ~700ms loss)  | BL=[]
[TX  ->  *] bucket=21470 L4 active=wlan0 ch4  BL=[]
[RX  <- B] bucket=21470  peer_BL=[]  my_BL=[]
[01:13:56] HOP bucket=21471 L4 wlan0 -> ch6  (retuning, ~700ms loss)  | BL=[]
[TX  ->  *] bucket=21471 L4 active=wlan0 ch6  BL=[]
[RX  <- B] bucket=21471  peer_BL=[]  my_BL=[]
[01:13:58] HOP bucket=21472 L4 wlan0 -> ch8  (retuning, ~700ms loss)  | BL=[]
[TX  ->  *] bucket=21472 L4 active=wlan0 ch8  BL=[]
[RX  <- B] bucket=21472  peer_BL=[]  my_BL=[]
[01:14:00] HOP bucket=21473 L4 wlan0 -> ch11  (retuning, ~700ms loss)  | BL=[]
[TX  ->  *] bucket=21473 L4 active=wlan0 ch11  BL=[]
[RX  <- B] bucket=21473  peer_BL=[]  my_BL=[]
[01:14:02] HOP bucket=21474 L4 wlan0 -> ch10  (retuning, ~700ms loss)  | BL=[]
[TX  ->  *] bucket=21474 L4 active=wlan0 ch10  BL=[]
[RX  <- B] bucket=21474  peer_BL=[]  my_BL=[]
[01:14:04] HOP bucket=21475 L4 wlan0 -> ch11  (retuning, ~700ms loss)  | BL=[]
[TX  ->  *] bucket=21475 L4 active=wlan0 ch11  BL=[]
[RX  <- B] bucket=21475  peer_BL=[]  my_BL=[]
[01:14:06] HOP bucket=21476 L4 wlan0 -> ch5  (retuning, ~700ms loss)  | BL=[]
[TX  ->  *] bucket=21476 L4 active=wlan0 ch5  BL=[]
[RX  <- B] bucket=21476  peer_BL=[]  my_BL=[]
[01:14:08] HOP bucket=21477 L4 wlan0 -> ch7  (retuning, ~700ms loss)  | BL=[]
[TX  ->  *] bucket=21477 L4 active=wlan0 ch7  BL=[]
[RX  <- B] bucket=21477  peer_BL=[]  my_BL=[]
[01:14:10] HOP bucket=21478 L4 wlan0 -> ch3  (retuning, ~700ms loss)  | BL=[]
[TX  ->  *] bucket=21478 L4 active=wlan0 ch3  BL=[]
[RX  <- B] bucket=21478  peer_BL=[]  my_BL=[]
[01:14:12] HOP bucket=21479 L4 wlan0 -> ch9  (retuning, ~700ms loss)  | BL=[]
[RX  <- B] bucket=21479  peer_BL=[]  my_BL=[]
[TX  ->  *] bucket=21479 L4 active=wlan0 ch9  BL=[]
[01:14:14] HOP bucket=21480 L4 wlan0 -> ch10  (retuning, ~700ms loss)  | BL=[]
[TX  ->  *] bucket=21480 L4 active=wlan0 ch10  BL=[]
[RX  <- B] bucket=21480  peer_BL=[]  my_BL=[]
[01:14:16] HOP bucket=21481 L4 wlan0 -> ch7  (retuning, ~700ms loss)  | BL=[]
[TX  ->  *] bucket=21481 L4 active=wlan0 ch7  BL=[]
[RX  <- B] bucket=21481  peer_BL=[]  my_BL=[]
[01:14:18] HOP bucket=21482 L4 wlan0 -> ch6  (retuning, ~700ms loss)  | BL=[]
[TX  ->  *] bucket=21482 L4 active=wlan0 ch6  BL=[]
[RX  <- B] bucket=21482  peer_BL=[]  my_BL=[]
[01:14:20] HOP bucket=21483 L4 wlan0 -> ch8  (retuning, ~700ms loss)  | BL=[]
[RX  <- B] bucket=21483  peer_BL=[]  my_BL=[]
[TX  ->  *] bucket=21483 L4 active=wlan0 ch8  BL=[]
[01:14:22] HOP bucket=21484 L4 wlan0 -> ch5  (retuning, ~700ms loss)  | BL=[]
[RX  <- B] bucket=21484  peer_BL=[]  my_BL=[]
[TX  ->  *] bucket=21484 L4 active=wlan0 ch5  BL=[]
[01:14:24] HOP bucket=21485 L4 wlan0 -> ch5  (retuning, ~700ms loss)  | BL=[]
[RX  <- B] bucket=21485  peer_BL=[]  my_BL=[]
[TX  ->  *] bucket=21485 L4 active=wlan0 ch5  BL=[]
[01:14:26] HOP bucket=21486 L4 wlan0 -> ch10  (retuning, ~700ms loss)  | BL=[]
[RX  <- B] bucket=21486  peer_BL=[]  my_BL=[]
[TX  ->  *] bucket=21486 L4 active=wlan0 ch10  BL=[]
[01:14:28] HOP bucket=21487 L4 wlan0 -> ch4  (retuning, ~700ms loss)  | BL=[]
[RX  <- B] bucket=21487  peer_BL=[]  my_BL=[]
[TX  ->  *] bucket=21487 L4 active=wlan0 ch4  BL=[]
[01:14:30] HOP bucket=21488 L4 wlan0 -> ch11  (retuning, ~700ms loss)  | BL=[]
[RX  <- B] bucket=21488  peer_BL=[]  my_BL=[]
[TX  ->  *] bucket=21488 L4 active=wlan0 ch11  BL=[]
[01:14:32] HOP bucket=21489 L4 wlan0 -> ch9  (retuning, ~700ms loss)  | BL=[]
[RX  <- B] bucket=21489  peer_BL=[]  my_BL=[]
[TX  ->  *] bucket=21489 L4 active=wlan0 ch9  BL=[]
[01:14:34] HOP bucket=21490 L4 wlan0 -> ch3  (retuning, ~700ms loss)  | BL=[]
[RX  <- B] bucket=21490  peer_BL=[]  my_BL=[]
[TX  ->  *] bucket=21490 L4 active=wlan0 ch3  BL=[]
[01:14:36] HOP bucket=21491 L4 wlan0 -> ch9  (retuning, ~700ms loss)  | BL=[]
[TX  ->  *] bucket=21491 L4 active=wlan0 ch9  BL=[]
[RX  <- B] bucket=21491  peer_BL=[]  my_BL=[]
[01:14:38] HOP bucket=21492 L4 wlan0 -> ch8  (retuning, ~700ms loss)  | BL=[]
[TX  ->  *] bucket=21492 L4 active=wlan0 ch8  BL=[]
[RX  <- B] bucket=21492  peer_BL=[]  my_BL=[]
[01:14:40] HOP bucket=21493 L4 wlan0 -> ch9  (retuning, ~700ms loss)  | BL=[]
[TX  ->  *] bucket=21493 L4 active=wlan0 ch9  BL=[]
[RX  <- B] bucket=21493  peer_BL=[]  my_BL=[]
[01:14:42] HOP bucket=21494 L4 wlan0 -> ch7  (retuning, ~700ms loss)  | BL=[]
[TX  ->  *] bucket=21494 L4 active=wlan0 ch7  BL=[]
[RX  <- B] bucket=21494  peer_BL=[]  my_BL=[]
[01:14:44] HOP bucket=21495 L4 wlan0 -> ch10  (retuning, ~700ms loss)  | BL=[]
[TX  ->  *] bucket=21495 L4 active=wlan0 ch10  BL=[]
[RX  <- B] bucket=21495  peer_BL=[]  my_BL=[]
[01:14:46] HOP bucket=21496 L4 wlan0 -> ch8  (retuning, ~700ms loss)  | BL=[]
[TX  ->  *] bucket=21496 L4 active=wlan0 ch8  BL=[]
[RX  <- B] bucket=21496  peer_BL=[]  my_BL=[]
[01:14:48] HOP bucket=21497 L4 wlan0 -> ch4  (retuning, ~700ms loss)  | BL=[]
[TX  ->  *] bucket=21497 L4 active=wlan0 ch4  BL=[]
[RX  <- B] bucket=21497  peer_BL=[]  my_BL=[]
[01:14:50] HOP bucket=21498 L4 wlan0 -> ch7  (retuning, ~700ms loss)  | BL=[]
[TX  ->  *] bucket=21498 L4 active=wlan0 ch7  BL=[]
[RX  <- B] bucket=21498  peer_BL=[]  my_BL=[]
[01:14:52] HOP bucket=21499 L4 wlan0 -> ch4  (retuning, ~700ms loss)  | BL=[]
[TX  ->  *] bucket=21499 L4 active=wlan0 ch4  BL=[]
[RX  <- B] bucket=21499  peer_BL=[]  my_BL=[]
[01:14:54] HOP bucket=21500 L4 wlan0 -> ch5  (retuning, ~700ms loss)  | BL=[]
[TX  ->  *] bucket=21500 L4 active=wlan0 ch5  BL=[]
[RX  <- B] bucket=21500  peer_BL=[]  my_BL=[]
[01:14:56] HOP bucket=21501 L4 wlan0 -> ch4  (retuning, ~700ms loss)  | BL=[]
[TX  ->  *] bucket=21501 L4 active=wlan0 ch4  BL=[]
[RX  <- B] bucket=21501  peer_BL=[]  my_BL=[]
[01:14:58] HOP bucket=21502 L4 wlan0 -> ch5  (retuning, ~700ms loss)  | BL=[]
[TX  ->  *] bucket=21502 L4 active=wlan0 ch5  BL=[]
[RX  <- B] bucket=21502  peer_BL=[]  my_BL=[]
[01:15:00] HOP bucket=21503 L4 wlan0 -> ch9  (retuning, ~700ms loss)  | BL=[]
[TX  ->  *] bucket=21503 L4 active=wlan0 ch9  BL=[]
[RX  <- B] bucket=21503  peer_BL=[]  my_BL=[]
[01:15:02] HOP bucket=21504 L4 wlan0 -> ch5  (retuning, ~700ms loss)  | BL=[]
[TX  ->  *] bucket=21504 L4 active=wlan0 ch5  BL=[]
[RX  <- B] bucket=21504  peer_BL=[]  my_BL=[]
[01:15:04] HOP bucket=21505 L4 wlan0 -> ch7  (retuning, ~700ms loss)  | BL=[]
[TX  ->  *] bucket=21505 L4 active=wlan0 ch7  BL=[]
[RX  <- B] bucket=21505  peer_BL=[]  my_BL=[]
[01:15:06] HOP bucket=21506 L4 wlan0 -> ch6  (retuning, ~700ms loss)  | BL=[]
[TX  ->  *] bucket=21506 L4 active=wlan0 ch6  BL=[]
[RX  <- B] bucket=21506  peer_BL=[]  my_BL=[]
[01:15:08] HOP bucket=21507 L4 wlan0 -> ch7  (retuning, ~700ms loss)  | BL=[]
[TX  ->  *] bucket=21507 L4 active=wlan0 ch7  BL=[]
[RX  <- B] bucket=21507  peer_BL=[]  my_BL=[]
[01:15:10] HOP bucket=21508 L4 wlan0 -> ch4  (retuning, ~700ms loss)  | BL=[]
[TX  ->  *] bucket=21508 L4 active=wlan0 ch4  BL=[]
[RX  <- B] bucket=21508  peer_BL=[]  my_BL=[]
[01:15:12] HOP bucket=21509 L4 wlan0 -> ch10  (retuning, ~700ms loss)  | BL=[]
[TX  ->  *] bucket=21509 L4 active=wlan0 ch10  BL=[]
[RX  <- B] bucket=21509  peer_BL=[]  my_BL=[]
[01:15:14] HOP bucket=21510 L4 wlan0 -> ch11  (retuning, ~700ms loss)  | BL=[]
[TX  ->  *] bucket=21510 L4 active=wlan0 ch11  BL=[]
[RX  <- B] bucket=21510  peer_BL=[]  my_BL=[]
[01:15:16] HOP bucket=21511 L4 wlan0 -> ch5  (retuning, ~700ms loss)  | BL=[]
[TX  ->  *] bucket=21511 L4 active=wlan0 ch5  BL=[]
[RX  <- B] bucket=21511  peer_BL=[]  my_BL=[]
[01:15:18] HOP bucket=21512 L4 wlan0 -> ch3  (retuning, ~700ms loss)  | BL=[]
[TX  ->  *] bucket=21512 L4 active=wlan0 ch3  BL=[]
[RX  <- B] bucket=21512  peer_BL=[]  my_BL=[]
[01:15:20] HOP bucket=21513 L4 wlan0 -> ch5  (retuning, ~700ms loss)  | BL=[]
[TX  ->  *] bucket=21513 L4 active=wlan0 ch5  BL=[]
[RX  <- B] bucket=21513  peer_BL=[]  my_BL=[]
[01:15:22] HOP bucket=21514 L4 wlan0 -> ch3  (retuning, ~700ms loss)  | BL=[]
[TX  ->  *] bucket=21514 L4 active=wlan0 ch3  BL=[]
[RX  <- B] bucket=21514  peer_BL=[]  my_BL=[]
[01:15:24] HOP bucket=21515 L4 wlan0 -> ch9  (retuning, ~700ms loss)  | BL=[]
[TX  ->  *] bucket=21515 L4 active=wlan0 ch9  BL=[]
[RX  <- B] bucket=21515  peer_BL=[]  my_BL=[]
[01:15:26] HOP bucket=21516 L4 wlan0 -> ch7  (retuning, ~700ms loss)  | BL=[]
[TX  ->  *] bucket=21516 L4 active=wlan0 ch7  BL=[]
[RX  <- B] bucket=21516  peer_BL=[]  my_BL=[]
[01:15:28] HOP bucket=21517 L4 wlan0 -> ch9  (retuning, ~700ms loss)  | BL=[]
[TX  ->  *] bucket=21517 L4 active=wlan0 ch9  BL=[]
[RX  <- B] bucket=21517  peer_BL=[]  my_BL=[]
[01:15:30] HOP bucket=21518 L4 wlan0 -> ch4  (retuning, ~700ms loss)  | BL=[]
[TX  ->  *] bucket=21518 L4 active=wlan0 ch4  BL=[]
[RX  <- B] bucket=21518  peer_BL=[]  my_BL=[]
[01:15:32] HOP bucket=21519 L4 wlan0 -> ch6  (retuning, ~700ms loss)  | BL=[]
[RX  <- B] bucket=21519  peer_BL=[]  my_BL=[]
[TX  ->  *] bucket=21519 L4 active=wlan0 ch6  BL=[]
[01:15:34] HOP bucket=21520 L4 wlan0 -> ch10  (retuning, ~700ms loss)  | BL=[]
[TX  ->  *] bucket=21520 L4 active=wlan0 ch10  BL=[]
[RX  <- B] bucket=21520  peer_BL=[]  my_BL=[]
[01:15:36] HOP bucket=21521 L4 wlan0 -> ch5  (retuning, ~700ms loss)  | BL=[]
[RX  <- B] bucket=21521  peer_BL=[]  my_BL=[]
[TX  ->  *] bucket=21521 L4 active=wlan0 ch5  BL=[]
[01:15:38] HOP bucket=21522 L4 wlan0 -> ch8  (retuning, ~700ms loss)  | BL=[]
[TX  ->  *] bucket=21522 L4 active=wlan0 ch8  BL=[]
[RX  <- B] bucket=21522  peer_BL=[]  my_BL=[]
[01:15:40] HOP bucket=21523 L4 wlan0 -> ch10  (retuning, ~700ms loss)  | BL=[]
[TX  ->  *] bucket=21523 L4 active=wlan0 ch10  BL=[]
[RX  <- B] bucket=21523  peer_BL=[]  my_BL=[]
[01:15:42] HOP bucket=21524 L4 wlan0 -> ch9  (retuning, ~700ms loss)  | BL=[]
[RX  <- B] bucket=21524  peer_BL=[]  my_BL=[]
[TX  ->  *] bucket=21524 L4 active=wlan0 ch9  BL=[]
[01:15:44] HOP bucket=21525 L4 wlan0 -> ch3  (retuning, ~700ms loss)  | BL=[]
[TX  ->  *] bucket=21525 L4 active=wlan0 ch3  BL=[]
[RX  <- B] bucket=21525  peer_BL=[]  my_BL=[]
[01:15:46] HOP bucket=21526 L4 wlan0 -> ch3  (retuning, ~700ms loss)  | BL=[]
[RX  <- B] bucket=21526  peer_BL=[]  my_BL=[]
[TX  ->  *] bucket=21526 L4 active=wlan0 ch3  BL=[]
[01:15:48] HOP bucket=21527 L4 wlan0 -> ch4  (retuning, ~700ms loss)  | BL=[]
[TX  ->  *] bucket=21527 L4 active=wlan0 ch4  BL=[]
[RX  <- B] bucket=21527  peer_BL=[]  my_BL=[]
[01:15:50] HOP bucket=21528 L4 wlan0 -> ch11  (retuning, ~700ms loss)  | BL=[]
[TX  ->  *] bucket=21528 L4 active=wlan0 ch11  BL=[]
[RX  <- B] bucket=21528  peer_BL=[]  my_BL=[]
[01:15:52] HOP bucket=21529 L4 wlan0 -> ch10  (retuning, ~700ms loss)  | BL=[]
[TX  ->  *] bucket=21529 L4 active=wlan0 ch10  BL=[]
[RX  <- B] bucket=21529  peer_BL=[]  my_BL=[]
[01:15:54] HOP bucket=21530 L4 wlan0 -> ch8  (retuning, ~700ms loss)  | BL=[]
[TX  ->  *] bucket=21530 L4 active=wlan0 ch8  BL=[]
[RX  <- B] bucket=21530  peer_BL=[]  my_BL=[]
[01:15:56] HOP bucket=21531 L4 wlan0 -> ch4  (retuning, ~700ms loss)  | BL=[]
[RX  <- B] bucket=21531  peer_BL=[]  my_BL=[]
[TX  ->  *] bucket=21531 L4 active=wlan0 ch4  BL=[]
[01:15:58] HOP bucket=21532 L4 wlan0 -> ch6  (retuning, ~700ms loss)  | BL=[]
[RX  <- B] bucket=21532  peer_BL=[]  my_BL=[]
[TX  ->  *] bucket=21532 L4 active=wlan0 ch6  BL=[]
[01:16:00] HOP bucket=21533 L4 wlan0 -> ch4  (retuning, ~700ms loss)  | BL=[]
[RX  <- B] bucket=21533  peer_BL=[]  my_BL=[]
[TX  ->  *] bucket=21533 L4 active=wlan0 ch4  BL=[]
[01:16:02] HOP bucket=21534 L4 wlan0 -> ch4  (retuning, ~700ms loss)  | BL=[]
[RX  <- B] bucket=21534  peer_BL=[]  my_BL=[]
[TX  ->  *] bucket=21534 L4 active=wlan0 ch4  BL=[]
[01:16:04] HOP bucket=21535 L4 wlan0 -> ch9  (retuning, ~700ms loss)  | BL=[]
[RX  <- B] bucket=21535  peer_BL=[]  my_BL=[]
[TX  ->  *] bucket=21535 L4 active=wlan0 ch9  BL=[]
[01:16:06] HOP bucket=21536 L4 wlan0 -> ch8  (retuning, ~700ms loss)  | BL=[]
[TX  ->  *] bucket=21536 L4 active=wlan0 ch8  BL=[]
[RX  <- B] bucket=21536  peer_BL=[]  my_BL=[]
[01:16:08] HOP bucket=21537 L4 wlan0 -> ch9  (retuning, ~700ms loss)  | BL=[]
[RX  <- B] bucket=21537  peer_BL=[]  my_BL=[]
[TX  ->  *] bucket=21537 L4 active=wlan0 ch9  BL=[]
[01:16:10] HOP bucket=21538 L4 wlan0 -> ch9  (retuning, ~700ms loss)  | BL=[]
[TX  ->  *] bucket=21538 L4 active=wlan0 ch9  BL=[]
[RX  <- B] bucket=21538  peer_BL=[]  my_BL=[]
[01:16:12] HOP bucket=21539 L4 wlan0 -> ch5  (retuning, ~700ms loss)  | BL=[]
[RX  <- B] bucket=21539  peer_BL=[]  my_BL=[]
[TX  ->  *] bucket=21539 L4 active=wlan0 ch5  BL=[]
[01:16:14] HOP bucket=21540 L4 wlan0 -> ch5  (retuning, ~700ms loss)  | BL=[]
[TX  ->  *] bucket=21540 L4 active=wlan0 ch5  BL=[]
[RX  <- B] bucket=21540  peer_BL=[]  my_BL=[]
[01:16:16] HOP bucket=21541 L4 wlan0 -> ch8  (retuning, ~700ms loss)  | BL=[]
[TX  ->  *] bucket=21541 L4 active=wlan0 ch8  BL=[]
[RX  <- B] bucket=21541  peer_BL=[]  my_BL=[]
[01:16:18] HOP bucket=21542 L4 wlan0 -> ch9  (retuning, ~700ms loss)  | BL=[]
[TX  ->  *] bucket=21542 L4 active=wlan0 ch9  BL=[]
[RX  <- B] bucket=21542  peer_BL=[]  my_BL=[]
[01:16:20] HOP bucket=21543 L4 wlan0 -> ch11  (retuning, ~700ms loss)  | BL=[]
[TX  ->  *] bucket=21543 L4 active=wlan0 ch11  BL=[]
[RX  <- B] bucket=21543  peer_BL=[]  my_BL=[]
[01:16:22] HOP bucket=21544 L4 wlan0 -> ch4  (retuning, ~700ms loss)  | BL=[]
[RX  <- B] bucket=21544  peer_BL=[]  my_BL=[]
[TX  ->  *] bucket=21544 L4 active=wlan0 ch4  BL=[]
[01:16:24] HOP bucket=21545 L4 wlan0 -> ch4  (retuning, ~700ms loss)  | BL=[]
[TX  ->  *] bucket=21545 L4 active=wlan0 ch4  BL=[]
[RX  <- B] bucket=21545  peer_BL=[]  my_BL=[]
[01:16:26] HOP bucket=21546 L4 wlan0 -> ch9  (retuning, ~700ms loss)  | BL=[]
[TX  ->  *] bucket=21546 L4 active=wlan0 ch9  BL=[]
[RX  <- B] bucket=21546  peer_BL=[]  my_BL=[]
[01:16:28] HOP bucket=21547 L4 wlan0 -> ch8  (retuning, ~700ms loss)  | BL=[]
[RX  <- B] bucket=21547  peer_BL=[]  my_BL=[]
[TX  ->  *] bucket=21547 L4 active=wlan0 ch8  BL=[]
[01:16:30] HOP bucket=21548 L4 wlan0 -> ch4  (retuning, ~700ms loss)  | BL=[]
[RX  <- B] bucket=21548  peer_BL=[]  my_BL=[]
[TX  ->  *] bucket=21548 L4 active=wlan0 ch4  BL=[]
[01:16:32] HOP bucket=21549 L4 wlan0 -> ch10  (retuning, ~700ms loss)  | BL=[]
[RX  <- B] bucket=21549  peer_BL=[]  my_BL=[]
[TX  ->  *] bucket=21549 L4 active=wlan0 ch10  BL=[]
[01:16:34] HOP bucket=21550 L4 wlan0 -> ch11  (retuning, ~700ms loss)  | BL=[]
[RX  <- B] bucket=21550  peer_BL=[]  my_BL=[]
[TX  ->  *] bucket=21550 L4 active=wlan0 ch11  BL=[]
[01:16:36] HOP bucket=21551 L4 wlan0 -> ch8  (retuning, ~700ms loss)  | BL=[]
[RX  <- B] bucket=21551  peer_BL=[]  my_BL=[]
[TX  ->  *] bucket=21551 L4 active=wlan0 ch8  BL=[]
[01:16:38] HOP bucket=21552 L4 wlan0 -> ch3  (retuning, ~700ms loss)  | BL=[]
[RX  <- B] bucket=21552  peer_BL=[]  my_BL=[]
[TX  ->  *] bucket=21552 L4 active=wlan0 ch3  BL=[]
[01:16:40] HOP bucket=21553 L4 wlan0 -> ch11  (retuning, ~700ms loss)  | BL=[]
[RX  <- B] bucket=21553  peer_BL=[]  my_BL=[]
[TX  ->  *] bucket=21553 L4 active=wlan0 ch11  BL=[]
[01:16:42] HOP bucket=21554 L4 wlan0 -> ch5  (retuning, ~700ms loss)  | BL=[]
[RX  <- B] bucket=21554  peer_BL=[]  my_BL=[]
[TX  ->  *] bucket=21554 L4 active=wlan0 ch5  BL=[]
[01:16:44] HOP bucket=21555 L4 wlan0 -> ch5  (retuning, ~700ms loss)  | BL=[]
[TX  ->  *] bucket=21555 L4 active=wlan0 ch5  BL=[]
[RX  <- B] bucket=21555  peer_BL=[]  my_BL=[]
[01:16:46] HOP bucket=21556 L4 wlan0 -> ch7  (retuning, ~700ms loss)  | BL=[]
[RX  <- B] bucket=21556  peer_BL=[]  my_BL=[]
[TX  ->  *] bucket=21556 L4 active=wlan0 ch7  BL=[]
[01:16:48] HOP bucket=21557 L4 wlan0 -> ch4  (retuning, ~700ms loss)  | BL=[]
[TX  ->  *] bucket=21557 L4 active=wlan0 ch4  BL=[]
[RX  <- B] bucket=21557  peer_BL=[]  my_BL=[]
[01:16:50] HOP bucket=21558 L4 wlan0 -> ch3  (retuning, ~700ms loss)  | BL=[]
[TX  ->  *] bucket=21558 L4 active=wlan0 ch3  BL=[]
[RX  <- B] bucket=21558  peer_BL=[]  my_BL=[]
[01:16:52] HOP bucket=21559 L4 wlan0 -> ch8  (retuning, ~700ms loss)  | BL=[]
[TX  ->  *] bucket=21559 L4 active=wlan0 ch8  BL=[]
[RX  <- B] bucket=21559  peer_BL=[]  my_BL=[]
[01:16:54] HOP bucket=21560 L4 wlan0 -> ch10  (retuning, ~700ms loss)  | BL=[]
[TX  ->  *] bucket=21560 L4 active=wlan0 ch10  BL=[]
[RX  <- B] bucket=21560  peer_BL=[]  my_BL=[]
[01:16:56] HOP bucket=21561 L4 wlan0 -> ch7  (retuning, ~700ms loss)  | BL=[]
[TX  ->  *] bucket=21561 L4 active=wlan0 ch7  BL=[]
[RX  <- B] bucket=21561  peer_BL=[]  my_BL=[]
[01:16:58] HOP bucket=21562 L4 wlan0 -> ch9  (retuning, ~700ms loss)  | BL=[]
[TX  ->  *] bucket=21562 L4 active=wlan0 ch9  BL=[]
[RX  <- B] bucket=21562  peer_BL=[]  my_BL=[]
[01:17:00] HOP bucket=21563 L4 wlan0 -> ch11  (retuning, ~700ms loss)  | BL=[]
[RX  <- B] bucket=21563  peer_BL=[]  my_BL=[]
[TX  ->  *] bucket=21563 L4 active=wlan0 ch11  BL=[]
[01:17:02] HOP bucket=21564 L4 wlan0 -> ch3  (retuning, ~700ms loss)  | BL=[]
[TX  ->  *] bucket=21564 L4 active=wlan0 ch3  BL=[]
[RX  <- B] bucket=21564  peer_BL=[]  my_BL=[]
[01:17:04] HOP bucket=21565 L4 wlan0 -> ch4  (retuning, ~700ms loss)  | BL=[]
[RX  <- B] bucket=21565  peer_BL=[]  my_BL=[]
[TX  ->  *] bucket=21565 L4 active=wlan0 ch4  BL=[]
[01:17:06] HOP bucket=21566 L4 wlan0 -> ch4  (retuning, ~700ms loss)  | BL=[]
[TX  ->  *] bucket=21566 L4 active=wlan0 ch4  BL=[]
[RX  <- B] bucket=21566  peer_BL=[]  my_BL=[]
[01:17:08] HOP bucket=21567 L4 wlan0 -> ch3  (retuning, ~700ms loss)  | BL=[]
[RX  <- B] bucket=21567  peer_BL=[]  my_BL=[]
[TX  ->  *] bucket=21567 L4 active=wlan0 ch3  BL=[]
[01:17:10] HOP bucket=21568 L4 wlan0 -> ch5  (retuning, ~700ms loss)  | BL=[]
[RX  <- B] bucket=21568  peer_BL=[]  my_BL=[]
[TX  ->  *] bucket=21568 L4 active=wlan0 ch5  BL=[]
[01:17:12] HOP bucket=21569 L4 wlan0 -> ch5  (retuning, ~700ms loss)  | BL=[]
[TX  ->  *] bucket=21569 L4 active=wlan0 ch5  BL=[]
[RX  <- B] bucket=21569  peer_BL=[]  my_BL=[]
[01:17:14] HOP bucket=21570 L4 wlan0 -> ch11  (retuning, ~700ms loss)  | BL=[]
[TX  ->  *] bucket=21570 L4 active=wlan0 ch11  BL=[]
[RX  <- B] bucket=21570  peer_BL=[]  my_BL=[]
[01:17:16] HOP bucket=21571 L4 wlan0 -> ch3  (retuning, ~700ms loss)  | BL=[]
[TX  ->  *] bucket=21571 L4 active=wlan0 ch3  BL=[]
[RX  <- B] bucket=21571  peer_BL=[]  my_BL=[]
[01:17:18] HOP bucket=21572 L4 wlan0 -> ch6  (retuning, ~700ms loss)  | BL=[]
[TX  ->  *] bucket=21572 L4 active=wlan0 ch6  BL=[]
[RX  <- B] bucket=21572  peer_BL=[]  my_BL=[]
[01:17:20] HOP bucket=21573 L4 wlan0 -> ch3  (retuning, ~700ms loss)  | BL=[]
[RX  <- B] bucket=21573  peer_BL=[]  my_BL=[]
[TX  ->  *] bucket=21573 L4 active=wlan0 ch3  BL=[]
[01:17:22] HOP bucket=21574 L4 wlan0 -> ch9  (retuning, ~700ms loss)  | BL=[]
[TX  ->  *] bucket=21574 L4 active=wlan0 ch9  BL=[]
[RX  <- B] bucket=21574  peer_BL=[]  my_BL=[]
[01:17:24] HOP bucket=21575 L4 wlan0 -> ch5  (retuning, ~700ms loss)  | BL=[]
[RX  <- B] bucket=21575  peer_BL=[]  my_BL=[]
[TX  ->  *] bucket=21575 L4 active=wlan0 ch5  BL=[]
[01:17:26] HOP bucket=21576 L4 wlan0 -> ch4  (retuning, ~700ms loss)  | BL=[]
[RX  <- B] bucket=21576  peer_BL=[]  my_BL=[]
[TX  ->  *] bucket=21576 L4 active=wlan0 ch4  BL=[]
[01:17:28] HOP bucket=21577 L4 wlan0 -> ch9  (retuning, ~700ms loss)  | BL=[]
[TX  ->  *] bucket=21577 L4 active=wlan0 ch9  BL=[]
[RX  <- B] bucket=21577  peer_BL=[]  my_BL=[]
[01:17:30] HOP bucket=21578 L4 wlan0 -> ch5  (retuning, ~700ms loss)  | BL=[]
[TX  ->  *] bucket=21578 L4 active=wlan0 ch5  BL=[]
[RX  <- B] bucket=21578  peer_BL=[]  my_BL=[]
[01:17:32] HOP bucket=21579 L4 wlan0 -> ch11  (retuning, ~700ms loss)  | BL=[]
[TX  ->  *] bucket=21579 L4 active=wlan0 ch11  BL=[]
[RX  <- B] bucket=21579  peer_BL=[]  my_BL=[]
[01:17:34] HOP bucket=21580 L4 wlan0 -> ch9  (retuning, ~700ms loss)  | BL=[]
[TX  ->  *] bucket=21580 L4 active=wlan0 ch9  BL=[]
[RX  <- B] bucket=21580  peer_BL=[]  my_BL=[]
[01:17:36] HOP bucket=21581 L4 wlan0 -> ch3  (retuning, ~700ms loss)  | BL=[]
[RX  <- B] bucket=21581  peer_BL=[]  my_BL=[]
[TX  ->  *] bucket=21581 L4 active=wlan0 ch3  BL=[]
[01:17:38] HOP bucket=21582 L4 wlan0 -> ch9  (retuning, ~700ms loss)  | BL=[]
[RX  <- B] bucket=21582  peer_BL=[]  my_BL=[]
[TX  ->  *] bucket=21582 L4 active=wlan0 ch9  BL=[]
[01:17:40] HOP bucket=21583 L4 wlan0 -> ch11  (retuning, ~700ms loss)  | BL=[]
[RX  <- B] bucket=21583  peer_BL=[]  my_BL=[]
[TX  ->  *] bucket=21583 L4 active=wlan0 ch11  BL=[]
[01:17:42] HOP bucket=21584 L4 wlan0 -> ch5  (retuning, ~700ms loss)  | BL=[]
[RX  <- B] bucket=21584  peer_BL=[]  my_BL=[]
[TX  ->  *] bucket=21584 L4 active=wlan0 ch5  BL=[]
[01:17:44] HOP bucket=21585 L4 wlan0 -> ch5  (retuning, ~700ms loss)  | BL=[]
[RX  <- B] bucket=21585  peer_BL=[]  my_BL=[]
[TX  ->  *] bucket=21585 L4 active=wlan0 ch5  BL=[]
[01:17:46] HOP bucket=21586 L4 wlan0 -> ch4  (retuning, ~700ms loss)  | BL=[]
[RX  <- B] bucket=21586  peer_BL=[]  my_BL=[]
[TX  ->  *] bucket=21586 L4 active=wlan0 ch4  BL=[]
[01:17:48] HOP bucket=21587 L4 wlan0 -> ch9  (retuning, ~700ms loss)  | BL=[]
[RX  <- B] bucket=21587  peer_BL=[]  my_BL=[]
[TX  ->  *] bucket=21587 L4 active=wlan0 ch9  BL=[]
[01:17:50] HOP bucket=21588 L4 wlan0 -> ch3  (retuning, ~700ms loss)  | BL=[]
[TX  ->  *] bucket=21588 L4 active=wlan0 ch3  BL=[]
[RX  <- B] bucket=21588  peer_BL=[]  my_BL=[]
[01:17:52] HOP bucket=21589 L4 wlan0 -> ch6  (retuning, ~700ms loss)  | BL=[]
[TX  ->  *] bucket=21589 L4 active=wlan0 ch6  BL=[]
[RX  <- B] bucket=21589  peer_BL=[]  my_BL=[]
[01:17:54] HOP bucket=21590 L4 wlan0 -> ch7  (retuning, ~700ms loss)  | BL=[]
[RX  <- B] bucket=21590  peer_BL=[]  my_BL=[]
[TX  ->  *] bucket=21590 L4 active=wlan0 ch7  BL=[]
[01:17:56] HOP bucket=21591 L4 wlan0 -> ch5  (retuning, ~700ms loss)  | BL=[]
[RX  <- B] bucket=21591  peer_BL=[]  my_BL=[]
[TX  ->  *] bucket=21591 L4 active=wlan0 ch5  BL=[]
[01:17:58] HOP bucket=21592 L4 wlan0 -> ch5  (retuning, ~700ms loss)  | BL=[]
[RX  <- B] bucket=21592  peer_BL=[]  my_BL=[]
[TX  ->  *] bucket=21592 L4 active=wlan0 ch5  BL=[]
[01:18:00] HOP bucket=21593 L4 wlan0 -> ch10  (retuning, ~700ms loss)  | BL=[]
[RX  <- B] bucket=21593  peer_BL=[]  my_BL=[]
[TX  ->  *] bucket=21593 L4 active=wlan0 ch10  BL=[]
[01:18:02] HOP bucket=21594 L4 wlan0 -> ch9  (retuning, ~700ms loss)  | BL=[]
[RX  <- B] bucket=21594  peer_BL=[]  my_BL=[]
[TX  ->  *] bucket=21594 L4 active=wlan0 ch9  BL=[]
[01:18:04] HOP bucket=21595 L4 wlan0 -> ch11  (retuning, ~700ms loss)  | BL=[]
[RX  <- B] bucket=21595  peer_BL=[]  my_BL=[]
[TX  ->  *] bucket=21595 L4 active=wlan0 ch11  BL=[]
[01:18:06] HOP bucket=21596 L4 wlan0 -> ch8  (retuning, ~700ms loss)  | BL=[]
[RX  <- B] bucket=21596  peer_BL=[]  my_BL=[]
[TX  ->  *] bucket=21596 L4 active=wlan0 ch8  BL=[]
[01:18:08] HOP bucket=21597 L4 wlan0 -> ch11  (retuning, ~700ms loss)  | BL=[]
[RX  <- B] bucket=21597  peer_BL=[]  my_BL=[]
[TX  ->  *] bucket=21597 L4 active=wlan0 ch11  BL=[]
[01:18:10] HOP bucket=21598 L4 wlan0 -> ch4  (retuning, ~700ms loss)  | BL=[]
[RX  <- B] bucket=21598  peer_BL=[]  my_BL=[]
[TX  ->  *] bucket=21598 L4 active=wlan0 ch4  BL=[]
[01:18:12] HOP bucket=21599 L4 wlan0 -> ch10  (retuning, ~700ms loss)  | BL=[]
[RX  <- B] bucket=21599  peer_BL=[]  my_BL=[]
[TX  ->  *] bucket=21599 L4 active=wlan0 ch10  BL=[]
[01:18:14] HOP bucket=21600 L4 wlan0 -> ch10  (retuning, ~700ms loss)  | BL=[]
[TX  ->  *] bucket=21600 L4 active=wlan0 ch10  BL=[]
[RX  <- B] bucket=21600  peer_BL=[]  my_BL=[]
[01:18:16] HOP bucket=21601 L4 wlan0 -> ch10  (retuning, ~700ms loss)  | BL=[]
[TX  ->  *] bucket=21601 L4 active=wlan0 ch10  BL=[]
[RX  <- B] bucket=21601  peer_BL=[]  my_BL=[]
[01:18:18] HOP bucket=21602 L4 wlan0 -> ch7  (retuning, ~700ms loss)  | BL=[]
[TX  ->  *] bucket=21602 L4 active=wlan0 ch7  BL=[]
[RX  <- B] bucket=21602  peer_BL=[]  my_BL=[]
[01:18:20] HOP bucket=21603 L4 wlan0 -> ch3  (retuning, ~700ms loss)  | BL=[]
[TX  ->  *] bucket=21603 L4 active=wlan0 ch3  BL=[]
[RX  <- B] bucket=21603  peer_BL=[]  my_BL=[]
[01:18:22] HOP bucket=21604 L4 wlan0 -> ch9  (retuning, ~700ms loss)  | BL=[]
[TX  ->  *] bucket=21604 L4 active=wlan0 ch9  BL=[]
[RX  <- B] bucket=21604  peer_BL=[]  my_BL=[]
[01:18:24] HOP bucket=21605 L4 wlan0 -> ch11  (retuning, ~700ms loss)  | BL=[]
[TX  ->  *] bucket=21605 L4 active=wlan0 ch11  BL=[]
[RX  <- B] bucket=21605  peer_BL=[]  my_BL=[]
[01:18:26] HOP bucket=21606 L4 wlan0 -> ch10  (retuning, ~700ms loss)  | BL=[]
[TX  ->  *] bucket=21606 L4 active=wlan0 ch10  BL=[]
[RX  <- B] bucket=21606  peer_BL=[]  my_BL=[]
[01:18:28] HOP bucket=21607 L4 wlan0 -> ch6  (retuning, ~700ms loss)  | BL=[]
[TX  ->  *] bucket=21607 L4 active=wlan0 ch6  BL=[]
[RX  <- B] bucket=21607  peer_BL=[]  my_BL=[]
[01:18:30] HOP bucket=21608 L4 wlan0 -> ch7  (retuning, ~700ms loss)  | BL=[]
[TX  ->  *] bucket=21608 L4 active=wlan0 ch7  BL=[]
[RX  <- B] bucket=21608  peer_BL=[]  my_BL=[]
[01:18:32] HOP bucket=21609 L4 wlan0 -> ch8  (retuning, ~700ms loss)  | BL=[]
[TX  ->  *] bucket=21609 L4 active=wlan0 ch8  BL=[]
[RX  <- B] bucket=21609  peer_BL=[]  my_BL=[]
[01:18:34] HOP bucket=21610 L4 wlan0 -> ch11  (retuning, ~700ms loss)  | BL=[]
[TX  ->  *] bucket=21610 L4 active=wlan0 ch11  BL=[]
[RX  <- B] bucket=21610  peer_BL=[]  my_BL=[]
[01:18:36] HOP bucket=21611 L4 wlan0 -> ch8  (retuning, ~700ms loss)  | BL=[]
[TX  ->  *] bucket=21611 L4 active=wlan0 ch8  BL=[]
[RX  <- B] bucket=21611  peer_BL=[]  my_BL=[]
[01:18:38] HOP bucket=21612 L4 wlan0 -> ch7  (retuning, ~700ms loss)  | BL=[]
[TX  ->  *] bucket=21612 L4 active=wlan0 ch7  BL=[]
[RX  <- B] bucket=21612  peer_BL=[]  my_BL=[]
[01:18:40] HOP bucket=21613 L4 wlan0 -> ch3  (retuning, ~700ms loss)  | BL=[]
[TX  ->  *] bucket=21613 L4 active=wlan0 ch3  BL=[]
[RX  <- B] bucket=21613  peer_BL=[]  my_BL=[]
[01:18:42] HOP bucket=21614 L4 wlan0 -> ch4  (retuning, ~700ms loss)  | BL=[]
[TX  ->  *] bucket=21614 L4 active=wlan0 ch4  BL=[]
[RX  <- B] bucket=21614  peer_BL=[]  my_BL=[]
[01:18:44] HOP bucket=21615 L4 wlan0 -> ch5  (retuning, ~700ms loss)  | BL=[]
[TX  ->  *] bucket=21615 L4 active=wlan0 ch5  BL=[]
[RX  <- B] bucket=21615  peer_BL=[]  my_BL=[]
[01:18:46] HOP bucket=21616 L4 wlan0 -> ch5  (retuning, ~700ms loss)  | BL=[]
[TX  ->  *] bucket=21616 L4 active=wlan0 ch5  BL=[]
[RX  <- B] bucket=21616  peer_BL=[]  my_BL=[]
[01:18:48] HOP bucket=21617 L4 wlan0 -> ch8  (retuning, ~700ms loss)  | BL=[]
[TX  ->  *] bucket=21617 L4 active=wlan0 ch8  BL=[]
[RX  <- B] bucket=21617  peer_BL=[]  my_BL=[]
[01:18:50] HOP bucket=21618 L4 wlan0 -> ch6  (retuning, ~700ms loss)  | BL=[]
[RX  <- B] bucket=21618  peer_BL=[]  my_BL=[]
[TX  ->  *] bucket=21618 L4 active=wlan0 ch6  BL=[]
[01:18:52] HOP bucket=21619 L4 wlan0 -> ch10  (retuning, ~700ms loss)  | BL=[]
[RX  <- B] bucket=21619  peer_BL=[]  my_BL=[]
[TX  ->  *] bucket=21619 L4 active=wlan0 ch10  BL=[]
[01:18:54] HOP bucket=21620 L4 wlan0 -> ch6  (retuning, ~700ms loss)  | BL=[]
[RX  <- B] bucket=21620  peer_BL=[]  my_BL=[]
[TX  ->  *] bucket=21620 L4 active=wlan0 ch6  BL=[]
[01:18:56] HOP bucket=21621 L4 wlan0 -> ch9  (retuning, ~700ms loss)  | BL=[]
[RX  <- B] bucket=21621  peer_BL=[]  my_BL=[]
[TX  ->  *] bucket=21621 L4 active=wlan0 ch9  BL=[]
[01:18:58] HOP bucket=21622 L4 wlan0 -> ch8  (retuning, ~700ms loss)  | BL=[]
[TX  ->  *] bucket=21622 L4 active=wlan0 ch8  BL=[]
[RX  <- B] bucket=21622  peer_BL=[]  my_BL=[]
[01:19:00] HOP bucket=21623 L4 wlan0 -> ch8  (retuning, ~700ms loss)  | BL=[]
[RX  <- B] bucket=21623  peer_BL=[]  my_BL=[]
[TX  ->  *] bucket=21623 L4 active=wlan0 ch8  BL=[]
[01:19:02] HOP bucket=21624 L4 wlan0 -> ch7  (retuning, ~700ms loss)  | BL=[]
[RX  <- B] bucket=21624  peer_BL=[]  my_BL=[]
[TX  ->  *] bucket=21624 L4 active=wlan0 ch7  BL=[]
[01:19:04] HOP bucket=21625 L4 wlan0 -> ch3  (retuning, ~700ms loss)  | BL=[]
[TX  ->  *] bucket=21625 L4 active=wlan0 ch3  BL=[]
[RX  <- B] bucket=21625  peer_BL=[]  my_BL=[]
[01:19:06] HOP bucket=21626 L4 wlan0 -> ch5  (retuning, ~700ms loss)  | BL=[]
[RX  <- B] bucket=21626  peer_BL=[]  my_BL=[]
[TX  ->  *] bucket=21626 L4 active=wlan0 ch5  BL=[]
[01:19:08] HOP bucket=21627 L4 wlan0 -> ch7  (retuning, ~700ms loss)  | BL=[]
[TX  ->  *] bucket=21627 L4 active=wlan0 ch7  BL=[]
[RX  <- B] bucket=21627  peer_BL=[]  my_BL=[]
[01:19:10] HOP bucket=21628 L4 wlan0 -> ch9  (retuning, ~700ms loss)  | BL=[]
[RX  <- B] bucket=21628  peer_BL=[]  my_BL=[]
[TX  ->  *] bucket=21628 L4 active=wlan0 ch9  BL=[]
[01:19:12] HOP bucket=21629 L4 wlan0 -> ch9  (retuning, ~700ms loss)  | BL=[]
[RX  <- B] bucket=21629  peer_BL=[]  my_BL=[]
[TX  ->  *] bucket=21629 L4 active=wlan0 ch9  BL=[]
[01:19:14] HOP bucket=21630 L4 wlan0 -> ch5  (retuning, ~700ms loss)  | BL=[]
[RX  <- B] bucket=21630  peer_BL=[]  my_BL=[]
[TX  ->  *] bucket=21630 L4 active=wlan0 ch5  BL=[]
[01:19:16] HOP bucket=21631 L4 wlan0 -> ch7  (retuning, ~700ms loss)  | BL=[]
[RX  <- B] bucket=21631  peer_BL=[]  my_BL=[]
[TX  ->  *] bucket=21631 L4 active=wlan0 ch7  BL=[]
[01:19:18] HOP bucket=21632 L4 wlan0 -> ch4  (retuning, ~700ms loss)  | BL=[]
[RX  <- B] bucket=21632  peer_BL=[]  my_BL=[]
[TX  ->  *] bucket=21632 L4 active=wlan0 ch4  BL=[]
[01:19:20] HOP bucket=21633 L4 wlan0 -> ch10  (retuning, ~700ms loss)  | BL=[]
[RX  <- B] bucket=21633  peer_BL=[]  my_BL=[]
[TX  ->  *] bucket=21633 L4 active=wlan0 ch10  BL=[]
[01:19:22] HOP bucket=21634 L4 wlan0 -> ch6  (retuning, ~700ms loss)  | BL=[]
[RX  <- B] bucket=21634  peer_BL=[]  my_BL=[]
[TX  ->  *] bucket=21634 L4 active=wlan0 ch6  BL=[]
[01:19:24] HOP bucket=21635 L4 wlan0 -> ch6  (retuning, ~700ms loss)  | BL=[]
[RX  <- B] bucket=21635  peer_BL=[]  my_BL=[]
[TX  ->  *] bucket=21635 L4 active=wlan0 ch6  BL=[]
[01:19:26] HOP bucket=21636 L4 wlan0 -> ch9  (retuning, ~700ms loss)  | BL=[]
[RX  <- B] bucket=21636  peer_BL=[]  my_BL=[]
[TX  ->  *] bucket=21636 L4 active=wlan0 ch9  BL=[]
[01:19:28] HOP bucket=21637 L4 wlan0 -> ch3  (retuning, ~700ms loss)  | BL=[]
[TX  ->  *] bucket=21637 L4 active=wlan0 ch3  BL=[]
[RX  <- B] bucket=21637  peer_BL=[]  my_BL=[]
[01:19:30] HOP bucket=21638 L4 wlan0 -> ch5  (retuning, ~700ms loss)  | BL=[]
[TX  ->  *] bucket=21638 L4 active=wlan0 ch5  BL=[]
[RX  <- B] bucket=21638  peer_BL=[]  my_BL=[]
[01:19:32] HOP bucket=21639 L4 wlan0 -> ch4  (retuning, ~700ms loss)  | BL=[]
[TX  ->  *] bucket=21639 L4 active=wlan0 ch4  BL=[]
[RX  <- B] bucket=21639  peer_BL=[]  my_BL=[]
[01:19:34] HOP bucket=21640 L4 wlan0 -> ch5  (retuning, ~700ms loss)  | BL=[]
[TX  ->  *] bucket=21640 L4 active=wlan0 ch5  BL=[]
[RX  <- B] bucket=21640  peer_BL=[]  my_BL=[]
[01:19:36] HOP bucket=21641 L4 wlan0 -> ch11  (retuning, ~700ms loss)  | BL=[]
[RX  <- B] bucket=21641  peer_BL=[]  my_BL=[]
[TX  ->  *] bucket=21641 L4 active=wlan0 ch11  BL=[]
[01:19:38] HOP bucket=21642 L4 wlan0 -> ch8  (retuning, ~700ms loss)  | BL=[]
[TX  ->  *] bucket=21642 L4 active=wlan0 ch8  BL=[]
[RX  <- B] bucket=21642  peer_BL=[]  my_BL=[]
[01:19:40] HOP bucket=21643 L4 wlan0 -> ch3  (retuning, ~700ms loss)  | BL=[]
[TX  ->  *] bucket=21643 L4 active=wlan0 ch3  BL=[]
[RX  <- B] bucket=21643  peer_BL=[]  my_BL=[]
[01:19:42] HOP bucket=21644 L4 wlan0 -> ch6  (retuning, ~700ms loss)  | BL=[]
[TX  ->  *] bucket=21644 L4 active=wlan0 ch6  BL=[]
[RX  <- B] bucket=21644  peer_BL=[]  my_BL=[]
[01:19:44] HOP bucket=21645 L4 wlan0 -> ch6  (retuning, ~700ms loss)  | BL=[]
[TX  ->  *] bucket=21645 L4 active=wlan0 ch6  BL=[]
[RX  <- B] bucket=21645  peer_BL=[]  my_BL=[]
[01:19:46] HOP bucket=21646 L4 wlan0 -> ch6  (retuning, ~700ms loss)  | BL=[]
[RX  <- B] bucket=21646  peer_BL=[]  my_BL=[]
[TX  ->  *] bucket=21646 L4 active=wlan0 ch6  BL=[]
[01:19:48] HOP bucket=21647 L4 wlan0 -> ch9  (retuning, ~700ms loss)  | BL=[]
[TX  ->  *] bucket=21647 L4 active=wlan0 ch9  BL=[]
[RX  <- B] bucket=21647  peer_BL=[]  my_BL=[]
[01:19:50] HOP bucket=21648 L4 wlan0 -> ch11  (retuning, ~700ms loss)  | BL=[]
[RX  <- B] bucket=21648  peer_BL=[]  my_BL=[]
[TX  ->  *] bucket=21648 L4 active=wlan0 ch11  BL=[]
[01:19:52] HOP bucket=21649 L4 wlan0 -> ch10  (retuning, ~700ms loss)  | BL=[]
[TX  ->  *] bucket=21649 L4 active=wlan0 ch10  BL=[]
[RX  <- B] bucket=21649  peer_BL=[]  my_BL=[]
[01:19:54] HOP bucket=21650 L4 wlan0 -> ch6  (retuning, ~700ms loss)  | BL=[]
[TX  ->  *] bucket=21650 L4 active=wlan0 ch6  BL=[]
[RX  <- B] bucket=21650  peer_BL=[]  my_BL=[]
[01:19:56] HOP bucket=21651 L4 wlan0 -> ch11  (retuning, ~700ms loss)  | BL=[]
[TX  ->  *] bucket=21651 L4 active=wlan0 ch11  BL=[]
[RX  <- B] bucket=21651  peer_BL=[]  my_BL=[]
[01:19:58] HOP bucket=21652 L4 wlan0 -> ch4  (retuning, ~700ms loss)  | BL=[]
[TX  ->  *] bucket=21652 L4 active=wlan0 ch4  BL=[]
[RX  <- B] bucket=21652  peer_BL=[]  my_BL=[]
[01:20:00] HOP bucket=21653 L4 wlan0 -> ch8  (retuning, ~700ms loss)  | BL=[]
[RX  <- B] bucket=21653  peer_BL=[]  my_BL=[]
[TX  ->  *] bucket=21653 L4 active=wlan0 ch8  BL=[]
[01:20:02] HOP bucket=21654 L4 wlan0 -> ch3  (retuning, ~700ms loss)  | BL=[]
[RX  <- B] bucket=21654  peer_BL=[]  my_BL=[]
[TX  ->  *] bucket=21654 L4 active=wlan0 ch3  BL=[]
[01:20:04] HOP bucket=21655 L4 wlan0 -> ch7  (retuning, ~700ms loss)  | BL=[]
[RX  <- B] bucket=21655  peer_BL=[]  my_BL=[]
[TX  ->  *] bucket=21655 L4 active=wlan0 ch7  BL=[]
[01:20:06] HOP bucket=21656 L4 wlan0 -> ch7  (retuning, ~700ms loss)  | BL=[]
[RX  <- B] bucket=21656  peer_BL=[]  my_BL=[]
[TX  ->  *] bucket=21656 L4 active=wlan0 ch7  BL=[]
[01:20:08] HOP bucket=21657 L4 wlan0 -> ch5  (retuning, ~700ms loss)  | BL=[]
[RX  <- B] bucket=21657  peer_BL=[]  my_BL=[]
[TX  ->  *] bucket=21657 L4 active=wlan0 ch5  BL=[]
[01:20:10] HOP bucket=21658 L4 wlan0 -> ch11  (retuning, ~700ms loss)  | BL=[]
[TX  ->  *] bucket=21658 L4 active=wlan0 ch11  BL=[]
[RX  <- B] bucket=21658  peer_BL=[]  my_BL=[]
[01:20:12] HOP bucket=21659 L4 wlan0 -> ch8  (retuning, ~700ms loss)  | BL=[]
[TX  ->  *] bucket=21659 L4 active=wlan0 ch8  BL=[]
[RX  <- B] bucket=21659  peer_BL=[]  my_BL=[]
[01:20:14] HOP bucket=21660 L4 wlan0 -> ch11  (retuning, ~700ms loss)  | BL=[]
[TX  ->  *] bucket=21660 L4 active=wlan0 ch11  BL=[]
[RX  <- B] bucket=21660  peer_BL=[]  my_BL=[]
[01:20:16] HOP bucket=21661 L4 wlan0 -> ch9  (retuning, ~700ms loss)  | BL=[]
[TX  ->  *] bucket=21661 L4 active=wlan0 ch9  BL=[]
[RX  <- B] bucket=21661  peer_BL=[]  my_BL=[]
[01:20:18] HOP bucket=21662 L4 wlan0 -> ch8  (retuning, ~700ms loss)  | BL=[]
[TX  ->  *] bucket=21662 L4 active=wlan0 ch8  BL=[]
[RX  <- B] bucket=21662  peer_BL=[]  my_BL=[]
[01:20:20] HOP bucket=21663 L4 wlan0 -> ch3  (retuning, ~700ms loss)  | BL=[]
[TX  ->  *] bucket=21663 L4 active=wlan0 ch3  BL=[]
[RX  <- B] bucket=21663  peer_BL=[]  my_BL=[]
[01:20:22] HOP bucket=21664 L4 wlan0 -> ch3  (retuning, ~700ms loss)  | BL=[]
[TX  ->  *] bucket=21664 L4 active=wlan0 ch3  BL=[]
[RX  <- B] bucket=21664  peer_BL=[]  my_BL=[]
[01:20:24] HOP bucket=21665 L4 wlan0 -> ch3  (retuning, ~700ms loss)  | BL=[]
[RX  <- B] bucket=21665  peer_BL=[]  my_BL=[]
[TX  ->  *] bucket=21665 L4 active=wlan0 ch3  BL=[]
[01:20:26] HOP bucket=21666 L4 wlan0 -> ch3  (retuning, ~700ms loss)  | BL=[]
[RX  <- B] bucket=21666  peer_BL=[]  my_BL=[]
[TX  ->  *] bucket=21666 L4 active=wlan0 ch3  BL=[]
[01:20:28] HOP bucket=21667 L4 wlan0 -> ch6  (retuning, ~700ms loss)  | BL=[]
[TX  ->  *] bucket=21667 L4 active=wlan0 ch6  BL=[]
[RX  <- B] bucket=21667  peer_BL=[]  my_BL=[]
[01:20:30] HOP bucket=21668 L4 wlan0 -> ch5  (retuning, ~700ms loss)  | BL=[]
[TX  ->  *] bucket=21668 L4 active=wlan0 ch5  BL=[]
[RX  <- B] bucket=21668  peer_BL=[]  my_BL=[]
[01:20:32] HOP bucket=21669 L4 wlan0 -> ch3  (retuning, ~700ms loss)  | BL=[]
[RX  <- B] bucket=21669  peer_BL=[]  my_BL=[]
[TX  ->  *] bucket=21669 L4 active=wlan0 ch3  BL=[]
[01:20:34] HOP bucket=21670 L4 wlan0 -> ch10  (retuning, ~700ms loss)  | BL=[]
[TX  ->  *] bucket=21670 L4 active=wlan0 ch10  BL=[]
[RX  <- B] bucket=21670  peer_BL=[]  my_BL=[]
[01:20:36] HOP bucket=21671 L4 wlan0 -> ch11  (retuning, ~700ms loss)  | BL=[]
[RX  <- B] bucket=21671  peer_BL=[]  my_BL=[]
[TX  ->  *] bucket=21671 L4 active=wlan0 ch11  BL=[]
[01:20:38] HOP bucket=21672 L4 wlan0 -> ch11  (retuning, ~700ms loss)  | BL=[]
[RX  <- B] bucket=21672  peer_BL=[]  my_BL=[]
[TX  ->  *] bucket=21672 L4 active=wlan0 ch11  BL=[]
[01:20:40] HOP bucket=21673 L4 wlan0 -> ch7  (retuning, ~700ms loss)  | BL=[]
[TX  ->  *] bucket=21673 L4 active=wlan0 ch7  BL=[]
[RX  <- B] bucket=21673  peer_BL=[]  my_BL=[]
[01:20:42] HOP bucket=21674 L4 wlan0 -> ch4  (retuning, ~700ms loss)  | BL=[]
[TX  ->  *] bucket=21674 L4 active=wlan0 ch4  BL=[]
[RX  <- B] bucket=21674  peer_BL=[]  my_BL=[]
[01:20:44] HOP bucket=21675 L4 wlan0 -> ch10  (retuning, ~700ms loss)  | BL=[]
[TX  ->  *] bucket=21675 L4 active=wlan0 ch10  BL=[]
[RX  <- B] bucket=21675  peer_BL=[]  my_BL=[]
[01:20:46] HOP bucket=21676 L4 wlan0 -> ch9  (retuning, ~700ms loss)  | BL=[]
[TX  ->  *] bucket=21676 L4 active=wlan0 ch9  BL=[]
[RX  <- B] bucket=21676  peer_BL=[]  my_BL=[]
[01:20:48] HOP bucket=21677 L4 wlan0 -> ch5  (retuning, ~700ms loss)  | BL=[]
[TX  ->  *] bucket=21677 L4 active=wlan0 ch5  BL=[]
[RX  <- B] bucket=21677  peer_BL=[]  my_BL=[]
[01:20:50] HOP bucket=21678 L4 wlan0 -> ch6  (retuning, ~700ms loss)  | BL=[]
[TX  ->  *] bucket=21678 L4 active=wlan0 ch6  BL=[]
[RX  <- B] bucket=21678  peer_BL=[]  my_BL=[]
[01:20:52] HOP bucket=21679 L4 wlan0 -> ch4  (retuning, ~700ms loss)  | BL=[]
[TX  ->  *] bucket=21679 L4 active=wlan0 ch4  BL=[]
[RX  <- B] bucket=21679  peer_BL=[]  my_BL=[]
[01:20:54] HOP bucket=21680 L4 wlan0 -> ch8  (retuning, ~700ms loss)  | BL=[]
[RX  <- B] bucket=21680  peer_BL=[]  my_BL=[]
[TX  ->  *] bucket=21680 L4 active=wlan0 ch8  BL=[]
[01:20:56] HOP bucket=21681 L4 wlan0 -> ch9  (retuning, ~700ms loss)  | BL=[]
[RX  <- B] bucket=21681  peer_BL=[]  my_BL=[]
[TX  ->  *] bucket=21681 L4 active=wlan0 ch9  BL=[]
[01:20:58] HOP bucket=21682 L4 wlan0 -> ch5  (retuning, ~700ms loss)  | BL=[]
[RX  <- B] bucket=21682  peer_BL=[]  my_BL=[]
[TX  ->  *] bucket=21682 L4 active=wlan0 ch5  BL=[]
[01:21:00] HOP bucket=21683 L4 wlan0 -> ch7  (retuning, ~700ms loss)  | BL=[]
[RX  <- B] bucket=21683  peer_BL=[]  my_BL=[]
[TX  ->  *] bucket=21683 L4 active=wlan0 ch7  BL=[]
[01:21:02] HOP bucket=21684 L4 wlan0 -> ch6  (retuning, ~700ms loss)  | BL=[]
[TX  ->  *] bucket=21684 L4 active=wlan0 ch6  BL=[]
[RX  <- B] bucket=21684  peer_BL=[]  my_BL=[]
[01:21:04] HOP bucket=21685 L4 wlan0 -> ch8  (retuning, ~700ms loss)  | BL=[]
[TX  ->  *] bucket=21685 L4 active=wlan0 ch8  BL=[]
[RX  <- B] bucket=21685  peer_BL=[]  my_BL=[]
[01:21:06] HOP bucket=21686 L4 wlan0 -> ch9  (retuning, ~700ms loss)  | BL=[]
[TX  ->  *] bucket=21686 L4 active=wlan0 ch9  BL=[]
[RX  <- B] bucket=21686  peer_BL=[]  my_BL=[]
[01:21:08] HOP bucket=21687 L4 wlan0 -> ch10  (retuning, ~700ms loss)  | BL=[]
[TX  ->  *] bucket=21687 L4 active=wlan0 ch10  BL=[]
[RX  <- B] bucket=21687  peer_BL=[]  my_BL=[]
[01:21:10] HOP bucket=21688 L4 wlan0 -> ch7  (retuning, ~700ms loss)  | BL=[]
[TX  ->  *] bucket=21688 L4 active=wlan0 ch7  BL=[]
[RX  <- B] bucket=21688  peer_BL=[]  my_BL=[]
[01:21:12] HOP bucket=21689 L4 wlan0 -> ch9  (retuning, ~700ms loss)  | BL=[]
[TX  ->  *] bucket=21689 L4 active=wlan0 ch9  BL=[]
[RX  <- B] bucket=21689  peer_BL=[]  my_BL=[]
[01:21:14] HOP bucket=21690 L4 wlan0 -> ch9  (retuning, ~700ms loss)  | BL=[]
[TX  ->  *] bucket=21690 L4 active=wlan0 ch9  BL=[]
[RX  <- B] bucket=21690  peer_BL=[]  my_BL=[]
[01:21:16] HOP bucket=21691 L4 wlan0 -> ch4  (retuning, ~700ms loss)  | BL=[]
[TX  ->  *] bucket=21691 L4 active=wlan0 ch4  BL=[]
[RX  <- B] bucket=21691  peer_BL=[]  my_BL=[]
[01:21:18] HOP bucket=21692 L4 wlan0 -> ch4  (retuning, ~700ms loss)  | BL=[]
[TX  ->  *] bucket=21692 L4 active=wlan0 ch4  BL=[]
[RX  <- B] bucket=21692  peer_BL=[]  my_BL=[]
[01:21:20] HOP bucket=21693 L4 wlan0 -> ch7  (retuning, ~700ms loss)  | BL=[]
[TX  ->  *] bucket=21693 L4 active=wlan0 ch7  BL=[]
[RX  <- B] bucket=21693  peer_BL=[]  my_BL=[]
[01:21:22] HOP bucket=21694 L4 wlan0 -> ch7  (retuning, ~700ms loss)  | BL=[]
[RX  <- B] bucket=21694  peer_BL=[]  my_BL=[]
[TX  ->  *] bucket=21694 L4 active=wlan0 ch7  BL=[]
[01:21:24] HOP bucket=21695 L4 wlan0 -> ch6  (retuning, ~700ms loss)  | BL=[]
[RX  <- B] bucket=21695  peer_BL=[]  my_BL=[]
[TX  ->  *] bucket=21695 L4 active=wlan0 ch6  BL=[]
[01:21:26] HOP bucket=21696 L4 wlan0 -> ch10  (retuning, ~700ms loss)  | BL=[]
[TX  ->  *] bucket=21696 L4 active=wlan0 ch10  BL=[]
[RX  <- B] bucket=21696  peer_BL=[]  my_BL=[]
[01:21:28] HOP bucket=21697 L4 wlan0 -> ch5  (retuning, ~700ms loss)  | BL=[]
[RX  <- B] bucket=21697  peer_BL=[]  my_BL=[]
[TX  ->  *] bucket=21697 L4 active=wlan0 ch5  BL=[]
[01:21:30] HOP bucket=21698 L4 wlan0 -> ch8  (retuning, ~700ms loss)  | BL=[]
[TX  ->  *] bucket=21698 L4 active=wlan0 ch8  BL=[]
[RX  <- B] bucket=21698  peer_BL=[]  my_BL=[]
[01:21:32] HOP bucket=21699 L4 wlan0 -> ch6  (retuning, ~700ms loss)  | BL=[]
[TX  ->  *] bucket=21699 L4 active=wlan0 ch6  BL=[]
[RX  <- B] bucket=21699  peer_BL=[]  my_BL=[]
[01:21:34] HOP bucket=21700 L4 wlan0 -> ch6  (retuning, ~700ms loss)  | BL=[]
[TX  ->  *] bucket=21700 L4 active=wlan0 ch6  BL=[]
[RX  <- B] bucket=21700  peer_BL=[]  my_BL=[]
[01:21:36] HOP bucket=21701 L4 wlan0 -> ch11  (retuning, ~700ms loss)  | BL=[]
[TX  ->  *] bucket=21701 L4 active=wlan0 ch11  BL=[]
[RX  <- B] bucket=21701  peer_BL=[]  my_BL=[]
[01:21:38] HOP bucket=21702 L4 wlan0 -> ch4  (retuning, ~700ms loss)  | BL=[]
[TX  ->  *] bucket=21702 L4 active=wlan0 ch4  BL=[]
[RX  <- B] bucket=21702  peer_BL=[]  my_BL=[]
[01:21:40] HOP bucket=21703 L4 wlan0 -> ch11  (retuning, ~700ms loss)  | BL=[]
[TX  ->  *] bucket=21703 L4 active=wlan0 ch11  BL=[]
[RX  <- B] bucket=21703  peer_BL=[]  my_BL=[]
[01:21:42] HOP bucket=21704 L4 wlan0 -> ch5  (retuning, ~700ms loss)  | BL=[]
[RX  <- B] bucket=21704  peer_BL=[]  my_BL=[]
[TX  ->  *] bucket=21704 L4 active=wlan0 ch5  BL=[]
[01:21:44] HOP bucket=21705 L4 wlan0 -> ch11  (retuning, ~700ms loss)  | BL=[]
[RX  <- B] bucket=21705  peer_BL=[]  my_BL=[]
[TX  ->  *] bucket=21705 L4 active=wlan0 ch11  BL=[]
[01:21:46] HOP bucket=21706 L4 wlan0 -> ch4  (retuning, ~700ms loss)  | BL=[]
[RX  <- B] bucket=21706  peer_BL=[]  my_BL=[]
[TX  ->  *] bucket=21706 L4 active=wlan0 ch4  BL=[]
[01:21:48] HOP bucket=21707 L4 wlan0 -> ch9  (retuning, ~700ms loss)  | BL=[]
[RX  <- B] bucket=21707  peer_BL=[]  my_BL=[]
[TX  ->  *] bucket=21707 L4 active=wlan0 ch9  BL=[]
[01:21:50] HOP bucket=21708 L4 wlan0 -> ch10  (retuning, ~700ms loss)  | BL=[]
[RX  <- B] bucket=21708  peer_BL=[]  my_BL=[]
[TX  ->  *] bucket=21708 L4 active=wlan0 ch10  BL=[]
[01:21:52] HOP bucket=21709 L4 wlan0 -> ch7  (retuning, ~700ms loss)  | BL=[]
[RX  <- B] bucket=21709  peer_BL=[]  my_BL=[]
[TX  ->  *] bucket=21709 L4 active=wlan0 ch7  BL=[]
[01:21:54] HOP bucket=21710 L4 wlan0 -> ch3  (retuning, ~700ms loss)  | BL=[]
[RX  <- B] bucket=21710  peer_BL=[]  my_BL=[]
[TX  ->  *] bucket=21710 L4 active=wlan0 ch3  BL=[]
[01:21:56] HOP bucket=21711 L4 wlan0 -> ch5  (retuning, ~700ms loss)  | BL=[]
[RX  <- B] bucket=21711  peer_BL=[]  my_BL=[]
[TX  ->  *] bucket=21711 L4 active=wlan0 ch5  BL=[]
[01:21:58] HOP bucket=21712 L4 wlan0 -> ch4  (retuning, ~700ms loss)  | BL=[]
[TX  ->  *] bucket=21712 L4 active=wlan0 ch4  BL=[]
[RX  <- B] bucket=21712  peer_BL=[]  my_BL=[]
[01:22:00] HOP bucket=21713 L4 wlan0 -> ch11  (retuning, ~700ms loss)  | BL=[]
[RX  <- B] bucket=21713  peer_BL=[]  my_BL=[]
[TX  ->  *] bucket=21713 L4 active=wlan0 ch11  BL=[]
[01:22:02] HOP bucket=21714 L4 wlan0 -> ch7  (retuning, ~700ms loss)  | BL=[]
[RX  <- B] bucket=21714  peer_BL=[]  my_BL=[]
[TX  ->  *] bucket=21714 L4 active=wlan0 ch7  BL=[]
[01:22:04] HOP bucket=21715 L4 wlan0 -> ch10  (retuning, ~700ms loss)  | BL=[]
[RX  <- B] bucket=21715  peer_BL=[]  my_BL=[]
[TX  ->  *] bucket=21715 L4 active=wlan0 ch10  BL=[]
[01:22:06] HOP bucket=21716 L4 wlan0 -> ch11  (retuning, ~700ms loss)  | BL=[]
[RX  <- B] bucket=21716  peer_BL=[]  my_BL=[]
[TX  ->  *] bucket=21716 L4 active=wlan0 ch11  BL=[]
[01:22:08] HOP bucket=21717 L4 wlan0 -> ch10  (retuning, ~700ms loss)  | BL=[]
[TX  ->  *] bucket=21717 L4 active=wlan0 ch10  BL=[]
[RX  <- B] bucket=21717  peer_BL=[]  my_BL=[]
[01:22:10] HOP bucket=21718 L4 wlan0 -> ch6  (retuning, ~700ms loss)  | BL=[]
[TX  ->  *] bucket=21718 L4 active=wlan0 ch6  BL=[]
[RX  <- B] bucket=21718  peer_BL=[]  my_BL=[]
[01:22:12] HOP bucket=21719 L4 wlan0 -> ch7  (retuning, ~700ms loss)  | BL=[]
[RX  <- B] bucket=21719  peer_BL=[]  my_BL=[]
[TX  ->  *] bucket=21719 L4 active=wlan0 ch7  BL=[]
[01:22:14] HOP bucket=21720 L4 wlan0 -> ch10  (retuning, ~700ms loss)  | BL=[]
[RX  <- B] bucket=21720  peer_BL=[]  my_BL=[]
[TX  ->  *] bucket=21720 L4 active=wlan0 ch10  BL=[]
[01:22:16] HOP bucket=21721 L4 wlan0 -> ch4  (retuning, ~700ms loss)  | BL=[]
[TX  ->  *] bucket=21721 L4 active=wlan0 ch4  BL=[]
[RX  <- B] bucket=21721  peer_BL=[]  my_BL=[]
[01:22:18] HOP bucket=21722 L4 wlan0 -> ch10  (retuning, ~700ms loss)  | BL=[]
[TX  ->  *] bucket=21722 L4 active=wlan0 ch10  BL=[]
[RX  <- B] bucket=21722  peer_BL=[]  my_BL=[]
[01:22:20] HOP bucket=21723 L4 wlan0 -> ch8  (retuning, ~700ms loss)  | BL=[]
[RX  <- B] bucket=21723  peer_BL=[]  my_BL=[]
[TX  ->  *] bucket=21723 L4 active=wlan0 ch8  BL=[]
[01:22:22] HOP bucket=21724 L4 wlan0 -> ch4  (retuning, ~700ms loss)  | BL=[]
[TX  ->  *] bucket=21724 L4 active=wlan0 ch4  BL=[]
[RX  <- B] bucket=21724  peer_BL=[]  my_BL=[]
[01:22:24] HOP bucket=21725 L4 wlan0 -> ch10  (retuning, ~700ms loss)  | BL=[]
[TX  ->  *] bucket=21725 L4 active=wlan0 ch10  BL=[]
[RX  <- B] bucket=21725  peer_BL=[]  my_BL=[]
[01:22:26] HOP bucket=21726 L4 wlan0 -> ch9  (retuning, ~700ms loss)  | BL=[]
[TX  ->  *] bucket=21726 L4 active=wlan0 ch9  BL=[]
[RX  <- B] bucket=21726  peer_BL=[]  my_BL=[]
[01:22:28] HOP bucket=21727 L4 wlan0 -> ch7  (retuning, ~700ms loss)  | BL=[]
[TX  ->  *] bucket=21727 L4 active=wlan0 ch7  BL=[]
[RX  <- B] bucket=21727  peer_BL=[]  my_BL=[]
[01:22:30] HOP bucket=21728 L4 wlan0 -> ch7  (retuning, ~700ms loss)  | BL=[]
[TX  ->  *] bucket=21728 L4 active=wlan0 ch7  BL=[]
[RX  <- B] bucket=21728  peer_BL=[]  my_BL=[]
[01:22:32] HOP bucket=21729 L4 wlan0 -> ch7  (retuning, ~700ms loss)  | BL=[]
[TX  ->  *] bucket=21729 L4 active=wlan0 ch7  BL=[]
[RX  <- B] bucket=21729  peer_BL=[]  my_BL=[]
[01:22:34] HOP bucket=21730 L4 wlan0 -> ch9  (retuning, ~700ms loss)  | BL=[]
[TX  ->  *] bucket=21730 L4 active=wlan0 ch9  BL=[]
[RX  <- B] bucket=21730  peer_BL=[]  my_BL=[]
[01:22:36] HOP bucket=21731 L4 wlan0 -> ch10  (retuning, ~700ms loss)  | BL=[]
[TX  ->  *] bucket=21731 L4 active=wlan0 ch10  BL=[]
[RX  <- B] bucket=21731  peer_BL=[]  my_BL=[]
[01:22:38] HOP bucket=21732 L4 wlan0 -> ch7  (retuning, ~700ms loss)  | BL=[]
[TX  ->  *] bucket=21732 L4 active=wlan0 ch7  BL=[]
[RX  <- B] bucket=21732  peer_BL=[]  my_BL=[]
[01:22:40] HOP bucket=21733 L4 wlan0 -> ch5  (retuning, ~700ms loss)  | BL=[]
[TX  ->  *] bucket=21733 L4 active=wlan0 ch5  BL=[]
[RX  <- B] bucket=21733  peer_BL=[]  my_BL=[]
[01:22:42] HOP bucket=21734 L4 wlan0 -> ch6  (retuning, ~700ms loss)  | BL=[]
[RX  <- B] bucket=21734  peer_BL=[]  my_BL=[]
[TX  ->  *] bucket=21734 L4 active=wlan0 ch6  BL=[]
[01:22:44] HOP bucket=21735 L4 wlan0 -> ch5  (retuning, ~700ms loss)  | BL=[]
[RX  <- B] bucket=21735  peer_BL=[]  my_BL=[]
[TX  ->  *] bucket=21735 L4 active=wlan0 ch5  BL=[]
[01:22:46] HOP bucket=21736 L4 wlan0 -> ch5  (retuning, ~700ms loss)  | BL=[]
[RX  <- B] bucket=21736  peer_BL=[]  my_BL=[]
[TX  ->  *] bucket=21736 L4 active=wlan0 ch5  BL=[]
[01:22:48] HOP bucket=21737 L4 wlan0 -> ch6  (retuning, ~700ms loss)  | BL=[]
[RX  <- B] bucket=21737  peer_BL=[]  my_BL=[]
[TX  ->  *] bucket=21737 L4 active=wlan0 ch6  BL=[]
[01:22:50] HOP bucket=21738 L4 wlan0 -> ch10  (retuning, ~700ms loss)  | BL=[]
[TX  ->  *] bucket=21738 L4 active=wlan0 ch10  BL=[]
[RX  <- B] bucket=21738  peer_BL=[]  my_BL=[]
[01:22:52] HOP bucket=21739 L4 wlan0 -> ch7  (retuning, ~700ms loss)  | BL=[]
[TX  ->  *] bucket=21739 L4 active=wlan0 ch7  BL=[]
[RX  <- B] bucket=21739  peer_BL=[]  my_BL=[]
[01:22:54] HOP bucket=21740 L4 wlan0 -> ch9  (retuning, ~700ms loss)  | BL=[]
[TX  ->  *] bucket=21740 L4 active=wlan0 ch9  BL=[]
[RX  <- B] bucket=21740  peer_BL=[]  my_BL=[]
[01:22:56] HOP bucket=21741 L4 wlan0 -> ch9  (retuning, ~700ms loss)  | BL=[]
[TX  ->  *] bucket=21741 L4 active=wlan0 ch9  BL=[]
[RX  <- B] bucket=21741  peer_BL=[]  my_BL=[]
[01:22:58] HOP bucket=21742 L4 wlan0 -> ch7  (retuning, ~700ms loss)  | BL=[]
[RX  <- B] bucket=21742  peer_BL=[]  my_BL=[]
[TX  ->  *] bucket=21742 L4 active=wlan0 ch7  BL=[]
[01:23:00] HOP bucket=21743 L4 wlan0 -> ch6  (retuning, ~700ms loss)  | BL=[]
[RX  <- B] bucket=21743  peer_BL=[]  my_BL=[]
[TX  ->  *] bucket=21743 L4 active=wlan0 ch6  BL=[]
[01:23:02] HOP bucket=21744 L4 wlan0 -> ch9  (retuning, ~700ms loss)  | BL=[]
[TX  ->  *] bucket=21744 L4 active=wlan0 ch9  BL=[]
[RX  <- B] bucket=21744  peer_BL=[]  my_BL=[]
[01:23:04] HOP bucket=21745 L4 wlan0 -> ch7  (retuning, ~700ms loss)  | BL=[]
[TX  ->  *] bucket=21745 L4 active=wlan0 ch7  BL=[]
[RX  <- B] bucket=21745  peer_BL=[]  my_BL=[]
[01:23:06] HOP bucket=21746 L4 wlan0 -> ch5  (retuning, ~700ms loss)  | BL=[]
[TX  ->  *] bucket=21746 L4 active=wlan0 ch5  BL=[]
[RX  <- B] bucket=21746  peer_BL=[]  my_BL=[]
[01:23:08] HOP bucket=21747 L4 wlan0 -> ch9  (retuning, ~700ms loss)  | BL=[]
[RX  <- B] bucket=21747  peer_BL=[]  my_BL=[]
[TX  ->  *] bucket=21747 L4 active=wlan0 ch9  BL=[]
[01:23:10] HOP bucket=21748 L4 wlan0 -> ch5  (retuning, ~700ms loss)  | BL=[]
[RX  <- B] bucket=21748  peer_BL=[]  my_BL=[]
[TX  ->  *] bucket=21748 L4 active=wlan0 ch5  BL=[]
[01:23:12] HOP bucket=21749 L4 wlan0 -> ch11  (retuning, ~700ms loss)  | BL=[]
[RX  <- B] bucket=21749  peer_BL=[]  my_BL=[]
[TX  ->  *] bucket=21749 L4 active=wlan0 ch11  BL=[]
[01:23:14] HOP bucket=21750 L4 wlan0 -> ch3  (retuning, ~700ms loss)  | BL=[]
[RX  <- B] bucket=21750  peer_BL=[]  my_BL=[]
[TX  ->  *] bucket=21750 L4 active=wlan0 ch3  BL=[]
[01:23:16] HOP bucket=21751 L4 wlan0 -> ch3  (retuning, ~700ms loss)  | BL=[]
[RX  <- B] bucket=21751  peer_BL=[]  my_BL=[]
[TX  ->  *] bucket=21751 L4 active=wlan0 ch3  BL=[]
[01:23:18] HOP bucket=21752 L4 wlan0 -> ch5  (retuning, ~700ms loss)  | BL=[]
[RX  <- B] bucket=21752  peer_BL=[]  my_BL=[]
[TX  ->  *] bucket=21752 L4 active=wlan0 ch5  BL=[]
[01:23:20] HOP bucket=21753 L4 wlan0 -> ch8  (retuning, ~700ms loss)  | BL=[]
[RX  <- B] bucket=21753  peer_BL=[]  my_BL=[]
[TX  ->  *] bucket=21753 L4 active=wlan0 ch8  BL=[]
[01:23:22] HOP bucket=21754 L4 wlan0 -> ch9  (retuning, ~700ms loss)  | BL=[]
[RX  <- B] bucket=21754  peer_BL=[]  my_BL=[]
[TX  ->  *] bucket=21754 L4 active=wlan0 ch9  BL=[]
[01:23:24] HOP bucket=21755 L4 wlan0 -> ch6  (retuning, ~700ms loss)  | BL=[]
[RX  <- B] bucket=21755  peer_BL=[]  my_BL=[]
[TX  ->  *] bucket=21755 L4 active=wlan0 ch6  BL=[]
[01:23:26] HOP bucket=21756 L4 wlan0 -> ch3  (retuning, ~700ms loss)  | BL=[]
[RX  <- B] bucket=21756  peer_BL=[]  my_BL=[]
[TX  ->  *] bucket=21756 L4 active=wlan0 ch3  BL=[]
[01:23:28] HOP bucket=21757 L4 wlan0 -> ch8  (retuning, ~700ms loss)  | BL=[]
[RX  <- B] bucket=21757  peer_BL=[]  my_BL=[]
[TX  ->  *] bucket=21757 L4 active=wlan0 ch8  BL=[]
[01:23:30] HOP bucket=21758 L4 wlan0 -> ch9  (retuning, ~700ms loss)  | BL=[]
[TX  ->  *] bucket=21758 L4 active=wlan0 ch9  BL=[]
[RX  <- B] bucket=21758  peer_BL=[]  my_BL=[]
[01:23:32] HOP bucket=21759 L4 wlan0 -> ch3  (retuning, ~700ms loss)  | BL=[]
[TX  ->  *] bucket=21759 L4 active=wlan0 ch3  BL=[]
[RX  <- B] bucket=21759  peer_BL=[]  my_BL=[]
[01:23:34] HOP bucket=21760 L4 wlan0 -> ch5  (retuning, ~700ms loss)  | BL=[]
[TX  ->  *] bucket=21760 L4 active=wlan0 ch5  BL=[]
[RX  <- B] bucket=21760  peer_BL=[]  my_BL=[]
[01:23:36] HOP bucket=21761 L4 wlan0 -> ch10  (retuning, ~700ms loss)  | BL=[]
[TX  ->  *] bucket=21761 L4 active=wlan0 ch10  BL=[]
[RX  <- B] bucket=21761  peer_BL=[]  my_BL=[]
[01:23:38] HOP bucket=21762 L4 wlan0 -> ch9  (retuning, ~700ms loss)  | BL=[]
[TX  ->  *] bucket=21762 L4 active=wlan0 ch9  BL=[]
[RX  <- B] bucket=21762  peer_BL=[]  my_BL=[]
[01:23:40] HOP bucket=21763 L4 wlan0 -> ch6  (retuning, ~700ms loss)  | BL=[]
[TX  ->  *] bucket=21763 L4 active=wlan0 ch6  BL=[]
[RX  <- B] bucket=21763  peer_BL=[]  my_BL=[]
[01:23:42] HOP bucket=21764 L4 wlan0 -> ch3  (retuning, ~700ms loss)  | BL=[]
[TX  ->  *] bucket=21764 L4 active=wlan0 ch3  BL=[]
[RX  <- B] bucket=21764  peer_BL=[]  my_BL=[]
[01:23:44] HOP bucket=21765 L4 wlan0 -> ch4  (retuning, ~700ms loss)  | BL=[]
[TX  ->  *] bucket=21765 L4 active=wlan0 ch4  BL=[]
[RX  <- B] bucket=21765  peer_BL=[]  my_BL=[]
[01:23:46] HOP bucket=21766 L4 wlan0 -> ch4  (retuning, ~700ms loss)  | BL=[]
[RX  <- B] bucket=21766  peer_BL=[]  my_BL=[]
[TX  ->  *] bucket=21766 L4 active=wlan0 ch4  BL=[]
[01:23:48] HOP bucket=21767 L4 wlan0 -> ch8  (retuning, ~700ms loss)  | BL=[]
[TX  ->  *] bucket=21767 L4 active=wlan0 ch8  BL=[]
[RX  <- B] bucket=21767  peer_BL=[]  my_BL=[]
[01:23:50] HOP bucket=21768 L4 wlan0 -> ch7  (retuning, ~700ms loss)  | BL=[]
[TX  ->  *] bucket=21768 L4 active=wlan0 ch7  BL=[]
[RX  <- B] bucket=21768  peer_BL=[]  my_BL=[]
[01:23:52] HOP bucket=21769 L4 wlan0 -> ch7  (retuning, ~700ms loss)  | BL=[]
[RX  <- B] bucket=21769  peer_BL=[]  my_BL=[]
[TX  ->  *] bucket=21769 L4 active=wlan0 ch7  BL=[]
[01:23:54] HOP bucket=21770 L4 wlan0 -> ch6  (retuning, ~700ms loss)  | BL=[]
[TX  ->  *] bucket=21770 L4 active=wlan0 ch6  BL=[]
[RX  <- B] bucket=21770  peer_BL=[]  my_BL=[]
[01:23:56] HOP bucket=21771 L4 wlan0 -> ch7  (retuning, ~700ms loss)  | BL=[]
[TX  ->  *] bucket=21771 L4 active=wlan0 ch7  BL=[]
[RX  <- B] bucket=21771  peer_BL=[]  my_BL=[]
[01:23:58] HOP bucket=21772 L4 wlan0 -> ch9  (retuning, ~700ms loss)  | BL=[]
[TX  ->  *] bucket=21772 L4 active=wlan0 ch9  BL=[]
[RX  <- B] bucket=21772  peer_BL=[]  my_BL=[]
[01:24:00] HOP bucket=21773 L4 wlan0 -> ch11  (retuning, ~700ms loss)  | BL=[]
[TX  ->  *] bucket=21773 L4 active=wlan0 ch11  BL=[]
[RX  <- B] bucket=21773  peer_BL=[]  my_BL=[]
[01:24:02] HOP bucket=21774 L4 wlan0 -> ch9  (retuning, ~700ms loss)  | BL=[]
[RX  <- B] bucket=21774  peer_BL=[]  my_BL=[]
[TX  ->  *] bucket=21774 L4 active=wlan0 ch9  BL=[]
[01:24:04] HOP bucket=21775 L4 wlan0 -> ch6  (retuning, ~700ms loss)  | BL=[]
[TX  ->  *] bucket=21775 L4 active=wlan0 ch6  BL=[]
[RX  <- B] bucket=21775  peer_BL=[]  my_BL=[]
[01:24:06] HOP bucket=21776 L4 wlan0 -> ch4  (retuning, ~700ms loss)  | BL=[]
[TX  ->  *] bucket=21776 L4 active=wlan0 ch4  BL=[]
[RX  <- B] bucket=21776  peer_BL=[]  my_BL=[]
[01:24:08] HOP bucket=21777 L4 wlan0 -> ch5  (retuning, ~700ms loss)  | BL=[]
[TX  ->  *] bucket=21777 L4 active=wlan0 ch5  BL=[]
[RX  <- B] bucket=21777  peer_BL=[]  my_BL=[]
[01:24:10] HOP bucket=21778 L4 wlan0 -> ch9  (retuning, ~700ms loss)  | BL=[]
[TX  ->  *] bucket=21778 L4 active=wlan0 ch9  BL=[]
[RX  <- B] bucket=21778  peer_BL=[]  my_BL=[]
[01:24:12] HOP bucket=21779 L4 wlan0 -> ch9  (retuning, ~700ms loss)  | BL=[]
[RX  <- B] bucket=21779  peer_BL=[]  my_BL=[]
[TX  ->  *] bucket=21779 L4 active=wlan0 ch9  BL=[]
[01:24:14] HOP bucket=21780 L4 wlan0 -> ch8  (retuning, ~700ms loss)  | BL=[]
[TX  ->  *] bucket=21780 L4 active=wlan0 ch8  BL=[]
[RX  <- B] bucket=21780  peer_BL=[]  my_BL=[]
[01:24:16] HOP bucket=21781 L4 wlan0 -> ch11  (retuning, ~700ms loss)  | BL=[]
[RX  <- B] bucket=21781  peer_BL=[]  my_BL=[]
[TX  ->  *] bucket=21781 L4 active=wlan0 ch11  BL=[]
[01:24:18] HOP bucket=21782 L4 wlan0 -> ch9  (retuning, ~700ms loss)  | BL=[]
[TX  ->  *] bucket=21782 L4 active=wlan0 ch9  BL=[]
[RX  <- B] bucket=21782  peer_BL=[]  my_BL=[]
[01:24:20] HOP bucket=21783 L4 wlan0 -> ch10  (retuning, ~700ms loss)  | BL=[]
[TX  ->  *] bucket=21783 L4 active=wlan0 ch10  BL=[]
[RX  <- B] bucket=21783  peer_BL=[]  my_BL=[]
[01:24:22] HOP bucket=21784 L4 wlan0 -> ch9  (retuning, ~700ms loss)  | BL=[]
[TX  ->  *] bucket=21784 L4 active=wlan0 ch9  BL=[]
[RX  <- B] bucket=21784  peer_BL=[]  my_BL=[]
[01:24:24] HOP bucket=21785 L4 wlan0 -> ch6  (retuning, ~700ms loss)  | BL=[]
[RX  <- B] bucket=21785  peer_BL=[]  my_BL=[]
[TX  ->  *] bucket=21785 L4 active=wlan0 ch6  BL=[]
[01:24:26] HOP bucket=21786 L4 wlan0 -> ch10  (retuning, ~700ms loss)  | BL=[]
[RX  <- B] bucket=21786  peer_BL=[]  my_BL=[]
[TX  ->  *] bucket=21786 L4 active=wlan0 ch10  BL=[]
[01:24:28] HOP bucket=21787 L4 wlan0 -> ch8  (retuning, ~700ms loss)  | BL=[]
[TX  ->  *] bucket=21787 L4 active=wlan0 ch8  BL=[]
[RX  <- B] bucket=21787  peer_BL=[]  my_BL=[]
[01:24:30] HOP bucket=21788 L4 wlan0 -> ch11  (retuning, ~700ms loss)  | BL=[]
[TX  ->  *] bucket=21788 L4 active=wlan0 ch11  BL=[]
[RX  <- B] bucket=21788  peer_BL=[]  my_BL=[]
[01:24:32] HOP bucket=21789 L4 wlan0 -> ch11  (retuning, ~700ms loss)  | BL=[]
[TX  ->  *] bucket=21789 L4 active=wlan0 ch11  BL=[]
[RX  <- B] bucket=21789  peer_BL=[]  my_BL=[]
[01:24:34] HOP bucket=21790 L4 wlan0 -> ch8  (retuning, ~700ms loss)  | BL=[]
[TX  ->  *] bucket=21790 L4 active=wlan0 ch8  BL=[]
[RX  <- B] bucket=21790  peer_BL=[]  my_BL=[]
[01:24:36] HOP bucket=21791 L4 wlan0 -> ch11  (retuning, ~700ms loss)  | BL=[]
[TX  ->  *] bucket=21791 L4 active=wlan0 ch11  BL=[]
[RX  <- B] bucket=21791  peer_BL=[]  my_BL=[]
[01:24:38] HOP bucket=21792 L4 wlan0 -> ch5  (retuning, ~700ms loss)  | BL=[]
[TX  ->  *] bucket=21792 L4 active=wlan0 ch5  BL=[]
[RX  <- B] bucket=21792  peer_BL=[]  my_BL=[]
[01:24:40] HOP bucket=21793 L4 wlan0 -> ch9  (retuning, ~700ms loss)  | BL=[]
[RX  <- B] bucket=21793  peer_BL=[]  my_BL=[]
[TX  ->  *] bucket=21793 L4 active=wlan0 ch9  BL=[]
[01:24:42] HOP bucket=21794 L4 wlan0 -> ch3  (retuning, ~700ms loss)  | BL=[]
[RX  <- B] bucket=21794  peer_BL=[]  my_BL=[]
[TX  ->  *] bucket=21794 L4 active=wlan0 ch3  BL=[]
[01:24:44] HOP bucket=21795 L4 wlan0 -> ch4  (retuning, ~700ms loss)  | BL=[]
[RX  <- B] bucket=21795  peer_BL=[]  my_BL=[]
[TX  ->  *] bucket=21795 L4 active=wlan0 ch4  BL=[]
[01:24:46] HOP bucket=21796 L4 wlan0 -> ch8  (retuning, ~700ms loss)  | BL=[]
[TX  ->  *] bucket=21796 L4 active=wlan0 ch8  BL=[]
[RX  <- B] bucket=21796  peer_BL=[]  my_BL=[]
[01:24:48] HOP bucket=21797 L4 wlan0 -> ch8  (retuning, ~700ms loss)  | BL=[]
[RX  <- B] bucket=21797  peer_BL=[]  my_BL=[]
[TX  ->  *] bucket=21797 L4 active=wlan0 ch8  BL=[]
[01:24:50] HOP bucket=21798 L4 wlan0 -> ch6  (retuning, ~700ms loss)  | BL=[]
[RX  <- B] bucket=21798  peer_BL=[]  my_BL=[]
[TX  ->  *] bucket=21798 L4 active=wlan0 ch6  BL=[]
[01:24:52] HOP bucket=21799 L4 wlan0 -> ch4  (retuning, ~700ms loss)  | BL=[]
[RX  <- B] bucket=21799  peer_BL=[]  my_BL=[]
[TX  ->  *] bucket=21799 L4 active=wlan0 ch4  BL=[]
[01:24:54] HOP bucket=21800 L4 wlan0 -> ch6  (retuning, ~700ms loss)  | BL=[]
[RX  <- B] bucket=21800  peer_BL=[]  my_BL=[]
[TX  ->  *] bucket=21800 L4 active=wlan0 ch6  BL=[]
[01:24:56] HOP bucket=21801 L4 wlan0 -> ch5  (retuning, ~700ms loss)  | BL=[]
[TX  ->  *] bucket=21801 L4 active=wlan0 ch5  BL=[]
[RX  <- B] bucket=21801  peer_BL=[]  my_BL=[]
[01:24:58] HOP bucket=21802 L4 wlan0 -> ch3  (retuning, ~700ms loss)  | BL=[]
[RX  <- B] bucket=21802  peer_BL=[]  my_BL=[]
[TX  ->  *] bucket=21802 L4 active=wlan0 ch3  BL=[]
[01:25:00] HOP bucket=21803 L4 wlan0 -> ch10  (retuning, ~700ms loss)  | BL=[]
[TX  ->  *] bucket=21803 L4 active=wlan0 ch10  BL=[]
[RX  <- B] bucket=21803  peer_BL=[]  my_BL=[]
[01:25:02] HOP bucket=21804 L4 wlan0 -> ch7  (retuning, ~700ms loss)  | BL=[]
[TX  ->  *] bucket=21804 L4 active=wlan0 ch7  BL=[]
[RX  <- B] bucket=21804  peer_BL=[]  my_BL=[]
[01:25:04] HOP bucket=21805 L4 wlan0 -> ch4  (retuning, ~700ms loss)  | BL=[]
[TX  ->  *] bucket=21805 L4 active=wlan0 ch4  BL=[]
[RX  <- B] bucket=21805  peer_BL=[]  my_BL=[]
[01:25:06] HOP bucket=21806 L4 wlan0 -> ch3  (retuning, ~700ms loss)  | BL=[]
[TX  ->  *] bucket=21806 L4 active=wlan0 ch3  BL=[]
[RX  <- B] bucket=21806  peer_BL=[]  my_BL=[]
[01:25:08] HOP bucket=21807 L4 wlan0 -> ch4  (retuning, ~700ms loss)  | BL=[]
[RX  <- B] bucket=21807  peer_BL=[]  my_BL=[]
[TX  ->  *] bucket=21807 L4 active=wlan0 ch4  BL=[]
[01:25:10] HOP bucket=21808 L4 wlan0 -> ch11  (retuning, ~700ms loss)  | BL=[]
[RX  <- B] bucket=21808  peer_BL=[]  my_BL=[]
[TX  ->  *] bucket=21808 L4 active=wlan0 ch11  BL=[]
[01:25:12] HOP bucket=21809 L4 wlan0 -> ch7  (retuning, ~700ms loss)  | BL=[]
[TX  ->  *] bucket=21809 L4 active=wlan0 ch7  BL=[]
[RX  <- B] bucket=21809  peer_BL=[]  my_BL=[]
[01:25:14] HOP bucket=21810 L4 wlan0 -> ch4  (retuning, ~700ms loss)  | BL=[]
[TX  ->  *] bucket=21810 L4 active=wlan0 ch4  BL=[]
[RX  <- B] bucket=21810  peer_BL=[]  my_BL=[]
[01:25:16] HOP bucket=21811 L4 wlan0 -> ch11  (retuning, ~700ms loss)  | BL=[]
[TX  ->  *] bucket=21811 L4 active=wlan0 ch11  BL=[]
[RX  <- B] bucket=21811  peer_BL=[]  my_BL=[]
[01:25:18] HOP bucket=21812 L4 wlan0 -> ch7  (retuning, ~700ms loss)  | BL=[]
[TX  ->  *] bucket=21812 L4 active=wlan0 ch7  BL=[]
[RX  <- B] bucket=21812  peer_BL=[]  my_BL=[]
[01:25:20] HOP bucket=21813 L4 wlan0 -> ch8  (retuning, ~700ms loss)  | BL=[]
[TX  ->  *] bucket=21813 L4 active=wlan0 ch8  BL=[]
[RX  <- B] bucket=21813  peer_BL=[]  my_BL=[]
[01:25:22] HOP bucket=21814 L4 wlan0 -> ch7  (retuning, ~700ms loss)  | BL=[]
[TX  ->  *] bucket=21814 L4 active=wlan0 ch7  BL=[]
[RX  <- B] bucket=21814  peer_BL=[]  my_BL=[]
[01:25:24] HOP bucket=21815 L4 wlan0 -> ch4  (retuning, ~700ms loss)  | BL=[]
[TX  ->  *] bucket=21815 L4 active=wlan0 ch4  BL=[]
[RX  <- B] bucket=21815  peer_BL=[]  my_BL=[]
[01:25:26] HOP bucket=21816 L4 wlan0 -> ch3  (retuning, ~700ms loss)  | BL=[]
[TX  ->  *] bucket=21816 L4 active=wlan0 ch3  BL=[]
[RX  <- B] bucket=21816  peer_BL=[]  my_BL=[]
[01:25:28] HOP bucket=21817 L4 wlan0 -> ch5  (retuning, ~700ms loss)  | BL=[]
[TX  ->  *] bucket=21817 L4 active=wlan0 ch5  BL=[]
[RX  <- B] bucket=21817  peer_BL=[]  my_BL=[]
[01:25:30] HOP bucket=21818 L4 wlan0 -> ch5  (retuning, ~700ms loss)  | BL=[]
[RX  <- B] bucket=21818  peer_BL=[]  my_BL=[]
[TX  ->  *] bucket=21818 L4 active=wlan0 ch5  BL=[]
[01:25:32] HOP bucket=21819 L4 wlan0 -> ch10  (retuning, ~700ms loss)  | BL=[]
[TX  ->  *] bucket=21819 L4 active=wlan0 ch10  BL=[]
[RX  <- B] bucket=21819  peer_BL=[]  my_BL=[]
[01:25:34] HOP bucket=21820 L4 wlan0 -> ch4  (retuning, ~700ms loss)  | BL=[]
[TX  ->  *] bucket=21820 L4 active=wlan0 ch4  BL=[]
[RX  <- B] bucket=21820  peer_BL=[]  my_BL=[]
[01:25:36] HOP bucket=21821 L4 wlan0 -> ch9  (retuning, ~700ms loss)  | BL=[]
[RX  <- B] bucket=21821  peer_BL=[]  my_BL=[]
[TX  ->  *] bucket=21821 L4 active=wlan0 ch9  BL=[]
[01:25:38] HOP bucket=21822 L4 wlan0 -> ch3  (retuning, ~700ms loss)  | BL=[]
[RX  <- B] bucket=21822  peer_BL=[]  my_BL=[]
[TX  ->  *] bucket=21822 L4 active=wlan0 ch3  BL=[]
[01:25:40] HOP bucket=21823 L4 wlan0 -> ch6  (retuning, ~700ms loss)  | BL=[]
[RX  <- B] bucket=21823  peer_BL=[]  my_BL=[]
[TX  ->  *] bucket=21823 L4 active=wlan0 ch6  BL=[]
[01:25:42] HOP bucket=21824 L4 wlan0 -> ch5  (retuning, ~700ms loss)  | BL=[]
[RX  <- B] bucket=21824  peer_BL=[]  my_BL=[]
[TX  ->  *] bucket=21824 L4 active=wlan0 ch5  BL=[]
[01:25:44] HOP bucket=21825 L4 wlan0 -> ch5  (retuning, ~700ms loss)  | BL=[]
[TX  ->  *] bucket=21825 L4 active=wlan0 ch5  BL=[]
[RX  <- B] bucket=21825  peer_BL=[]  my_BL=[]
[01:25:46] HOP bucket=21826 L4 wlan0 -> ch11  (retuning, ~700ms loss)  | BL=[]
[TX  ->  *] bucket=21826 L4 active=wlan0 ch11  BL=[]
[RX  <- B] bucket=21826  peer_BL=[]  my_BL=[]
[01:25:48] HOP bucket=21827 L4 wlan0 -> ch4  (retuning, ~700ms loss)  | BL=[]
[RX  <- B] bucket=21827  peer_BL=[]  my_BL=[]
[TX  ->  *] bucket=21827 L4 active=wlan0 ch4  BL=[]
[01:25:50] HOP bucket=21828 L4 wlan0 -> ch7  (retuning, ~700ms loss)  | BL=[]
[RX  <- B] bucket=21828  peer_BL=[]  my_BL=[]
[TX  ->  *] bucket=21828 L4 active=wlan0 ch7  BL=[]
[01:25:52] HOP bucket=21829 L4 wlan0 -> ch8  (retuning, ~700ms loss)  | BL=[]
[TX  ->  *] bucket=21829 L4 active=wlan0 ch8  BL=[]
[RX  <- B] bucket=21829  peer_BL=[]  my_BL=[]
[01:25:54] HOP bucket=21830 L4 wlan0 -> ch7  (retuning, ~700ms loss)  | BL=[]
[TX  ->  *] bucket=21830 L4 active=wlan0 ch7  BL=[]
[RX  <- B] bucket=21830  peer_BL=[]  my_BL=[]
[01:25:56] HOP bucket=21831 L4 wlan0 -> ch4  (retuning, ~700ms loss)  | BL=[]
[RX  <- B] bucket=21831  peer_BL=[]  my_BL=[]
[TX  ->  *] bucket=21831 L4 active=wlan0 ch4  BL=[]
[01:25:58] HOP bucket=21832 L4 wlan0 -> ch8  (retuning, ~700ms loss)  | BL=[]
[TX  ->  *] bucket=21832 L4 active=wlan0 ch8  BL=[]
[RX  <- B] bucket=21832  peer_BL=[]  my_BL=[]
[01:26:00] HOP bucket=21833 L4 wlan0 -> ch11  (retuning, ~700ms loss)  | BL=[]
[TX  ->  *] bucket=21833 L4 active=wlan0 ch11  BL=[]
[RX  <- B] bucket=21833  peer_BL=[]  my_BL=[]
[01:26:02] HOP bucket=21834 L4 wlan0 -> ch10  (retuning, ~700ms loss)  | BL=[]
[TX  ->  *] bucket=21834 L4 active=wlan0 ch10  BL=[]
[RX  <- B] bucket=21834  peer_BL=[]  my_BL=[]
[01:26:04] HOP bucket=21835 L4 wlan0 -> ch4  (retuning, ~700ms loss)  | BL=[]
[TX  ->  *] bucket=21835 L4 active=wlan0 ch4  BL=[]
[RX  <- B] bucket=21835  peer_BL=[]  my_BL=[]
[01:26:06] HOP bucket=21836 L4 wlan0 -> ch9  (retuning, ~700ms loss)  | BL=[]
[TX  ->  *] bucket=21836 L4 active=wlan0 ch9  BL=[]
[RX  <- B] bucket=21836  peer_BL=[]  my_BL=[]
[01:26:08] HOP bucket=21837 L4 wlan0 -> ch9  (retuning, ~700ms loss)  | BL=[]
[RX  <- B] bucket=21837  peer_BL=[]  my_BL=[]
[TX  ->  *] bucket=21837 L4 active=wlan0 ch9  BL=[]
[01:26:10] HOP bucket=21838 L4 wlan0 -> ch5  (retuning, ~700ms loss)  | BL=[]
[RX  <- B] bucket=21838  peer_BL=[]  my_BL=[]
[TX  ->  *] bucket=21838 L4 active=wlan0 ch5  BL=[]
[01:26:12] HOP bucket=21839 L4 wlan0 -> ch8  (retuning, ~700ms loss)  | BL=[]
[TX  ->  *] bucket=21839 L4 active=wlan0 ch8  BL=[]
[RX  <- B] bucket=21839  peer_BL=[]  my_BL=[]
[01:26:14] HOP bucket=21840 L4 wlan0 -> ch8  (retuning, ~700ms loss)  | BL=[]
[TX  ->  *] bucket=21840 L4 active=wlan0 ch8  BL=[]
[RX  <- B] bucket=21840  peer_BL=[]  my_BL=[]
[01:26:16] HOP bucket=21841 L4 wlan0 -> ch5  (retuning, ~700ms loss)  | BL=[]
[RX  <- B] bucket=21841  peer_BL=[]  my_BL=[]
[TX  ->  *] bucket=21841 L4 active=wlan0 ch5  BL=[]
[01:26:18] HOP bucket=21842 L4 wlan0 -> ch5  (retuning, ~700ms loss)  | BL=[]
[RX  <- B] bucket=21842  peer_BL=[]  my_BL=[]
[TX  ->  *] bucket=21842 L4 active=wlan0 ch5  BL=[]
[01:26:20] HOP bucket=21843 L4 wlan0 -> ch9  (retuning, ~700ms loss)  | BL=[]
[TX  ->  *] bucket=21843 L4 active=wlan0 ch9  BL=[]
[RX  <- B] bucket=21843  peer_BL=[]  my_BL=[]
[01:26:22] HOP bucket=21844 L4 wlan0 -> ch6  (retuning, ~700ms loss)  | BL=[]
[TX  ->  *] bucket=21844 L4 active=wlan0 ch6  BL=[]
[RX  <- B] bucket=21844  peer_BL=[]  my_BL=[]
[01:26:24] HOP bucket=21845 L4 wlan0 -> ch7  (retuning, ~700ms loss)  | BL=[]
[RX  <- B] bucket=21845  peer_BL=[]  my_BL=[]
[TX  ->  *] bucket=21845 L4 active=wlan0 ch7  BL=[]
[01:26:26] HOP bucket=21846 L4 wlan0 -> ch5  (retuning, ~700ms loss)  | BL=[]
[RX  <- B] bucket=21846  peer_BL=[]  my_BL=[]
[TX  ->  *] bucket=21846 L4 active=wlan0 ch5  BL=[]
[01:26:28] HOP bucket=21847 L4 wlan0 -> ch5  (retuning, ~700ms loss)  | BL=[]
[RX  <- B] bucket=21847  peer_BL=[]  my_BL=[]
[TX  ->  *] bucket=21847 L4 active=wlan0 ch5  BL=[]
[01:26:30] HOP bucket=21848 L4 wlan0 -> ch10  (retuning, ~700ms loss)  | BL=[]
[RX  <- B] bucket=21848  peer_BL=[]  my_BL=[]
[TX  ->  *] bucket=21848 L4 active=wlan0 ch10  BL=[]
[01:26:32] HOP bucket=21849 L4 wlan0 -> ch7  (retuning, ~700ms loss)  | BL=[]
[RX  <- B] bucket=21849  peer_BL=[]  my_BL=[]
[TX  ->  *] bucket=21849 L4 active=wlan0 ch7  BL=[]
[01:26:34] HOP bucket=21850 L4 wlan0 -> ch5  (retuning, ~700ms loss)  | BL=[]
[TX  ->  *] bucket=21850 L4 active=wlan0 ch5  BL=[]
[RX  <- B] bucket=21850  peer_BL=[]  my_BL=[]
[01:26:36] HOP bucket=21851 L4 wlan0 -> ch9  (retuning, ~700ms loss)  | BL=[]
[TX  ->  *] bucket=21851 L4 active=wlan0 ch9  BL=[]
[RX  <- B] bucket=21851  peer_BL=[]  my_BL=[]
[01:26:38] HOP bucket=21852 L4 wlan0 -> ch11  (retuning, ~700ms loss)  | BL=[]
[TX  ->  *] bucket=21852 L4 active=wlan0 ch11  BL=[]
[RX  <- B] bucket=21852  peer_BL=[]  my_BL=[]
[01:26:40] HOP bucket=21853 L4 wlan0 -> ch8  (retuning, ~700ms loss)  | BL=[]
[RX  <- B] bucket=21853  peer_BL=[]  my_BL=[]
[TX  ->  *] bucket=21853 L4 active=wlan0 ch8  BL=[]
[01:26:42] HOP bucket=21854 L4 wlan0 -> ch4  (retuning, ~700ms loss)  | BL=[]
[TX  ->  *] bucket=21854 L4 active=wlan0 ch4  BL=[]
[RX  <- B] bucket=21854  peer_BL=[]  my_BL=[]
[01:26:44] HOP bucket=21855 L4 wlan0 -> ch3  (retuning, ~700ms loss)  | BL=[]
[TX  ->  *] bucket=21855 L4 active=wlan0 ch3  BL=[]
[RX  <- B] bucket=21855  peer_BL=[]  my_BL=[]
[01:26:46] HOP bucket=21856 L4 wlan0 -> ch4  (retuning, ~700ms loss)  | BL=[]
[TX  ->  *] bucket=21856 L4 active=wlan0 ch4  BL=[]
[RX  <- B] bucket=21856  peer_BL=[]  my_BL=[]
[01:26:48] HOP bucket=21857 L4 wlan0 -> ch8  (retuning, ~700ms loss)  | BL=[]
[TX  ->  *] bucket=21857 L4 active=wlan0 ch8  BL=[]
[RX  <- B] bucket=21857  peer_BL=[]  my_BL=[]
[01:26:50] HOP bucket=21858 L4 wlan0 -> ch3  (retuning, ~700ms loss)  | BL=[]
[TX  ->  *] bucket=21858 L4 active=wlan0 ch3  BL=[]
[RX  <- B] bucket=21858  peer_BL=[]  my_BL=[]
[01:26:52] HOP bucket=21859 L4 wlan0 -> ch6  (retuning, ~700ms loss)  | BL=[]
[TX  ->  *] bucket=21859 L4 active=wlan0 ch6  BL=[]
[RX  <- B] bucket=21859  peer_BL=[]  my_BL=[]
[01:26:54] HOP bucket=21860 L4 wlan0 -> ch9  (retuning, ~700ms loss)  | BL=[]
[TX  ->  *] bucket=21860 L4 active=wlan0 ch9  BL=[]
[RX  <- B] bucket=21860  peer_BL=[]  my_BL=[]
[01:26:56] HOP bucket=21861 L4 wlan0 -> ch7  (retuning, ~700ms loss)  | BL=[]
[TX  ->  *] bucket=21861 L4 active=wlan0 ch7  BL=[]
[RX  <- B] bucket=21861  peer_BL=[]  my_BL=[]
[01:26:58] HOP bucket=21862 L4 wlan0 -> ch4  (retuning, ~700ms loss)  | BL=[]
[RX  <- B] bucket=21862  peer_BL=[]  my_BL=[]
[TX  ->  *] bucket=21862 L4 active=wlan0 ch4  BL=[]
[01:27:00] HOP bucket=21863 L4 wlan0 -> ch7  (retuning, ~700ms loss)  | BL=[]
[TX  ->  *] bucket=21863 L4 active=wlan0 ch7  BL=[]
[RX  <- B] bucket=21863  peer_BL=[]  my_BL=[]
[01:27:02] HOP bucket=21864 L4 wlan0 -> ch8  (retuning, ~700ms loss)  | BL=[]
[TX  ->  *] bucket=21864 L4 active=wlan0 ch8  BL=[]
[RX  <- B] bucket=21864  peer_BL=[]  my_BL=[]
[01:27:04] HOP bucket=21865 L4 wlan0 -> ch5  (retuning, ~700ms loss)  | BL=[]
[TX  ->  *] bucket=21865 L4 active=wlan0 ch5  BL=[]
[RX  <- B] bucket=21865  peer_BL=[]  my_BL=[]
[01:27:06] HOP bucket=21866 L4 wlan0 -> ch5  (retuning, ~700ms loss)  | BL=[]
[RX  <- B] bucket=21866  peer_BL=[]  my_BL=[]
[TX  ->  *] bucket=21866 L4 active=wlan0 ch5  BL=[]
[01:27:08] HOP bucket=21867 L4 wlan0 -> ch7  (retuning, ~700ms loss)  | BL=[]
[RX  <- B] bucket=21867  peer_BL=[]  my_BL=[]
[TX  ->  *] bucket=21867 L4 active=wlan0 ch7  BL=[]
[01:27:10] HOP bucket=21868 L4 wlan0 -> ch9  (retuning, ~700ms loss)  | BL=[]
[TX  ->  *] bucket=21868 L4 active=wlan0 ch9  BL=[]
[RX  <- B] bucket=21868  peer_BL=[]  my_BL=[]
[01:27:12] HOP bucket=21869 L4 wlan0 -> ch10  (retuning, ~700ms loss)  | BL=[]
[TX  ->  *] bucket=21869 L4 active=wlan0 ch10  BL=[]
[RX  <- B] bucket=21869  peer_BL=[]  my_BL=[]
[01:27:14] HOP bucket=21870 L4 wlan0 -> ch9  (retuning, ~700ms loss)  | BL=[]
[RX  <- B] bucket=21870  peer_BL=[]  my_BL=[]
[TX  ->  *] bucket=21870 L4 active=wlan0 ch9  BL=[]
[01:27:16] HOP bucket=21871 L4 wlan0 -> ch8  (retuning, ~700ms loss)  | BL=[]
[TX  ->  *] bucket=21871 L4 active=wlan0 ch8  BL=[]
[RX  <- B] bucket=21871  peer_BL=[]  my_BL=[]
[01:27:18] HOP bucket=21872 L4 wlan0 -> ch8  (retuning, ~700ms loss)  | BL=[]
[TX  ->  *] bucket=21872 L4 active=wlan0 ch8  BL=[]
[RX  <- B] bucket=21872  peer_BL=[]  my_BL=[]
[01:27:20] HOP bucket=21873 L4 wlan0 -> ch10  (retuning, ~700ms loss)  | BL=[]
[RX  <- B] bucket=21873  peer_BL=[]  my_BL=[]
[TX  ->  *] bucket=21873 L4 active=wlan0 ch10  BL=[]
[01:27:22] HOP bucket=21874 L4 wlan0 -> ch6  (retuning, ~700ms loss)  | BL=[]
[TX  ->  *] bucket=21874 L4 active=wlan0 ch6  BL=[]
[RX  <- B] bucket=21874  peer_BL=[]  my_BL=[]
[01:27:24] HOP bucket=21875 L4 wlan0 -> ch7  (retuning, ~700ms loss)  | BL=[]
[TX  ->  *] bucket=21875 L4 active=wlan0 ch7  BL=[]
[RX  <- B] bucket=21875  peer_BL=[]  my_BL=[]
[01:27:26] HOP bucket=21876 L4 wlan0 -> ch10  (retuning, ~700ms loss)  | BL=[]
[RX  <- B] bucket=21876  peer_BL=[]  my_BL=[]
[TX  ->  *] bucket=21876 L4 active=wlan0 ch10  BL=[]
[01:27:28] HOP bucket=21877 L4 wlan0 -> ch5  (retuning, ~700ms loss)  | BL=[]
[RX  <- B] bucket=21877  peer_BL=[]  my_BL=[]
[TX  ->  *] bucket=21877 L4 active=wlan0 ch5  BL=[]
[01:27:30] HOP bucket=21878 L4 wlan0 -> ch11  (retuning, ~700ms loss)  | BL=[]
[TX  ->  *] bucket=21878 L4 active=wlan0 ch11  BL=[]
[RX  <- B] bucket=21878  peer_BL=[]  my_BL=[]
[01:27:32] HOP bucket=21879 L4 wlan0 -> ch3  (retuning, ~700ms loss)  | BL=[]
[TX  ->  *] bucket=21879 L4 active=wlan0 ch3  BL=[]
[RX  <- B] bucket=21879  peer_BL=[]  my_BL=[]
[01:27:34] HOP bucket=21880 L4 wlan0 -> ch6  (retuning, ~700ms loss)  | BL=[]
[TX  ->  *] bucket=21880 L4 active=wlan0 ch6  BL=[]
[RX  <- B] bucket=21880  peer_BL=[]  my_BL=[]
[01:27:36] HOP bucket=21881 L4 wlan0 -> ch9  (retuning, ~700ms loss)  | BL=[]
[RX  <- B] bucket=21881  peer_BL=[]  my_BL=[]
[TX  ->  *] bucket=21881 L4 active=wlan0 ch9  BL=[]
[01:27:38] HOP bucket=21882 L4 wlan0 -> ch8  (retuning, ~700ms loss)  | BL=[]
[RX  <- B] bucket=21882  peer_BL=[]  my_BL=[]
[TX  ->  *] bucket=21882 L4 active=wlan0 ch8  BL=[]
[01:27:40] HOP bucket=21883 L4 wlan0 -> ch5  (retuning, ~700ms loss)  | BL=[]
[RX  <- B] bucket=21883  peer_BL=[]  my_BL=[]
[TX  ->  *] bucket=21883 L4 active=wlan0 ch5  BL=[]
[01:27:42] HOP bucket=21884 L4 wlan0 -> ch6  (retuning, ~700ms loss)  | BL=[]
[TX  ->  *] bucket=21884 L4 active=wlan0 ch6  BL=[]
[RX  <- B] bucket=21884  peer_BL=[]  my_BL=[]
[01:27:44] HOP bucket=21885 L4 wlan0 -> ch11  (retuning, ~700ms loss)  | BL=[]
[TX  ->  *] bucket=21885 L4 active=wlan0 ch11  BL=[]
[RX  <- B] bucket=21885  peer_BL=[]  my_BL=[]
[01:27:46] HOP bucket=21886 L4 wlan0 -> ch6  (retuning, ~700ms loss)  | BL=[]
[TX  ->  *] bucket=21886 L4 active=wlan0 ch6  BL=[]
[RX  <- B] bucket=21886  peer_BL=[]  my_BL=[]
[01:27:48] HOP bucket=21887 L4 wlan0 -> ch6  (retuning, ~700ms loss)  | BL=[]
[TX  ->  *] bucket=21887 L4 active=wlan0 ch6  BL=[]
[RX  <- B] bucket=21887  peer_BL=[]  my_BL=[]
[01:27:50] HOP bucket=21888 L4 wlan0 -> ch3  (retuning, ~700ms loss)  | BL=[]
[RX  <- B] bucket=21888  peer_BL=[]  my_BL=[]
[TX  ->  *] bucket=21888 L4 active=wlan0 ch3  BL=[]
[01:27:52] HOP bucket=21889 L4 wlan0 -> ch9  (retuning, ~700ms loss)  | BL=[]
[RX  <- B] bucket=21889  peer_BL=[]  my_BL=[]
[TX  ->  *] bucket=21889 L4 active=wlan0 ch9  BL=[]
[01:27:54] HOP bucket=21890 L4 wlan0 -> ch8  (retuning, ~700ms loss)  | BL=[]
[RX  <- B] bucket=21890  peer_BL=[]  my_BL=[]
[TX  ->  *] bucket=21890 L4 active=wlan0 ch8  BL=[]
[01:27:56] HOP bucket=21891 L4 wlan0 -> ch3  (retuning, ~700ms loss)  | BL=[]
[RX  <- B] bucket=21891  peer_BL=[]  my_BL=[]
[TX  ->  *] bucket=21891 L4 active=wlan0 ch3  BL=[]
[01:27:58] HOP bucket=21892 L4 wlan0 -> ch3  (retuning, ~700ms loss)  | BL=[]
[RX  <- B] bucket=21892  peer_BL=[]  my_BL=[]
[TX  ->  *] bucket=21892 L4 active=wlan0 ch3  BL=[]
[01:28:00] HOP bucket=21893 L4 wlan0 -> ch5  (retuning, ~700ms loss)  | BL=[]
[RX  <- B] bucket=21893  peer_BL=[]  my_BL=[]
[TX  ->  *] bucket=21893 L4 active=wlan0 ch5  BL=[]
[01:28:02] HOP bucket=21894 L4 wlan0 -> ch8  (retuning, ~700ms loss)  | BL=[]
[TX  ->  *] bucket=21894 L4 active=wlan0 ch8  BL=[]
[RX  <- B] bucket=21894  peer_BL=[]  my_BL=[]
[01:28:04] HOP bucket=21895 L4 wlan0 -> ch5  (retuning, ~700ms loss)  | BL=[]
[RX  <- B] bucket=21895  peer_BL=[]  my_BL=[]
[TX  ->  *] bucket=21895 L4 active=wlan0 ch5  BL=[]
[01:28:06] HOP bucket=21896 L4 wlan0 -> ch11  (retuning, ~700ms loss)  | BL=[]
[RX  <- B] bucket=21896  peer_BL=[]  my_BL=[]
[TX  ->  *] bucket=21896 L4 active=wlan0 ch11  BL=[]
[01:28:08] HOP bucket=21897 L4 wlan0 -> ch3  (retuning, ~700ms loss)  | BL=[]
[TX  ->  *] bucket=21897 L4 active=wlan0 ch3  BL=[]
[RX  <- B] bucket=21897  peer_BL=[]  my_BL=[]
[01:28:10] HOP bucket=21898 L4 wlan0 -> ch10  (retuning, ~700ms loss)  | BL=[]
[TX  ->  *] bucket=21898 L4 active=wlan0 ch10  BL=[]
[RX  <- B] bucket=21898  peer_BL=[]  my_BL=[]
[01:28:12] HOP bucket=21899 L4 wlan0 -> ch5  (retuning, ~700ms loss)  | BL=[]
[TX  ->  *] bucket=21899 L4 active=wlan0 ch5  BL=[]
[RX  <- B] bucket=21899  peer_BL=[]  my_BL=[]
[01:28:14] HOP bucket=21900 L4 wlan0 -> ch6  (retuning, ~700ms loss)  | BL=[]
[TX  ->  *] bucket=21900 L4 active=wlan0 ch6  BL=[]
[RX  <- B] bucket=21900  peer_BL=[]  my_BL=[]
[01:28:16] HOP bucket=21901 L4 wlan0 -> ch11  (retuning, ~700ms loss)  | BL=[]
[RX  <- B] bucket=21901  peer_BL=[]  my_BL=[]
[TX  ->  *] bucket=21901 L4 active=wlan0 ch11  BL=[]
[01:28:18] HOP bucket=21902 L4 wlan0 -> ch5  (retuning, ~700ms loss)  | BL=[]
[RX  <- B] bucket=21902  peer_BL=[]  my_BL=[]