============================================================
 ARTCHO NODE — MODE=L6 — NODE_ID=A
============================================================
 Bucket duration : 2.0s
 TEST_EPOCH      : 1772523260.0
 BUCKET_EPOCH    : 1772462060.0
 sim offset      : 61200s  (17.00h)
 Use blacklist   : True
 Detect enabled  : True
 Dual radio      : True
============================================================

[STARTUP] sleeping 5s to let launch SSH close before pre_warm...
[PRE-WARM] L6 -> wlan0 ch5 (active, bucket 30600), wlan1 ch6 (bg, bucket 30601)
[WAIT] sleeping 9.9s until TEST_EPOCH (radios pre-warmed)...
[INIT] L6 cold-start (bucket=30600):
       active  wlan0 -> ch5 (2432 MHz)
       bg      wlan1 -> ch6 (2437 MHz)
       confirmed blacklist: []
[INIT] L6 cold-start complete.

[TX  ->  *] bucket=30600 L6 active=wlan0 ch5  BL=[]
[RX  <- B] bucket=30600  peer_BL=[]  my_BL=[]
[08:34:22] HOP bucket=30601 L6 active=wlan1 ch6  | prep wlan0 ch5  | BL=[]
[TX  ->  *] bucket=30601 L6 active=wlan1 ch6  BL=[]
[RX  <- B] bucket=30601  peer_BL=[]  my_BL=[]
[08:34:24] HOP bucket=30602 L6 active=wlan0 ch5  | prep wlan1 ch9  | BL=[]
[TX  ->  *] bucket=30602 L6 active=wlan0 ch5  BL=[]
[RX  <- B] bucket=30602  peer_BL=[]  my_BL=[]
[08:34:26] HOP bucket=30603 L6 active=wlan1 ch9  | prep wlan0 ch9  | BL=[]
[TX  ->  *] bucket=30603 L6 active=wlan1 ch9  BL=[]
[RX  <- B] bucket=30603  peer_BL=[]  my_BL=[]
[08:34:28] HOP bucket=30604 L6 active=wlan0 ch9  | prep wlan1 ch11  | BL=[]
[RX  <- B] bucket=30604  peer_BL=[]  my_BL=[]
[TX  ->  *] bucket=30604 L6 active=wlan0 ch9  BL=[]
[08:34:30] HOP bucket=30605 L6 active=wlan1 ch11  | prep wlan0 ch9  | BL=[]
[TX  ->  *] bucket=30605 L6 active=wlan1 ch11  BL=[]
[RX  <- B] bucket=30605  peer_BL=[]  my_BL=[]
[08:34:32] HOP bucket=30606 L6 active=wlan0 ch9  | prep wlan1 ch10  | BL=[]
[TX  ->  *] bucket=30606 L6 active=wlan0 ch9  BL=[]
[RX  <- B] bucket=30606  peer_BL=[]  my_BL=[]
[08:34:34] HOP bucket=30607 L6 active=wlan1 ch10  | prep wlan0 ch10  | BL=[]
[RX  <- B] bucket=30607  peer_BL=[]  my_BL=[]
[TX  ->  *] bucket=30607 L6 active=wlan1 ch10  BL=[]
[08:34:36] HOP bucket=30608 L6 active=wlan0 ch10  | prep wlan1 ch6  | BL=[]
[TX  ->  *] bucket=30608 L6 active=wlan0 ch10  BL=[]
[RX  <- B] bucket=30608  peer_BL=[]  my_BL=[]
[08:34:38] HOP bucket=30609 L6 active=wlan1 ch6  | prep wlan0 ch6  | BL=[]
[TX  ->  *] bucket=30609 L6 active=wlan1 ch6  BL=[]
[RX  <- B] bucket=30609  peer_BL=[]  my_BL=[]
[08:34:40] HOP bucket=30610 L6 active=wlan0 ch6  | prep wlan1 ch7  | BL=[]
[RX  <- B] bucket=30610  peer_BL=[]  my_BL=[]
[TX  ->  *] bucket=30610 L6 active=wlan0 ch6  BL=[]
[08:34:42] HOP bucket=30611 L6 active=wlan1 ch7  | prep wlan0 ch7  | BL=[]
[RX  <- B] bucket=30611  peer_BL=[]  my_BL=[]
[TX  ->  *] bucket=30611 L6 active=wlan1 ch7  BL=[]
[08:34:44] HOP bucket=30612 L6 active=wlan0 ch7  | prep wlan1 ch7  | BL=[]
[RX  <- B] bucket=30612  peer_BL=[]  my_BL=[]
[TX  ->  *] bucket=30612 L6 active=wlan0 ch7  BL=[]
[08:34:46] HOP bucket=30613 L6 active=wlan1 ch7  | prep wlan0 ch3  | BL=[]
[TX  ->  *] bucket=30613 L6 active=wlan1 ch7  BL=[]
[RX  <- B] bucket=30613  peer_BL=[]  my_BL=[]
[08:34:48] HOP bucket=30614 L6 active=wlan0 ch3  | prep wlan1 ch3  | BL=[]
[RX  <- B] bucket=30614  peer_BL=[]  my_BL=[]
[TX  ->  *] bucket=30614 L6 active=wlan0 ch3  BL=[]
[08:34:50] HOP bucket=30615 L6 active=wlan1 ch3  | prep wlan0 ch8  | BL=[]
[RX  <- B] bucket=30615  peer_BL=[]  my_BL=[]
[TX  ->  *] bucket=30615 L6 active=wlan1 ch3  BL=[]
[08:34:52] HOP bucket=30616 L6 active=wlan0 ch8  | prep wlan1 ch6  | BL=[]
[TX  ->  *] bucket=30616 L6 active=wlan0 ch8  BL=[]
[RX  <- B] bucket=30616  peer_BL=[]  my_BL=[]
[08:34:54] HOP bucket=30617 L6 active=wlan1 ch6  | prep wlan0 ch6  | BL=[]
[RX  <- B] bucket=30617  peer_BL=[]  my_BL=[]
[TX  ->  *] bucket=30617 L6 active=wlan1 ch6  BL=[]
[08:34:56] HOP bucket=30618 L6 active=wlan0 ch6  | prep wlan1 ch3  | BL=[]
[RX  <- B] bucket=30618  peer_BL=[]  my_BL=[]
[TX  ->  *] bucket=30618 L6 active=wlan0 ch6  BL=[]
[08:34:58] HOP bucket=30619 L6 active=wlan1 ch3  | prep wlan0 ch3  | BL=[]
[TX  ->  *] bucket=30619 L6 active=wlan1 ch3  BL=[]
[RX  <- B] bucket=30619  peer_BL=[]  my_BL=[]
[08:35:00] HOP bucket=30620 L6 active=wlan0 ch3  | prep wlan1 ch4  | BL=[]
[TX  ->  *] bucket=30620 L6 active=wlan0 ch3  BL=[]
[RX  <- B] bucket=30620  peer_BL=[]  my_BL=[]
[08:35:02] HOP bucket=30621 L6 active=wlan1 ch4  | prep wlan0 ch9  | BL=[]
[RX  <- B] bucket=30621  peer_BL=[]  my_BL=[]
[TX  ->  *] bucket=30621 L6 active=wlan1 ch4  BL=[]
[08:35:04] HOP bucket=30622 L6 active=wlan0 ch9  | prep wlan1 ch3  | BL=[]
[TX  ->  *] bucket=30622 L6 active=wlan0 ch9  BL=[]
[RX  <- B] bucket=30622  peer_BL=[]  my_BL=[]
[08:35:06] HOP bucket=30623 L6 active=wlan1 ch3  | prep wlan0 ch5  | BL=[]
[TX  ->  *] bucket=30623 L6 active=wlan1 ch3  BL=[]
[RX  <- B] bucket=30623  peer_BL=[]  my_BL=[]
[08:35:08] HOP bucket=30624 L6 active=wlan0 ch5  | prep wlan1 ch5  | BL=[]
[TX  ->  *] bucket=30624 L6 active=wlan0 ch5  BL=[]
[RX  <- B] bucket=30624  peer_BL=[]  my_BL=[]
[08:35:10] HOP bucket=30625 L6 active=wlan1 ch5  | prep wlan0 ch4  | BL=[]
[RX  <- B] bucket=30625  peer_BL=[]  my_BL=[]
[TX  ->  *] bucket=30625 L6 active=wlan1 ch5  BL=[]
[08:35:12] HOP bucket=30626 L6 active=wlan0 ch4  | prep wlan1 ch9  | BL=[]
[TX  ->  *] bucket=30626 L6 active=wlan0 ch4  BL=[]
[RX  <- B] bucket=30626  peer_BL=[]  my_BL=[]
[08:35:14] HOP bucket=30627 L6 active=wlan1 ch9  | prep wlan0 ch8  | BL=[]
[TX  ->  *] bucket=30627 L6 active=wlan1 ch9  BL=[]
[RX  <- B] bucket=30627  peer_BL=[]  my_BL=[]
[08:35:16] HOP bucket=30628 L6 active=wlan0 ch8  | prep wlan1 ch11  | BL=[]
[TX  ->  *] bucket=30628 L6 active=wlan0 ch8  BL=[]
[RX  <- B] bucket=30628  peer_BL=[]  my_BL=[]
[08:35:18] HOP bucket=30629 L6 active=wlan1 ch11  | prep wlan0 ch6  | BL=[]
[TX  ->  *] bucket=30629 L6 active=wlan1 ch11  BL=[]
[RX  <- B] bucket=30629  peer_BL=[]  my_BL=[]
[08:35:20] HOP bucket=30630 L6 active=wlan0 ch6  | prep wlan1 ch5  | BL=[]
[TX  ->  *] bucket=30630 L6 active=wlan0 ch6  BL=[]
[!! JAMMED  ] bucket=30630 L6 active=wlan0 ch6  silent + egress_drops=73  -> BL until bucket=30660  BL=['6']
[08:35:22] HOP bucket=30631 L6 active=wlan1 ch5  | prep wlan0 ch8  | BL=['6']
[RX  <- B] bucket=30631  peer_BL=['6']  my_BL=['6']
[TX  ->  *] bucket=30631 L6 active=wlan1 ch5  BL=['6']
[08:35:24] HOP bucket=30632 L6 active=wlan0 ch8  | prep wlan1 ch9  | BL=['6']
[TX  ->  *] bucket=30632 L6 active=wlan0 ch8  BL=['6']
[RX  <- B] bucket=30632  peer_BL=['6']  my_BL=['6']
[08:35:26] HOP bucket=30633 L6 active=wlan1 ch9  | prep wlan0 ch8  | BL=['6']
[RX  <- B] bucket=30633  peer_BL=['6']  my_BL=['6']
[TX  ->  *] bucket=30633 L6 active=wlan1 ch9  BL=['6']
[08:35:28] HOP bucket=30634 L6 active=wlan0 ch8  | prep wlan1 ch7  | BL=['6']
[RX  <- B] bucket=30634  peer_BL=['6']  my_BL=['6']
[TX  ->  *] bucket=30634 L6 active=wlan0 ch8  BL=['6']
[08:35:30] HOP bucket=30635 L6 active=wlan1 ch7  | prep wlan0 ch7  | BL=['6']
[TX  ->  *] bucket=30635 L6 active=wlan1 ch7  BL=['6']
[RX  <- B] bucket=30635  peer_BL=['6']  my_BL=['6']
[08:35:32] HOP bucket=30636 L6 active=wlan0 ch7  | prep wlan1 ch7  | BL=['6']
[TX  ->  *] bucket=30636 L6 active=wlan0 ch7  BL=['6']
[RX  <- B] bucket=30636  peer_BL=['6']  my_BL=['6']
[08:35:34] HOP bucket=30637 L6 active=wlan1 ch7  | prep wlan0 ch3  | BL=['6']
[TX  ->  *] bucket=30637 L6 active=wlan1 ch7  BL=['6']
[RX  <- B] bucket=30637  peer_BL=['6']  my_BL=['6']
[08:35:36] HOP bucket=30638 L6 active=wlan0 ch3  | prep wlan1 ch8  | BL=['6']
[TX  ->  *] bucket=30638 L6 active=wlan0 ch3  BL=['6']
[RX  <- B] bucket=30638  peer_BL=['6']  my_BL=['6']
[08:35:38] HOP bucket=30639 L6 active=wlan1 ch8  | prep wlan0 ch9  | BL=['6']
[RX  <- B] bucket=30639  peer_BL=['6']  my_BL=['6']
[TX  ->  *] bucket=30639 L6 active=wlan1 ch8  BL=['6']
[08:35:40] HOP bucket=30640 L6 active=wlan0 ch9  | prep wlan1 ch5  | BL=['6']
[TX  ->  *] bucket=30640 L6 active=wlan0 ch9  BL=['6']
[RX  <- B] bucket=30640  peer_BL=['6']  my_BL=['6']
[08:35:42] HOP bucket=30641 L6 active=wlan1 ch5  | prep wlan0 ch3  | BL=['6']
[TX  ->  *] bucket=30641 L6 active=wlan1 ch5  BL=['6']
[RX  <- B] bucket=30641  peer_BL=['6']  my_BL=['6']
[08:35:44] HOP bucket=30642 L6 active=wlan0 ch3  | prep wlan1 ch3  | BL=['6']
[TX  ->  *] bucket=30642 L6 active=wlan0 ch3  BL=['6']
[RX  <- B] bucket=30642  peer_BL=['6']  my_BL=['6']
[08:35:46] HOP bucket=30643 L6 active=wlan1 ch3  | prep wlan0 ch7  | BL=['6']
[TX  ->  *] bucket=30643 L6 active=wlan1 ch3  BL=['6']
[RX  <- B] bucket=30643  peer_BL=['6']  my_BL=['6']
[08:35:48] HOP bucket=30644 L6 active=wlan0 ch7  | prep wlan1 ch9  | BL=['6']
[RX  <- B] bucket=30644  peer_BL=['6']  my_BL=['6']
[TX  ->  *] bucket=30644 L6 active=wlan0 ch7  BL=['6']
[08:35:50] HOP bucket=30645 L6 active=wlan1 ch9  | prep wlan0 ch11  | BL=['6']
[RX  <- B] bucket=30645  peer_BL=['6']  my_BL=['6']
[TX  ->  *] bucket=30645 L6 active=wlan1 ch9  BL=['6']
[08:35:52] HOP bucket=30646 L6 active=wlan0 ch11  | prep wlan1 ch5  | BL=['6']
[RX  <- B] bucket=30646  peer_BL=['6']  my_BL=['6']
[TX  ->  *] bucket=30646 L6 active=wlan0 ch11  BL=['6']
[08:35:54] HOP bucket=30647 L6 active=wlan1 ch5  | prep wlan0 ch7  | BL=['6']
[TX  ->  *] bucket=30647 L6 active=wlan1 ch5  BL=['6']
[RX  <- B] bucket=30647  peer_BL=['6']  my_BL=['6']
[08:35:56] HOP bucket=30648 L6 active=wlan0 ch7  | prep wlan1 ch7  | BL=['6']
[RX  <- B] bucket=30648  peer_BL=['6']  my_BL=['6']
[TX  ->  *] bucket=30648 L6 active=wlan0 ch7  BL=['6']
[08:35:58] HOP bucket=30649 L6 active=wlan1 ch7  | prep wlan0 ch4  | BL=['6']
[RX  <- B] bucket=30649  peer_BL=['6']  my_BL=['6']
[TX  ->  *] bucket=30649 L6 active=wlan1 ch7  BL=['6']
[08:36:00] HOP bucket=30650 L6 active=wlan0 ch4  | prep wlan1 ch7  | BL=['6']
[RX  <- B] bucket=30650  peer_BL=['6']  my_BL=['6']
[TX  ->  *] bucket=30650 L6 active=wlan0 ch4  BL=['6']
[08:36:02] HOP bucket=30651 L6 active=wlan1 ch7  | prep wlan0 ch9  | BL=['6']
[TX  ->  *] bucket=30651 L6 active=wlan1 ch7  BL=['6']
[RX  <- B] bucket=30651  peer_BL=['6']  my_BL=['6']
[08:36:04] HOP bucket=30652 L6 active=wlan0 ch9  | prep wlan1 ch8  | BL=['6']
[TX  ->  *] bucket=30652 L6 active=wlan0 ch9  BL=['6']
[RX  <- B] bucket=30652  peer_BL=['6']  my_BL=['6']
[08:36:06] HOP bucket=30653 L6 active=wlan1 ch8  | prep wlan0 ch5  | BL=['6']
[TX  ->  *] bucket=30653 L6 active=wlan1 ch8  BL=['6']
[RX  <- B] bucket=30653  peer_BL=['6']  my_BL=['6']
[08:36:08] HOP bucket=30654 L6 active=wlan0 ch5  | prep wlan1 ch7  | BL=['6']
[TX  ->  *] bucket=30654 L6 active=wlan0 ch5  BL=['6']
[RX  <- B] bucket=30654  peer_BL=['6']  my_BL=['6']
[08:36:10] HOP bucket=30655 L6 active=wlan1 ch7  | prep wlan0 ch5  | BL=['6']
[RX  <- B] bucket=30655  peer_BL=['6']  my_BL=['6']
[TX  ->  *] bucket=30655 L6 active=wlan1 ch7  BL=['6']
[08:36:12] HOP bucket=30656 L6 active=wlan0 ch5  | prep wlan1 ch7  | BL=['6']
[TX  ->  *] bucket=30656 L6 active=wlan0 ch5  BL=['6']
[RX  <- B] bucket=30656  peer_BL=['6']  my_BL=['6']
[08:36:14] HOP bucket=30657 L6 active=wlan1 ch7  | prep wlan0 ch3  | BL=['6']
[TX  ->  *] bucket=30657 L6 active=wlan1 ch7  BL=['6']
[RX  <- B] bucket=30657  peer_BL=['6']  my_BL=['6']
[08:36:16] HOP bucket=30658 L6 active=wlan0 ch3  | prep wlan1 ch10  | BL=['6']
[TX  ->  *] bucket=30658 L6 active=wlan0 ch3  BL=['6']
[RX  <- B] bucket=30658  peer_BL=['6']  my_BL=['6']
[08:36:18] HOP bucket=30659 L6 active=wlan1 ch10  | prep wlan0 ch10  | BL=['6']
[TX  ->  *] bucket=30659 L6 active=wlan1 ch10  BL=['6']
[RX  <- B] bucket=30659  peer_BL=['6']  my_BL=['6']
[08:36:20] HOP bucket=30660 L6 active=wlan0 ch10  | prep wlan1 ch11  | BL=[]
[TX  ->  *] bucket=30660 L6 active=wlan0 ch10  BL=[]
[RX  <- B] bucket=30660  peer_BL=[]  my_BL=[]
[08:36:22] HOP bucket=30661 L6 active=wlan1 ch11  | prep wlan0 ch11  | BL=[]
[TX  ->  *] bucket=30661 L6 active=wlan1 ch11  BL=[]
[RX  <- B] bucket=30661  peer_BL=[]  my_BL=[]
[08:36:24] HOP bucket=30662 L6 active=wlan0 ch11  | prep wlan1 ch11  | BL=[]
[TX  ->  *] bucket=30662 L6 active=wlan0 ch11  BL=[]
[RX  <- B] bucket=30662  peer_BL=[]  my_BL=[]
[08:36:26] HOP bucket=30663 L6 active=wlan1 ch11  | prep wlan0 ch5  | BL=[]
[TX  ->  *] bucket=30663 L6 active=wlan1 ch11  BL=[]
[RX  <- B] bucket=30663  peer_BL=[]  my_BL=[]
[08:36:28] HOP bucket=30664 L6 active=wlan0 ch5  | prep wlan1 ch5  | BL=[]
[TX  ->  *] bucket=30664 L6 active=wlan0 ch5  BL=[]
[RX  <- B] bucket=30664  peer_BL=[]  my_BL=[]
[08:36:30] HOP bucket=30665 L6 active=wlan1 ch5  | prep wlan0 ch5  | BL=[]
[TX  ->  *] bucket=30665 L6 active=wlan1 ch5  BL=[]
[RX  <- B] bucket=30665  peer_BL=[]  my_BL=[]
[08:36:32] HOP bucket=30666 L6 active=wlan0 ch5  | prep wlan1 ch3  | BL=[]
[TX  ->  *] bucket=30666 L6 active=wlan0 ch5  BL=[]
[RX  <- B] bucket=30666  peer_BL=[]  my_BL=[]
[08:36:34] HOP bucket=30667 L6 active=wlan1 ch3  | prep wlan0 ch6  | BL=[]
[RX  <- B] bucket=30667  peer_BL=[]  my_BL=[]
[TX  ->  *] bucket=30667 L6 active=wlan1 ch3  BL=[]
[08:36:36] HOP bucket=30668 L6 active=wlan0 ch6  | prep wlan1 ch5  | BL=[]
[TX  ->  *] bucket=30668 L6 active=wlan0 ch6  BL=[]
[!! JAMMED  ] bucket=30668 L6 active=wlan0 ch6  silent + egress_drops=38  -> BL until bucket=30698  BL=['6']
[08:36:38] HOP bucket=30669 L6 active=wlan1 ch5  | prep wlan0 ch5  | BL=['6']
[TX  ->  *] bucket=30669 L6 active=wlan1 ch5  BL=['6']
[RX  <- B] bucket=30669  peer_BL=['6']  my_BL=['6']
[08:36:40] HOP bucket=30670 L6 active=wlan0 ch5  | prep wlan1 ch11  | BL=['6']
[TX  ->  *] bucket=30670 L6 active=wlan0 ch5  BL=['6']
[RX  <- B] bucket=30670  peer_BL=['6']  my_BL=['6']
[08:36:42] HOP bucket=30671 L6 active=wlan1 ch11  | prep wlan0 ch3  | BL=['6']
[TX  ->  *] bucket=30671 L6 active=wlan1 ch11  BL=['6']
[RX  <- B] bucket=30671  peer_BL=['6']  my_BL=['6']
[08:36:44] HOP bucket=30672 L6 active=wlan0 ch3  | prep wlan1 ch7  | BL=['6']
[RX  <- B] bucket=30672  peer_BL=['6']  my_BL=['6']
[TX  ->  *] bucket=30672 L6 active=wlan0 ch3  BL=['6']
[08:36:46] HOP bucket=30673 L6 active=wlan1 ch7  | prep wlan0 ch7  | BL=['6']
[TX  ->  *] bucket=30673 L6 active=wlan1 ch7  BL=['6']
[?? SOFT    ] bucket=30673 L6 active=wlan1 ch7  silent across 35 frames but egress_drops=0  (no tc evidence)
[08:36:48] HOP bucket=30674 L6 active=wlan0 ch7  | prep wlan1 ch5  | BL=['6']
[TX  ->  *] bucket=30674 L6 active=wlan0 ch7  BL=['6']
[?? SOFT    ] bucket=30674 L6 active=wlan0 ch7  silent across 35 frames but egress_drops=0  (no tc evidence)
[08:36:50] HOP bucket=30675 L6 active=wlan1 ch5  | prep wlan0 ch4  | BL=['6']
[TX  ->  *] bucket=30675 L6 active=wlan1 ch5  BL=['6']
[RX  <- B] bucket=30675  peer_BL=['6', '7']  my_BL=['6', '7']
[<= MERGED  ] ch7 from peer's confirmed -> expires bucket=886261733
[08:36:52] HOP bucket=30676 L6 active=wlan0 ch4  | prep wlan1 ch11  | BL=['6', '7']
[TX  ->  *] bucket=30676 L6 active=wlan0 ch4  BL=['6', '7']
[RX  <- B] bucket=30676  peer_BL=['6', '7']  my_BL=['6', '7']
[08:36:54] HOP bucket=30677 L6 active=wlan1 ch11  | prep wlan0 ch11  | BL=['6', '7']
[TX  ->  *] bucket=30677 L6 active=wlan1 ch11  BL=['6', '7']
[RX  <- B] bucket=30677  peer_BL=['6', '7']  my_BL=['6', '7']
[08:36:56] HOP bucket=30678 L6 active=wlan0 ch11  | prep wlan1 ch3  | BL=['6', '7']
[TX  ->  *] bucket=30678 L6 active=wlan0 ch11  BL=['6', '7']
[RX  <- B] bucket=30678  peer_BL=['6', '7']  my_BL=['6', '7']
[08:36:58] HOP bucket=30679 L6 active=wlan1 ch3  | prep wlan0 ch8  | BL=['6', '7']
[TX  ->  *] bucket=30679 L6 active=wlan1 ch3  BL=['6', '7']
[RX  <- B] bucket=30679  peer_BL=['6', '7']  my_BL=['6', '7']
[08:37:00] HOP bucket=30680 L6 active=wlan0 ch8  | prep wlan1 ch8  | BL=['6', '7']
[TX  ->  *] bucket=30680 L6 active=wlan0 ch8  BL=['6', '7']
[RX  <- B] bucket=30680  peer_BL=['6', '7']  my_BL=['6', '7']
[08:37:02] HOP bucket=30681 L6 active=wlan1 ch8  | prep wlan0 ch3  | BL=['6', '7']
[TX  ->  *] bucket=30681 L6 active=wlan1 ch8  BL=['6', '7']
[RX  <- B] bucket=30681  peer_BL=['6', '7']  my_BL=['6', '7']
[08:37:04] HOP bucket=30682 L6 active=wlan0 ch3  | prep wlan1 ch10  | BL=['6', '7']
[RX  <- B] bucket=30682  peer_BL=['6', '7']  my_BL=['6', '7']
[TX  ->  *] bucket=30682 L6 active=wlan0 ch3  BL=['6', '7']
[08:37:06] HOP bucket=30683 L6 active=wlan1 ch10  | prep wlan0 ch10  | BL=['6', '7']
[RX  <- B] bucket=30683  peer_BL=['6', '7']  my_BL=['6', '7']
[TX  ->  *] bucket=30683 L6 active=wlan1 ch10  BL=['6', '7']
[08:37:08] HOP bucket=30684 L6 active=wlan0 ch10  | prep wlan1 ch8  | BL=['6', '7']
[RX  <- B] bucket=30684  peer_BL=['6', '7']  my_BL=['6', '7']
[TX  ->  *] bucket=30684 L6 active=wlan0 ch10  BL=['6', '7']
[08:37:10] HOP bucket=30685 L6 active=wlan1 ch8  | prep wlan0 ch5  | BL=['6', '7']
[TX  ->  *] bucket=30685 L6 active=wlan1 ch8  BL=['6', '7']
[RX  <- B] bucket=30685  peer_BL=['6', '7']  my_BL=['6', '7']
[08:37:12] HOP bucket=30686 L6 active=wlan0 ch5  | prep wlan1 ch9  | BL=['6', '7']
[TX  ->  *] bucket=30686 L6 active=wlan0 ch5  BL=['6', '7']
[RX  <- B] bucket=30686  peer_BL=['6', '7']  my_BL=['6', '7']
[08:37:14] HOP bucket=30687 L6 active=wlan1 ch9  | prep wlan0 ch11  | BL=['6', '7']
[RX  <- B] bucket=30687  peer_BL=['6', '7']  my_BL=['6', '7']
[TX  ->  *] bucket=30687 L6 active=wlan1 ch9  BL=['6', '7']
[08:37:16] HOP bucket=30688 L6 active=wlan0 ch11  | prep wlan1 ch10  | BL=['6', '7']
[RX  <- B] bucket=30688  peer_BL=['6', '7']  my_BL=['6', '7']
[TX  ->  *] bucket=30688 L6 active=wlan0 ch11  BL=['6', '7']
[08:37:18] HOP bucket=30689 L6 active=wlan1 ch10  | prep wlan0 ch3  | BL=['6', '7']
[RX  <- B] bucket=30689  peer_BL=['6', '7']  my_BL=['6', '7']
[TX  ->  *] bucket=30689 L6 active=wlan1 ch10  BL=['6', '7']
[08:37:20] HOP bucket=30690 L6 active=wlan0 ch3  | prep wlan1 ch11  | BL=['6', '7']
[TX  ->  *] bucket=30690 L6 active=wlan0 ch3  BL=['6', '7']
[RX  <- B] bucket=30690  peer_BL=['6', '7']  my_BL=['6', '7']
[08:37:22] HOP bucket=30691 L6 active=wlan1 ch11  | prep wlan0 ch8  | BL=['6', '7']
[RX  <- B] bucket=30691  peer_BL=['6', '7']  my_BL=['6', '7']
[TX  ->  *] bucket=30691 L6 active=wlan1 ch11  BL=['6', '7']
[08:37:24] HOP bucket=30692 L6 active=wlan0 ch8  | prep wlan1 ch8  | BL=['6', '7']
[TX  ->  *] bucket=30692 L6 active=wlan0 ch8  BL=['6', '7']
[?? SOFT    ] bucket=30692 L6 active=wlan0 ch8  silent across 35 frames but egress_drops=0  (no tc evidence)
[08:37:26] HOP bucket=30693 L6 active=wlan1 ch8  | prep wlan0 ch5  | BL=['6', '7']
[TX  ->  *] bucket=30693 L6 active=wlan1 ch8  BL=['6', '7']
[?? SOFT    ] bucket=30693 L6 active=wlan1 ch8  silent across 35 frames but egress_drops=0  (no tc evidence)
[08:37:28] HOP bucket=30694 L6 active=wlan0 ch5  | prep wlan1 ch10  | BL=['6', '7']
[TX  ->  *] bucket=30694 L6 active=wlan0 ch5  BL=['6', '7']
[RX  <- B] bucket=30694  peer_BL=['6', '7', '8']  my_BL=['6', '7', '8']
[<= MERGED  ] ch8 from peer's confirmed -> expires bucket=886261752
[08:37:30] HOP bucket=30695 L6 active=wlan1 ch10  | prep wlan0 ch9  | BL=['6', '7', '8']
[TX  ->  *] bucket=30695 L6 active=wlan1 ch10  BL=['6', '7', '8']
[RX  <- B] bucket=30695  peer_BL=['6', '7', '8']  my_BL=['6', '7', '8']
[08:37:32] HOP bucket=30696 L6 active=wlan0 ch9  | prep wlan1 ch9  | BL=['6', '7', '8']
[RX  <- B] bucket=30696  peer_BL=['6', '7', '8']  my_BL=['6', '7', '8']
[TX  ->  *] bucket=30696 L6 active=wlan0 ch9  BL=['6', '7', '8']
[08:37:34] HOP bucket=30697 L6 active=wlan1 ch9  | prep wlan0 ch9  | BL=['6', '7', '8']
[RX  <- B] bucket=30697  peer_BL=['6', '7', '8']  my_BL=['6', '7', '8']
[TX  ->  *] bucket=30697 L6 active=wlan1 ch9  BL=['6', '7', '8']
[08:37:36] HOP bucket=30698 L6 active=wlan0 ch9  | prep wlan1 ch4  | BL=['7', '8']
[TX  ->  *] bucket=30698 L6 active=wlan0 ch9  BL=['7', '8']
[RX  <- B] bucket=30698  peer_BL=['7', '8']  my_BL=['7', '8']
[08:37:38] HOP bucket=30699 L6 active=wlan1 ch4  | prep wlan0 ch11  | BL=['7', '8']
[TX  ->  *] bucket=30699 L6 active=wlan1 ch4  BL=['7', '8']
[RX  <- B] bucket=30699  peer_BL=['7', '8']  my_BL=['7', '8']
[08:37:40] HOP bucket=30700 L6 active=wlan0 ch11  | prep wlan1 ch3  | BL=['7', '8']
[TX  ->  *] bucket=30700 L6 active=wlan0 ch11  BL=['7', '8']
[RX  <- B] bucket=30700  peer_BL=['7', '8']  my_BL=['7', '8']
[08:37:42] HOP bucket=30701 L6 active=wlan1 ch3  | prep wlan0 ch9  | BL=['7', '8']
[TX  ->  *] bucket=30701 L6 active=wlan1 ch3  BL=['7', '8']
[RX  <- B] bucket=30701  peer_BL=['7', '8']  my_BL=['7', '8']
[08:37:44] HOP bucket=30702 L6 active=wlan0 ch9  | prep wlan1 ch9  | BL=['7', '8']
[TX  ->  *] bucket=30702 L6 active=wlan0 ch9  BL=['7', '8']
[RX  <- B] bucket=30702  peer_BL=['7', '8']  my_BL=['7', '8']
[08:37:46] HOP bucket=30703 L6 active=wlan1 ch9  | prep wlan0 ch11  | BL=['8']
[TX  ->  *] bucket=30703 L6 active=wlan1 ch9  BL=['8']
[RX  <- B] bucket=30703  peer_BL=['8']  my_BL=['8']
[08:37:48] HOP bucket=30704 L6 active=wlan0 ch11  | prep wlan1 ch9  | BL=['8']
[TX  ->  *] bucket=30704 L6 active=wlan0 ch11  BL=['8']
[RX  <- B] bucket=30704  peer_BL=['8']  my_BL=['8']
[08:37:50] HOP bucket=30705 L6 active=wlan1 ch9  | prep wlan0 ch10  | BL=['8']
[TX  ->  *] bucket=30705 L6 active=wlan1 ch9  BL=['8']
[RX  <- B] bucket=30705  peer_BL=['8']  my_BL=['8']
[08:37:52] HOP bucket=30706 L6 active=wlan0 ch10  | prep wlan1 ch6  | BL=['8']
[TX  ->  *] bucket=30706 L6 active=wlan0 ch10  BL=['8']
[RX  <- B] bucket=30706  peer_BL=['8']  my_BL=['8']
[08:37:54] HOP bucket=30707 L6 active=wlan1 ch6  | prep wlan0 ch9  | BL=['8']
[TX  ->  *] bucket=30707 L6 active=wlan1 ch6  BL=['8']
[!! JAMMED  ] bucket=30707 L6 active=wlan1 ch6  silent + egress_drops=39  -> BL until bucket=30737  BL=['6', '8']
[08:37:56] HOP bucket=30708 L6 active=wlan0 ch9  | prep wlan1 ch9  | BL=['6', '8']
[TX  ->  *] bucket=30708 L6 active=wlan0 ch9  BL=['6', '8']
[RX  <- B] bucket=30708  peer_BL=['8', '6']  my_BL=['6', '8']
[08:37:58] HOP bucket=30709 L6 active=wlan1 ch9  | prep wlan0 ch3  | BL=['6', '8']
[TX  ->  *] bucket=30709 L6 active=wlan1 ch9  BL=['6', '8']
[RX  <- B] bucket=30709  peer_BL=['8', '6']  my_BL=['6', '8']
[08:38:00] HOP bucket=30710 L6 active=wlan0 ch3  | prep wlan1 ch5  | BL=['6', '8']
[RX  <- B] bucket=30710  peer_BL=['8', '6']  my_BL=['6', '8']
[TX  ->  *] bucket=30710 L6 active=wlan0 ch3  BL=['6', '8']
[08:38:02] HOP bucket=30711 L6 active=wlan1 ch5  | prep wlan0 ch5  | BL=['6', '8']
[RX  <- B] bucket=30711  peer_BL=['8', '6']  my_BL=['6', '8']
[TX  ->  *] bucket=30711 L6 active=wlan1 ch5  BL=['6', '8']
[08:38:04] HOP bucket=30712 L6 active=wlan0 ch5  | prep wlan1 ch4  | BL=['6', '8']
[RX  <- B] bucket=30712  peer_BL=['8', '6']  my_BL=['6', '8']
[TX  ->  *] bucket=30712 L6 active=wlan0 ch5  BL=['6', '8']
[08:38:06] HOP bucket=30713 L6 active=wlan1 ch4  | prep wlan0 ch7  | BL=['6', '8']
[RX  <- B] bucket=30713  peer_BL=['8', '6']  my_BL=['6', '8']
[TX  ->  *] bucket=30713 L6 active=wlan1 ch4  BL=['6', '8']
[08:38:08] HOP bucket=30714 L6 active=wlan0 ch7  | prep wlan1 ch5  | BL=['6', '8']
[TX  ->  *] bucket=30714 L6 active=wlan0 ch7  BL=['6', '8']
[!! JAMMED  ] bucket=30714 L6 active=wlan0 ch7  silent + egress_drops=38  -> BL until bucket=30744  BL=['6', '7', '8']
[08:38:10] HOP bucket=30715 L6 active=wlan1 ch5  | prep wlan0 ch5  | BL=['6', '7', '8']
[TX  ->  *] bucket=30715 L6 active=wlan1 ch5  BL=['6', '7', '8']
[RX  <- B] bucket=30715  peer_BL=['8', '6', '7']  my_BL=['6', '7', '8']
[08:38:12] HOP bucket=30716 L6 active=wlan0 ch5  | prep wlan1 ch3  | BL=['6', '7', '8']
[TX  ->  *] bucket=30716 L6 active=wlan0 ch5  BL=['6', '7', '8']
[RX  <- B] bucket=30716  peer_BL=['8', '6', '7']  my_BL=['6', '7', '8']
[08:38:14] HOP bucket=30717 L6 active=wlan1 ch3  | prep wlan0 ch4  | BL=['6', '7', '8']
[TX  ->  *] bucket=30717 L6 active=wlan1 ch3  BL=['6', '7', '8']
[RX  <- B] bucket=30717  peer_BL=['8', '6', '7']  my_BL=['6', '7', '8']
[08:38:16] HOP bucket=30718 L6 active=wlan0 ch4  | prep wlan1 ch9  | BL=['6', '7', '8']
[RX  <- B] bucket=30718  peer_BL=['8', '6', '7']  my_BL=['6', '7', '8']
[TX  ->  *] bucket=30718 L6 active=wlan0 ch4  BL=['6', '7', '8']
[08:38:18] HOP bucket=30719 L6 active=wlan1 ch9  | prep wlan0 ch10  | BL=['6', '7', '8']
[TX  ->  *] bucket=30719 L6 active=wlan1 ch9  BL=['6', '7', '8']
[RX  <- B] bucket=30719  peer_BL=['8', '6', '7']  my_BL=['6', '7', '8']
[08:38:20] HOP bucket=30720 L6 active=wlan0 ch10  | prep wlan1 ch10  | BL=['6', '7', '8']
[TX  ->  *] bucket=30720 L6 active=wlan0 ch10  BL=['6', '7', '8']
[RX  <- B] bucket=30720  peer_BL=['8', '6', '7']  my_BL=['6', '7', '8']
[08:38:22] HOP bucket=30721 L6 active=wlan1 ch10  | prep wlan0 ch9  | BL=['6', '7', '8']
[RX  <- B] bucket=30721  peer_BL=['8', '6', '7']  my_BL=['6', '7', '8']
[TX  ->  *] bucket=30721 L6 active=wlan1 ch10  BL=['6', '7', '8']
[08:38:24] HOP bucket=30722 L6 active=wlan0 ch9  (LAG: totp_says=ch8, physical=ch9)  | prep wlan1 ch3  | BL=['6', '7']
[TX  ->  *] bucket=30722 L6 active=wlan0 ch9  BL=['6', '7']
[RX  <- B] bucket=30722  peer_BL=['6', '7']  my_BL=['6', '7']
[08:38:26] HOP bucket=30723 L6 active=wlan1 ch3  | prep wlan0 ch10  | BL=['6', '7']
[RX  <- B] bucket=30723  peer_BL=['6', '7']  my_BL=['6', '7']
[TX  ->  *] bucket=30723 L6 active=wlan1 ch3  BL=['6', '7']
[08:38:28] HOP bucket=30724 L6 active=wlan0 ch10  | prep wlan1 ch8  | BL=['6', '7']
[RX  <- B] bucket=30724  peer_BL=['6', '7']  my_BL=['6', '7']
[TX  ->  *] bucket=30724 L6 active=wlan0 ch10  BL=['6', '7']
[08:38:30] HOP bucket=30725 L6 active=wlan1 ch8  | prep wlan0 ch8  | BL=['6', '7']
[TX  ->  *] bucket=30725 L6 active=wlan1 ch8  BL=['6', '7']
[RX  <- B] bucket=30725  peer_BL=['6', '7']  my_BL=['6', '7']
[08:38:32] HOP bucket=30726 L6 active=wlan0 ch8  | prep wlan1 ch9  | BL=['6', '7']
[TX  ->  *] bucket=30726 L6 active=wlan0 ch8  BL=['6', '7']
[RX  <- B] bucket=30726  peer_BL=['6', '7']  my_BL=['6', '7']
[08:38:34] HOP bucket=30727 L6 active=wlan1 ch9  | prep wlan0 ch3  | BL=['6', '7']
[TX  ->  *] bucket=30727 L6 active=wlan1 ch9  BL=['6', '7']
[RX  <- B] bucket=30727  peer_BL=['6', '7']  my_BL=['6', '7']
[08:38:36] HOP bucket=30728 L6 active=wlan0 ch3  | prep wlan1 ch4  | BL=['6', '7']
[TX  ->  *] bucket=30728 L6 active=wlan0 ch3  BL=['6', '7']
[RX  <- B] bucket=30728  peer_BL=['6', '7']  my_BL=['6', '7']
[08:38:38] HOP bucket=30729 L6 active=wlan1 ch4  | prep wlan0 ch11  | BL=['6', '7']
[TX  ->  *] bucket=30729 L6 active=wlan1 ch4  BL=['6', '7']
[RX  <- B] bucket=30729  peer_BL=['6', '7']  my_BL=['6', '7']
[08:38:40] HOP bucket=30730 L6 active=wlan0 ch11  | prep wlan1 ch8  | BL=['6', '7']
[TX  ->  *] bucket=30730 L6 active=wlan0 ch11  BL=['6', '7']
[RX  <- B] bucket=30730  peer_BL=['6', '7']  my_BL=['6', '7']
[08:38:42] HOP bucket=30731 L6 active=wlan1 ch8  | prep wlan0 ch4  | BL=['6', '7']
[TX  ->  *] bucket=30731 L6 active=wlan1 ch8  BL=['6', '7']
[RX  <- B] bucket=30731  peer_BL=['6', '7']  my_BL=['6', '7']
[08:38:44] HOP bucket=30732 L6 active=wlan0 ch4  | prep wlan1 ch3  | BL=['6', '7']
[TX  ->  *] bucket=30732 L6 active=wlan0 ch4  BL=['6', '7']
[RX  <- B] bucket=30732  peer_BL=['6', '7']  my_BL=['6', '7']
[08:38:46] HOP bucket=30733 L6 active=wlan1 ch3  | prep wlan0 ch11  | BL=['6', '7']
[RX  <- B] bucket=30733  peer_BL=['6', '7']  my_BL=['6', '7']
[TX  ->  *] bucket=30733 L6 active=wlan1 ch3  BL=['6', '7']
[08:38:48] HOP bucket=30734 L6 active=wlan0 ch11  | prep wlan1 ch10  | BL=['6', '7']
[TX  ->  *] bucket=30734 L6 active=wlan0 ch11  BL=['6', '7']
[RX  <- B] bucket=30734  peer_BL=['6', '7']  my_BL=['6', '7']
[08:38:50] HOP bucket=30735 L6 active=wlan1 ch10  | prep wlan0 ch5  | BL=['6', '7']
[RX  <- B] bucket=30735  peer_BL=['6', '7']  my_BL=['6', '7']
[TX  ->  *] bucket=30735 L6 active=wlan1 ch10  BL=['6', '7']
[08:38:52] HOP bucket=30736 L6 active=wlan0 ch5  | prep wlan1 ch10  | BL=['6', '7']
[RX  <- B] bucket=30736  peer_BL=['6', '7']  my_BL=['6', '7']
[TX  ->  *] bucket=30736 L6 active=wlan0 ch5  BL=['6', '7']
[08:38:54] HOP bucket=30737 L6 active=wlan1 ch10  | prep wlan0 ch8  | BL=['7']
[TX  ->  *] bucket=30737 L6 active=wlan1 ch10  BL=['7']
[RX  <- B] bucket=30737  peer_BL=['7']  my_BL=['7']
[08:38:56] HOP bucket=30738 L6 active=wlan0 ch8  | prep wlan1 ch8  | BL=['7']
[RX  <- B] bucket=30738  peer_BL=['7']  my_BL=['7']
[TX  ->  *] bucket=30738 L6 active=wlan0 ch8  BL=['7']
[08:38:58] HOP bucket=30739 L6 active=wlan1 ch8  | prep wlan0 ch5  | BL=['7']
[TX  ->  *] bucket=30739 L6 active=wlan1 ch8  BL=['7']
[RX  <- B] bucket=30739  peer_BL=['7']  my_BL=['7']
[08:39:00] HOP bucket=30740 L6 active=wlan0 ch5  | prep wlan1 ch4  | BL=['7']
[RX  <- B] bucket=30740  peer_BL=['7']  my_BL=['7']
[TX  ->  *] bucket=30740 L6 active=wlan0 ch5  BL=['7']
[08:39:02] HOP bucket=30741 L6 active=wlan1 ch4  | prep wlan0 ch4  | BL=['7']
[TX  ->  *] bucket=30741 L6 active=wlan1 ch4  BL=['7']
[RX  <- B] bucket=30741  peer_BL=['7']  my_BL=['7']
[08:39:04] HOP bucket=30742 L6 active=wlan0 ch4  | prep wlan1 ch6  | BL=['7']
[TX  ->  *] bucket=30742 L6 active=wlan0 ch4  BL=['7']
[RX  <- B] bucket=30742  peer_BL=['7']  my_BL=['7']
[08:39:06] HOP bucket=30743 L6 active=wlan1 ch6  | prep wlan0 ch8  | BL=['7']
[TX  ->  *] bucket=30743 L6 active=wlan1 ch6  BL=['7']
[!! JAMMED  ] bucket=30743 L6 active=wlan1 ch6  silent + egress_drops=38  -> BL until bucket=30773  BL=['6', '7']
[08:39:08] HOP bucket=30744 L6 active=wlan0 ch8  | prep wlan1 ch7  | BL=['6']
[TX  ->  *] bucket=30744 L6 active=wlan0 ch8  BL=['6']
[RX  <- B] bucket=30744  peer_BL=['6']  my_BL=['6']
[08:39:10] HOP bucket=30745 L6 active=wlan1 ch7  | prep wlan0 ch9  | BL=['6']
[TX  ->  *] bucket=30745 L6 active=wlan1 ch7  BL=['6']
[RX  <- B] bucket=30745  peer_BL=['6']  my_BL=['6']
[08:39:12] HOP bucket=30746 L6 active=wlan0 ch9  | prep wlan1 ch7  | BL=['6']
[TX  ->  *] bucket=30746 L6 active=wlan0 ch9  BL=['6']
[RX  <- B] bucket=30746  peer_BL=['6']  my_BL=['6']
[08:39:14] HOP bucket=30747 L6 active=wlan1 ch7  | prep wlan0 ch3  | BL=['6']
[TX  ->  *] bucket=30747 L6 active=wlan1 ch7  BL=['6']
[RX  <- B] bucket=30747  peer_BL=['6']  my_BL=['6']
[08:39:16] HOP bucket=30748 L6 active=wlan0 ch3  | prep wlan1 ch11  | BL=['6']
[TX  ->  *] bucket=30748 L6 active=wlan0 ch3  BL=['6']
[RX  <- B] bucket=30748  peer_BL=['6']  my_BL=['6']
[08:39:18] HOP bucket=30749 L6 active=wlan1 ch11  | prep wlan0 ch8  | BL=['6']
[TX  ->  *] bucket=30749 L6 active=wlan1 ch11  BL=['6']
[RX  <- B] bucket=30749  peer_BL=['6']  my_BL=['6']
[08:39:20] HOP bucket=30750 L6 active=wlan0 ch8  | prep wlan1 ch3  | BL=['6']
[TX  ->  *] bucket=30750 L6 active=wlan0 ch8  BL=['6']
[RX  <- B] bucket=30750  peer_BL=['6']  my_BL=['6']
[08:39:22] HOP bucket=30751 L6 active=wlan1 ch3  | prep wlan0 ch10  | BL=['6']
[TX  ->  *] bucket=30751 L6 active=wlan1 ch3  BL=['6']
[RX  <- B] bucket=30751  peer_BL=['6']  my_BL=['6']
[08:39:24] HOP bucket=30752 L6 active=wlan0 ch10  | prep wlan1 ch5  | BL=['6']
[TX  ->  *] bucket=30752 L6 active=wlan0 ch10  BL=['6']
[RX  <- B] bucket=30752  peer_BL=['6']  my_BL=['6']
[08:39:26] HOP bucket=30753 L6 active=wlan1 ch5  | prep wlan0 ch5  | BL=['6']
[TX  ->  *] bucket=30753 L6 active=wlan1 ch5  BL=['6']
[RX  <- B] bucket=30753  peer_BL=['6']  my_BL=['6']
[08:39:28] HOP bucket=30754 L6 active=wlan0 ch5  | prep wlan1 ch10  | BL=['6']
[TX  ->  *] bucket=30754 L6 active=wlan0 ch5  BL=['6']
[RX  <- B] bucket=30754  peer_BL=['6']  my_BL=['6']
[08:39:30] HOP bucket=30755 L6 active=wlan1 ch10  | prep wlan0 ch3  | BL=['6']
[TX  ->  *] bucket=30755 L6 active=wlan1 ch10  BL=['6']
[RX  <- B] bucket=30755  peer_BL=['6']  my_BL=['6']
[08:39:32] HOP bucket=30756 L6 active=wlan0 ch3  | prep wlan1 ch3  | BL=['6']
[TX  ->  *] bucket=30756 L6 active=wlan0 ch3  BL=['6']
[RX  <- B] bucket=30756  peer_BL=['6']  my_BL=['6']
[08:39:34] HOP bucket=30757 L6 active=wlan1 ch3  | prep wlan0 ch7  | BL=['6']
[TX  ->  *] bucket=30757 L6 active=wlan1 ch3  BL=['6']
[RX  <- B] bucket=30757  peer_BL=['6']  my_BL=['6']
[08:39:36] HOP bucket=30758 L6 active=wlan0 ch7  | prep wlan1 ch3  | BL=['6']
[TX  ->  *] bucket=30758 L6 active=wlan0 ch7  BL=['6']
[?? SOFT    ] bucket=30758 L6 active=wlan0 ch7  silent across 35 frames but egress_drops=0  (no tc evidence)
[08:39:38] HOP bucket=30759 L6 active=wlan1 ch3  | prep wlan0 ch9  | BL=['6']
[TX  ->  *] bucket=30759 L6 active=wlan1 ch3  BL=['6']
[RX  <- B] bucket=30759  peer_BL=['6', '7']  my_BL=['6', '7']
[<= MERGED  ] ch7 from peer's confirmed -> expires bucket=886261818
[08:39:40] HOP bucket=30760 L6 active=wlan0 ch9  | prep wlan1 ch11  | BL=['6', '7']
[TX  ->  *] bucket=30760 L6 active=wlan0 ch9  BL=['6', '7']
[RX  <- B] bucket=30760  peer_BL=['6', '7']  my_BL=['6', '7']
[08:39:42] HOP bucket=30761 L6 active=wlan1 ch11  | prep wlan0 ch8  | BL=['6', '7']
[TX  ->  *] bucket=30761 L6 active=wlan1 ch11  BL=['6', '7']
[RX  <- B] bucket=30761  peer_BL=['6', '7']  my_BL=['6', '7']
[08:39:44] HOP bucket=30762 L6 active=wlan0 ch8  | prep wlan1 ch3  | BL=['6', '7']
[TX  ->  *] bucket=30762 L6 active=wlan0 ch8  BL=['6', '7']
[RX  <- B] bucket=30762  peer_BL=['6', '7']  my_BL=['6', '7']
[08:39:46] HOP bucket=30763 L6 active=wlan1 ch3  | prep wlan0 ch10  | BL=['6', '7']
[TX  ->  *] bucket=30763 L6 active=wlan1 ch3  BL=['6', '7']
[RX  <- B] bucket=30763  peer_BL=['6', '7']  my_BL=['6', '7']
[08:39:48] HOP bucket=30764 L6 active=wlan0 ch10  | prep wlan1 ch4  | BL=['6', '7']
[TX  ->  *] bucket=30764 L6 active=wlan0 ch10  BL=['6', '7']
[RX  <- B] bucket=30764  peer_BL=['6', '7']  my_BL=['6', '7']
[08:39:50] HOP bucket=30765 L6 active=wlan1 ch4  | prep wlan0 ch11  | BL=['6', '7']
[TX  ->  *] bucket=30765 L6 active=wlan1 ch4  BL=['6', '7']
[RX  <- B] bucket=30765  peer_BL=['6', '7']  my_BL=['6', '7']
[08:39:52] HOP bucket=30766 L6 active=wlan0 ch11  | prep wlan1 ch10  | BL=['6', '7']
[TX  ->  *] bucket=30766 L6 active=wlan0 ch11  BL=['6', '7']
[RX  <- B] bucket=30766  peer_BL=['6', '7']  my_BL=['6', '7']
[08:39:54] HOP bucket=30767 L6 active=wlan1 ch10  | prep wlan0 ch9  | BL=['6', '7']
[TX  ->  *] bucket=30767 L6 active=wlan1 ch10  BL=['6', '7']
[RX  <- B] bucket=30767  peer_BL=['6', '7']  my_BL=['6', '7']
[08:39:56] HOP bucket=30768 L6 active=wlan0 ch9  | prep wlan1 ch5  | BL=['6', '7']
[TX  ->  *] bucket=30768 L6 active=wlan0 ch9  BL=['6', '7']
[RX  <- B] bucket=30768  peer_BL=['6', '7']  my_BL=['6', '7']
[08:39:58] HOP bucket=30769 L6 active=wlan1 ch5  | prep wlan0 ch8  | BL=['6', '7']
[TX  ->  *] bucket=30769 L6 active=wlan1 ch5  BL=['6', '7']
[RX  <- B] bucket=30769  peer_BL=['6', '7']  my_BL=['6', '7']
[08:40:00] HOP bucket=30770 L6 active=wlan0 ch8  | prep wlan1 ch9  | BL=['6', '7']
[TX  ->  *] bucket=30770 L6 active=wlan0 ch8  BL=['6', '7']
[RX  <- B] bucket=30770  peer_BL=['6', '7']  my_BL=['6', '7']
[08:40:02] HOP bucket=30771 L6 active=wlan1 ch9  | prep wlan0 ch8  | BL=['6', '7']
[TX  ->  *] bucket=30771 L6 active=wlan1 ch9  BL=['6', '7']
[RX  <- B] bucket=30771  peer_BL=['6', '7']  my_BL=['6', '7']
[08:40:04] HOP bucket=30772 L6 active=wlan0 ch8  | prep wlan1 ch10  | BL=['6', '7']
[TX  ->  *] bucket=30772 L6 active=wlan0 ch8  BL=['6', '7']
[RX  <- B] bucket=30772  peer_BL=['6', '7']  my_BL=['6', '7']
[08:40:06] HOP bucket=30773 L6 active=wlan1 ch10  | prep wlan0 ch6  | BL=['7']
[TX  ->  *] bucket=30773 L6 active=wlan1 ch10  BL=['7']
[RX  <- B] bucket=30773  peer_BL=['7']  my_BL=['7']
[08:40:08] HOP bucket=30774 L6 active=wlan0 ch6  | prep wlan1 ch6  | BL=['7']
[RX  <- B] bucket=30774  peer_BL=['7']  my_BL=['7']
[TX  ->  *] bucket=30774 L6 active=wlan0 ch6  BL=['7']
[08:40:10] HOP bucket=30775 L6 active=wlan1 ch6  | prep wlan0 ch3  | BL=['7']
[RX  <- B] bucket=30775  peer_BL=['7']  my_BL=['7']
[TX  ->  *] bucket=30775 L6 active=wlan1 ch6  BL=['7']
[08:40:12] HOP bucket=30776 L6 active=wlan0 ch3  | prep wlan1 ch8  | BL=['7']
[TX  ->  *] bucket=30776 L6 active=wlan0 ch3  BL=['7']
[RX  <- B] bucket=30776  peer_BL=['7']  my_BL=['7']
[08:40:14] HOP bucket=30777 L6 active=wlan1 ch8  | prep wlan0 ch11  | BL=['7']
[TX  ->  *] bucket=30777 L6 active=wlan1 ch8  BL=['7']
[RX  <- B] bucket=30777  peer_BL=['7']  my_BL=['7']
[08:40:16] HOP bucket=30778 L6 active=wlan0 ch11  | prep wlan1 ch8  | BL=['7']
[TX  ->  *] bucket=30778 L6 active=wlan0 ch11  BL=['7']
[RX  <- B] bucket=30778  peer_BL=['7']  my_BL=['7']
[08:40:18] HOP bucket=30779 L6 active=wlan1 ch8  | prep wlan0 ch9  | BL=['7']
[TX  ->  *] bucket=30779 L6 active=wlan1 ch8  BL=['7']
[RX  <- B] bucket=30779  peer_BL=['7']  my_BL=['7']
[08:40:20] HOP bucket=30780 L6 active=wlan0 ch9  | prep wlan1 ch3  | BL=['7']
[TX  ->  *] bucket=30780 L6 active=wlan0 ch9  BL=['7']
[RX  <- B] bucket=30780  peer_BL=['7']  my_BL=['7']
[08:40:22] HOP bucket=30781 L6 active=wlan1 ch3  | prep wlan0 ch6  | BL=['7']
[TX  ->  *] bucket=30781 L6 active=wlan1 ch3  BL=['7']
[RX  <- B] bucket=30781  peer_BL=['7']  my_BL=['7']
[08:40:24] HOP bucket=30782 L6 active=wlan0 ch6  | prep wlan1 ch9  | BL=['7']
[RX  <- B] bucket=30782  peer_BL=['7']  my_BL=['7']
[TX  ->  *] bucket=30782 L6 active=wlan0 ch6  BL=['7']
[08:40:26] HOP bucket=30783 L6 active=wlan1 ch9  | prep wlan0 ch8  | BL=['7']
[RX  <- B] bucket=30783  peer_BL=['7']  my_BL=['7']
[TX  ->  *] bucket=30783 L6 active=wlan1 ch9  BL=['7']
[08:40:28] HOP bucket=30784 L6 active=wlan0 ch8  | prep wlan1 ch4  | BL=['7']
[RX  <- B] bucket=30784  peer_BL=['7']  my_BL=['7']
[TX  ->  *] bucket=30784 L6 active=wlan0 ch8  BL=['7']
[08:40:30] HOP bucket=30785 L6 active=wlan1 ch4  | prep wlan0 ch4  | BL=['7']
[RX  <- B] bucket=30785  peer_BL=['7']  my_BL=['7']
[TX  ->  *] bucket=30785 L6 active=wlan1 ch4  BL=['7']
[08:40:32] HOP bucket=30786 L6 active=wlan0 ch4  | prep wlan1 ch10  | BL=['7']
[RX  <- B] bucket=30786  peer_BL=['7']  my_BL=['7']
[TX  ->  *] bucket=30786 L6 active=wlan0 ch4  BL=['7']
[08:40:34] HOP bucket=30787 L6 active=wlan1 ch10  | prep wlan0 ch4  | BL=['7']
[RX  <- B] bucket=30787  peer_BL=['7']  my_BL=['7']
[TX  ->  *] bucket=30787 L6 active=wlan1 ch10  BL=['7']
[08:40:36] HOP bucket=30788 L6 active=wlan0 ch4  | prep wlan1 ch11  | BL=[]
[RX  <- B] bucket=30788  peer_BL=[]  my_BL=[]
[TX  ->  *] bucket=30788 L6 active=wlan0 ch4  BL=[]
[08:40:38] HOP bucket=30789 L6 active=wlan1 ch11  | prep wlan0 ch4  | BL=[]
[RX  <- B] bucket=30789  peer_BL=[]  my_BL=[]
[TX  ->  *] bucket=30789 L6 active=wlan1 ch11  BL=[]
[08:40:40] HOP bucket=30790 L6 active=wlan0 ch4  | prep wlan1 ch3  | BL=[]
[TX  ->  *] bucket=30790 L6 active=wlan0 ch4  BL=[]
[RX  <- B] bucket=30790  peer_BL=[]  my_BL=[]
[08:40:42] HOP bucket=30791 L6 active=wlan1 ch3  | prep wlan0 ch8  | BL=[]
[TX  ->  *] bucket=30791 L6 active=wlan1 ch3  BL=[]
[RX  <- B] bucket=30791  peer_BL=[]  my_BL=[]
[08:40:44] HOP bucket=30792 L6 active=wlan0 ch8  | prep wlan1 ch5  | BL=[]
[TX  ->  *] bucket=30792 L6 active=wlan0 ch8  BL=[]
[RX  <- B] bucket=30792  peer_BL=[]  my_BL=[]
[08:40:46] HOP bucket=30793 L6 active=wlan1 ch5  | prep wlan0 ch11  | BL=[]
[TX  ->  *] bucket=30793 L6 active=wlan1 ch5  BL=[]
[RX  <- B] bucket=30793  peer_BL=[]  my_BL=[]
[08:40:48] HOP bucket=30794 L6 active=wlan0 ch11  | prep wlan1 ch4  | BL=[]
[TX  ->  *] bucket=30794 L6 active=wlan0 ch11  BL=[]
[RX  <- B] bucket=30794  peer_BL=[]  my_BL=[]
[08:40:50] HOP bucket=30795 L6 active=wlan1 ch4  | prep wlan0 ch10  | BL=[]
[TX  ->  *] bucket=30795 L6 active=wlan1 ch4  BL=[]
[RX  <- B] bucket=30795  peer_BL=[]  my_BL=[]
[08:40:52] HOP bucket=30796 L6 active=wlan0 ch10  | prep wlan1 ch3  | BL=[]
[TX  ->  *] bucket=30796 L6 active=wlan0 ch10  BL=[]
[RX  <- B] bucket=30796  peer_BL=[]  my_BL=[]
[08:40:54] HOP bucket=30797 L6 active=wlan1 ch3  | prep wlan0 ch4  | BL=[]
[TX  ->  *] bucket=30797 L6 active=wlan1 ch3  BL=[]
[RX  <- B] bucket=30797  peer_BL=[]  my_BL=[]
[08:40:56] HOP bucket=30798 L6 active=wlan0 ch4  | prep wlan1 ch4  | BL=[]
[TX  ->  *] bucket=30798 L6 active=wlan0 ch4  BL=[]
[RX  <- B] bucket=30798  peer_BL=[]  my_BL=[]
[08:40:58] HOP bucket=30799 L6 active=wlan1 ch4  | prep wlan0 ch10  | BL=[]
[TX  ->  *] bucket=30799 L6 active=wlan1 ch4  BL=[]
[RX  <- B] bucket=30799  peer_BL=[]  my_BL=[]
[08:41:00] HOP bucket=30800 L6 active=wlan0 ch10  | prep wlan1 ch5  | BL=[]
[TX  ->  *] bucket=30800 L6 active=wlan0 ch10  BL=[]
[RX  <- B] bucket=30800  peer_BL=[]  my_BL=[]
[08:41:02] HOP bucket=30801 L6 active=wlan1 ch5  | prep wlan0 ch6  | BL=[]
[RX  <- B] bucket=30801  peer_BL=[]  my_BL=[]
[TX  ->  *] bucket=30801 L6 active=wlan1 ch5  BL=[]
[08:41:04] HOP bucket=30802 L6 active=wlan0 ch6  | prep wlan1 ch4  | BL=[]
[TX  ->  *] bucket=30802 L6 active=wlan0 ch6  BL=[]
[RX  <- B] bucket=30802  peer_BL=[]  my_BL=[]
[08:41:06] HOP bucket=30803 L6 active=wlan1 ch4  | prep wlan0 ch5  | BL=[]
[RX  <- B] bucket=30803  peer_BL=[]  my_BL=[]
[TX  ->  *] bucket=30803 L6 active=wlan1 ch4  BL=[]
[08:41:08] HOP bucket=30804 L6 active=wlan0 ch5  | prep wlan1 ch6  | BL=[]
[RX  <- B] bucket=30804  peer_BL=[]  my_BL=[]
[TX  ->  *] bucket=30804 L6 active=wlan0 ch5  BL=[]
[08:41:10] HOP bucket=30805 L6 active=wlan1 ch6  | prep wlan0 ch4  | BL=[]
[TX  ->  *] bucket=30805 L6 active=wlan1 ch6  BL=[]
[RX  <- B] bucket=30805  peer_BL=[]  my_BL=[]
[08:41:12] HOP bucket=30806 L6 active=wlan0 ch4  | prep wlan1 ch10  | BL=[]
[TX  ->  *] bucket=30806 L6 active=wlan0 ch4  BL=[]
[RX  <- B] bucket=30806  peer_BL=[]  my_BL=[]
[08:41:14] HOP bucket=30807 L6 active=wlan1 ch10  | prep wlan0 ch10  | BL=[]
[RX  <- B] bucket=30807  peer_BL=[]  my_BL=[]
[TX  ->  *] bucket=30807 L6 active=wlan1 ch10  BL=[]
[08:41:16] HOP bucket=30808 L6 active=wlan0 ch10  | prep wlan1 ch9  | BL=[]
[RX  <- B] bucket=30808  peer_BL=[]  my_BL=[]
[TX  ->  *] bucket=30808 L6 active=wlan0 ch10  BL=[]
[08:41:18] HOP bucket=30809 L6 active=wlan1 ch9  | prep wlan0 ch3  | BL=[]
[TX  ->  *] bucket=30809 L6 active=wlan1 ch9  BL=[]
[RX  <- B] bucket=30809  peer_BL=[]  my_BL=[]
[08:41:20] HOP bucket=30810 L6 active=wlan0 ch3  | prep wlan1 ch3  | BL=[]
[TX  ->  *] bucket=30810 L6 active=wlan0 ch3  BL=[]
[RX  <- B] bucket=30810  peer_BL=[]  my_BL=[]
[08:41:22] HOP bucket=30811 L6 active=wlan1 ch3  | prep wlan0 ch11  | BL=[]
[TX  ->  *] bucket=30811 L6 active=wlan1 ch3  BL=[]
[RX  <- B] bucket=30811  peer_BL=[]  my_BL=[]
[08:41:24] HOP bucket=30812 L6 active=wlan0 ch11  | prep wlan1 ch8  | BL=[]
[RX  <- B] bucket=30812  peer_BL=[]  my_BL=[]
[TX  ->  *] bucket=30812 L6 active=wlan0 ch11  BL=[]
[08:41:26] HOP bucket=30813 L6 active=wlan1 ch8  | prep wlan0 ch7  | BL=[]
[TX  ->  *] bucket=30813 L6 active=wlan1 ch8  BL=[]
[!! JAMMED  ] bucket=30813 L6 active=wlan1 ch8  silent + egress_drops=38  -> BL until bucket=30843  BL=['8']
[08:41:28] HOP bucket=30814 L6 active=wlan0 ch7  | prep wlan1 ch9  | BL=['8']
[TX  ->  *] bucket=30814 L6 active=wlan0 ch7  BL=['8']
[!! JAMMED  ] bucket=30814 L6 active=wlan0 ch7  silent + egress_drops=39  -> BL until bucket=30844  BL=['7', '8']
[08:41:30] HOP bucket=30815 L6 active=wlan1 ch9  | prep wlan0 ch9  | BL=['7', '8']
[TX  ->  *] bucket=30815 L6 active=wlan1 ch9  BL=['7', '8']
[RX  <- B] bucket=30815  peer_BL=['8', '7']  my_BL=['7', '8']
[08:41:32] HOP bucket=30816 L6 active=wlan0 ch9  | prep wlan1 ch10  | BL=['7', '8']
[TX  ->  *] bucket=30816 L6 active=wlan0 ch9  BL=['7', '8']
[RX  <- B] bucket=30816  peer_BL=['8', '7']  my_BL=['7', '8']
[08:41:34] HOP bucket=30817 L6 active=wlan1 ch10  | prep wlan0 ch4  | BL=['7', '8']
[RX  <- B] bucket=30817  peer_BL=['8', '7']  my_BL=['7', '8']
[TX  ->  *] bucket=30817 L6 active=wlan1 ch10  BL=['7', '8']
[08:41:36] HOP bucket=30818 L6 active=wlan0 ch4  | prep wlan1 ch4  | BL=['7', '8']
[RX  <- B] bucket=30818  peer_BL=['8', '7']  my_BL=['7', '8']
[TX  ->  *] bucket=30818 L6 active=wlan0 ch4  BL=['7', '8']
[08:41:38] HOP bucket=30819 L6 active=wlan1 ch4  | prep wlan0 ch3  | BL=['7', '8']
[RX  <- B] bucket=30819  peer_BL=['8', '7']  my_BL=['7', '8']
[TX  ->  *] bucket=30819 L6 active=wlan1 ch4  BL=['7', '8']
[08:41:40] HOP bucket=30820 L6 active=wlan0 ch3  | prep wlan1 ch5  | BL=['7', '8']
[RX  <- B] bucket=30820  peer_BL=['8', '7']  my_BL=['7', '8']
[TX  ->  *] bucket=30820 L6 active=wlan0 ch3  BL=['7', '8']
[08:41:42] HOP bucket=30821 L6 active=wlan1 ch5  | prep wlan0 ch6  | BL=['7', '8']
[TX  ->  *] bucket=30821 L6 active=wlan1 ch5  BL=['7', '8']
[!! JAMMED  ] bucket=30821 L6 active=wlan1 ch5  silent + egress_drops=38  -> BL until bucket=30851  BL=['5', '7', '8']
[08:41:44] HOP bucket=30822 L6 active=wlan0 ch6  | prep wlan1 ch9  | BL=['5', '7', '8']
[TX  ->  *] bucket=30822 L6 active=wlan0 ch6  BL=['5', '7', '8']
[RX  <- B] bucket=30822  peer_BL=['8', '7', '5']  my_BL=['5', '7', '8']
[08:41:46] HOP bucket=30823 L6 active=wlan1 ch9  | prep wlan0 ch9  | BL=['5', '7', '8']
[TX  ->  *] bucket=30823 L6 active=wlan1 ch9  BL=['5', '7', '8']
[RX  <- B] bucket=30823  peer_BL=['8', '7', '5']  my_BL=['5', '7', '8']
[08:41:48] HOP bucket=30824 L6 active=wlan0 ch9  | prep wlan1 ch11  | BL=['5', '7', '8']
[RX  <- B] bucket=30824  peer_BL=['8', '7', '5']  my_BL=['5', '7', '8']
[TX  ->  *] bucket=30824 L6 active=wlan0 ch9  BL=['5', '7', '8']
[08:41:50] HOP bucket=30825 L6 active=wlan1 ch11  | prep wlan0 ch9  | BL=['5', '7', '8']
[TX  ->  *] bucket=30825 L6 active=wlan1 ch11  BL=['5', '7', '8']
[RX  <- B] bucket=30825  peer_BL=['8', '7', '5']  my_BL=['5', '7', '8']
[08:41:52] HOP bucket=30826 L6 active=wlan0 ch9  | prep wlan1 ch9  | BL=['5', '7', '8']
[TX  ->  *] bucket=30826 L6 active=wlan0 ch9  BL=['5', '7', '8']
[RX  <- B] bucket=30826  peer_BL=['8', '7', '5']  my_BL=['5', '7', '8']
[08:41:54] HOP bucket=30827 L6 active=wlan1 ch9  | prep wlan0 ch10  | BL=['5', '7', '8']
[TX  ->  *] bucket=30827 L6 active=wlan1 ch9  BL=['5', '7', '8']
[RX  <- B] bucket=30827  peer_BL=['8', '7', '5']  my_BL=['5', '7', '8']
[08:41:56] HOP bucket=30828 L6 active=wlan0 ch10  | prep wlan1 ch10  | BL=['5', '7', '8']
[RX  <- B] bucket=30828  peer_BL=['8', '7', '5']  my_BL=['5', '7', '8']
[TX  ->  *] bucket=30828 L6 active=wlan0 ch10  BL=['5', '7', '8']
[08:41:58] HOP bucket=30829 L6 active=wlan1 ch10  | prep wlan0 ch9  | BL=['5', '7', '8']
[RX  <- B] bucket=30829  peer_BL=['8', '7', '5']  my_BL=['5', '7', '8']
[TX  ->  *] bucket=30829 L6 active=wlan1 ch10  BL=['5', '7', '8']
[08:42:00] HOP bucket=30830 L6 active=wlan0 ch9  | prep wlan1 ch6  | BL=['5', '7', '8']
[TX  ->  *] bucket=30830 L6 active=wlan0 ch9  BL=['5', '7', '8']
[RX  <- B] bucket=30830  peer_BL=['8', '7', '5']  my_BL=['5', '7', '8']
[08:42:02] HOP bucket=30831 L6 active=wlan1 ch6  | prep wlan0 ch11  | BL=['5', '7', '8']
[RX  <- B] bucket=30831  peer_BL=['8', '7', '5']  my_BL=['5', '7', '8']
[TX  ->  *] bucket=30831 L6 active=wlan1 ch6  BL=['5', '7', '8']
[08:42:04] HOP bucket=30832 L6 active=wlan0 ch11  | prep wlan1 ch9  | BL=['5', '7', '8']
[TX  ->  *] bucket=30832 L6 active=wlan0 ch11  BL=['5', '7', '8']
[RX  <- B] bucket=30832  peer_BL=['8', '7', '5']  my_BL=['5', '7', '8']
[08:42:06] HOP bucket=30833 L6 active=wlan1 ch9  | prep wlan0 ch11  | BL=['5', '7', '8']
[RX  <- B] bucket=30833  peer_BL=['8', '7', '5']  my_BL=['5', '7', '8']
[TX  ->  *] bucket=30833 L6 active=wlan1 ch9  BL=['5', '7', '8']
[08:42:08] HOP bucket=30834 L6 active=wlan0 ch11  | prep wlan1 ch6  | BL=['5', '7', '8']
[TX  ->  *] bucket=30834 L6 active=wlan0 ch11  BL=['5', '7', '8']
[RX  <- B] bucket=30834  peer_BL=['8', '7', '5']  my_BL=['5', '7', '8']
[08:42:10] HOP bucket=30835 L6 active=wlan1 ch6  | prep wlan0 ch10  | BL=['5', '7', '8']
[TX  ->  *] bucket=30835 L6 active=wlan1 ch6  BL=['5', '7', '8']
[RX  <- B] bucket=30835  peer_BL=['8', '7', '5']  my_BL=['5', '7', '8']
[08:42:12] HOP bucket=30836 L6 active=wlan0 ch10  | prep wlan1 ch10  | BL=['5', '7', '8']
[TX  ->  *] bucket=30836 L6 active=wlan0 ch10  BL=['5', '7', '8']
[RX  <- B] bucket=30836  peer_BL=['8', '7', '5']  my_BL=['5', '7', '8']
[08:42:14] HOP bucket=30837 L6 active=wlan1 ch10  | prep wlan0 ch9  | BL=['5', '7', '8']
[TX  ->  *] bucket=30837 L6 active=wlan1 ch10  BL=['5', '7', '8']
[RX  <- B] bucket=30837  peer_BL=['8', '7', '5']  my_BL=['5', '7', '8']
[08:42:16] HOP bucket=30838 L6 active=wlan0 ch9  | prep wlan1 ch9  | BL=['5', '7', '8']
[TX  ->  *] bucket=30838 L6 active=wlan0 ch9  BL=['5', '7', '8']
[RX  <- B] bucket=30838  peer_BL=['8', '7', '5']  my_BL=['5', '7', '8']
[08:42:18] HOP bucket=30839 L6 active=wlan1 ch9  | prep wlan0 ch3  | BL=['5', '7', '8']
[RX  <- B] bucket=30839  peer_BL=['8', '7', '5']  my_BL=['5', '7', '8']
[TX  ->  *] bucket=30839 L6 active=wlan1 ch9  BL=['5', '7', '8']
[08:42:20] HOP bucket=30840 L6 active=wlan0 ch3  | prep wlan1 ch6  | BL=['5', '7', '8']
[TX  ->  *] bucket=30840 L6 active=wlan0 ch3  BL=['5', '7', '8']
[RX  <- B] bucket=30840  peer_BL=['8', '7', '5']  my_BL=['5', '7', '8']
[08:42:22] HOP bucket=30841 L6 active=wlan1 ch6  | prep wlan0 ch3  | BL=['5', '7', '8']
[TX  ->  *] bucket=30841 L6 active=wlan1 ch6  BL=['5', '7', '8']
[?? SOFT    ] bucket=30841 L6 active=wlan1 ch6  silent across 35 frames but egress_drops=0  (no tc evidence)
[08:42:24] HOP bucket=30842 L6 active=wlan0 ch3  | prep wlan1 ch10  | BL=['5', '7', '8']
[TX  ->  *] bucket=30842 L6 active=wlan0 ch3  BL=['5', '7', '8']
[RX  <- B] bucket=30842  peer_BL=['8', '7', '5', '6']  my_BL=['5', '6', '7', '8']
[<= MERGED  ] ch6 from peer's confirmed -> expires bucket=886261901
[08:42:26] HOP bucket=30843 L6 active=wlan1 ch10  | prep wlan0 ch11  | BL=['5', '6', '7']
[TX  ->  *] bucket=30843 L6 active=wlan1 ch10  BL=['5', '6', '7']
[RX  <- B] bucket=30843  peer_BL=['7', '5', '6']  my_BL=['5', '6', '7']
[08:42:28] HOP bucket=30844 L6 active=wlan0 ch11  | prep wlan1 ch8  | BL=['5', '6']
[RX  <- B] bucket=30844  peer_BL=['5', '6']  my_BL=['5', '6']
[TX  ->  *] bucket=30844 L6 active=wlan0 ch11  BL=['5', '6']
[08:42:30] HOP bucket=30845 L6 active=wlan1 ch8  | prep wlan0 ch4  | BL=['5', '6']
[TX  ->  *] bucket=30845 L6 active=wlan1 ch8  BL=['5', '6']
[!! JAMMED  ] bucket=30845 L6 active=wlan1 ch8  silent + egress_drops=38  -> BL until bucket=30875  BL=['5', '6', '8']
[08:42:32] HOP bucket=30846 L6 active=wlan0 ch4  | prep wlan1 ch9  | BL=['5', '6', '8']
[RX  <- B] bucket=30846  peer_BL=['5', '6']  my_BL=['5', '6', '8']
[TX  ->  *] bucket=30846 L6 active=wlan0 ch4  BL=['5', '6', '8']
[08:42:34] HOP bucket=30847 L6 active=wlan1 ch9  | prep wlan0 ch9  | BL=['5', '6', '8']
[TX  ->  *] bucket=30847 L6 active=wlan1 ch9  BL=['5', '6', '8']
[?? SOFT    ] bucket=30847 L6 active=wlan1 ch9  silent across 35 frames but egress_drops=0  (no tc evidence)
[08:42:36] HOP bucket=30848 L6 active=wlan0 ch9  | prep wlan1 ch10  | BL=['5', '6', '8']
[TX  ->  *] bucket=30848 L6 active=wlan0 ch9  BL=['5', '6', '8']
[?? SOFT    ] bucket=30848 L6 active=wlan0 ch9  silent across 35 frames but egress_drops=0  (no tc evidence)
[08:42:38] HOP bucket=30849 L6 active=wlan1 ch10  | prep wlan0 ch11  | BL=['5', '6', '8']
[TX  ->  *] bucket=30849 L6 active=wlan1 ch10  BL=['5', '6', '8']
[RX  <- B] bucket=30849  peer_BL=['5', '6', '8', '9']  my_BL=['5', '6', '8', '9']
[<= MERGED  ] ch9 from peer's confirmed -> expires bucket=886261907
[08:42:40] HOP bucket=30850 L6 active=wlan0 ch11  | prep wlan1 ch10  | BL=['5', '6', '8', '9']
[TX  ->  *] bucket=30850 L6 active=wlan0 ch11  BL=['5', '6', '8', '9']
[RX  <- B] bucket=30850  peer_BL=['5', '6', '8', '9']  my_BL=['5', '6', '8', '9']
[08:42:42] HOP bucket=30851 L6 active=wlan1 ch10  | prep wlan0 ch11  | BL=['6', '8', '9']
[TX  ->  *] bucket=30851 L6 active=wlan1 ch10  BL=['6', '8', '9']
[RX  <- B] bucket=30851  peer_BL=['6', '8', '9']  my_BL=['6', '8', '9']
[08:42:44] HOP bucket=30852 L6 active=wlan0 ch11  | prep wlan1 ch7  | BL=['6', '8', '9']
[RX  <- B] bucket=30852  peer_BL=['6', '8', '9']  my_BL=['6', '8', '9']
[TX  ->  *] bucket=30852 L6 active=wlan0 ch11  BL=['6', '8', '9']
[08:42:46] HOP bucket=30853 L6 active=wlan1 ch7  | prep wlan0 ch11  | BL=['6', '8', '9']
[TX  ->  *] bucket=30853 L6 active=wlan1 ch7  BL=['6', '8', '9']
[!! JAMMED  ] bucket=30853 L6 active=wlan1 ch7  silent + egress_drops=38  -> BL until bucket=30883  BL=['6', '7', '8', '9']
[08:42:48] HOP bucket=30854 L6 active=wlan0 ch11  | prep wlan1 ch5  | BL=['6', '7', '8', '9']
[RX  <- B] bucket=30854  peer_BL=['6', '8', '9', '7']  my_BL=['6', '7', '8', '9']
[TX  ->  *] bucket=30854 L6 active=wlan0 ch11  BL=['6', '7', '8', '9']
[08:42:50] HOP bucket=30855 L6 active=wlan1 ch5  | prep wlan0 ch10  | BL=['6', '7', '8', '9']
[TX  ->  *] bucket=30855 L6 active=wlan1 ch5  BL=['6', '7', '8', '9']
[!! JAMMED  ] bucket=30855 L6 active=wlan1 ch5  silent + egress_drops=38  -> BL until bucket=30885  BL=['5', '6', '7', '8', '9']
[08:42:52] HOP bucket=30856 L6 active=wlan0 ch10  | prep wlan1 ch10  | BL=['5', '6', '7', '8', '9']
[RX  <- B] bucket=30856  peer_BL=['6', '8', '9', '7']  my_BL=['5', '6', '7', '8', '9']
[TX  ->  *] bucket=30856 L6 active=wlan0 ch10  BL=['5', '6', '7', '8', '9']
[08:42:54] HOP bucket=30857 L6 active=wlan1 ch10  | prep wlan0 ch4  | BL=['5', '6', '7', '8', '9']
[RX  <- B] bucket=30857  peer_BL=['6', '8', '9', '7', '5']  my_BL=['5', '6', '7', '8', '9']
[TX  ->  *] bucket=30857 L6 active=wlan1 ch10  BL=['5', '6', '7', '8', '9']
[08:42:56] HOP bucket=30858 L6 active=wlan0 ch4  | prep wlan1 ch10  | BL=['5', '6', '7', '8', '9']
[RX  <- B] bucket=30858  peer_BL=['6', '8', '9', '7', '5']  my_BL=['5', '6', '7', '8', '9']
[TX  ->  *] bucket=30858 L6 active=wlan0 ch4  BL=['5', '6', '7', '8', '9']
[08:42:58] HOP bucket=30859 L6 active=wlan1 ch10  | prep wlan0 ch3  | BL=['5', '6', '7', '8', '9']
[TX  ->  *] bucket=30859 L6 active=wlan1 ch10  BL=['5', '6', '7', '8', '9']
[RX  <- B] bucket=30859  peer_BL=['6', '8', '9', '7', '5']  my_BL=['5', '6', '7', '8', '9']
[08:43:00] HOP bucket=30860 L6 active=wlan0 ch3  | prep wlan1 ch10  | BL=['5', '6', '7', '8', '9']
[RX  <- B] bucket=30860  peer_BL=['6', '8', '9', '7', '5']  my_BL=['5', '6', '7', '8', '9']
[TX  ->  *] bucket=30860 L6 active=wlan0 ch3  BL=['5', '6', '7', '8', '9']
[08:43:02] HOP bucket=30861 L6 active=wlan1 ch10  | prep wlan0 ch10  | BL=['5', '6', '7', '8', '9']
[RX  <- B] bucket=30861  peer_BL=['6', '8', '9', '7', '5']  my_BL=['5', '6', '7', '8', '9']
[TX  ->  *] bucket=30861 L6 active=wlan1 ch10  BL=['5', '6', '7', '8', '9']
[08:43:04] HOP bucket=30862 L6 active=wlan0 ch10  | prep wlan1 ch10  | BL=['5', '6', '7', '8', '9']
[TX  ->  *] bucket=30862 L6 active=wlan0 ch10  BL=['5', '6', '7', '8', '9']
[RX  <- B] bucket=30862  peer_BL=['6', '8', '9', '7', '5']  my_BL=['5', '6', '7', '8', '9']
[08:43:06] HOP bucket=30863 L6 active=wlan1 ch10  | prep wlan0 ch10  | BL=['5', '6', '7', '8', '9']
[RX  <- B] bucket=30863  peer_BL=['6', '8', '9', '7', '5']  my_BL=['5', '6', '7', '8', '9']
[TX  ->  *] bucket=30863 L6 active=wlan1 ch10  BL=['5', '6', '7', '8', '9']
[08:43:08] HOP bucket=30864 L6 active=wlan0 ch10  | prep wlan1 ch3  | BL=['5', '6', '7', '8', '9']
[TX  ->  *] bucket=30864 L6 active=wlan0 ch10  BL=['5', '6', '7', '8', '9']
[RX  <- B] bucket=30864  peer_BL=['6', '8', '9', '7', '5']  my_BL=['5', '6', '7', '8', '9']
[08:43:10] HOP bucket=30865 L6 active=wlan1 ch3  | prep wlan0 ch10  | BL=['5', '6', '7', '8', '9']
[RX  <- B] bucket=30865  peer_BL=['6', '8', '9', '7', '5']  my_BL=['5', '6', '7', '8', '9']
[TX  ->  *] bucket=30865 L6 active=wlan1 ch3  BL=['5', '6', '7', '8', '9']
[08:43:12] HOP bucket=30866 L6 active=wlan0 ch10  | prep wlan1 ch10  | BL=['5', '6', '7', '8', '9']
[RX  <- B] bucket=30866  peer_BL=['6', '8', '9', '7', '5']  my_BL=['5', '6', '7', '8', '9']
[TX  ->  *] bucket=30866 L6 active=wlan0 ch10  BL=['5', '6', '7', '8', '9']
[08:43:14] HOP bucket=30867 L6 active=wlan1 ch10  | prep wlan0 ch10  | BL=['5', '6', '7', '8', '9']
[TX  ->  *] bucket=30867 L6 active=wlan1 ch10  BL=['5', '6', '7', '8', '9']
[RX  <- B] bucket=30867  peer_BL=['6', '8', '9', '7', '5']  my_BL=['5', '6', '7', '8', '9']
[08:43:16] HOP bucket=30868 L6 active=wlan0 ch10  | prep wlan1 ch10  | BL=['5', '6', '7', '8', '9']
[RX  <- B] bucket=30868  peer_BL=['6', '8', '9', '7', '5']  my_BL=['5', '6', '7', '8', '9']
[TX  ->  *] bucket=30868 L6 active=wlan0 ch10  BL=['5', '6', '7', '8', '9']
[08:43:18] HOP bucket=30869 L6 active=wlan1 ch10  | prep wlan0 ch11  | BL=['5', '6', '7', '8', '9']
[RX  <- B] bucket=30869  peer_BL=['6', '8', '9', '7', '5']  my_BL=['5', '6', '7', '8', '9']
[TX  ->  *] bucket=30869 L6 active=wlan1 ch10  BL=['5', '6', '7', '8', '9']
[08:43:20] HOP bucket=30870 L6 active=wlan0 ch11  | prep wlan1 ch10  | BL=['5', '6', '7', '8', '9']
[RX  <- B] bucket=30870  peer_BL=['6', '8', '9', '7', '5']  my_BL=['5', '6', '7', '8', '9']
[TX  ->  *] bucket=30870 L6 active=wlan0 ch11  BL=['5', '6', '7', '8', '9']
[08:43:22] HOP bucket=30871 L6 active=wlan1 ch10  (LAG: totp_says=ch6, physical=ch10)  | prep wlan0 ch3  | BL=['5', '7', '8', '9']
[TX  ->  *] bucket=30871 L6 active=wlan1 ch10  BL=['5', '7', '8', '9']
[RX  <- B] bucket=30871  peer_BL=['8', '9', '7', '5']  my_BL=['5', '7', '8', '9']
[08:43:24] HOP bucket=30872 L6 active=wlan0 ch3  | prep wlan1 ch6  | BL=['5', '7', '8', '9']
[RX  <- B] bucket=30872  peer_BL=['8', '9', '7', '5']  my_BL=['5', '7', '8', '9']
[TX  ->  *] bucket=30872 L6 active=wlan0 ch3  BL=['5', '7', '8', '9']
[08:43:26] HOP bucket=30873 L6 active=wlan1 ch6  | prep wlan0 ch10  | BL=['5', '7', '8', '9']
[RX  <- B] bucket=30873  peer_BL=['8', '9', '7', '5']  my_BL=['5', '7', '8', '9']
[TX  ->  *] bucket=30873 L6 active=wlan1 ch6  BL=['5', '7', '8', '9']
[08:43:28] HOP bucket=30874 L6 active=wlan0 ch10  | prep wlan1 ch6  | BL=['5', '7', '8', '9']
[RX  <- B] bucket=30874  peer_BL=['8', '9', '7', '5']  my_BL=['5', '7', '8', '9']
[TX  ->  *] bucket=30874 L6 active=wlan0 ch10  BL=['5', '7', '8', '9']
[08:43:30] HOP bucket=30875 L6 active=wlan1 ch6  | prep wlan0 ch10  | BL=['5', '7', '9']
[TX  ->  *] bucket=30875 L6 active=wlan1 ch6  BL=['5', '7', '9']
[RX  <- B] bucket=30875  peer_BL=['9', '7', '5']  my_BL=['5', '7', '9']
[08:43:32] HOP bucket=30876 L6 active=wlan0 ch10  | prep wlan1 ch4  | BL=['5', '7', '9']
[RX  <- B] bucket=30876  peer_BL=['9', '7', '5']  my_BL=['5', '7', '9']
[TX  ->  *] bucket=30876 L6 active=wlan0 ch10  BL=['5', '7', '9']
[08:43:34] HOP bucket=30877 L6 active=wlan1 ch4  | prep wlan0 ch10  | BL=['5', '7']
[TX  ->  *] bucket=30877 L6 active=wlan1 ch4  BL=['5', '7']
[RX  <- B] bucket=30877  peer_BL=['7', '5']  my_BL=['5', '7']
[08:43:36] HOP bucket=30878 L6 active=wlan0 ch10  | prep wlan1 ch4  | BL=['5', '7']
[TX  ->  *] bucket=30878 L6 active=wlan0 ch10  BL=['5', '7']
[RX  <- B] bucket=30878  peer_BL=['7', '5']  my_BL=['5', '7']
[08:43:38] HOP bucket=30879 L6 active=wlan1 ch4  | prep wlan0 ch4  | BL=['5', '7']
[TX  ->  *] bucket=30879 L6 active=wlan1 ch4  BL=['5', '7']
[RX  <- B] bucket=30879  peer_BL=['7', '5']  my_BL=['5', '7']
[08:43:40] HOP bucket=30880 L6 active=wlan0 ch4  | prep wlan1 ch6  | BL=['5', '7']
[RX  <- B] bucket=30880  peer_BL=['7', '5']  my_BL=['5', '7']
[TX  ->  *] bucket=30880 L6 active=wlan0 ch4  BL=['5', '7']
[08:43:42] HOP bucket=30881 L6 active=wlan1 ch6  | prep wlan0 ch3  | BL=['5', '7']
[RX  <- B] bucket=30881  peer_BL=['7', '5']  my_BL=['5', '7']
[TX  ->  *] bucket=30881 L6 active=wlan1 ch6  BL=['5', '7']
[08:43:44] HOP bucket=30882 L6 active=wlan0 ch3  | prep wlan1 ch3  | BL=['5', '7']
[RX  <- B] bucket=30882  peer_BL=['7', '5']  my_BL=['5', '7']
[TX  ->  *] bucket=30882 L6 active=wlan0 ch3  BL=['5', '7']
[08:43:46] HOP bucket=30883 L6 active=wlan1 ch3  | prep wlan0 ch4  | BL=['5']
[RX  <- B] bucket=30883  peer_BL=['5']  my_BL=['5']
[TX  ->  *] bucket=30883 L6 active=wlan1 ch3  BL=['5']
[08:43:48] HOP bucket=30884 L6 active=wlan0 ch4  | prep wlan1 ch6  | BL=['5']
[TX  ->  *] bucket=30884 L6 active=wlan0 ch4  BL=['5']
[RX  <- B] bucket=30884  peer_BL=['5']  my_BL=['5']
[08:43:50] HOP bucket=30885 L6 active=wlan1 ch6  | prep wlan0 ch4  | BL=[]
[TX  ->  *] bucket=30885 L6 active=wlan1 ch6  BL=[]
[RX  <- B] bucket=30885  peer_BL=[]  my_BL=[]
[08:43:52] HOP bucket=30886 L6 active=wlan0 ch4  | prep wlan1 ch11  | BL=[]
[RX  <- B] bucket=30886  peer_BL=[]  my_BL=[]
[TX  ->  *] bucket=30886 L6 active=wlan0 ch4  BL=[]
[08:43:54] HOP bucket=30887 L6 active=wlan1 ch11  | prep wlan0 ch5  | BL=[]
[TX  ->  *] bucket=30887 L6 active=wlan1 ch11  BL=[]
[RX  <- B] bucket=30887  peer_BL=[]  my_BL=[]
[08:43:56] HOP bucket=30888 L6 active=wlan0 ch5  | prep wlan1 ch3  | BL=[]
[TX  ->  *] bucket=30888 L6 active=wlan0 ch5  BL=[]
[RX  <- B] bucket=30888  peer_BL=[]  my_BL=[]
[08:43:58] HOP bucket=30889 L6 active=wlan1 ch3  | prep wlan0 ch10  | BL=[]
[TX  ->  *] bucket=30889 L6 active=wlan1 ch3  BL=[]
[RX  <- B] bucket=30889  peer_BL=[]  my_BL=[]
[08:44:00] HOP bucket=30890 L6 active=wlan0 ch10  | prep wlan1 ch6  | BL=[]
[TX  ->  *] bucket=30890 L6 active=wlan0 ch10  BL=[]
[RX  <- B] bucket=30890  peer_BL=[]  my_BL=[]
[08:44:02] HOP bucket=30891 L6 active=wlan1 ch6  | prep wlan0 ch3  | BL=[]
[RX  <- B] bucket=30891  peer_BL=[]  my_BL=[]
[TX  ->  *] bucket=30891 L6 active=wlan1 ch6  BL=[]
[08:44:04] HOP bucket=30892 L6 active=wlan0 ch3  | prep wlan1 ch3  | BL=[]
[TX  ->  *] bucket=30892 L6 active=wlan0 ch3  BL=[]
[RX  <- B] bucket=30892  peer_BL=[]  my_BL=[]
[08:44:06] HOP bucket=30893 L6 active=wlan1 ch3  | prep wlan0 ch9  | BL=[]
[TX  ->  *] bucket=30893 L6 active=wlan1 ch3  BL=[]
[RX  <- B] bucket=30893  peer_BL=[]  my_BL=[]
[08:44:08] HOP bucket=30894 L6 active=wlan0 ch9  | prep wlan1 ch7  | BL=[]
[RX  <- B] bucket=30894  peer_BL=[]  my_BL=[]
[TX  ->  *] bucket=30894 L6 active=wlan0 ch9  BL=[]
[08:44:10] HOP bucket=30895 L6 active=wlan1 ch7  | prep wlan0 ch4  | BL=[]
[TX  ->  *] bucket=30895 L6 active=wlan1 ch7  BL=[]
[RX  <- B] bucket=30895  peer_BL=[]  my_BL=[]
[08:44:12] HOP bucket=30896 L6 active=wlan0 ch4  | prep wlan1 ch9  | BL=[]
[RX  <- B] bucket=30896  peer_BL=[]  my_BL=[]
[TX  ->  *] bucket=30896 L6 active=wlan0 ch4  BL=[]
[08:44:14] HOP bucket=30897 L6 active=wlan1 ch9  | prep wlan0 ch5  | BL=[]
[TX  ->  *] bucket=30897 L6 active=wlan1 ch9  BL=[]
[RX  <- B] bucket=30897  peer_BL=[]  my_BL=[]
[08:44:16] HOP bucket=30898 L6 active=wlan0 ch5  | prep wlan1 ch11  | BL=[]
[TX  ->  *] bucket=30898 L6 active=wlan0 ch5  BL=[]
[RX  <- B] bucket=30898  peer_BL=[]  my_BL=[]
[08:44:18] HOP bucket=30899 L6 active=wlan1 ch11  | prep wlan0 ch9  | BL=[]
[TX  ->  *] bucket=30899 L6 active=wlan1 ch11  BL=[]
[RX  <- B] bucket=30899  peer_BL=[]  my_BL=[]
[08:44:20] HOP bucket=30900 L6 active=wlan0 ch9  | prep wlan1 ch7  | BL=[]
[TX  ->  *] bucket=30900 L6 active=wlan0 ch9  BL=[]
[RX  <- B] bucket=30900  peer_BL=[]  my_BL=[]
[08:44:22] HOP bucket=30901 L6 active=wlan1 ch7  | prep wlan0 ch7  | BL=[]
[RX  <- B] bucket=30901  peer_BL=[]  my_BL=[]
[TX  ->  *] bucket=30901 L6 active=wlan1 ch7  BL=[]
[08:44:24] HOP bucket=30902 L6 active=wlan0 ch7  | prep wlan1 ch9  | BL=[]
[TX  ->  *] bucket=30902 L6 active=wlan0 ch7  BL=[]
[RX  <- B] bucket=30902  peer_BL=[]  my_BL=[]
[08:44:26] HOP bucket=30903 L6 active=wlan1 ch9  | prep wlan0 ch3  | BL=[]
[TX  ->  *] bucket=30903 L6 active=wlan1 ch9  BL=[]
[RX  <- B] bucket=30903  peer_BL=[]  my_BL=[]
[08:44:28] HOP bucket=30904 L6 active=wlan0 ch3  | prep wlan1 ch6  | BL=[]
[TX  ->  *] bucket=30904 L6 active=wlan0 ch3  BL=[]
[!! JAMMED  ] bucket=30904 L6 active=wlan0 ch3  silent + egress_drops=38  -> BL until bucket=30934  BL=['3']
[08:44:30] HOP bucket=30905 L6 active=wlan1 ch6  | prep wlan0 ch9  | BL=['3']
[TX  ->  *] bucket=30905 L6 active=wlan1 ch6  BL=['3']
[RX  <- B] bucket=30905  peer_BL=['3']  my_BL=['3']
[08:44:32] HOP bucket=30906 L6 active=wlan0 ch9  | prep wlan1 ch4  | BL=['3']
[RX  <- B] bucket=30906  peer_BL=['3']  my_BL=['3']
[TX  ->  *] bucket=30906 L6 active=wlan0 ch9  BL=['3']
[08:44:34] HOP bucket=30907 L6 active=wlan1 ch4  | prep wlan0 ch11  | BL=['3']
[TX  ->  *] bucket=30907 L6 active=wlan1 ch4  BL=['3']
[RX  <- B] bucket=30907  peer_BL=['3']  my_BL=['3']
[08:44:36] HOP bucket=30908 L6 active=wlan0 ch11  | prep wlan1 ch8  | BL=['3']
[TX  ->  *] bucket=30908 L6 active=wlan0 ch11  BL=['3']
[RX  <- B] bucket=30908  peer_BL=['3']  my_BL=['3']
[08:44:38] HOP bucket=30909 L6 active=wlan1 ch8  | prep wlan0 ch7  | BL=['3']
[TX  ->  *] bucket=30909 L6 active=wlan1 ch8  BL=['3']
[RX  <- B] bucket=30909  peer_BL=['3']  my_BL=['3']
[08:44:40] HOP bucket=30910 L6 active=wlan0 ch7  | prep wlan1 ch7  | BL=['3']
[TX  ->  *] bucket=30910 L6 active=wlan0 ch7  BL=['3']
[RX  <- B] bucket=30910  peer_BL=['3']  my_BL=['3']
[08:44:42] HOP bucket=30911 L6 active=wlan1 ch7  | prep wlan0 ch9  | BL=['3']
[TX  ->  *] bucket=30911 L6 active=wlan1 ch7  BL=['3']
[RX  <- B] bucket=30911  peer_BL=['3']  my_BL=['3']
[08:44:44] HOP bucket=30912 L6 active=wlan0 ch9  | prep wlan1 ch6  | BL=['3']
[TX  ->  *] bucket=30912 L6 active=wlan0 ch9  BL=['3']
[RX  <- B] bucket=30912  peer_BL=['3']  my_BL=['3']
[08:44:46] HOP bucket=30913 L6 active=wlan1 ch6  | prep wlan0 ch6  | BL=['3']
[TX  ->  *] bucket=30913 L6 active=wlan1 ch6  BL=['3']
[RX  <- B] bucket=30913  peer_BL=['3']  my_BL=['3']
[08:44:48] HOP bucket=30914 L6 active=wlan0 ch6  | prep wlan1 ch10  | BL=['3']
[TX  ->  *] bucket=30914 L6 active=wlan0 ch6  BL=['3']
[RX  <- B] bucket=30914  peer_BL=['3']  my_BL=['3']
[08:44:50] HOP bucket=30915 L6 active=wlan1 ch10  | prep wlan0 ch9  | BL=['3']
[TX  ->  *] bucket=30915 L6 active=wlan1 ch10  BL=['3']
[RX  <- B] bucket=30915  peer_BL=['3']  my_BL=['3']
[08:44:52] HOP bucket=30916 L6 active=wlan0 ch9  | prep wlan1 ch10  | BL=['3']
[TX  ->  *] bucket=30916 L6 active=wlan0 ch9  BL=['3']
[RX  <- B] bucket=30916  peer_BL=['3']  my_BL=['3']
[08:44:54] HOP bucket=30917 L6 active=wlan1 ch10  | prep wlan0 ch10  | BL=['3']
[TX  ->  *] bucket=30917 L6 active=wlan1 ch10  BL=['3']
[RX  <- B] bucket=30917  peer_BL=['3']  my_BL=['3']
[08:44:56] HOP bucket=30918 L6 active=wlan0 ch10  | prep wlan1 ch10  | BL=['3']
[TX  ->  *] bucket=30918 L6 active=wlan0 ch10  BL=['3']
[RX  <- B] bucket=30918  peer_BL=['3']  my_BL=['3']
[08:44:58] HOP bucket=30919 L6 active=wlan1 ch10  | prep wlan0 ch4  | BL=['3']
[TX  ->  *] bucket=30919 L6 active=wlan1 ch10  BL=['3']
[RX  <- B] bucket=30919  peer_BL=['3']  my_BL=['3']
[08:45:00] HOP bucket=30920 L6 active=wlan0 ch4  | prep wlan1 ch4  | BL=['3']
[RX  <- B] bucket=30920  peer_BL=['3']  my_BL=['3']
[TX  ->  *] bucket=30920 L6 active=wlan0 ch4  BL=['3']
[08:45:02] HOP bucket=30921 L6 active=wlan1 ch4  | prep wlan0 ch6  | BL=['3']
[TX  ->  *] bucket=30921 L6 active=wlan1 ch4  BL=['3']
[RX  <- B] bucket=30921  peer_BL=['3']  my_BL=['3']
[08:45:04] HOP bucket=30922 L6 active=wlan0 ch6  | prep wlan1 ch7  | BL=['3']
[TX  ->  *] bucket=30922 L6 active=wlan0 ch6  BL=['3']
[RX  <- B] bucket=30922  peer_BL=['3']  my_BL=['3']
[08:45:06] HOP bucket=30923 L6 active=wlan1 ch7  | prep wlan0 ch4  | BL=['3']
[TX  ->  *] bucket=30923 L6 active=wlan1 ch7  BL=['3']
[RX  <- B] bucket=30923  peer_BL=['3']  my_BL=['3']
[08:45:08] HOP bucket=30924 L6 active=wlan0 ch4  | prep wlan1 ch11  | BL=['3']
[TX  ->  *] bucket=30924 L6 active=wlan0 ch4  BL=['3']
[RX  <- B] bucket=30924  peer_BL=['3']  my_BL=['3']
[08:45:10] HOP bucket=30925 L6 active=wlan1 ch11  | prep wlan0 ch5  | BL=['3']
[TX  ->  *] bucket=30925 L6 active=wlan1 ch11  BL=['3']
[RX  <- B] bucket=30925  peer_BL=['3']  my_BL=['3']
[08:45:12] HOP bucket=30926 L6 active=wlan0 ch5  | prep wlan1 ch5  | BL=['3']
[TX  ->  *] bucket=30926 L6 active=wlan0 ch5  BL=['3']
[RX  <- B] bucket=30926  peer_BL=['3']  my_BL=['3']
[08:45:14] HOP bucket=30927 L6 active=wlan1 ch5  | prep wlan0 ch7  | BL=['3']
[RX  <- B] bucket=30927  peer_BL=['3']  my_BL=['3']
[TX  ->  *] bucket=30927 L6 active=wlan1 ch5  BL=['3']
[08:45:16] HOP bucket=30928 L6 active=wlan0 ch7  | prep wlan1 ch9  | BL=['3']
[TX  ->  *] bucket=30928 L6 active=wlan0 ch7  BL=['3']
[RX  <- B] bucket=30928  peer_BL=['3']  my_BL=['3']
[08:45:18] HOP bucket=30929 L6 active=wlan1 ch9  | prep wlan0 ch9  | BL=['3']
[TX  ->  *] bucket=30929 L6 active=wlan1 ch9  BL=['3']
[RX  <- B] bucket=30929  peer_BL=['3']  my_BL=['3']
[08:45:20] HOP bucket=30930 L6 active=wlan0 ch9  | prep wlan1 ch5  | BL=['3']
[TX  ->  *] bucket=30930 L6 active=wlan0 ch9  BL=['3']
[RX  <- B] bucket=30930  peer_BL=['3']  my_BL=['3']
[08:45:22] HOP bucket=30931 L6 active=wlan1 ch5  | prep wlan0 ch5  | BL=['3']
[TX  ->  *] bucket=30931 L6 active=wlan1 ch5  BL=['3']
[?? SOFT    ] bucket=30931 L6 active=wlan1 ch5  silent across 35 frames but egress_drops=0  (no tc evidence)
[08:45:24] HOP bucket=30932 L6 active=wlan0 ch5  | prep wlan1 ch5  | BL=['3']
[TX  ->  *] bucket=30932 L6 active=wlan0 ch5  BL=['3']
[?? SOFT    ] bucket=30932 L6 active=wlan0 ch5  silent across 35 frames but egress_drops=0  (no tc evidence)
[08:45:26] HOP bucket=30933 L6 active=wlan1 ch5  | prep wlan0 ch11  | BL=['3']
[RX  <- B] bucket=30933  peer_BL=['3', '5']  my_BL=['3', '5']
[<= MERGED  ] ch5 from peer's confirmed -> expires bucket=886261991
[TX  ->  *] bucket=30933 L6 active=wlan1 ch5  BL=['3', '5']
[08:45:28] HOP bucket=30934 L6 active=wlan0 ch11  | prep wlan1 ch7  | BL=['5']
[RX  <- B] bucket=30934  peer_BL=['5']  my_BL=['5']
[TX  ->  *] bucket=30934 L6 active=wlan0 ch11  BL=['5']
[08:45:30] HOP bucket=30935 L6 active=wlan1 ch7  | prep wlan0 ch3  | BL=['5']
[TX  ->  *] bucket=30935 L6 active=wlan1 ch7  BL=['5']
[RX  <- B] bucket=30935  peer_BL=['5']  my_BL=['5']
[08:45:32] HOP bucket=30936 L6 active=wlan0 ch3  | prep wlan1 ch8  | BL=['5']
[TX  ->  *] bucket=30936 L6 active=wlan0 ch3  BL=['5']
[!! JAMMED  ] bucket=30936 L6 active=wlan0 ch3  silent + egress_drops=39  -> BL until bucket=30966  BL=['3', '5']
[08:45:34] HOP bucket=30937 L6 active=wlan1 ch8  | prep wlan0 ch9  | BL=['3', '5']
[RX  <- B] bucket=30937  peer_BL=['5', '3']  my_BL=['3', '5']
[TX  ->  *] bucket=30937 L6 active=wlan1 ch8  BL=['3', '5']
[08:45:36] HOP bucket=30938 L6 active=wlan0 ch9  | prep wlan1 ch10  | BL=['3', '5']
[RX  <- B] bucket=30938  peer_BL=['5', '3']  my_BL=['3', '5']
[TX  ->  *] bucket=30938 L6 active=wlan0 ch9  BL=['3', '5']
[08:45:38] HOP bucket=30939 L6 active=wlan1 ch10  | prep wlan0 ch6  | BL=['3', '5']
[TX  ->  *] bucket=30939 L6 active=wlan1 ch10  BL=['3', '5']
[RX  <- B] bucket=30939  peer_BL=['5', '3']  my_BL=['3', '5']
[08:45:40] HOP bucket=30940 L6 active=wlan0 ch6  | prep wlan1 ch11  | BL=['3', '5']
[TX  ->  *] bucket=30940 L6 active=wlan0 ch6  BL=['3', '5']
[RX  <- B] bucket=30940  peer_BL=['5', '3']  my_BL=['3', '5']
[08:45:42] HOP bucket=30941 L6 active=wlan1 ch11  | prep wlan0 ch4  | BL=['3', '5']
[RX  <- B] bucket=30941  peer_BL=['5', '3']  my_BL=['3', '5']
[TX  ->  *] bucket=30941 L6 active=wlan1 ch11  BL=['3', '5']
[08:45:44] HOP bucket=30942 L6 active=wlan0 ch4  | prep wlan1 ch9  | BL=['3', '5']
[TX  ->  *] bucket=30942 L6 active=wlan0 ch4  BL=['3', '5']
[!! JAMMED  ] bucket=30942 L6 active=wlan0 ch4  silent + egress_drops=38  -> BL until bucket=30972  BL=['3', '4', '5']
[08:45:46] HOP bucket=30943 L6 active=wlan1 ch9  | prep wlan0 ch6  | BL=['3', '4', '5']
[RX  <- B] bucket=30943  peer_BL=['5', '3']  my_BL=['3', '4', '5']
[TX  ->  *] bucket=30943 L6 active=wlan1 ch9  BL=['3', '4', '5']
[08:45:48] HOP bucket=30944 L6 active=wlan0 ch6  | prep wlan1 ch8  | BL=['3', '4', '5']
[TX  ->  *] bucket=30944 L6 active=wlan0 ch6  BL=['3', '4', '5']
[?? SOFT    ] bucket=30944 L6 active=wlan0 ch6  silent across 35 frames but egress_drops=0  (no tc evidence)
[08:45:50] HOP bucket=30945 L6 active=wlan1 ch8  | prep wlan0 ch9  | BL=['3', '4', '5']
[TX  ->  *] bucket=30945 L6 active=wlan1 ch8  BL=['3', '4', '5']
[RX  <- B] bucket=30945  peer_BL=['5', '3', '4']  my_BL=['3', '4', '5']
[08:45:52] HOP bucket=30946 L6 active=wlan0 ch9  | prep wlan1 ch6  | BL=['3', '4', '5']
[RX  <- B] bucket=30946  peer_BL=['5', '3', '4']  my_BL=['3', '4', '5']
[TX  ->  *] bucket=30946 L6 active=wlan0 ch9  BL=['3', '4', '5']
[08:45:54] HOP bucket=30947 L6 active=wlan1 ch6  | prep wlan0 ch6  | BL=['3', '4', '5']
[TX  ->  *] bucket=30947 L6 active=wlan1 ch6  BL=['3', '4', '5']
[RX  <- B] bucket=30947  peer_BL=['5', '3', '4']  my_BL=['3', '4', '5']
[08:45:56] HOP bucket=30948 L6 active=wlan0 ch6  | prep wlan1 ch6  | BL=['3', '4', '5']
[RX  <- B] bucket=30948  peer_BL=['5', '3', '4']  my_BL=['3', '4', '5']
[TX  ->  *] bucket=30948 L6 active=wlan0 ch6  BL=['3', '4', '5']
[08:45:58] HOP bucket=30949 L6 active=wlan1 ch6  | prep wlan0 ch6  | BL=['3', '4', '5']
[RX  <- B] bucket=30949  peer_BL=['5', '3', '4']  my_BL=['3', '4', '5']
[TX  ->  *] bucket=30949 L6 active=wlan1 ch6  BL=['3', '4', '5']
[08:46:00] HOP bucket=30950 L6 active=wlan0 ch6  | prep wlan1 ch6  | BL=['3', '4', '5']
[RX  <- B] bucket=30950  peer_BL=['5', '3', '4']  my_BL=['3', '4', '5']
[TX  ->  *] bucket=30950 L6 active=wlan0 ch6  BL=['3', '4', '5']
[08:46:02] HOP bucket=30951 L6 active=wlan1 ch6  | prep wlan0 ch7  | BL=['3', '4', '5']
[TX  ->  *] bucket=30951 L6 active=wlan1 ch6  BL=['3', '4', '5']
[RX  <- B] bucket=30951  peer_BL=['5', '3', '4']  my_BL=['3', '4', '5']
[08:46:04] HOP bucket=30952 L6 active=wlan0 ch7  | prep wlan1 ch9  | BL=['3', '4', '5']
[RX  <- B] bucket=30952  peer_BL=['5', '3', '4']  my_BL=['3', '4', '5']
[TX  ->  *] bucket=30952 L6 active=wlan0 ch7  BL=['3', '4', '5']
[08:46:06] HOP bucket=30953 L6 active=wlan1 ch9  | prep wlan0 ch11  | BL=['3', '4', '5']
[TX  ->  *] bucket=30953 L6 active=wlan1 ch9  BL=['3', '4', '5']
[RX  <- B] bucket=30953  peer_BL=['5', '3', '4']  my_BL=['3', '4', '5']
[08:46:08] HOP bucket=30954 L6 active=wlan0 ch11  | prep wlan1 ch7  | BL=['3', '4', '5']
[TX  ->  *] bucket=30954 L6 active=wlan0 ch11  BL=['3', '4', '5']
[RX  <- B] bucket=30954  peer_BL=['5', '3', '4']  my_BL=['3', '4', '5']
[08:46:10] HOP bucket=30955 L6 active=wlan1 ch7  | prep wlan0 ch6  | BL=['3', '4', '5']
[TX  ->  *] bucket=30955 L6 active=wlan1 ch7  BL=['3', '4', '5']
[RX  <- B] bucket=30955  peer_BL=['5', '3', '4']  my_BL=['3', '4', '5']
[08:46:12] HOP bucket=30956 L6 active=wlan0 ch6  | prep wlan1 ch10  | BL=['3', '4', '5']
[RX  <- B] bucket=30956  peer_BL=['5', '3', '4']  my_BL=['3', '4', '5']
[TX  ->  *] bucket=30956 L6 active=wlan0 ch6  BL=['3', '4', '5']
[08:46:14] HOP bucket=30957 L6 active=wlan1 ch10  | prep wlan0 ch10  | BL=['3', '4', '5']
[RX  <- B] bucket=30957  peer_BL=['5', '3', '4']  my_BL=['3', '4', '5']
[TX  ->  *] bucket=30957 L6 active=wlan1 ch10  BL=['3', '4', '5']
[08:46:16] HOP bucket=30958 L6 active=wlan0 ch10  | prep wlan1 ch6  | BL=['3', '4', '5']
[TX  ->  *] bucket=30958 L6 active=wlan0 ch10  BL=['3', '4', '5']
[RX  <- B] bucket=30958  peer_BL=['5', '3', '4']  my_BL=['3', '4', '5']
[08:46:18] HOP bucket=30959 L6 active=wlan1 ch6  | prep wlan0 ch6  | BL=['3', '4', '5']
[TX  ->  *] bucket=30959 L6 active=wlan1 ch6  BL=['3', '4', '5']
[RX  <- B] bucket=30959  peer_BL=['5', '3', '4']  my_BL=['3', '4', '5']
[08:46:20] HOP bucket=30960 L6 active=wlan0 ch6  | prep wlan1 ch11  | BL=['3', '4', '5']
[TX  ->  *] bucket=30960 L6 active=wlan0 ch6  BL=['3', '4', '5']
[!! JAMMED  ] bucket=30960 L6 active=wlan0 ch6  silent + egress_drops=70  -> BL until bucket=30990  BL=['3', '4', '5', '6']
[08:46:22] HOP bucket=30961 L6 active=wlan1 ch11  | prep wlan0 ch11  | BL=['3', '4', '6']
[TX  ->  *] bucket=30961 L6 active=wlan1 ch11  BL=['3', '4', '6']
[RX  <- B] bucket=30961  peer_BL=['3', '4', '6']  my_BL=['3', '4', '6']
[08:46:24] HOP bucket=30962 L6 active=wlan0 ch11  | prep wlan1 ch8  | BL=['3', '4', '6']
[RX  <- B] bucket=30962  peer_BL=['3', '4', '6']  my_BL=['3', '4', '6']
[TX  ->  *] bucket=30962 L6 active=wlan0 ch11  BL=['3', '4', '6']
[08:46:26] HOP bucket=30963 L6 active=wlan1 ch8  | prep wlan0 ch7  | BL=['3', '4', '6']
[TX  ->  *] bucket=30963 L6 active=wlan1 ch8  BL=['3', '4', '6']
[RX  <- B] bucket=30963  peer_BL=['3', '4', '6']  my_BL=['3', '4', '6']
[08:46:28] HOP bucket=30964 L6 active=wlan0 ch7  | prep wlan1 ch10  | BL=['3', '4', '6']
[TX  ->  *] bucket=30964 L6 active=wlan0 ch7  BL=['3', '4', '6']
[RX  <- B] bucket=30964  peer_BL=['3', '4', '6']  my_BL=['3', '4', '6']
[08:46:30] HOP bucket=30965 L6 active=wlan1 ch10  | prep wlan0 ch10  | BL=['3', '4', '6']
[TX  ->  *] bucket=30965 L6 active=wlan1 ch10  BL=['3', '4', '6']
[RX  <- B] bucket=30965  peer_BL=['3', '4', '6']  my_BL=['3', '4', '6']
[08:46:32] HOP bucket=30966 L6 active=wlan0 ch10  | prep wlan1 ch3  | BL=['4', '6']
[TX  ->  *] bucket=30966 L6 active=wlan0 ch10  BL=['4', '6']
[RX  <- B] bucket=30966  peer_BL=['4', '6']  my_BL=['4', '6']
[08:46:34] HOP bucket=30967 L6 active=wlan1 ch3  | prep wlan0 ch3  | BL=['4', '6']
[RX  <- B] bucket=30967  peer_BL=['4', '6']  my_BL=['4', '6']
[TX  ->  *] bucket=30967 L6 active=wlan1 ch3  BL=['4', '6']
[08:46:36] HOP bucket=30968 L6 active=wlan0 ch3  | prep wlan1 ch11  | BL=['4', '6']
[TX  ->  *] bucket=30968 L6 active=wlan0 ch3  BL=['4', '6']
[RX  <- B] bucket=30968  peer_BL=['4', '6']  my_BL=['4', '6']
[08:46:38] HOP bucket=30969 L6 active=wlan1 ch11  | prep wlan0 ch10  | BL=['4', '6']
[TX  ->  *] bucket=30969 L6 active=wlan1 ch11  BL=['4', '6']
[RX  <- B] bucket=30969  peer_BL=['4', '6']  my_BL=['4', '6']
[08:46:40] HOP bucket=30970 L6 active=wlan0 ch10  | prep wlan1 ch3  | BL=['4', '6']
[RX  <- B] bucket=30970  peer_BL=['4', '6']  my_BL=['4', '6']
[TX  ->  *] bucket=30970 L6 active=wlan0 ch10  BL=['4', '6']
[08:46:42] HOP bucket=30971 L6 active=wlan1 ch3  | prep wlan0 ch5  | BL=['4', '6']
[TX  ->  *] bucket=30971 L6 active=wlan1 ch3  BL=['4', '6']
[RX  <- B] bucket=30971  peer_BL=['4', '6']  my_BL=['4', '6']
[08:46:44] HOP bucket=30972 L6 active=wlan0 ch5  | prep wlan1 ch7  | BL=['6']
[TX  ->  *] bucket=30972 L6 active=wlan0 ch5  BL=['6']
[!! JAMMED  ] bucket=30972 L6 active=wlan0 ch5  silent + egress_drops=39  -> BL until bucket=31002  BL=['5', '6']
[08:46:46] HOP bucket=30973 L6 active=wlan1 ch7  | prep wlan0 ch4  | BL=['5', '6']
[TX  ->  *] bucket=30973 L6 active=wlan1 ch7  BL=['5', '6']
[RX  <- B] bucket=30973  peer_BL=['6', '5']  my_BL=['5', '6']
[08:46:48] HOP bucket=30974 L6 active=wlan0 ch4  | prep wlan1 ch4  | BL=['5', '6']
[TX  ->  *] bucket=30974 L6 active=wlan0 ch4  BL=['5', '6']
[!! JAMMED  ] bucket=30974 L6 active=wlan0 ch4  silent + egress_drops=78  -> BL until bucket=31004  BL=['4', '5', '6']
[08:46:50] HOP bucket=30975 L6 active=wlan1 ch4  (LAG: totp_says=ch7, physical=ch4)  | prep wlan0 ch10  | BL=['4', '5', '6']
[TX  ->  *] bucket=30975 L6 active=wlan1 ch4  BL=['4', '5', '6']
[08:46:52] HOP bucket=30976 L6 active=wlan0 ch10  | prep wlan1 ch3  | BL=['4', '5', '6']
[TX  ->  *] bucket=30976 L6 active=wlan0 ch10  BL=['4', '5', '6']
[RX  <- B] bucket=30976  peer_BL=['6', '5', '4']  my_BL=['4', '5', '6']
[08:46:54] HOP bucket=30977 L6 active=wlan1 ch3  | prep wlan0 ch7  | BL=['4', '5', '6']
[TX  ->  *] bucket=30977 L6 active=wlan1 ch3  BL=['4', '5', '6']
[RX  <- B] bucket=30977  peer_BL=['6', '5', '4']  my_BL=['4', '5', '6']
[08:46:56] HOP bucket=30978 L6 active=wlan0 ch7  | prep wlan1 ch3  | BL=['4', '5', '6']
[TX  ->  *] bucket=30978 L6 active=wlan0 ch7  BL=['4', '5', '6']
[RX  <- B] bucket=30978  peer_BL=['6', '5', '4']  my_BL=['4', '5', '6']
[08:46:58] HOP bucket=30979 L6 active=wlan1 ch3  | prep wlan0 ch3  | BL=['4', '5', '6']
[TX  ->  *] bucket=30979 L6 active=wlan1 ch3  BL=['4', '5', '6']
[RX  <- B] bucket=30979  peer_BL=['6', '5', '4']  my_BL=['4', '5', '6']
[08:47:00] HOP bucket=30980 L6 active=wlan0 ch3  | prep wlan1 ch7  | BL=['4', '5', '6']
[TX  ->  *] bucket=30980 L6 active=wlan0 ch3  BL=['4', '5', '6']
[RX  <- B] bucket=30980  peer_BL=['6', '5', '4']  my_BL=['4', '5', '6']
[08:47:02] HOP bucket=30981 L6 active=wlan1 ch7  | prep wlan0 ch7  | BL=['4', '5', '6']
[TX  ->  *] bucket=30981 L6 active=wlan1 ch7  BL=['4', '5', '6']
[RX  <- B] bucket=30981  peer_BL=['6', '5', '4']  my_BL=['4', '5', '6']
[08:47:04] HOP bucket=30982 L6 active=wlan0 ch7  | prep wlan1 ch3  | BL=['4', '5', '6']
[TX  ->  *] bucket=30982 L6 active=wlan0 ch7  BL=['4', '5', '6']
[RX  <- B] bucket=30982  peer_BL=['6', '5', '4']  my_BL=['4', '5', '6']
[08:47:06] HOP bucket=30983 L6 active=wlan1 ch3  | prep wlan0 ch10  | BL=['4', '5', '6']
[TX  ->  *] bucket=30983 L6 active=wlan1 ch3  BL=['4', '5', '6']
[RX  <- B] bucket=30983  peer_BL=['6', '5', '4']  my_BL=['4', '5', '6']
[08:47:08] HOP bucket=30984 L6 active=wlan0 ch10  | prep wlan1 ch3  | BL=['4', '5', '6']
[RX  <- B] bucket=30984  peer_BL=['6', '5', '4']  my_BL=['4', '5', '6']
[TX  ->  *] bucket=30984 L6 active=wlan0 ch10  BL=['4', '5', '6']
[08:47:10] HOP bucket=30985 L6 active=wlan1 ch3  | prep wlan0 ch7  | BL=['4', '5', '6']
[TX  ->  *] bucket=30985 L6 active=wlan1 ch3  BL=['4', '5', '6']
[RX  <- B] bucket=30985  peer_BL=['6', '5', '4']  my_BL=['4', '5', '6']
[08:47:12] HOP bucket=30986 L6 active=wlan0 ch7  | prep wlan1 ch7  | BL=['4', '5', '6']
[RX  <- B] bucket=30986  peer_BL=['6', '5', '4']  my_BL=['4', '5', '6']
[TX  ->  *] bucket=30986 L6 active=wlan0 ch7  BL=['4', '5', '6']
[08:47:14] HOP bucket=30987 L6 active=wlan1 ch7  | prep wlan0 ch9  | BL=['4', '5', '6']
[TX  ->  *] bucket=30987 L6 active=wlan1 ch7  BL=['4', '5', '6']
[RX  <- B] bucket=30987  peer_BL=['6', '5', '4']  my_BL=['4', '5', '6']
[08:47:16] HOP bucket=30988 L6 active=wlan0 ch9  | prep wlan1 ch3  | BL=['4', '5', '6']
[RX  <- B] bucket=30988  peer_BL=['6', '5', '4']  my_BL=['4', '5', '6']
[TX  ->  *] bucket=30988 L6 active=wlan0 ch9  BL=['4', '5', '6']
[08:47:18] HOP bucket=30989 L6 active=wlan1 ch3  | prep wlan0 ch3  | BL=['4', '5', '6']
[RX  <- B] bucket=30989  peer_BL=['6', '5', '4']  my_BL=['4', '5', '6']
[TX  ->  *] bucket=30989 L6 active=wlan1 ch3  BL=['4', '5', '6']
[08:47:20] HOP bucket=30990 L6 active=wlan0 ch3  | prep wlan1 ch10  | BL=['4', '5']
[RX  <- B] bucket=30990  peer_BL=['5', '4']  my_BL=['4', '5']
[TX  ->  *] bucket=30990 L6 active=wlan0 ch3  BL=['4', '5']
[08:47:22] HOP bucket=30991 L6 active=wlan1 ch10  | prep wlan0 ch7  | BL=['4', '5']
[TX  ->  *] bucket=30991 L6 active=wlan1 ch10  BL=['4', '5']
[RX  <- B] bucket=30991  peer_BL=['5', '4']  my_BL=['4', '5']
[08:47:24] HOP bucket=30992 L6 active=wlan0 ch7  | prep wlan1 ch3  | BL=['4', '5']
[TX  ->  *] bucket=30992 L6 active=wlan0 ch7  BL=['4', '5']
[!! JAMMED  ] bucket=30992 L6 active=wlan0 ch7  silent + egress_drops=38  -> BL until bucket=31022  BL=['4', '5', '7']
[08:47:26] HOP bucket=30993 L6 active=wlan1 ch3  | prep wlan0 ch10  | BL=['4', '5', '7']
[TX  ->  *] bucket=30993 L6 active=wlan1 ch3  BL=['4', '5', '7']
[RX  <- B] bucket=30993  peer_BL=['5', '4', '7']  my_BL=['4', '5', '7']
[08:47:28] HOP bucket=30994 L6 active=wlan0 ch10  | prep wlan1 ch6  | BL=['4', '5', '7']
[TX  ->  *] bucket=30994 L6 active=wlan0 ch10  BL=['4', '5', '7']
[RX  <- B] bucket=30994  peer_BL=['5', '4', '7']  my_BL=['4', '5', '7']
[08:47:30] HOP bucket=30995 L6 active=wlan1 ch6  | prep wlan0 ch9  | BL=['4', '5', '7']
[TX  ->  *] bucket=30995 L6 active=wlan1 ch6  BL=['4', '5', '7']
[!! JAMMED  ] bucket=30995 L6 active=wlan1 ch6  silent + egress_drops=38  -> BL until bucket=31025  BL=['4', '5', '6', '7']
[08:47:32] HOP bucket=30996 L6 active=wlan0 ch9  | prep wlan1 ch11  | BL=['4', '5', '6', '7']
[TX  ->  *] bucket=30996 L6 active=wlan0 ch9  BL=['4', '5', '6', '7']
[RX  <- B] bucket=30996  peer_BL=['5', '4', '7', '6']  my_BL=['4', '5', '6', '7']
[08:47:34] HOP bucket=30997 L6 active=wlan1 ch11  | prep wlan0 ch10  | BL=['4', '5', '6', '7']
[RX  <- B] bucket=30997  peer_BL=['5', '4', '7', '6']  my_BL=['4', '5', '6', '7']
[TX  ->  *] bucket=30997 L6 active=wlan1 ch11  BL=['4', '5', '6', '7']
[08:47:36] HOP bucket=30998 L6 active=wlan0 ch10  | prep wlan1 ch10  | BL=['4', '5', '6', '7']
[TX  ->  *] bucket=30998 L6 active=wlan0 ch10  BL=['4', '5', '6', '7']
[RX  <- B] bucket=30998  peer_BL=['5', '4', '7', '6']  my_BL=['4', '5', '6', '7']
[08:47:38] HOP bucket=30999 L6 active=wlan1 ch10  | prep wlan0 ch11  | BL=['4', '5', '6', '7']
[TX  ->  *] bucket=30999 L6 active=wlan1 ch10  BL=['4', '5', '6', '7']
[RX  <- B] bucket=30999  peer_BL=['5', '4', '7', '6']  my_BL=['4', '5', '6', '7']
[08:47:40] HOP bucket=31000 L6 active=wlan0 ch11  | prep wlan1 ch8  | BL=['4', '5', '6', '7']
[TX  ->  *] bucket=31000 L6 active=wlan0 ch11  BL=['4', '5', '6', '7']
[RX  <- B] bucket=31000  peer_BL=['5', '4', '7', '6']  my_BL=['4', '5', '6', '7']
[08:47:42] HOP bucket=31001 L6 active=wlan1 ch8  | prep wlan0 ch11  | BL=['4', '5', '6', '7']
[TX  ->  *] bucket=31001 L6 active=wlan1 ch8  BL=['4', '5', '6', '7']
[?? SOFT    ] bucket=31001 L6 active=wlan1 ch8  silent across 35 frames but egress_drops=0  (no tc evidence)
[08:47:44] HOP bucket=31002 L6 active=wlan0 ch11  | prep wlan1 ch9  | BL=['4', '6', '7']
[RX  <- B] bucket=31002  peer_BL=['4', '7', '6', '8']  my_BL=['4', '6', '7', '8']
[<= MERGED  ] ch8 from peer's confirmed -> expires bucket=886262061
[TX  ->  *] bucket=31002 L6 active=wlan0 ch11  BL=['4', '6', '7', '8']
[08:47:46] HOP bucket=31003 L6 active=wlan1 ch9  | prep wlan0 ch5  | BL=['4', '6', '7', '8']
[TX  ->  *] bucket=31003 L6 active=wlan1 ch9  BL=['4', '6', '7', '8']
[RX  <- B] bucket=31003  peer_BL=['4', '7', '6', '8']  my_BL=['4', '6', '7', '8']
[08:47:48] HOP bucket=31004 L6 active=wlan0 ch5  | prep wlan1 ch5  | BL=['6', '7', '8']
[TX  ->  *] bucket=31004 L6 active=wlan0 ch5  BL=['6', '7', '8']
[!! JAMMED  ] bucket=31004 L6 active=wlan0 ch5  silent + egress_drops=39  -> BL until bucket=31034  BL=['5', '6', '7', '8']
[08:47:50] HOP bucket=31005 L6 active=wlan1 ch5  (LAG: totp_says=ch9, physical=ch5)  | prep wlan0 ch10  | BL=['5', '6', '7', '8']
[TX  ->  *] bucket=31005 L6 active=wlan1 ch5  BL=['5', '6', '7', '8']
[08:47:52] HOP bucket=31006 L6 active=wlan0 ch10  | prep wlan1 ch9  | BL=['5', '6', '7', '8']
[RX  <- B] bucket=31006  peer_BL=['7', '6', '8', '5']  my_BL=['5', '6', '7', '8']
[TX  ->  *] bucket=31006 L6 active=wlan0 ch10  BL=['5', '6', '7', '8']
[08:47:54] HOP bucket=31007 L6 active=wlan1 ch9  | prep wlan0 ch9  | BL=['5', '6', '7', '8']
[TX  ->  *] bucket=31007 L6 active=wlan1 ch9  BL=['5', '6', '7', '8']
[RX  <- B] bucket=31007  peer_BL=['7', '6', '8', '5']  my_BL=['5', '6', '7', '8']
[08:47:56] HOP bucket=31008 L6 active=wlan0 ch9  | prep wlan1 ch10  | BL=['5', '6', '7', '8']
[TX  ->  *] bucket=31008 L6 active=wlan0 ch9  BL=['5', '6', '7', '8']
[RX  <- B] bucket=31008  peer_BL=['7', '6', '8', '5']  my_BL=['5', '6', '7', '8']
[08:47:58] HOP bucket=31009 L6 active=wlan1 ch10  | prep wlan0 ch9  | BL=['5', '6', '7', '8']
[TX  ->  *] bucket=31009 L6 active=wlan1 ch10  BL=['5', '6', '7', '8']
[RX  <- B] bucket=31009  peer_BL=['7', '6', '8', '5']  my_BL=['5', '6', '7', '8']
[08:48:00] HOP bucket=31010 L6 active=wlan0 ch9  | prep wlan1 ch10  | BL=['5', '6', '7', '8']
[RX  <- B] bucket=31010  peer_BL=['7', '6', '8', '5']  my_BL=['5', '6', '7', '8']
[TX  ->  *] bucket=31010 L6 active=wlan0 ch9  BL=['5', '6', '7', '8']
[08:48:02] HOP bucket=31011 L6 active=wlan1 ch10  | prep wlan0 ch9  | BL=['5', '6', '7', '8']
[TX  ->  *] bucket=31011 L6 active=wlan1 ch10  BL=['5', '6', '7', '8']
[RX  <- B] bucket=31011  peer_BL=['7', '6', '8', '5']  my_BL=['5', '6', '7', '8']
[08:48:04] HOP bucket=31012 L6 active=wlan0 ch9  | prep wlan1 ch9  | BL=['5', '6', '7', '8']
[TX  ->  *] bucket=31012 L6 active=wlan0 ch9  BL=['5', '6', '7', '8']
[RX  <- B] bucket=31012  peer_BL=['7', '6', '8', '5']  my_BL=['5', '6', '7', '8']
[08:48:06] HOP bucket=31013 L6 active=wlan1 ch9  | prep wlan0 ch3  | BL=['5', '6', '7', '8']
[TX  ->  *] bucket=31013 L6 active=wlan1 ch9  BL=['5', '6', '7', '8']
[RX  <- B] bucket=31013  peer_BL=['7', '6', '8', '5']  my_BL=['5', '6', '7', '8']
[08:48:08] HOP bucket=31014 L6 active=wlan0 ch3  | prep wlan1 ch10  | BL=['5', '6', '7', '8']
[TX  ->  *] bucket=31014 L6 active=wlan0 ch3  BL=['5', '6', '7', '8']
[RX  <- B] bucket=31014  peer_BL=['7', '6', '8', '5']  my_BL=['5', '6', '7', '8']
[08:48:10] HOP bucket=31015 L6 active=wlan1 ch10  | prep wlan0 ch11  | BL=['5', '6', '7', '8']
[TX  ->  *] bucket=31015 L6 active=wlan1 ch10  BL=['5', '6', '7', '8']
[RX  <- B] bucket=31015  peer_BL=['7', '6', '8', '5']  my_BL=['5', '6', '7', '8']
[08:48:12] HOP bucket=31016 L6 active=wlan0 ch11  | prep wlan1 ch9  | BL=['5', '6', '7', '8']
[RX  <- B] bucket=31016  peer_BL=['7', '6', '8', '5']  my_BL=['5', '6', '7', '8']
[TX  ->  *] bucket=31016 L6 active=wlan0 ch11  BL=['5', '6', '7', '8']
[08:48:14] HOP bucket=31017 L6 active=wlan1 ch9  | prep wlan0 ch9  | BL=['5', '6', '7', '8']
[RX  <- B] bucket=31017  peer_BL=['7', '6', '8', '5']  my_BL=['5', '6', '7', '8']
[TX  ->  *] bucket=31017 L6 active=wlan1 ch9  BL=['5', '6', '7', '8']
[08:48:16] HOP bucket=31018 L6 active=wlan0 ch9  | prep wlan1 ch9  | BL=['5', '6', '7', '8']
[TX  ->  *] bucket=31018 L6 active=wlan0 ch9  BL=['5', '6', '7', '8']
[RX  <- B] bucket=31018  peer_BL=['7', '6', '8', '5']  my_BL=['5', '6', '7', '8']
[08:48:18] HOP bucket=31019 L6 active=wlan1 ch9  | prep wlan0 ch9  | BL=['5', '6', '7', '8']
[TX  ->  *] bucket=31019 L6 active=wlan1 ch9  BL=['5', '6', '7', '8']
[RX  <- B] bucket=31019  peer_BL=['7', '6', '8', '5']  my_BL=['5', '6', '7', '8']
[08:48:20] HOP bucket=31020 L6 active=wlan0 ch9  | prep wlan1 ch4  | BL=['5', '6', '7', '8']
[TX  ->  *] bucket=31020 L6 active=wlan0 ch9  BL=['5', '6', '7', '8']
[RX  <- B] bucket=31020  peer_BL=['7', '6', '8', '5']  my_BL=['5', '6', '7', '8']
[08:48:22] HOP bucket=31021 L6 active=wlan1 ch4  | prep wlan0 ch3  | BL=['5', '6', '7', '8']
[TX  ->  *] bucket=31021 L6 active=wlan1 ch4  BL=['5', '6', '7', '8']
[RX  <- B] bucket=31021  peer_BL=['7', '6', '8', '5']  my_BL=['5', '6', '7', '8']
[08:48:24] HOP bucket=31022 L6 active=wlan0 ch3  | prep wlan1 ch7  | BL=['5', '6', '8']
[TX  ->  *] bucket=31022 L6 active=wlan0 ch3  BL=['5', '6', '8']
[RX  <- B] bucket=31022  peer_BL=['6', '8', '5']  my_BL=['5', '6', '8']
[08:48:26] HOP bucket=31023 L6 active=wlan1 ch7  | prep wlan0 ch9  | BL=['5', '6', '8']
[TX  ->  *] bucket=31023 L6 active=wlan1 ch7  BL=['5', '6', '8']
[!! JAMMED  ] bucket=31023 L6 active=wlan1 ch7  silent + egress_drops=38  -> BL until bucket=31053  BL=['5', '6', '7', '8']
[08:48:28] HOP bucket=31024 L6 active=wlan0 ch9  | prep wlan1 ch11  | BL=['5', '6', '7', '8']
[TX  ->  *] bucket=31024 L6 active=wlan0 ch9  BL=['5', '6', '7', '8']
[!! JAMMED  ] bucket=31024 L6 active=wlan0 ch9  silent + egress_drops=38  -> BL until bucket=31054  BL=['5', '6', '7', '8', '9']
[08:48:30] HOP bucket=31025 L6 active=wlan1 ch11  | prep wlan0 ch3  | BL=['5', '7', '8', '9']
[TX  ->  *] bucket=31025 L6 active=wlan1 ch11  BL=['5', '7', '8', '9']
[RX  <- B] bucket=31025  peer_BL=['8', '5', '7', '9']  my_BL=['5', '7', '8', '9']
[08:48:32] HOP bucket=31026 L6 active=wlan0 ch3  | prep wlan1 ch6  | BL=['5', '7', '8', '9']
[TX  ->  *] bucket=31026 L6 active=wlan0 ch3  BL=['5', '7', '8', '9']
[RX  <- B] bucket=31026  peer_BL=['8', '5', '7', '9']  my_BL=['5', '7', '8', '9']
[08:48:34] HOP bucket=31027 L6 active=wlan1 ch6  | prep wlan0 ch3  | BL=['5', '7', '8', '9']
[RX  <- B] bucket=31027  peer_BL=['8', '5', '7', '9']  my_BL=['5', '7', '8', '9']
[TX  ->  *] bucket=31027 L6 active=wlan1 ch6  BL=['5', '7', '8', '9']
[08:48:36] HOP bucket=31028 L6 active=wlan0 ch3  | prep wlan1 ch6  | BL=['5', '7', '8', '9']
[TX  ->  *] bucket=31028 L6 active=wlan0 ch3  BL=['5', '7', '8', '9']
[RX  <- B] bucket=31028  peer_BL=['8', '5', '7', '9']  my_BL=['5', '7', '8', '9']
[08:48:38] HOP bucket=31029 L6 active=wlan1 ch6  | prep wlan0 ch6  | BL=['5', '7', '8', '9']
[RX  <- B] bucket=31029  peer_BL=['8', '5', '7', '9']  my_BL=['5', '7', '8', '9']
[TX  ->  *] bucket=31029 L6 active=wlan1 ch6  BL=['5', '7', '8', '9']
[08:48:40] HOP bucket=31030 L6 active=wlan0 ch6  | prep wlan1 ch10  | BL=['5', '7', '8', '9']
[TX  ->  *] bucket=31030 L6 active=wlan0 ch6  BL=['5', '7', '8', '9']
[RX  <- B] bucket=31030  peer_BL=['8', '5', '7', '9']  my_BL=['5', '7', '8', '9']
[08:48:42] HOP bucket=31031 L6 active=wlan1 ch10  (LAG: totp_says=ch8, physical=ch10)  | prep wlan0 ch4  | BL=['5', '7', '9']
[TX  ->  *] bucket=31031 L6 active=wlan1 ch10  BL=['5', '7', '9']
[RX  <- B] bucket=31031  peer_BL=['5', '7', '9']  my_BL=['5', '7', '9']
[08:48:44] HOP bucket=31032 L6 active=wlan0 ch4  | prep wlan1 ch10  | BL=['5', '7', '9']
[TX  ->  *] bucket=31032 L6 active=wlan0 ch4  BL=['5', '7', '9']
[RX  <- B] bucket=31032  peer_BL=['5', '7', '9']  my_BL=['5', '7', '9']
[08:48:46] HOP bucket=31033 L6 active=wlan1 ch10  | prep wlan0 ch10  | BL=['5', '7', '9']
[TX  ->  *] bucket=31033 L6 active=wlan1 ch10  BL=['5', '7', '9']
[RX  <- B] bucket=31033  peer_BL=['5', '7', '9']  my_BL=['5', '7', '9']
[08:48:48] HOP bucket=31034 L6 active=wlan0 ch10  | prep wlan1 ch3  | BL=['7', '9']
[TX  ->  *] bucket=31034 L6 active=wlan0 ch10  BL=['7', '9']
[RX  <- B] bucket=31034  peer_BL=['7', '9']  my_BL=['7', '9']
[08:48:50] HOP bucket=31035 L6 active=wlan1 ch3  | prep wlan0 ch3  | BL=['7', '9']
[RX  <- B] bucket=31035  peer_BL=['7', '9']  my_BL=['7', '9']
[TX  ->  *] bucket=31035 L6 active=wlan1 ch3  BL=['7', '9']
[08:48:52] HOP bucket=31036 L6 active=wlan0 ch3  | prep wlan1 ch5  | BL=['7', '9']
[RX  <- B] bucket=31036  peer_BL=['7', '9']  my_BL=['7', '9']
[TX  ->  *] bucket=31036 L6 active=wlan0 ch3  BL=['7', '9']
[08:48:54] HOP bucket=31037 L6 active=wlan1 ch5  | prep wlan0 ch4  | BL=['7', '9']
[RX  <- B] bucket=31037  peer_BL=['7', '9']  my_BL=['7', '9']
[TX  ->  *] bucket=31037 L6 active=wlan1 ch5  BL=['7', '9']
[08:48:56] HOP bucket=31038 L6 active=wlan0 ch4  | prep wlan1 ch4  | BL=['7', '9']
[RX  <- B] bucket=31038  peer_BL=['7', '9']  my_BL=['7', '9']
[TX  ->  *] bucket=31038 L6 active=wlan0 ch4  BL=['7', '9']
[08:48:58] HOP bucket=31039 L6 active=wlan1 ch4  | prep wlan0 ch6  | BL=['7', '9']
[TX  ->  *] bucket=31039 L6 active=wlan1 ch4  BL=['7', '9']
[RX  <- B] bucket=31039  peer_BL=['7', '9']  my_BL=['7', '9']
[08:49:00] HOP bucket=31040 L6 active=wlan0 ch6  | prep wlan1 ch10  | BL=['7', '9']
[TX  ->  *] bucket=31040 L6 active=wlan0 ch6  BL=['7', '9']
[RX  <- B] bucket=31040  peer_BL=['7', '9']  my_BL=['7', '9']
[08:49:02] HOP bucket=31041 L6 active=wlan1 ch10  | prep wlan0 ch6  | BL=['7', '9']
[TX  ->  *] bucket=31041 L6 active=wlan1 ch10  BL=['7', '9']
[RX  <- B] bucket=31041  peer_BL=['7', '9']  my_BL=['7', '9']
[08:49:04] HOP bucket=31042 L6 active=wlan0 ch6  | prep wlan1 ch10  | BL=['7', '9']
[TX  ->  *] bucket=31042 L6 active=wlan0 ch6  BL=['7', '9']
[RX  <- B] bucket=31042  peer_BL=['7', '9']  my_BL=['7', '9']
[08:49:06] HOP bucket=31043 L6 active=wlan1 ch10  | prep wlan0 ch5  | BL=['7', '9']
[TX  ->  *] bucket=31043 L6 active=wlan1 ch10  BL=['7', '9']
[RX  <- B] bucket=31043  peer_BL=['7', '9']  my_BL=['7', '9']
[08:49:08] HOP bucket=31044 L6 active=wlan0 ch5  | prep wlan1 ch8  | BL=['7', '9']
[RX  <- B] bucket=31044  peer_BL=['7', '9']  my_BL=['7', '9']
[TX  ->  *] bucket=31044 L6 active=wlan0 ch5  BL=['7', '9']
[08:49:10] HOP bucket=31045 L6 active=wlan1 ch8  | prep wlan0 ch10  | BL=['7', '9']
[TX  ->  *] bucket=31045 L6 active=wlan1 ch8  BL=['7', '9']
[!! JAMMED  ] bucket=31045 L6 active=wlan1 ch8  silent + egress_drops=38  -> BL until bucket=31075  BL=['7', '8', '9']
[08:49:12] HOP bucket=31046 L6 active=wlan0 ch10  | prep wlan1 ch6  | BL=['7', '8', '9']
[TX  ->  *] bucket=31046 L6 active=wlan0 ch10  BL=['7', '8', '9']
[RX  <- B] bucket=31046  peer_BL=['7', '9', '8']  my_BL=['7', '8', '9']
[08:49:14] HOP bucket=31047 L6 active=wlan1 ch6  | prep wlan0 ch4  | BL=['7', '8', '9']
[TX  ->  *] bucket=31047 L6 active=wlan1 ch6  BL=['7', '8', '9']
[RX  <- B] bucket=31047  peer_BL=['7', '9', '8']  my_BL=['7', '8', '9']
[08:49:16] HOP bucket=31048 L6 active=wlan0 ch4  | prep wlan1 ch3  | BL=['7', '8', '9']
[RX  <- B] bucket=31048  peer_BL=['7', '9', '8']  my_BL=['7', '8', '9']
[TX  ->  *] bucket=31048 L6 active=wlan0 ch4  BL=['7', '8', '9']
[08:49:18] HOP bucket=31049 L6 active=wlan1 ch3  | prep wlan0 ch10  | BL=['7', '8', '9']
[TX  ->  *] bucket=31049 L6 active=wlan1 ch3  BL=['7', '8', '9']
[RX  <- B] bucket=31049  peer_BL=['7', '9', '8']  my_BL=['7', '8', '9']
[08:49:20] HOP bucket=31050 L6 active=wlan0 ch10  | prep wlan1 ch10  | BL=['7', '8', '9']
[TX  ->  *] bucket=31050 L6 active=wlan0 ch10  BL=['7', '8', '9']
[!! JAMMED  ] bucket=31050 L6 active=wlan0 ch10  silent + egress_drops=72  -> BL until bucket=31080  BL=['7', '8', '9', '10']
[08:49:22] HOP bucket=31051 L6 active=wlan1 ch10  (LAG: totp_says=ch11, physical=ch10)  | prep wlan0 ch6  | BL=['7', '8', '9', '10']
[TX  ->  *] bucket=31051 L6 active=wlan1 ch10  BL=['7', '8', '9', '10']
[08:49:24] HOP bucket=31052 L6 active=wlan0 ch6  | prep wlan1 ch11  | BL=['7', '8', '9', '10']
[TX  ->  *] bucket=31052 L6 active=wlan0 ch6  BL=['7', '8', '9', '10']
[RX  <- B] bucket=31052  peer_BL=['7', '9', '8', '10']  my_BL=['7', '8', '9', '10']
[08:49:26] HOP bucket=31053 L6 active=wlan1 ch11  | prep wlan0 ch11  | BL=['8', '9', '10']
[TX  ->  *] bucket=31053 L6 active=wlan1 ch11  BL=['8', '9', '10']
[?? SOFT    ] bucket=31053 L6 active=wlan1 ch11  silent across 35 frames but egress_drops=0  (no tc evidence)
[08:49:28] HOP bucket=31054 L6 active=wlan0 ch11  | prep wlan1 ch7  | BL=['8', '10']
[TX  ->  *] bucket=31054 L6 active=wlan0 ch11  BL=['8', '10']
[?? SOFT    ] bucket=31054 L6 active=wlan0 ch11  silent across 35 frames but egress_drops=0  (no tc evidence)
[08:49:30] HOP bucket=31055 L6 active=wlan1 ch7  | prep wlan0 ch3  | BL=['8', '10']
[TX  ->  *] bucket=31055 L6 active=wlan1 ch7  BL=['8', '10']
[!! JAMMED  ] bucket=31055 L6 active=wlan1 ch7  silent + egress_drops=38  -> BL until bucket=31085  BL=['7', '8', '10']
[08:49:32] HOP bucket=31056 L6 active=wlan0 ch3  | prep wlan1 ch9  | BL=['7', '8', '10']
[TX  ->  *] bucket=31056 L6 active=wlan0 ch3  BL=['7', '8', '10']
[RX  <- B] bucket=31056  peer_BL=['8', '10', '11', '7']  my_BL=['7', '8', '10', '11']
[<= MERGED  ] ch11 from peer's confirmed -> expires bucket=886262113
[08:49:34] HOP bucket=31057 L6 active=wlan1 ch9  | prep wlan0 ch6  | BL=['7', '8', '10', '11']
[TX  ->  *] bucket=31057 L6 active=wlan1 ch9  BL=['7', '8', '10', '11']
[!! JAMMED  ] bucket=31057 L6 active=wlan1 ch9  silent + egress_drops=39  -> BL until bucket=31087  BL=['7', '8', '9', '10', '11']
[08:49:36] HOP bucket=31058 L6 active=wlan0 ch6  | prep wlan1 ch4  | BL=['7', '8', '9', '10', '11']
[RX  <- B] bucket=31058  peer_BL=['8', '10', '11', '7', '9']  my_BL=['7', '8', '9', '10', '11']
[TX  ->  *] bucket=31058 L6 active=wlan0 ch6  BL=['7', '8', '9', '10', '11']
[08:49:38] HOP bucket=31059 L6 active=wlan1 ch4  | prep wlan0 ch3  | BL=['7', '8', '9', '10', '11']
[RX  <- B] bucket=31059  peer_BL=['8', '10', '11', '7', '9']  my_BL=['7', '8', '9', '10', '11']
[TX  ->  *] bucket=31059 L6 active=wlan1 ch4  BL=['7', '8', '9', '10', '11']
[08:49:40] HOP bucket=31060 L6 active=wlan0 ch3  | prep wlan1 ch5  | BL=['7', '8', '9', '10', '11']
[RX  <- B] bucket=31060  peer_BL=['8', '10', '11', '7', '9']  my_BL=['7', '8', '9', '10', '11']
[TX  ->  *] bucket=31060 L6 active=wlan0 ch3  BL=['7', '8', '9', '10', '11']
[08:49:42] HOP bucket=31061 L6 active=wlan1 ch5  | prep wlan0 ch3  | BL=['7', '8', '9', '10', '11']
[TX  ->  *] bucket=31061 L6 active=wlan1 ch5  BL=['7', '8', '9', '10', '11']
[RX  <- B] bucket=31061  peer_BL=['8', '10', '11', '7', '9']  my_BL=['7', '8', '9', '10', '11']
[08:49:44] HOP bucket=31062 L6 active=wlan0 ch3  | prep wlan1 ch3  | BL=['7', '8', '9', '10', '11']
[RX  <- B] bucket=31062  peer_BL=['8', '10', '11', '7', '9']  my_BL=['7', '8', '9', '10', '11']
[TX  ->  *] bucket=31062 L6 active=wlan0 ch3  BL=['7', '8', '9', '10', '11']
[08:49:46] HOP bucket=31063 L6 active=wlan1 ch3  | prep wlan0 ch4  | BL=['7', '8', '9', '10', '11']
[TX  ->  *] bucket=31063 L6 active=wlan1 ch3  BL=['7', '8', '9', '10', '11']
[RX  <- B] bucket=31063  peer_BL=['8', '10', '11', '7', '9']  my_BL=['7', '8', '9', '10', '11']
[08:49:48] HOP bucket=31064 L6 active=wlan0 ch4  | prep wlan1 ch3  | BL=['7', '8', '9', '10', '11']
[RX  <- B] bucket=31064  peer_BL=['8', '10', '11', '7', '9']  my_BL=['7', '8', '9', '10', '11']
[TX  ->  *] bucket=31064 L6 active=wlan0 ch4  BL=['7', '8', '9', '10', '11']
[08:49:50] HOP bucket=31065 L6 active=wlan1 ch3  | prep wlan0 ch3  | BL=['7', '8', '9', '10', '11']
[RX  <- B] bucket=31065  peer_BL=['8', '10', '11', '7', '9']  my_BL=['7', '8', '9', '10', '11']
[TX  ->  *] bucket=31065 L6 active=wlan1 ch3  BL=['7', '8', '9', '10', '11']
[08:49:52] HOP bucket=31066 L6 active=wlan0 ch3  | prep wlan1 ch6  | BL=['7', '8', '9', '10', '11']
[TX  ->  *] bucket=31066 L6 active=wlan0 ch3  BL=['7', '8', '9', '10', '11']
[RX  <- B] bucket=31066  peer_BL=['8', '10', '11', '7', '9']  my_BL=['7', '8', '9', '10', '11']
[08:49:54] HOP bucket=31067 L6 active=wlan1 ch6  | prep wlan0 ch6  | BL=['7', '8', '9', '10', '11']
[TX  ->  *] bucket=31067 L6 active=wlan1 ch6  BL=['7', '8', '9', '10', '11']
[RX  <- B] bucket=31067  peer_BL=['8', '10', '11', '7', '9']  my_BL=['7', '8', '9', '10', '11']
[08:49:56] HOP bucket=31068 L6 active=wlan0 ch6  | prep wlan1 ch4  | BL=['7', '8', '9', '10', '11']
[RX  <- B] bucket=31068  peer_BL=['8', '10', '11', '7', '9']  my_BL=['7', '8', '9', '10', '11']
[TX  ->  *] bucket=31068 L6 active=wlan0 ch6  BL=['7', '8', '9', '10', '11']
[08:49:58] HOP bucket=31069 L6 active=wlan1 ch4  | prep wlan0 ch3  | BL=['7', '8', '9', '10', '11']
[TX  ->  *] bucket=31069 L6 active=wlan1 ch4  BL=['7', '8', '9', '10', '11']
[RX  <- B] bucket=31069  peer_BL=['8', '10', '11', '7', '9']  my_BL=['7', '8', '9', '10', '11']
[08:50:00] HOP bucket=31070 L6 active=wlan0 ch3  | prep wlan1 ch4  | BL=['7', '8', '9', '10', '11']
[TX  ->  *] bucket=31070 L6 active=wlan0 ch3  BL=['7', '8', '9', '10', '11']
[RX  <- B] bucket=31070  peer_BL=['8', '10', '11', '7', '9']  my_BL=['7', '8', '9', '10', '11']
[08:50:02] HOP bucket=31071 L6 active=wlan1 ch4  | prep wlan0 ch3  | BL=['7', '8', '9', '10', '11']
[TX  ->  *] bucket=31071 L6 active=wlan1 ch4  BL=['7', '8', '9', '10', '11']
[RX  <- B] bucket=31071  peer_BL=['8', '10', '11', '7', '9']  my_BL=['7', '8', '9', '10', '11']
[08:50:04] HOP bucket=31072 L6 active=wlan0 ch3  | prep wlan1 ch4  | BL=['7', '8', '9', '10', '11']
[RX  <- B] bucket=31072  peer_BL=['8', '10', '11', '7', '9']  my_BL=['7', '8', '9', '10', '11']
[TX  ->  *] bucket=31072 L6 active=wlan0 ch3  BL=['7', '8', '9', '10', '11']
[08:50:06] HOP bucket=31073 L6 active=wlan1 ch4  | prep wlan0 ch3  | BL=['7', '8', '9', '10', '11']
[TX  ->  *] bucket=31073 L6 active=wlan1 ch4  BL=['7', '8', '9', '10', '11']
[RX  <- B] bucket=31073  peer_BL=['8', '10', '11', '7', '9']  my_BL=['7', '8', '9', '10', '11']
[08:50:08] HOP bucket=31074 L6 active=wlan0 ch3  | prep wlan1 ch3  | BL=['7', '8', '9', '10', '11']
[RX  <- B] bucket=31074  peer_BL=['8', '10', '11', '7', '9']  my_BL=['7', '8', '9', '10', '11']
[TX  ->  *] bucket=31074 L6 active=wlan0 ch3  BL=['7', '8', '9', '10', '11']
[08:50:10] HOP bucket=31075 L6 active=wlan1 ch3  | prep wlan0 ch8  | BL=['7', '9', '10', '11']
[TX  ->  *] bucket=31075 L6 active=wlan1 ch3  BL=['7', '9', '10', '11']
[RX  <- B] bucket=31075  peer_BL=['10', '11', '7', '9']  my_BL=['7', '9', '10', '11']
[08:50:12] HOP bucket=31076 L6 active=wlan0 ch8  | prep wlan1 ch8  | BL=['7', '9', '10', '11']
[TX  ->  *] bucket=31076 L6 active=wlan0 ch8  BL=['7', '9', '10', '11']
[!! JAMMED  ] bucket=31076 L6 active=wlan0 ch8  silent + egress_drops=39  -> BL until bucket=31106  BL=['7', '8', '9', '10', '11']
[08:50:14] HOP bucket=31077 L6 active=wlan1 ch8  (LAG: totp_says=ch3, physical=ch8)  | prep wlan0 ch3  | BL=['7', '8', '9', '10', '11']
[TX  ->  *] bucket=31077 L6 active=wlan1 ch8  BL=['7', '8', '9', '10', '11']
[08:50:16] HOP bucket=31078 L6 active=wlan0 ch3  | prep wlan1 ch3  | BL=['7', '8', '9', '10', '11']
[TX  ->  *] bucket=31078 L6 active=wlan0 ch3  BL=['7', '8', '9', '10', '11']
[RX  <- B] bucket=31078  peer_BL=['10', '11', '7', '9', '8']  my_BL=['7', '8', '9', '10', '11']
[08:50:18] HOP bucket=31079 L6 active=wlan1 ch3  | prep wlan0 ch3  | BL=['7', '8', '9', '10', '11']
[TX  ->  *] bucket=31079 L6 active=wlan1 ch3  BL=['7', '8', '9', '10', '11']
[RX  <- B] bucket=31079  peer_BL=['10', '11', '7', '9', '8']  my_BL=['7', '8', '9', '10', '11']
[08:50:20] HOP bucket=31080 L6 active=wlan0 ch3  | prep wlan1 ch3  | BL=['7', '8', '9', '11']
[TX  ->  *] bucket=31080 L6 active=wlan0 ch3  BL=['7', '8', '9', '11']
[RX  <- B] bucket=31080  peer_BL=['11', '7', '9', '8']  my_BL=['7', '8', '9', '11']
[08:50:22] HOP bucket=31081 L6 active=wlan1 ch3  | prep wlan0 ch4  | BL=['7', '8', '9', '11']
[RX  <- B] bucket=31081  peer_BL=['11', '7', '9', '8']  my_BL=['7', '8', '9', '11']
[TX  ->  *] bucket=31081 L6 active=wlan1 ch3  BL=['7', '8', '9', '11']
[08:50:24] HOP bucket=31082 L6 active=wlan0 ch4  | prep wlan1 ch6  | BL=['7', '8', '9', '11']
[TX  ->  *] bucket=31082 L6 active=wlan0 ch4  BL=['7', '8', '9', '11']
[RX  <- B] bucket=31082  peer_BL=['11', '7', '9', '8']  my_BL=['7', '8', '9', '11']
[08:50:26] HOP bucket=31083 L6 active=wlan1 ch6  | prep wlan0 ch10  | BL=['7', '8', '9']
[TX  ->  *] bucket=31083 L6 active=wlan1 ch6  BL=['7', '8', '9']
[RX  <- B] bucket=31083  peer_BL=['7', '9', '8']  my_BL=['7', '8', '9']
[08:50:28] HOP bucket=31084 L6 active=wlan0 ch10  | prep wlan1 ch10  | BL=['7', '8', '9']
[TX  ->  *] bucket=31084 L6 active=wlan0 ch10  BL=['7', '8', '9']
[!! JAMMED  ] bucket=31084 L6 active=wlan0 ch10  silent + egress_drops=38  -> BL until bucket=31114  BL=['7', '8', '9', '10']
[08:50:30] HOP bucket=31085 L6 active=wlan1 ch10  (LAG: totp_says=ch7, physical=ch10)  | prep wlan0 ch11  | BL=['8', '9', '10']
[TX  ->  *] bucket=31085 L6 active=wlan1 ch10  BL=['8', '9', '10']
[08:50:32] HOP bucket=31086 L6 active=wlan0 ch11  | prep wlan1 ch3  | BL=['8', '9', '10']
[TX  ->  *] bucket=31086 L6 active=wlan0 ch11  BL=['8', '9', '10']
[!! JAMMED  ] bucket=31086 L6 active=wlan0 ch11  silent + egress_drops=77  -> BL until bucket=31116  BL=['8', '9', '10', '11']
[08:50:34] HOP bucket=31087 L6 active=wlan1 ch3  | prep wlan0 ch5  | BL=['8', '10', '11']
[TX  ->  *] bucket=31087 L6 active=wlan1 ch3  BL=['8', '10', '11']
[RX  <- B] bucket=31087  peer_BL=['8', '10', '11']  my_BL=['8', '10', '11']
[08:50:36] HOP bucket=31088 L6 active=wlan0 ch5  | prep wlan1 ch3  | BL=['8', '10', '11']
[TX  ->  *] bucket=31088 L6 active=wlan0 ch5  BL=['8', '10', '11']
[RX  <- B] bucket=31088  peer_BL=['8', '10', '11']  my_BL=['8', '10', '11']
[08:50:38] HOP bucket=31089 L6 active=wlan1 ch3  | prep wlan0 ch4  | BL=['8', '10', '11']
[TX  ->  *] bucket=31089 L6 active=wlan1 ch3  BL=['8', '10', '11']
[RX  <- B] bucket=31089  peer_BL=['8', '10', '11']  my_BL=['8', '10', '11']
[08:50:40] HOP bucket=31090 L6 active=wlan0 ch4  | prep wlan1 ch3  | BL=['8', '10', '11']
[TX  ->  *] bucket=31090 L6 active=wlan0 ch4  BL=['8', '10', '11']
[RX  <- B] bucket=31090  peer_BL=['8', '10', '11']  my_BL=['8', '10', '11']
[08:50:42] HOP bucket=31091 L6 active=wlan1 ch3  | prep wlan0 ch3  | BL=['8', '10', '11']
[TX  ->  *] bucket=31091 L6 active=wlan1 ch3  BL=['8', '10', '11']
[RX  <- B] bucket=31091  peer_BL=['8', '10', '11']  my_BL=['8', '10', '11']
[08:50:44] HOP bucket=31092 L6 active=wlan0 ch3  | prep wlan1 ch3  | BL=['8', '10', '11']
[RX  <- B] bucket=31092  peer_BL=['8', '10', '11']  my_BL=['8', '10', '11']
[TX  ->  *] bucket=31092 L6 active=wlan0 ch3  BL=['8', '10', '11']
[08:50:46] HOP bucket=31093 L6 active=wlan1 ch3  | prep wlan0 ch4  | BL=['8', '10', '11']
[TX  ->  *] bucket=31093 L6 active=wlan1 ch3  BL=['8', '10', '11']
[RX  <- B] bucket=31093  peer_BL=['8', '10', '11']  my_BL=['8', '10', '11']
[08:50:48] HOP bucket=31094 L6 active=wlan0 ch4  | prep wlan1 ch9  | BL=['8', '10', '11']
[RX  <- B] bucket=31094  peer_BL=['8', '10', '11']  my_BL=['8', '10', '11']
[TX  ->  *] bucket=31094 L6 active=wlan0 ch4  BL=['8', '10', '11']
[08:50:50] HOP bucket=31095 L6 active=wlan1 ch9  | prep wlan0 ch7  | BL=['8', '10', '11']
[TX  ->  *] bucket=31095 L6 active=wlan1 ch9  BL=['8', '10', '11']
[RX  <- B] bucket=31095  peer_BL=['8', '10', '11']  my_BL=['8', '10', '11']
[08:50:52] HOP bucket=31096 L6 active=wlan0 ch7  | prep wlan1 ch5  | BL=['8', '10', '11']
[RX  <- B] bucket=31096  peer_BL=['8', '10', '11']  my_BL=['8', '10', '11']
[TX  ->  *] bucket=31096 L6 active=wlan0 ch7  BL=['8', '10', '11']
[08:50:54] HOP bucket=31097 L6 active=wlan1 ch5  | prep wlan0 ch3  | BL=['8', '10', '11']
[TX  ->  *] bucket=31097 L6 active=wlan1 ch5  BL=['8', '10', '11']
[RX  <- B] bucket=31097  peer_BL=['8', '10', '11']  my_BL=['8', '10', '11']
[08:50:56] HOP bucket=31098 L6 active=wlan0 ch3  | prep wlan1 ch5  | BL=['8', '10', '11']
[TX  ->  *] bucket=31098 L6 active=wlan0 ch3  BL=['8', '10', '11']
[RX  <- B] bucket=31098  peer_BL=['8', '10', '11']  my_BL=['8', '10', '11']
[08:50:58] HOP bucket=31099 L6 active=wlan1 ch5  | prep wlan0 ch7  | BL=['8', '10', '11']
[RX  <- B] bucket=31099  peer_BL=['8', '10', '11']  my_BL=['8', '10', '11']
[TX  ->  *] bucket=31099 L6 active=wlan1 ch5  BL=['8', '10', '11']
[08:51:00] HOP bucket=31100 L6 active=wlan0 ch7  | prep wlan1 ch9  | BL=['8', '10', '11']
[RX  <- B] bucket=31100  peer_BL=['8', '10', '11']  my_BL=['8', '10', '11']
[TX  ->  *] bucket=31100 L6 active=wlan0 ch7  BL=['8', '10', '11']
[08:51:02] HOP bucket=31101 L6 active=wlan1 ch9  | prep wlan0 ch3  | BL=['8', '10', '11']
[TX  ->  *] bucket=31101 L6 active=wlan1 ch9  BL=['8', '10', '11']
[RX  <- B] bucket=31101  peer_BL=['8', '10', '11']  my_BL=['8', '10', '11']
[08:51:04] HOP bucket=31102 L6 active=wlan0 ch3  | prep wlan1 ch7  | BL=['8', '10', '11']
[RX  <- B] bucket=31102  peer_BL=['8', '10', '11']  my_BL=['8', '10', '11']
[TX  ->  *] bucket=31102 L6 active=wlan0 ch3  BL=['8', '10', '11']
[08:51:06] HOP bucket=31103 L6 active=wlan1 ch7  | prep wlan0 ch9  | BL=['8', '10', '11']
[TX  ->  *] bucket=31103 L6 active=wlan1 ch7  BL=['8', '10', '11']
[RX  <- B] bucket=31103  peer_BL=['8', '10', '11']  my_BL=['8', '10', '11']
[08:51:08] HOP bucket=31104 L6 active=wlan0 ch9  | prep wlan1 ch5  | BL=['8', '10', '11']
[RX  <- B] bucket=31104  peer_BL=['8', '10', '11']  my_BL=['8', '10', '11']
[TX  ->  *] bucket=31104 L6 active=wlan0 ch9  BL=['8', '10', '11']
[08:51:10] HOP bucket=31105 L6 active=wlan1 ch5  | prep wlan0 ch3  | BL=['8', '10', '11']
[TX  ->  *] bucket=31105 L6 active=wlan1 ch5  BL=['8', '10', '11']
[RX  <- B] bucket=31105  peer_BL=['8', '10', '11']  my_BL=['8', '10', '11']
[08:51:12] HOP bucket=31106 L6 active=wlan0 ch3  | prep wlan1 ch5  | BL=['10', '11']
[TX  ->  *] bucket=31106 L6 active=wlan0 ch3  BL=['10', '11']
[RX  <- B] bucket=31106  peer_BL=['10', '11']  my_BL=['10', '11']
[08:51:14] HOP bucket=31107 L6 active=wlan1 ch5  | prep wlan0 ch3  | BL=['10', '11']
[TX  ->  *] bucket=31107 L6 active=wlan1 ch5  BL=['10', '11']
[RX  <- B] bucket=31107  peer_BL=['10', '11']  my_BL=['10', '11']
[08:51:16] HOP bucket=31108 L6 active=wlan0 ch3  | prep wlan1 ch9  | BL=['10', '11']
[TX  ->  *] bucket=31108 L6 active=wlan0 ch3  BL=['10', '11']
[RX  <- B] bucket=31108  peer_BL=['10', '11']  my_BL=['10', '11']
[08:51:18] HOP bucket=31109 L6 active=wlan1 ch9  | prep wlan0 ch6  | BL=['10', '11']
[TX  ->  *] bucket=31109 L6 active=wlan1 ch9  BL=['10', '11']
[RX  <- B] bucket=31109  peer_BL=['10', '11']  my_BL=['10', '11']
[08:51:20] HOP bucket=31110 L6 active=wlan0 ch6  | prep wlan1 ch3  | BL=['10', '11']
[TX  ->  *] bucket=31110 L6 active=wlan0 ch6  BL=['10', '11']
[!! JAMMED  ] bucket=31110 L6 active=wlan0 ch6  silent + egress_drops=37  -> BL until bucket=31140  BL=['6', '10', '11']
[08:51:22] HOP bucket=31111 L6 active=wlan1 ch3  | prep wlan0 ch8  | BL=['6', '10', '11']
[TX  ->  *] bucket=31111 L6 active=wlan1 ch3  BL=['6', '10', '11']
[!! JAMMED  ] bucket=31111 L6 active=wlan1 ch3  silent + egress_drops=38  -> BL until bucket=31141  BL=['3', '6', '10', '11']
[08:51:24] HOP bucket=31112 L6 active=wlan0 ch8  | prep wlan1 ch4  | BL=['3', '6', '10', '11']
[RX  <- B] bucket=31112  peer_BL=['10', '11', '6', '3']  my_BL=['3', '6', '10', '11']
[TX  ->  *] bucket=31112 L6 active=wlan0 ch8  BL=['3', '6', '10', '11']
[08:51:26] HOP bucket=31113 L6 active=wlan1 ch4  | prep wlan0 ch7  | BL=['3', '6', '10', '11']
[TX  ->  *] bucket=31113 L6 active=wlan1 ch4  BL=['3', '6', '10', '11']
[RX  <- B] bucket=31113  peer_BL=['10', '11', '6', '3']  my_BL=['3', '6', '10', '11']
[08:51:28] HOP bucket=31114 L6 active=wlan0 ch7  | prep wlan1 ch4  | BL=['3', '6', '11']
[RX  <- B] bucket=31114  peer_BL=['11', '6', '3']  my_BL=['3', '6', '11']
[TX  ->  *] bucket=31114 L6 active=wlan0 ch7  BL=['3', '6', '11']
[08:51:30] HOP bucket=31115 L6 active=wlan1 ch4  | prep wlan0 ch9  | BL=['3', '6', '11']
[TX  ->  *] bucket=31115 L6 active=wlan1 ch4  BL=['3', '6', '11']
[RX  <- B] bucket=31115  peer_BL=['11', '6', '3']  my_BL=['3', '6', '11']
[08:51:32] HOP bucket=31116 L6 active=wlan0 ch9  | prep wlan1 ch10  | BL=['3', '6']
[TX  ->  *] bucket=31116 L6 active=wlan0 ch9  BL=['3', '6']
[!! JAMMED  ] bucket=31116 L6 active=wlan0 ch9  silent + egress_drops=39  -> BL until bucket=31146  BL=['3', '6', '9']
[08:51:34] HOP bucket=31117 L6 active=wlan1 ch10  | prep wlan0 ch8  | BL=['3', '6', '9']
[RX  <- B] bucket=31117  peer_BL=['6', '3', '9']  my_BL=['3', '6', '9']
[TX  ->  *] bucket=31117 L6 active=wlan1 ch10  BL=['3', '6', '9']
[08:51:36] HOP bucket=31118 L6 active=wlan0 ch8  | prep wlan1 ch7  | BL=['3', '6', '9']
[RX  <- B] bucket=31118  peer_BL=['6', '3', '9']  my_BL=['3', '6', '9']
[TX  ->  *] bucket=31118 L6 active=wlan0 ch8  BL=['3', '6', '9']
[08:51:38] HOP bucket=31119 L6 active=wlan1 ch7  | prep wlan0 ch7  | BL=['3', '6', '9']
[TX  ->  *] bucket=31119 L6 active=wlan1 ch7  BL=['3', '6', '9']
[RX  <- B] bucket=31119  peer_BL=['6', '3', '9']  my_BL=['3', '6', '9']
[08:51:40] HOP bucket=31120 L6 active=wlan0 ch7  | prep wlan1 ch11  | BL=['3', '6', '9']
[TX  ->  *] bucket=31120 L6 active=wlan0 ch7  BL=['3', '6', '9']
[RX  <- B] bucket=31120  peer_BL=['6', '3', '9']  my_BL=['3', '6', '9']
[08:51:42] HOP bucket=31121 L6 active=wlan1 ch11  | prep wlan0 ch7  | BL=['3', '6', '9']
[TX  ->  *] bucket=31121 L6 active=wlan1 ch11  BL=['3', '6', '9']
[!! JAMMED  ] bucket=31121 L6 active=wlan1 ch11  silent + egress_drops=38  -> BL until bucket=31151  BL=['3', '6', '9', '11']
[08:51:44] HOP bucket=31122 L6 active=wlan0 ch7  | prep wlan1 ch7  | BL=['3', '6', '9', '11']
[TX  ->  *] bucket=31122 L6 active=wlan0 ch7  BL=['3', '6', '9', '11']
[RX  <- B] bucket=31122  peer_BL=['6', '3', '9', '11']  my_BL=['3', '6', '9', '11']
[08:51:46] HOP bucket=31123 L6 active=wlan1 ch7  | prep wlan0 ch7  | BL=['3', '6', '9', '11']
[TX  ->  *] bucket=31123 L6 active=wlan1 ch7  BL=['3', '6', '9', '11']
[RX  <- B] bucket=31123  peer_BL=['6', '3', '9', '11']  my_BL=['3', '6', '9', '11']
[08:51:48] HOP bucket=31124 L6 active=wlan0 ch7  | prep wlan1 ch10  | BL=['3', '6', '9', '11']
[TX  ->  *] bucket=31124 L6 active=wlan0 ch7  BL=['3', '6', '9', '11']
[RX  <- B] bucket=31124  peer_BL=['6', '3', '9', '11']  my_BL=['3', '6', '9', '11']
[08:51:50] HOP bucket=31125 L6 active=wlan1 ch10  | prep wlan0 ch7  | BL=['3', '6', '9', '11']
[TX  ->  *] bucket=31125 L6 active=wlan1 ch10  BL=['3', '6', '9', '11']
[RX  <- B] bucket=31125  peer_BL=['6', '3', '9', '11']  my_BL=['3', '6', '9', '11']
[08:51:52] HOP bucket=31126 L6 active=wlan0 ch7  | prep wlan1 ch4  | BL=['3', '6', '9', '11']
[TX  ->  *] bucket=31126 L6 active=wlan0 ch7  BL=['3', '6', '9', '11']
[RX  <- B] bucket=31126  peer_BL=['6', '3', '9', '11']  my_BL=['3', '6', '9', '11']
[08:51:54] HOP bucket=31127 L6 active=wlan1 ch4  | prep wlan0 ch4  | BL=['3', '6', '9', '11']
[RX  <- B] bucket=31127  peer_BL=['6', '3', '9', '11']  my_BL=['3', '6', '9', '11']
[TX  ->  *] bucket=31127 L6 active=wlan1 ch4  BL=['3', '6', '9', '11']
[08:51:56] HOP bucket=31128 L6 active=wlan0 ch4  | prep wlan1 ch7  | BL=['3', '6', '9', '11']
[RX  <- B] bucket=31128  peer_BL=['6', '3', '9', '11']  my_BL=['3', '6', '9', '11']
[TX  ->  *] bucket=31128 L6 active=wlan0 ch4  BL=['3', '6', '9', '11']
[08:51:58] HOP bucket=31129 L6 active=wlan1 ch7  | prep wlan0 ch4  | BL=['3', '6', '9', '11']
[RX  <- B] bucket=31129  peer_BL=['6', '3', '9', '11']  my_BL=['3', '6', '9', '11']
[TX  ->  *] bucket=31129 L6 active=wlan1 ch7  BL=['3', '6', '9', '11']
[08:52:00] HOP bucket=31130 L6 active=wlan0 ch4  | prep wlan1 ch10  | BL=['3', '6', '9', '11']
[RX  <- B] bucket=31130  peer_BL=['6', '3', '9', '11']  my_BL=['3', '6', '9', '11']
[TX  ->  *] bucket=31130 L6 active=wlan0 ch4  BL=['3', '6', '9', '11']
[08:52:02] HOP bucket=31131 L6 active=wlan1 ch10  | prep wlan0 ch7  | BL=['3', '6', '9', '11']
[TX  ->  *] bucket=31131 L6 active=wlan1 ch10  BL=['3', '6', '9', '11']
[RX  <- B] bucket=31131  peer_BL=['6', '3', '9', '11']  my_BL=['3', '6', '9', '11']
[08:52:04] HOP bucket=31132 L6 active=wlan0 ch7  | prep wlan1 ch4  | BL=['3', '6', '9', '11']
[RX  <- B] bucket=31132  peer_BL=['6', '3', '9', '11']  my_BL=['3', '6', '9', '11']
[TX  ->  *] bucket=31132 L6 active=wlan0 ch7  BL=['3', '6', '9', '11']
[08:52:06] HOP bucket=31133 L6 active=wlan1 ch4  | prep wlan0 ch7  | BL=['3', '6', '9', '11']
[TX  ->  *] bucket=31133 L6 active=wlan1 ch4  BL=['3', '6', '9', '11']
[RX  <- B] bucket=31133  peer_BL=['6', '3', '9', '11']  my_BL=['3', '6', '9', '11']
[08:52:08] HOP bucket=31134 L6 active=wlan0 ch7  | prep wlan1 ch7  | BL=['3', '6', '9', '11']
[TX  ->  *] bucket=31134 L6 active=wlan0 ch7  BL=['3', '6', '9', '11']
[RX  <- B] bucket=31134  peer_BL=['6', '3', '9', '11']  my_BL=['3', '6', '9', '11']
[08:52:10] HOP bucket=31135 L6 active=wlan1 ch7  | prep wlan0 ch7  | BL=['3', '6', '9', '11']
[TX  ->  *] bucket=31135 L6 active=wlan1 ch7  BL=['3', '6', '9', '11']
[RX  <- B] bucket=31135  peer_BL=['6', '3', '9', '11']  my_BL=['3', '6', '9', '11']
[08:52:12] HOP bucket=31136 L6 active=wlan0 ch7  | prep wlan1 ch10  | BL=['3', '6', '9', '11']
[TX  ->  *] bucket=31136 L6 active=wlan0 ch7  BL=['3', '6', '9', '11']
[RX  <- B] bucket=31136  peer_BL=['6', '3', '9', '11']  my_BL=['3', '6', '9', '11']
[08:52:14] HOP bucket=31137 L6 active=wlan1 ch10  | prep wlan0 ch10  | BL=['3', '6', '9', '11']
[TX  ->  *] bucket=31137 L6 active=wlan1 ch10  BL=['3', '6', '9', '11']
[RX  <- B] bucket=31137  peer_BL=['6', '3', '9', '11']  my_BL=['3', '6', '9', '11']
[08:52:16] HOP bucket=31138 L6 active=wlan0 ch10  | prep wlan1 ch7  | BL=['3', '6', '9', '11']
[TX  ->  *] bucket=31138 L6 active=wlan0 ch10  BL=['3', '6', '9', '11']
[RX  <- B] bucket=31138  peer_BL=['6', '3', '9', '11']  my_BL=['3', '6', '9', '11']
[08:52:18] HOP bucket=31139 L6 active=wlan1 ch7  | prep wlan0 ch4  | BL=['3', '6', '9', '11']
[TX  ->  *] bucket=31139 L6 active=wlan1 ch7  BL=['3', '6', '9', '11']
[RX  <- B] bucket=31139  peer_BL=['6', '3', '9', '11']  my_BL=['3', '6', '9', '11']
[08:52:20] HOP bucket=31140 L6 active=wlan0 ch4  | prep wlan1 ch5  | BL=['3', '9', '11']
[TX  ->  *] bucket=31140 L6 active=wlan0 ch4  BL=['3', '9', '11']
[?? SOFT    ] bucket=31140 L6 active=wlan0 ch4  silent across 35 frames but egress_drops=0  (no tc evidence)
[08:52:22] HOP bucket=31141 L6 active=wlan1 ch5  | prep wlan0 ch4  | BL=['9', '11']
[TX  ->  *] bucket=31141 L6 active=wlan1 ch5  BL=['9', '11']
[RX  <- B] bucket=31141  peer_BL=['9', '11', '4']  my_BL=['4', '9', '11']
[<= MERGED  ] ch4 from peer's confirmed -> expires bucket=886262200
[08:52:24] HOP bucket=31142 L6 active=wlan0 ch4  (LAG: totp_says=ch5, physical=ch4)  | prep wlan1 ch5  | BL=['4', '9', '11']
[TX  ->  *] bucket=31142 L6 active=wlan0 ch4  BL=['4', '9', '11']
[RX  <- B] bucket=31142  peer_BL=['9', '11', '4']  my_BL=['4', '9', '11']
[08:52:26] HOP bucket=31143 L6 active=wlan1 ch5  | prep wlan0 ch5  | BL=['4', '9', '11']
[RX  <- B] bucket=31143  peer_BL=['9', '11', '4']  my_BL=['4', '9', '11']
[TX  ->  *] bucket=31143 L6 active=wlan1 ch5  BL=['4', '9', '11']
[08:52:28] HOP bucket=31144 L6 active=wlan0 ch5  | prep wlan1 ch10  | BL=['4', '9', '11']
[TX  ->  *] bucket=31144 L6 active=wlan0 ch5  BL=['4', '9', '11']
[RX  <- B] bucket=31144  peer_BL=['9', '11', '4']  my_BL=['4', '9', '11']
[08:52:30] HOP bucket=31145 L6 active=wlan1 ch10  | prep wlan0 ch6  | BL=['4', '9', '11']
[TX  ->  *] bucket=31145 L6 active=wlan1 ch10  BL=['4', '9', '11']
[?? SOFT    ] bucket=31145 L6 active=wlan1 ch10  silent across 35 frames but egress_drops=0  (no tc evidence)
[08:52:32] HOP bucket=31146 L6 active=wlan0 ch6  | prep wlan1 ch8  | BL=['4', '11']
[TX  ->  *] bucket=31146 L6 active=wlan0 ch6  BL=['4', '11']
[!! JAMMED  ] bucket=31146 L6 active=wlan0 ch6  silent + egress_drops=38  -> BL until bucket=31176  BL=['4', '6', '11']
[08:52:34] HOP bucket=31147 L6 active=wlan1 ch8  | prep wlan0 ch10  | BL=['4', '6', '11']
[TX  ->  *] bucket=31147 L6 active=wlan1 ch8  BL=['4', '6', '11']
[RX  <- B] bucket=31147  peer_BL=['11', '4', '10']  my_BL=['4', '6', '10', '11']
[<= MERGED  ] ch10 from peer's confirmed -> expires bucket=886262205
[08:52:36] HOP bucket=31148 L6 active=wlan0 ch10  (LAG: totp_says=ch3, physical=ch10)  | prep wlan1 ch5  | BL=['4', '6', '10', '11']
[TX  ->  *] bucket=31148 L6 active=wlan0 ch10  BL=['4', '6', '10', '11']
[?? SOFT    ] bucket=31148 L6 active=wlan0 ch10  silent across 35 frames but egress_drops=0  (no tc evidence)
[08:52:38] HOP bucket=31149 L6 active=wlan1 ch5  | prep wlan0 ch8  | BL=['4', '6', '10', '11']
[TX  ->  *] bucket=31149 L6 active=wlan1 ch5  BL=['4', '6', '10', '11']
[RX  <- B] bucket=31149  peer_BL=['11', '4', '10', '6']  my_BL=['4', '6', '10', '11']
[08:52:40] HOP bucket=31150 L6 active=wlan0 ch8  | prep wlan1 ch5  | BL=['4', '6', '10', '11']
[RX  <- B] bucket=31150  peer_BL=['11', '4', '10', '6']  my_BL=['4', '6', '10', '11']
[TX  ->  *] bucket=31150 L6 active=wlan0 ch8  BL=['4', '6', '10', '11']
[08:52:42] HOP bucket=31151 L6 active=wlan1 ch5  | prep wlan0 ch11  | BL=['4', '6', '10']
[TX  ->  *] bucket=31151 L6 active=wlan1 ch5  BL=['4', '6', '10']
[RX  <- B] bucket=31151  peer_BL=['4', '10', '6']  my_BL=['4', '6', '10']
[08:52:44] HOP bucket=31152 L6 active=wlan0 ch11  | prep wlan1 ch7  | BL=['4', '6', '10']
[TX  ->  *] bucket=31152 L6 active=wlan0 ch11  BL=['4', '6', '10']
[!! JAMMED  ] bucket=31152 L6 active=wlan0 ch11  silent + egress_drops=39  -> BL until bucket=31182  BL=['4', '6', '10', '11']
[08:52:46] HOP bucket=31153 L6 active=wlan1 ch7  | prep wlan0 ch3  | BL=['4', '6', '10', '11']
[TX  ->  *] bucket=31153 L6 active=wlan1 ch7  BL=['4', '6', '10', '11']
[?? SOFT    ] bucket=31153 L6 active=wlan1 ch7  silent across 35 frames but egress_drops=0  (no tc evidence)
[08:52:48] HOP bucket=31154 L6 active=wlan0 ch3  | prep wlan1 ch5  | BL=['4', '6', '10', '11']
[TX  ->  *] bucket=31154 L6 active=wlan0 ch3  BL=['4', '6', '10', '11']
[!! JAMMED  ] bucket=31154 L6 active=wlan0 ch3  silent + egress_drops=78  -> BL until bucket=31184  BL=['3', '4', '6', '10', '11']
[08:52:50] HOP bucket=31155 L6 active=wlan1 ch5  | prep wlan0 ch5  | BL=['3', '4', '6', '10', '11']
[RX  <- B] bucket=31155  peer_BL=['4', '10', '6', '11', '7']  my_BL=['3', '4', '6', '7', '10', '11']
[<= MERGED  ] ch7 from peer's confirmed -> expires bucket=886262213
[TX  ->  *] bucket=31155 L6 active=wlan1 ch5  BL=['3', '4', '6', '7', '10', '11']
[08:52:52] HOP bucket=31156 L6 active=wlan0 ch5  | prep wlan1 ch5  | BL=['3', '4', '6', '7', '10', '11']
[TX  ->  *] bucket=31156 L6 active=wlan0 ch5  BL=['3', '4', '6', '7', '10', '11']
[RX  <- B] bucket=31156  peer_BL=['4', '10', '6', '11', '7', '3']  my_BL=['3', '4', '6', '7', '10', '11']
[08:52:54] HOP bucket=31157 L6 active=wlan1 ch5  | prep wlan0 ch9  | BL=['3', '4', '6', '7', '10', '11']
[TX  ->  *] bucket=31157 L6 active=wlan1 ch5  BL=['3', '4', '6', '7', '10', '11']
[RX  <- B] bucket=31157  peer_BL=['4', '10', '6', '11', '7', '3']  my_BL=['3', '4', '6', '7', '10', '11']
[08:52:56] HOP bucket=31158 L6 active=wlan0 ch9  | prep wlan1 ch5  | BL=['3', '4', '6', '7', '10', '11']
[TX  ->  *] bucket=31158 L6 active=wlan0 ch9  BL=['3', '4', '6', '7', '10', '11']
[!! JAMMED  ] bucket=31158 L6 active=wlan0 ch9  silent + egress_drops=39  -> BL until bucket=31188  BL=['3', '4', '6', '7', '9', '10', '11']
[08:52:58] HOP bucket=31159 L6 active=wlan1 ch5  | prep wlan0 ch5  | BL=['3', '4', '6', '7', '9', '10', '11']
[TX  ->  *] bucket=31159 L6 active=wlan1 ch5  BL=['3', '4', '6', '7', '9', '10', '11']
[RX  <- B] bucket=31159  peer_BL=['4', '10', '6', '11', '7', '3', '9']  my_BL=['3', '4', '6', '7', '9', '10', '11']
[08:53:00] HOP bucket=31160 L6 active=wlan0 ch5  | prep wlan1 ch5  | BL=['3', '4', '6', '7', '9', '10', '11']
[RX  <- B] bucket=31160  peer_BL=['4', '10', '6', '11', '7', '3', '9']  my_BL=['3', '4', '6', '7', '9', '10', '11']
[TX  ->  *] bucket=31160 L6 active=wlan0 ch5  BL=['3', '4', '6', '7', '9', '10', '11']
[08:53:02] HOP bucket=31161 L6 active=wlan1 ch5  | prep wlan0 ch5  | BL=['3', '4', '6', '7', '9', '10', '11']
[RX  <- B] bucket=31161  peer_BL=['4', '10', '6', '11', '7', '3', '9']  my_BL=['3', '4', '6', '7', '9', '10', '11']
[TX  ->  *] bucket=31161 L6 active=wlan1 ch5  BL=['3', '4', '6', '7', '9', '10', '11']
[08:53:04] HOP bucket=31162 L6 active=wlan0 ch5  | prep wlan1 ch5  | BL=['3', '4', '6', '7', '9', '10', '11']
[RX  <- B] bucket=31162  peer_BL=['4', '10', '6', '11', '7', '3', '9']  my_BL=['3', '4', '6', '7', '9', '10', '11']
[TX  ->  *] bucket=31162 L6 active=wlan0 ch5  BL=['3', '4', '6', '7', '9', '10', '11']
[08:53:06] HOP bucket=31163 L6 active=wlan1 ch5  | prep wlan0 ch8  | BL=['3', '4', '6', '7', '9', '10', '11']
[TX  ->  *] bucket=31163 L6 active=wlan1 ch5  BL=['3', '4', '6', '7', '9', '10', '11']
[RX  <- B] bucket=31163  peer_BL=['4', '10', '6', '11', '7', '3', '9']  my_BL=['3', '4', '6', '7', '9', '10', '11']
[08:53:08] HOP bucket=31164 L6 active=wlan0 ch8  | prep wlan1 ch8  | BL=['3', '4', '6', '7', '9', '10', '11']
[RX  <- B] bucket=31164  peer_BL=['4', '10', '6', '11', '7', '3', '9']  my_BL=['3', '4', '6', '7', '9', '10', '11']
[TX  ->  *] bucket=31164 L6 active=wlan0 ch8  BL=['3', '4', '6', '7', '9', '10', '11']
[08:53:10] HOP bucket=31165 L6 active=wlan1 ch8  | prep wlan0 ch5  | BL=['3', '4', '6', '7', '9', '10', '11']
[TX  ->  *] bucket=31165 L6 active=wlan1 ch8  BL=['3', '4', '6', '7', '9', '10', '11']
[RX  <- B] bucket=31165  peer_BL=['4', '10', '6', '11', '7', '3', '9']  my_BL=['3', '4', '6', '7', '9', '10', '11']
[08:53:12] HOP bucket=31166 L6 active=wlan0 ch5  | prep wlan1 ch5  | BL=['3', '4', '6', '7', '9', '10', '11']
[RX  <- B] bucket=31166  peer_BL=['4', '10', '6', '11', '7', '3', '9']  my_BL=['3', '4', '6', '7', '9', '10', '11']
[TX  ->  *] bucket=31166 L6 active=wlan0 ch5  BL=['3', '4', '6', '7', '9', '10', '11']
[08:53:14] HOP bucket=31167 L6 active=wlan1 ch5  | prep wlan0 ch5  | BL=['3', '4', '6', '7', '9', '10', '11']
[RX  <- B] bucket=31167  peer_BL=['4', '10', '6', '11', '7', '3', '9']  my_BL=['3', '4', '6', '7', '9', '10', '11']
[TX  ->  *] bucket=31167 L6 active=wlan1 ch5  BL=['3', '4', '6', '7', '9', '10', '11']
[08:53:16] HOP bucket=31168 L6 active=wlan0 ch5  | prep wlan1 ch5  | BL=['3', '4', '6', '7', '9', '10', '11']
[TX  ->  *] bucket=31168 L6 active=wlan0 ch5  BL=['3', '4', '6', '7', '9', '10', '11']
[RX  <- B] bucket=31168  peer_BL=['4', '10', '6', '11', '7', '3', '9']  my_BL=['3', '4', '6', '7', '9', '10', '11']
[08:53:18] HOP bucket=31169 L6 active=wlan1 ch5  | prep wlan0 ch5  | BL=['3', '4', '6', '7', '9', '10', '11']
[RX  <- B] bucket=31169  peer_BL=['4', '10', '6', '11', '7', '3', '9']  my_BL=['3', '4', '6', '7', '9', '10', '11']
[TX  ->  *] bucket=31169 L6 active=wlan1 ch5  BL=['3', '4', '6', '7', '9', '10', '11']
[08:53:20] HOP bucket=31170 L6 active=wlan0 ch5  (LAG: totp_says=ch4, physical=ch5)  | prep wlan1 ch8  | BL=['3', '6', '7', '9', '10', '11']
[TX  ->  *] bucket=31170 L6 active=wlan0 ch5  BL=['3', '6', '7', '9', '10', '11']
[RX  <- B] bucket=31170  peer_BL=['10', '6', '11', '7', '3', '9']  my_BL=['3', '6', '7', '9', '10', '11']
[08:53:22] HOP bucket=31171 L6 active=wlan1 ch8  | prep wlan0 ch8  | BL=['3', '6', '7', '9', '10', '11']
[TX  ->  *] bucket=31171 L6 active=wlan1 ch8  BL=['3', '6', '7', '9', '10', '11']
[RX  <- B] bucket=31171  peer_BL=['10', '6', '11', '7', '3', '9']  my_BL=['3', '6', '7', '9', '10', '11']
[08:53:24] HOP bucket=31172 L6 active=wlan0 ch8  | prep wlan1 ch4  | BL=['3', '6', '7', '9', '10', '11']
[RX  <- B] bucket=31172  peer_BL=['10', '6', '11', '7', '3', '9']  my_BL=['3', '6', '7', '9', '10', '11']
[TX  ->  *] bucket=31172 L6 active=wlan0 ch8  BL=['3', '6', '7', '9', '10', '11']
[08:53:26] HOP bucket=31173 L6 active=wlan1 ch4  | prep wlan0 ch8  | BL=['3', '6', '7', '9', '10', '11']
[TX  ->  *] bucket=31173 L6 active=wlan1 ch4  BL=['3', '6', '7', '9', '10', '11']
[RX  <- B] bucket=31173  peer_BL=['10', '6', '11', '7', '3', '9']  my_BL=['3', '6', '7', '9', '10', '11']
[08:53:28] HOP bucket=31174 L6 active=wlan0 ch8  | prep wlan1 ch8  | BL=['3', '6', '7', '9', '10', '11']
[RX  <- B] bucket=31174  peer_BL=['10', '6', '11', '7', '3', '9']  my_BL=['3', '6', '7', '9', '10', '11']
[TX  ->  *] bucket=31174 L6 active=wlan0 ch8  BL=['3', '6', '7', '9', '10', '11']
[08:53:30] HOP bucket=31175 L6 active=wlan1 ch8  | prep wlan0 ch8  | BL=['3', '6', '7', '9', '11']
[TX  ->  *] bucket=31175 L6 active=wlan1 ch8  BL=['3', '6', '7', '9', '11']
[RX  <- B] bucket=31175  peer_BL=['6', '11', '7', '3', '9']  my_BL=['3', '6', '7', '9', '11']
[08:53:32] HOP bucket=31176 L6 active=wlan0 ch8  | prep wlan1 ch4  | BL=['3', '7', '9', '11']
[TX  ->  *] bucket=31176 L6 active=wlan0 ch8  BL=['3', '7', '9', '11']
[RX  <- B] bucket=31176  peer_BL=['11', '7', '3', '9']  my_BL=['3', '7', '9', '11']
[08:53:34] HOP bucket=31177 L6 active=wlan1 ch4  | prep wlan0 ch6  | BL=['3', '7', '9', '11']
[TX  ->  *] bucket=31177 L6 active=wlan1 ch4  BL=['3', '7', '9', '11']
[RX  <- B] bucket=31177  peer_BL=['11', '7', '3', '9']  my_BL=['3', '7', '9', '11']
[08:53:36] HOP bucket=31178 L6 active=wlan0 ch6  | prep wlan1 ch8  | BL=['3', '7', '9', '11']
[RX  <- B] bucket=31178  peer_BL=['11', '7', '3', '9']  my_BL=['3', '7', '9', '11']
[TX  ->  *] bucket=31178 L6 active=wlan0 ch6  BL=['3', '7', '9', '11']
[08:53:38] HOP bucket=31179 L6 active=wlan1 ch8  | prep wlan0 ch10  | BL=['3', '7', '9', '11']
[TX  ->  *] bucket=31179 L6 active=wlan1 ch8  BL=['3', '7', '9', '11']
[RX  <- B] bucket=31179  peer_BL=['11', '7', '3', '9']  my_BL=['3', '7', '9', '11']
[08:53:40] HOP bucket=31180 L6 active=wlan0 ch10  | prep wlan1 ch5  | BL=['3', '7', '9', '11']
[TX  ->  *] bucket=31180 L6 active=wlan0 ch10  BL=['3', '7', '9', '11']
[RX  <- B] bucket=31180  peer_BL=['11', '7', '3', '9']  my_BL=['3', '7', '9', '11']
[08:53:42] HOP bucket=31181 L6 active=wlan1 ch5  | prep wlan0 ch4  | BL=['3', '7', '9', '11']
[TX  ->  *] bucket=31181 L6 active=wlan1 ch5  BL=['3', '7', '9', '11']
[RX  <- B] bucket=31181  peer_BL=['11', '7', '3', '9']  my_BL=['3', '7', '9', '11']
[08:53:44] HOP bucket=31182 L6 active=wlan0 ch4  | prep wlan1 ch10  | BL=['3', '7', '9']
[TX  ->  *] bucket=31182 L6 active=wlan0 ch4  BL=['3', '7', '9']
[RX  <- B] bucket=31182  peer_BL=['7', '3', '9']  my_BL=['3', '7', '9']
[08:53:46] HOP bucket=31183 L6 active=wlan1 ch10  | prep wlan0 ch10  | BL=['3', '9']
[RX  <- B] bucket=31183  peer_BL=['3', '9']  my_BL=['3', '9']
[TX  ->  *] bucket=31183 L6 active=wlan1 ch10  BL=['3', '9']
[08:53:48] HOP bucket=31184 L6 active=wlan0 ch10  | prep wlan1 ch11  | BL=['9']
[TX  ->  *] bucket=31184 L6 active=wlan0 ch10  BL=['9']
[RX  <- B] bucket=31184  peer_BL=['9']  my_BL=['9']
[08:53:50] HOP bucket=31185 L6 active=wlan1 ch11  | prep wlan0 ch6  | BL=['9']
[TX  ->  *] bucket=31185 L6 active=wlan1 ch11  BL=['9']
[RX  <- B] bucket=31185  peer_BL=['9']  my_BL=['9']
[08:53:52] HOP bucket=31186 L6 active=wlan0 ch6  | prep wlan1 ch7  | BL=['9']
[TX  ->  *] bucket=31186 L6 active=wlan0 ch6  BL=['9']
[RX  <- B] bucket=31186  peer_BL=['9']  my_BL=['9']
[08:53:54] HOP bucket=31187 L6 active=wlan1 ch7  | prep wlan0 ch11  | BL=['9']
[RX  <- B] bucket=31187  peer_BL=['9']  my_BL=['9']
[TX  ->  *] bucket=31187 L6 active=wlan1 ch7  BL=['9']
[08:53:56] HOP bucket=31188 L6 active=wlan0 ch11  | prep wlan1 ch4  | BL=[]
[TX  ->  *] bucket=31188 L6 active=wlan0 ch11  BL=[]
[RX  <- B] bucket=31188  peer_BL=[]  my_BL=[]
[08:53:58] HOP bucket=31189 L6 active=wlan1 ch4  | prep wlan0 ch11  | BL=[]
[TX  ->  *] bucket=31189 L6 active=wlan1 ch4  BL=[]
[RX  <- B] bucket=31189  peer_BL=[]  my_BL=[]
[08:54:00] HOP bucket=31190 L6 active=wlan0 ch11  | prep wlan1 ch10  | BL=[]
[RX  <- B] bucket=31190  peer_BL=[]  my_BL=[]
[TX  ->  *] bucket=31190 L6 active=wlan0 ch11  BL=[]
[08:54:02] HOP bucket=31191 L6 active=wlan1 ch10  | prep wlan0 ch5  | BL=[]
[RX  <- B] bucket=31191  peer_BL=[]  my_BL=[]
[TX  ->  *] bucket=31191 L6 active=wlan1 ch10  BL=[]
[08:54:04] HOP bucket=31192 L6 active=wlan0 ch5  | prep wlan1 ch5  | BL=[]
[TX  ->  *] bucket=31192 L6 active=wlan0 ch5  BL=[]
[RX  <- B] bucket=31192  peer_BL=[]  my_BL=[]