============================================================
 ARTCHO NODE — MODE=L3 — NODE_ID=A
============================================================
 Bucket duration : 2.0s
 TEST_EPOCH      : 1776807024.0
 BUCKET_EPOCH    : 1776724224.0
 sim offset      : 82800s  (23.00h)
 Use blacklist   : True
 Detect enabled  : True
 Dual radio      : True
============================================================

[WAIT] sleeping 16.7s until TEST_EPOCH...
[INIT] L3 cold-start (bucket=41400):
       active  wlan0 -> ch6 (2437 MHz)
       bg      wlan1 -> ch7 (2442 MHz)
       confirmed blacklist: []
[INIT] L3 cold-start complete.

[TX  ->  *] bucket=41400 L3 active=wlan0 ch6  BL=[]
[RX  <- B] bucket=41400  peer_BL=[]  my_BL=[]
[23:30:26] HOP bucket=41401 L3 active=wlan1 ch7  | prep wlan0 ch7  | BL=[]
[TX  ->  *] bucket=41401 L3 active=wlan1 ch7  BL=[]
[RX  <- B] bucket=41401  peer_BL=[]  my_BL=[]
[23:30:28] HOP bucket=41402 L3 active=wlan0 ch7  | prep wlan1 ch5  | BL=[]
[TX  ->  *] bucket=41402 L3 active=wlan0 ch7  BL=[]
[RX  <- B] bucket=41402  peer_BL=[]  my_BL=[]
[23:30:30] HOP bucket=41403 L3 active=wlan1 ch5  | prep wlan0 ch5  | BL=[]
[RX  <- B] bucket=41403  peer_BL=[]  my_BL=[]
[TX  ->  *] bucket=41403 L3 active=wlan1 ch5  BL=[]
[23:30:32] HOP bucket=41404 L3 active=wlan0 ch5  | prep wlan1 ch10  | BL=[]
[RX  <- B] bucket=41404  peer_BL=[]  my_BL=[]
[TX  ->  *] bucket=41404 L3 active=wlan0 ch5  BL=[]
[23:30:34] HOP bucket=41405 L3 active=wlan1 ch10  | prep wlan0 ch10  | BL=[]
[TX  ->  *] bucket=41405 L3 active=wlan1 ch10  BL=[]
[RX  <- B] bucket=41405  peer_BL=[]  my_BL=[]
[23:30:36] HOP bucket=41406 L3 active=wlan0 ch10  | prep wlan1 ch11  | BL=[]
[RX  <- B] bucket=41406  peer_BL=[]  my_BL=[]
[TX  ->  *] bucket=41406 L3 active=wlan0 ch10  BL=[]
[23:30:38] HOP bucket=41407 L3 active=wlan1 ch11  | prep wlan0 ch7  | BL=[]
[TX  ->  *] bucket=41407 L3 active=wlan1 ch11  BL=[]
[RX  <- B] bucket=41407  peer_BL=[]  my_BL=[]
[23:30:40] HOP bucket=41408 L3 active=wlan0 ch7  | prep wlan1 ch7  | BL=[]
[TX  ->  *] bucket=41408 L3 active=wlan0 ch7  BL=[]
[RX  <- B] bucket=41408  peer_BL=[]  my_BL=[]
[23:30:42] HOP bucket=41409 L3 active=wlan1 ch7  | prep wlan0 ch8  | BL=[]
[TX  ->  *] bucket=41409 L3 active=wlan1 ch7  BL=[]
[RX  <- B] bucket=41409  peer_BL=[]  my_BL=[]
[23:30:44] HOP bucket=41410 L3 active=wlan0 ch8  | prep wlan1 ch4  | BL=[]
[TX  ->  *] bucket=41410 L3 active=wlan0 ch8  BL=[]
[RX  <- B] bucket=41410  peer_BL=[]  my_BL=[]
[23:30:46] HOP bucket=41411 L3 active=wlan1 ch4  | prep wlan0 ch9  | BL=[]
[TX  ->  *] bucket=41411 L3 active=wlan1 ch4  BL=[]
[RX  <- B] bucket=41411  peer_BL=[]  my_BL=[]
[23:30:48] HOP bucket=41412 L3 active=wlan0 ch9  | prep wlan1 ch10  | BL=[]
[TX  ->  *] bucket=41412 L3 active=wlan0 ch9  BL=[]
[RX  <- B] bucket=41412  peer_BL=[]  my_BL=[]
[23:30:50] HOP bucket=41413 L3 active=wlan1 ch10  | prep wlan0 ch10  | BL=[]
[TX  ->  *] bucket=41413 L3 active=wlan1 ch10  BL=[]
[RX  <- B] bucket=41413  peer_BL=[]  my_BL=[]
[23:30:52] HOP bucket=41414 L3 active=wlan0 ch10  | prep wlan1 ch9  | BL=[]
[RX  <- B] bucket=41414  peer_BL=[]  my_BL=[]
[TX  ->  *] bucket=41414 L3 active=wlan0 ch10  BL=[]
[23:30:54] HOP bucket=41415 L3 active=wlan1 ch9  | prep wlan0 ch5  | BL=[]
[RX  <- B] bucket=41415  peer_BL=[]  my_BL=[]
[TX  ->  *] bucket=41415 L3 active=wlan1 ch9  BL=[]
[23:30:56] HOP bucket=41416 L3 active=wlan0 ch5  | prep wlan1 ch5  | BL=[]
[RX  <- B] bucket=41416  peer_BL=[]  my_BL=[]
[TX  ->  *] bucket=41416 L3 active=wlan0 ch5  BL=[]
[23:30:58] HOP bucket=41417 L3 active=wlan1 ch5  | prep wlan0 ch4  | BL=[]
[RX  <- B] bucket=41417  peer_BL=[]  my_BL=[]
[TX  ->  *] bucket=41417 L3 active=wlan1 ch5  BL=[]
[23:31:00] HOP bucket=41418 L3 active=wlan0 ch4  | prep wlan1 ch8  | BL=[]
[TX  ->  *] bucket=41418 L3 active=wlan0 ch4  BL=[]
[RX  <- B] bucket=41418  peer_BL=[]  my_BL=[]
[23:31:02] HOP bucket=41419 L3 active=wlan1 ch8  | prep wlan0 ch4  | BL=[]
[RX  <- B] bucket=41419  peer_BL=[]  my_BL=[]
[TX  ->  *] bucket=41419 L3 active=wlan1 ch8  BL=[]
[23:31:04] HOP bucket=41420 L3 active=wlan0 ch4  | prep wlan1 ch11  | BL=[]
[TX  ->  *] bucket=41420 L3 active=wlan0 ch4  BL=[]
[RX  <- B] bucket=41420  peer_BL=[]  my_BL=[]
[23:31:06] HOP bucket=41421 L3 active=wlan1 ch11  | prep wlan0 ch11  | BL=[]
[TX  ->  *] bucket=41421 L3 active=wlan1 ch11  BL=[]
[RX  <- B] bucket=41421  peer_BL=[]  my_BL=[]
[23:31:08] HOP bucket=41422 L3 active=wlan0 ch11  | prep wlan1 ch11  | BL=[]
[RX  <- B] bucket=41422  peer_BL=[]  my_BL=[]
[TX  ->  *] bucket=41422 L3 active=wlan0 ch11  BL=[]
[23:31:10] HOP bucket=41423 L3 active=wlan1 ch11  | prep wlan0 ch3  | BL=[]
[TX  ->  *] bucket=41423 L3 active=wlan1 ch11  BL=[]
[RX  <- B] bucket=41423  peer_BL=[]  my_BL=[]
[23:31:12] HOP bucket=41424 L3 active=wlan0 ch3  | prep wlan1 ch9  | BL=[]
[TX  ->  *] bucket=41424 L3 active=wlan0 ch3  BL=[]
[RX  <- B] bucket=41424  peer_BL=[]  my_BL=[]
[23:31:14] HOP bucket=41425 L3 active=wlan1 ch9  | prep wlan0 ch6  | BL=[]
[RX  <- B] bucket=41425  peer_BL=[]  my_BL=[]
[TX  ->  *] bucket=41425 L3 active=wlan1 ch9  BL=[]
[23:31:16] HOP bucket=41426 L3 active=wlan0 ch6  | prep wlan1 ch9  | BL=[]
[RX  <- B] bucket=41426  peer_BL=[]  my_BL=[]
[TX  ->  *] bucket=41426 L3 active=wlan0 ch6  BL=[]
[23:31:18] HOP bucket=41427 L3 active=wlan1 ch9  | prep wlan0 ch4  | BL=[]
[TX  ->  *] bucket=41427 L3 active=wlan1 ch9  BL=[]
[RX  <- B] bucket=41427  peer_BL=[]  my_BL=[]
[23:31:20] HOP bucket=41428 L3 active=wlan0 ch4  | prep wlan1 ch11  | BL=[]
[RX  <- B] bucket=41428  peer_BL=[]  my_BL=[]
[TX  ->  *] bucket=41428 L3 active=wlan0 ch4  BL=[]
[23:31:22] HOP bucket=41429 L3 active=wlan1 ch11  | prep wlan0 ch4  | BL=[]
[RX  <- B] bucket=41429  peer_BL=[]  my_BL=[]
[TX  ->  *] bucket=41429 L3 active=wlan1 ch11  BL=[]
[23:31:24] HOP bucket=41430 L3 active=wlan0 ch4  | prep wlan1 ch8  | BL=[]
[RX  <- B] bucket=41430  peer_BL=[]  my_BL=[]
[TX  ->  *] bucket=41430 L3 active=wlan0 ch4  BL=[]
[23:31:26] HOP bucket=41431 L3 active=wlan1 ch8  | prep wlan0 ch4  | BL=[]
[TX  ->  *] bucket=41431 L3 active=wlan1 ch8  BL=[]
[RX  <- B] bucket=41431  peer_BL=[]  my_BL=[]
[23:31:28] HOP bucket=41432 L3 active=wlan0 ch4  | prep wlan1 ch7  | BL=[]
[TX  ->  *] bucket=41432 L3 active=wlan0 ch4  BL=[]
[RX  <- B] bucket=41432  peer_BL=[]  my_BL=[]
[23:31:30] HOP bucket=41433 L3 active=wlan1 ch7  | prep wlan0 ch8  | BL=[]
[TX  ->  *] bucket=41433 L3 active=wlan1 ch7  BL=[]
[RX  <- B] bucket=41433  peer_BL=[]  my_BL=[]
[23:31:32] HOP bucket=41434 L3 active=wlan0 ch8  | prep wlan1 ch3  | BL=[]
[TX  ->  *] bucket=41434 L3 active=wlan0 ch8  BL=[]
[RX  <- B] bucket=41434  peer_BL=[]  my_BL=[]
[23:31:34] HOP bucket=41435 L3 active=wlan1 ch3  | prep wlan0 ch9  | BL=[]
[TX  ->  *] bucket=41435 L3 active=wlan1 ch3  BL=[]
[RX  <- B] bucket=41435  peer_BL=[]  my_BL=[]
[23:31:36] HOP bucket=41436 L3 active=wlan0 ch9  | prep wlan1 ch8  | BL=[]
[TX  ->  *] bucket=41436 L3 active=wlan0 ch9  BL=[]
[RX  <- B] bucket=41436  peer_BL=[]  my_BL=[]
[23:31:38] HOP bucket=41437 L3 active=wlan1 ch8  | prep wlan0 ch6  | BL=[]
[TX  ->  *] bucket=41437 L3 active=wlan1 ch8  BL=[]
[RX  <- B] bucket=41437  peer_BL=[]  my_BL=[]
[23:31:40] HOP bucket=41438 L3 active=wlan0 ch6  | prep wlan1 ch3  | BL=[]
[TX  ->  *] bucket=41438 L3 active=wlan0 ch6  BL=[]
[!! JAMMED  ] bucket=41438 L3 active=wlan0 ch6  silent + egress_drops=38  -> BL until bucket=41468  BL=['6']
[23:31:42] HOP bucket=41439 L3 active=wlan1 ch3  | prep wlan0 ch9  | BL=['6']
[TX  ->  *] bucket=41439 L3 active=wlan1 ch3  BL=['6']
[RX  <- B] bucket=41439  peer_BL=['6']  my_BL=['6']
[23:31:44] HOP bucket=41440 L3 active=wlan0 ch9  | prep wlan1 ch5  | BL=['6']
[TX  ->  *] bucket=41440 L3 active=wlan0 ch9  BL=['6']
[RX  <- B] bucket=41440  peer_BL=['6']  my_BL=['6']
[23:31:46] HOP bucket=41441 L3 active=wlan1 ch5  | prep wlan0 ch5  | BL=['6']
[TX  ->  *] bucket=41441 L3 active=wlan1 ch5  BL=['6']
[RX  <- B] bucket=41441  peer_BL=['6']  my_BL=['6']
[23:31:48] HOP bucket=41442 L3 active=wlan0 ch5  | prep wlan1 ch7  | BL=['6']
[RX  <- B] bucket=41442  peer_BL=['6']  my_BL=['6']
[TX  ->  *] bucket=41442 L3 active=wlan0 ch5  BL=['6']
[23:31:50] HOP bucket=41443 L3 active=wlan1 ch7  | prep wlan0 ch8  | BL=['6']
[TX  ->  *] bucket=41443 L3 active=wlan1 ch7  BL=['6']
[RX  <- B] bucket=41443  peer_BL=['6']  my_BL=['6']
[23:31:52] HOP bucket=41444 L3 active=wlan0 ch8  | prep wlan1 ch11  | BL=['6']
[TX  ->  *] bucket=41444 L3 active=wlan0 ch8  BL=['6']
[RX  <- B] bucket=41444  peer_BL=['6']  my_BL=['6']
[23:31:54] HOP bucket=41445 L3 active=wlan1 ch11  | prep wlan0 ch11  | BL=['6']
[TX  ->  *] bucket=41445 L3 active=wlan1 ch11  BL=['6']
[RX  <- B] bucket=41445  peer_BL=['6']  my_BL=['6']
[23:31:56] HOP bucket=41446 L3 active=wlan0 ch11  | prep wlan1 ch8  | BL=['6']
[RX  <- B] bucket=41446  peer_BL=['6']  my_BL=['6']
[TX  ->  *] bucket=41446 L3 active=wlan0 ch11  BL=['6']
[23:31:58] HOP bucket=41447 L3 active=wlan1 ch8  | prep wlan0 ch10  | BL=['6']
[RX  <- B] bucket=41447  peer_BL=['6']  my_BL=['6']
[TX  ->  *] bucket=41447 L3 active=wlan1 ch8  BL=['6']
[23:32:00] HOP bucket=41448 L3 active=wlan0 ch10  | prep wlan1 ch5  | BL=['6']
[RX  <- B] bucket=41448  peer_BL=['6']  my_BL=['6']
[TX  ->  *] bucket=41448 L3 active=wlan0 ch10  BL=['6']
[23:32:02] HOP bucket=41449 L3 active=wlan1 ch5  | prep wlan0 ch7  | BL=['6']
[RX  <- B] bucket=41449  peer_BL=['6']  my_BL=['6']
[TX  ->  *] bucket=41449 L3 active=wlan1 ch5  BL=['6']
[23:32:04] HOP bucket=41450 L3 active=wlan0 ch7  | prep wlan1 ch10  | BL=['6']
[TX  ->  *] bucket=41450 L3 active=wlan0 ch7  BL=['6']
[RX  <- B] bucket=41450  peer_BL=['6']  my_BL=['6']
[23:32:06] HOP bucket=41451 L3 active=wlan1 ch10  | prep wlan0 ch10  | BL=['6']
[RX  <- B] bucket=41451  peer_BL=['6']  my_BL=['6']
[TX  ->  *] bucket=41451 L3 active=wlan1 ch10  BL=['6']
[23:32:08] HOP bucket=41452 L3 active=wlan0 ch10  | prep wlan1 ch5  | BL=['6']
[RX  <- B] bucket=41452  peer_BL=['6']  my_BL=['6']
[TX  ->  *] bucket=41452 L3 active=wlan0 ch10  BL=['6']
[23:32:10] HOP bucket=41453 L3 active=wlan1 ch5  | prep wlan0 ch3  | BL=['6']
[RX  <- B] bucket=41453  peer_BL=['6']  my_BL=['6']
[TX  ->  *] bucket=41453 L3 active=wlan1 ch5  BL=['6']
[23:32:12] HOP bucket=41454 L3 active=wlan0 ch3  | prep wlan1 ch8  | BL=['6']
[RX  <- B] bucket=41454  peer_BL=['6']  my_BL=['6']
[TX  ->  *] bucket=41454 L3 active=wlan0 ch3  BL=['6']
[23:32:14] HOP bucket=41455 L3 active=wlan1 ch8  | prep wlan0 ch4  | BL=['6']
[RX  <- B] bucket=41455  peer_BL=['6']  my_BL=['6']
[TX  ->  *] bucket=41455 L3 active=wlan1 ch8  BL=['6']
[23:32:16] HOP bucket=41456 L3 active=wlan0 ch4  | prep wlan1 ch3  | BL=['6']
[RX  <- B] bucket=41456  peer_BL=['6']  my_BL=['6']
[TX  ->  *] bucket=41456 L3 active=wlan0 ch4  BL=['6']
[23:32:18] HOP bucket=41457 L3 active=wlan1 ch3  | prep wlan0 ch4  | BL=['6']
[TX  ->  *] bucket=41457 L3 active=wlan1 ch3  BL=['6']
[RX  <- B] bucket=41457  peer_BL=['6']  my_BL=['6']
[23:32:20] HOP bucket=41458 L3 active=wlan0 ch4  | prep wlan1 ch9  | BL=['6']
[TX  ->  *] bucket=41458 L3 active=wlan0 ch4  BL=['6']
[RX  <- B] bucket=41458  peer_BL=['6']  my_BL=['6']
[23:32:22] HOP bucket=41459 L3 active=wlan1 ch9  | prep wlan0 ch8  | BL=['6']
[TX  ->  *] bucket=41459 L3 active=wlan1 ch9  BL=['6']
[RX  <- B] bucket=41459  peer_BL=['6']  my_BL=['6']
[23:32:24] HOP bucket=41460 L3 active=wlan0 ch8  | prep wlan1 ch7  | BL=['6']
[TX  ->  *] bucket=41460 L3 active=wlan0 ch8  BL=['6']
[RX  <- B] bucket=41460  peer_BL=['6']  my_BL=['6']
[23:32:26] HOP bucket=41461 L3 active=wlan1 ch7  | prep wlan0 ch3  | BL=['6']
[TX  ->  *] bucket=41461 L3 active=wlan1 ch7  BL=['6']
[RX  <- B] bucket=41461  peer_BL=['6']  my_BL=['6']
[23:32:28] HOP bucket=41462 L3 active=wlan0 ch3  | prep wlan1 ch5  | BL=['6']
[RX  <- B] bucket=41462  peer_BL=['6']  my_BL=['6']
[TX  ->  *] bucket=41462 L3 active=wlan0 ch3  BL=['6']
[23:32:30] HOP bucket=41463 L3 active=wlan1 ch5  | prep wlan0 ch9  | BL=['6']
[TX  ->  *] bucket=41463 L3 active=wlan1 ch5  BL=['6']
[RX  <- B] bucket=41463  peer_BL=['6']  my_BL=['6']
[23:32:32] HOP bucket=41464 L3 active=wlan0 ch9  | prep wlan1 ch7  | BL=['6']
[TX  ->  *] bucket=41464 L3 active=wlan0 ch9  BL=['6']
[RX  <- B] bucket=41464  peer_BL=['6']  my_BL=['6']
[23:32:34] HOP bucket=41465 L3 active=wlan1 ch7  | prep wlan0 ch4  | BL=['6']
[RX  <- B] bucket=41465  peer_BL=['6']  my_BL=['6']
[TX  ->  *] bucket=41465 L3 active=wlan1 ch7  BL=['6']
[23:32:36] HOP bucket=41466 L3 active=wlan0 ch4  | prep wlan1 ch3  | BL=['6']
[TX  ->  *] bucket=41466 L3 active=wlan0 ch4  BL=['6']
[RX  <- B] bucket=41466  peer_BL=['6']  my_BL=['6']
[23:32:38] HOP bucket=41467 L3 active=wlan1 ch3  | prep wlan0 ch7  | BL=['6']
[TX  ->  *] bucket=41467 L3 active=wlan1 ch3  BL=['6']
[RX  <- B] bucket=41467  peer_BL=['6']  my_BL=['6']
[23:32:40] HOP bucket=41468 L3 active=wlan0 ch7  (LAG: totp_says=ch6, physical=ch7)  | prep wlan1 ch3  | BL=[]
[TX  ->  *] bucket=41468 L3 active=wlan0 ch7  BL=[]
[RX  <- B] bucket=41468  peer_BL=[]  my_BL=[]
[23:32:42] HOP bucket=41469 L3 active=wlan1 ch3  | prep wlan0 ch3  | BL=[]
[TX  ->  *] bucket=41469 L3 active=wlan1 ch3  BL=[]
[RX  <- B] bucket=41469  peer_BL=[]  my_BL=[]
[23:32:44] HOP bucket=41470 L3 active=wlan0 ch3  | prep wlan1 ch10  | BL=[]
[TX  ->  *] bucket=41470 L3 active=wlan0 ch3  BL=[]
[RX  <- B] bucket=41470  peer_BL=[]  my_BL=[]
[23:32:46] HOP bucket=41471 L3 active=wlan1 ch10  | prep wlan0 ch9  | BL=[]
[TX  ->  *] bucket=41471 L3 active=wlan1 ch10  BL=[]
[RX  <- B] bucket=41471  peer_BL=[]  my_BL=[]
[23:32:48] HOP bucket=41472 L3 active=wlan0 ch9  | prep wlan1 ch5  | BL=[]
[RX  <- B] bucket=41472  peer_BL=[]  my_BL=[]
[TX  ->  *] bucket=41472 L3 active=wlan0 ch9  BL=[]
[23:32:50] HOP bucket=41473 L3 active=wlan1 ch5  | prep wlan0 ch3  | BL=[]
[TX  ->  *] bucket=41473 L3 active=wlan1 ch5  BL=[]
[RX  <- B] bucket=41473  peer_BL=[]  my_BL=[]
[23:32:52] HOP bucket=41474 L3 active=wlan0 ch3  | prep wlan1 ch5  | BL=[]
[RX  <- B] bucket=41474  peer_BL=[]  my_BL=[]
[TX  ->  *] bucket=41474 L3 active=wlan0 ch3  BL=[]
[23:32:54] HOP bucket=41475 L3 active=wlan1 ch5  | prep wlan0 ch3  | BL=[]
[RX  <- B] bucket=41475  peer_BL=[]  my_BL=[]
[TX  ->  *] bucket=41475 L3 active=wlan1 ch5  BL=[]
[23:32:56] HOP bucket=41476 L3 active=wlan0 ch3  | prep wlan1 ch4  | BL=[]
[RX  <- B] bucket=41476  peer_BL=[]  my_BL=[]
[TX  ->  *] bucket=41476 L3 active=wlan0 ch3  BL=[]
[23:32:58] HOP bucket=41477 L3 active=wlan1 ch4  | prep wlan0 ch11  | BL=[]
[TX  ->  *] bucket=41477 L3 active=wlan1 ch4  BL=[]
[RX  <- B] bucket=41477  peer_BL=[]  my_BL=[]
[23:33:00] HOP bucket=41478 L3 active=wlan0 ch11  | prep wlan1 ch4  | BL=[]
[TX  ->  *] bucket=41478 L3 active=wlan0 ch11  BL=[]
[RX  <- B] bucket=41478  peer_BL=[]  my_BL=[]
[23:33:02] HOP bucket=41479 L3 active=wlan1 ch4  | prep wlan0 ch4  | BL=[]
[TX  ->  *] bucket=41479 L3 active=wlan1 ch4  BL=[]
[RX  <- B] bucket=41479  peer_BL=[]  my_BL=[]
[23:33:04] HOP bucket=41480 L3 active=wlan0 ch4  | prep wlan1 ch11  | BL=[]
[RX  <- B] bucket=41480  peer_BL=[]  my_BL=[]
[TX  ->  *] bucket=41480 L3 active=wlan0 ch4  BL=[]
[23:33:06] HOP bucket=41481 L3 active=wlan1 ch11  | prep wlan0 ch3  | BL=[]
[RX  <- B] bucket=41481  peer_BL=[]  my_BL=[]
[TX  ->  *] bucket=41481 L3 active=wlan1 ch11  BL=[]
[23:33:08] HOP bucket=41482 L3 active=wlan0 ch3  | prep wlan1 ch6  | BL=[]
[RX  <- B] bucket=41482  peer_BL=[]  my_BL=[]
[TX  ->  *] bucket=41482 L3 active=wlan0 ch3  BL=[]
[23:33:10] HOP bucket=41483 L3 active=wlan1 ch6  | prep wlan0 ch3  | BL=[]
[TX  ->  *] bucket=41483 L3 active=wlan1 ch6  BL=[]
[!! JAMMED  ] bucket=41483 L3 active=wlan1 ch6  silent + egress_drops=38  -> BL until bucket=41513  BL=['6']
[23:33:12] HOP bucket=41484 L3 active=wlan0 ch3  | prep wlan1 ch7  | BL=['6']
[TX  ->  *] bucket=41484 L3 active=wlan0 ch3  BL=['6']
[RX  <- B] bucket=41484  peer_BL=['6']  my_BL=['6']
[23:33:14] HOP bucket=41485 L3 active=wlan1 ch7  | prep wlan0 ch10  | BL=['6']
[RX  <- B] bucket=41485  peer_BL=['6']  my_BL=['6']
[TX  ->  *] bucket=41485 L3 active=wlan1 ch7  BL=['6']
[23:33:16] HOP bucket=41486 L3 active=wlan0 ch10  | prep wlan1 ch10  | BL=['6']
[RX  <- B] bucket=41486  peer_BL=['6']  my_BL=['6']
[TX  ->  *] bucket=41486 L3 active=wlan0 ch10  BL=['6']
[23:33:18] HOP bucket=41487 L3 active=wlan1 ch10  | prep wlan0 ch11  | BL=['6']
[TX  ->  *] bucket=41487 L3 active=wlan1 ch10  BL=['6']
[RX  <- B] bucket=41487  peer_BL=['6']  my_BL=['6']
[23:33:20] HOP bucket=41488 L3 active=wlan0 ch11  | prep wlan1 ch9  | BL=['6']
[TX  ->  *] bucket=41488 L3 active=wlan0 ch11  BL=['6']
[RX  <- B] bucket=41488  peer_BL=['6']  my_BL=['6']
[23:33:22] HOP bucket=41489 L3 active=wlan1 ch9  | prep wlan0 ch3  | BL=['6']
[TX  ->  *] bucket=41489 L3 active=wlan1 ch9  BL=['6']
[RX  <- B] bucket=41489  peer_BL=['6']  my_BL=['6']
[23:33:24] HOP bucket=41490 L3 active=wlan0 ch3  | prep wlan1 ch5  | BL=['6']
[TX  ->  *] bucket=41490 L3 active=wlan0 ch3  BL=['6']
[RX  <- B] bucket=41490  peer_BL=['6']  my_BL=['6']
[23:33:26] HOP bucket=41491 L3 active=wlan1 ch5  | prep wlan0 ch10  | BL=['6']
[TX  ->  *] bucket=41491 L3 active=wlan1 ch5  BL=['6']
[RX  <- B] bucket=41491  peer_BL=['6']  my_BL=['6']
[23:33:28] HOP bucket=41492 L3 active=wlan0 ch10  | prep wlan1 ch7  | BL=['6']
[TX  ->  *] bucket=41492 L3 active=wlan0 ch10  BL=['6']
[RX  <- B] bucket=41492  peer_BL=['6']  my_BL=['6']
[23:33:30] HOP bucket=41493 L3 active=wlan1 ch7  | prep wlan0 ch8  | BL=['6']
[TX  ->  *] bucket=41493 L3 active=wlan1 ch7  BL=['6']
[!! JAMMED  ] bucket=41493 L3 active=wlan1 ch7  silent + egress_drops=39  -> BL until bucket=41523  BL=['6', '7']
[23:33:32] HOP bucket=41494 L3 active=wlan0 ch8  | prep wlan1 ch8  | BL=['6', '7']
[RX  <- B] bucket=41494  peer_BL=['6', '7']  my_BL=['6', '7']
[TX  ->  *] bucket=41494 L3 active=wlan0 ch8  BL=['6', '7']
[23:33:34] HOP bucket=41495 L3 active=wlan1 ch8  | prep wlan0 ch3  | BL=['6', '7']
[RX  <- B] bucket=41495  peer_BL=['6', '7']  my_BL=['6', '7']
[TX  ->  *] bucket=41495 L3 active=wlan1 ch8  BL=['6', '7']
[23:33:36] HOP bucket=41496 L3 active=wlan0 ch3  | prep wlan1 ch4  | BL=['6', '7']
[TX  ->  *] bucket=41496 L3 active=wlan0 ch3  BL=['6', '7']
[RX  <- B] bucket=41496  peer_BL=['6', '7']  my_BL=['6', '7']
[23:33:38] HOP bucket=41497 L3 active=wlan1 ch4  | prep wlan0 ch10  | BL=['6', '7']
[TX  ->  *] bucket=41497 L3 active=wlan1 ch4  BL=['6', '7']
[RX  <- B] bucket=41497  peer_BL=['6', '7']  my_BL=['6', '7']
[23:33:40] HOP bucket=41498 L3 active=wlan0 ch10  | prep wlan1 ch3  | BL=['6', '7']
[RX  <- B] bucket=41498  peer_BL=['6', '7']  my_BL=['6', '7']
[TX  ->  *] bucket=41498 L3 active=wlan0 ch10  BL=['6', '7']
[23:33:42] HOP bucket=41499 L3 active=wlan1 ch3  | prep wlan0 ch4  | BL=['6', '7']
[TX  ->  *] bucket=41499 L3 active=wlan1 ch3  BL=['6', '7']
[RX  <- B] bucket=41499  peer_BL=['6', '7']  my_BL=['6', '7']
[23:33:44] HOP bucket=41500 L3 active=wlan0 ch4  | prep wlan1 ch5  | BL=['6', '7']
[RX  <- B] bucket=41500  peer_BL=['6', '7']  my_BL=['6', '7']
[TX  ->  *] bucket=41500 L3 active=wlan0 ch4  BL=['6', '7']
[23:33:46] HOP bucket=41501 L3 active=wlan1 ch5  | prep wlan0 ch5  | BL=['6', '7']
[TX  ->  *] bucket=41501 L3 active=wlan1 ch5  BL=['6', '7']
[RX  <- B] bucket=41501  peer_BL=['6', '7']  my_BL=['6', '7']
[23:33:48] HOP bucket=41502 L3 active=wlan0 ch5  | prep wlan1 ch8  | BL=['6', '7']
[TX  ->  *] bucket=41502 L3 active=wlan0 ch5  BL=['6', '7']
[RX  <- B] bucket=41502  peer_BL=['6', '7']  my_BL=['6', '7']
[23:33:50] HOP bucket=41503 L3 active=wlan1 ch8  | prep wlan0 ch11  | BL=['6', '7']
[TX  ->  *] bucket=41503 L3 active=wlan1 ch8  BL=['6', '7']
[RX  <- B] bucket=41503  peer_BL=['6', '7']  my_BL=['6', '7']
[23:33:52] HOP bucket=41504 L3 active=wlan0 ch11  | prep wlan1 ch9  | BL=['6', '7']
[RX  <- B] bucket=41504  peer_BL=['6', '7']  my_BL=['6', '7']
[TX  ->  *] bucket=41504 L3 active=wlan0 ch11  BL=['6', '7']
[23:33:54] HOP bucket=41505 L3 active=wlan1 ch9  | prep wlan0 ch8  | BL=['6', '7']
[RX  <- B] bucket=41505  peer_BL=['6', '7']  my_BL=['6', '7']
[TX  ->  *] bucket=41505 L3 active=wlan1 ch9  BL=['6', '7']
[23:33:56] HOP bucket=41506 L3 active=wlan0 ch8  | prep wlan1 ch9  | BL=['6', '7']
[TX  ->  *] bucket=41506 L3 active=wlan0 ch8  BL=['6', '7']
[RX  <- B] bucket=41506  peer_BL=['6', '7']  my_BL=['6', '7']
[23:33:58] HOP bucket=41507 L3 active=wlan1 ch9  | prep wlan0 ch4  | BL=['6', '7']
[RX  <- B] bucket=41507  peer_BL=['6', '7']  my_BL=['6', '7']
[TX  ->  *] bucket=41507 L3 active=wlan1 ch9  BL=['6', '7']
[23:34:00] HOP bucket=41508 L3 active=wlan0 ch4  | prep wlan1 ch4  | BL=['6', '7']
[RX  <- B] bucket=41508  peer_BL=['6', '7']  my_BL=['6', '7']
[TX  ->  *] bucket=41508 L3 active=wlan0 ch4  BL=['6', '7']
[23:34:02] HOP bucket=41509 L3 active=wlan1 ch4  | prep wlan0 ch11  | BL=['6', '7']
[RX  <- B] bucket=41509  peer_BL=['6', '7']  my_BL=['6', '7']
[TX  ->  *] bucket=41509 L3 active=wlan1 ch4  BL=['6', '7']
[23:34:04] HOP bucket=41510 L3 active=wlan0 ch11  | prep wlan1 ch8  | BL=['6', '7']
[TX  ->  *] bucket=41510 L3 active=wlan0 ch11  BL=['6', '7']
[RX  <- B] bucket=41510  peer_BL=['6', '7']  my_BL=['6', '7']
[23:34:06] HOP bucket=41511 L3 active=wlan1 ch8  | prep wlan0 ch8  | BL=['6', '7']
[RX  <- B] bucket=41511  peer_BL=['6', '7']  my_BL=['6', '7']
[TX  ->  *] bucket=41511 L3 active=wlan1 ch8  BL=['6', '7']
[23:34:08] HOP bucket=41512 L3 active=wlan0 ch8  | prep wlan1 ch5  | BL=['6', '7']
[TX  ->  *] bucket=41512 L3 active=wlan0 ch8  BL=['6', '7']
[RX  <- B] bucket=41512  peer_BL=['6', '7']  my_BL=['6', '7']
[23:34:10] HOP bucket=41513 L3 active=wlan1 ch5  | prep wlan0 ch11  | BL=['7']
[TX  ->  *] bucket=41513 L3 active=wlan1 ch5  BL=['7']
[RX  <- B] bucket=41513  peer_BL=['7']  my_BL=['7']
[23:34:12] HOP bucket=41514 L3 active=wlan0 ch11  | prep wlan1 ch3  | BL=['7']
[TX  ->  *] bucket=41514 L3 active=wlan0 ch11  BL=['7']
[RX  <- B] bucket=41514  peer_BL=['7']  my_BL=['7']
[23:34:14] HOP bucket=41515 L3 active=wlan1 ch3  | prep wlan0 ch10  | BL=['7']
[TX  ->  *] bucket=41515 L3 active=wlan1 ch3  BL=['7']
[RX  <- B] bucket=41515  peer_BL=['7']  my_BL=['7']
[23:34:16] HOP bucket=41516 L3 active=wlan0 ch10  | prep wlan1 ch10  | BL=['7']
[TX  ->  *] bucket=41516 L3 active=wlan0 ch10  BL=['7']
[RX  <- B] bucket=41516  peer_BL=['7']  my_BL=['7']
[23:34:18] HOP bucket=41517 L3 active=wlan1 ch10  | prep wlan0 ch4  | BL=['7']
[RX  <- B] bucket=41517  peer_BL=['7']  my_BL=['7']
[TX  ->  *] bucket=41517 L3 active=wlan1 ch10  BL=['7']
[23:34:20] HOP bucket=41518 L3 active=wlan0 ch4  | prep wlan1 ch8  | BL=['7']
[TX  ->  *] bucket=41518 L3 active=wlan0 ch4  BL=['7']
[RX  <- B] bucket=41518  peer_BL=['7']  my_BL=['7']
[23:34:22] HOP bucket=41519 L3 active=wlan1 ch8  | prep wlan0 ch4  | BL=['7']
[TX  ->  *] bucket=41519 L3 active=wlan1 ch8  BL=['7']
[RX  <- B] bucket=41519  peer_BL=['7']  my_BL=['7']
[23:34:24] HOP bucket=41520 L3 active=wlan0 ch4  | prep wlan1 ch8  | BL=['7']
[TX  ->  *] bucket=41520 L3 active=wlan0 ch4  BL=['7']
[RX  <- B] bucket=41520  peer_BL=['7']  my_BL=['7']
[23:34:26] HOP bucket=41521 L3 active=wlan1 ch8  | prep wlan0 ch5  | BL=['7']
[TX  ->  *] bucket=41521 L3 active=wlan1 ch8  BL=['7']
[RX  <- B] bucket=41521  peer_BL=['7']  my_BL=['7']
[23:34:28] HOP bucket=41522 L3 active=wlan0 ch5  | prep wlan1 ch6  | BL=['7']
[RX  <- B] bucket=41522  peer_BL=['7']  my_BL=['7']
[TX  ->  *] bucket=41522 L3 active=wlan0 ch5  BL=['7']
[23:34:30] HOP bucket=41523 L3 active=wlan1 ch6  | prep wlan0 ch8  | BL=[]
[TX  ->  *] bucket=41523 L3 active=wlan1 ch6  BL=[]
[!! JAMMED  ] bucket=41523 L3 active=wlan1 ch6  silent + egress_drops=39  -> BL until bucket=41553  BL=['6']
[23:34:32] HOP bucket=41524 L3 active=wlan0 ch8  | prep wlan1 ch9  | BL=['6']
[RX  <- B] bucket=41524  peer_BL=['6']  my_BL=['6']
[TX  ->  *] bucket=41524 L3 active=wlan0 ch8  BL=['6']
[23:34:34] HOP bucket=41525 L3 active=wlan1 ch9  | prep wlan0 ch11  | BL=['6']
[RX  <- B] bucket=41525  peer_BL=['6']  my_BL=['6']
[TX  ->  *] bucket=41525 L3 active=wlan1 ch9  BL=['6']
[23:34:36] HOP bucket=41526 L3 active=wlan0 ch11  | prep wlan1 ch9  | BL=['6']
[TX  ->  *] bucket=41526 L3 active=wlan0 ch11  BL=['6']
[RX  <- B] bucket=41526  peer_BL=['6']  my_BL=['6']
[23:34:38] HOP bucket=41527 L3 active=wlan1 ch9  | prep wlan0 ch3  | BL=['6']
[TX  ->  *] bucket=41527 L3 active=wlan1 ch9  BL=['6']
[RX  <- B] bucket=41527  peer_BL=['6']  my_BL=['6']
[23:34:40] HOP bucket=41528 L3 active=wlan0 ch3  | prep wlan1 ch10  | BL=['6']
[TX  ->  *] bucket=41528 L3 active=wlan0 ch3  BL=['6']
[RX  <- B] bucket=41528  peer_BL=['6']  my_BL=['6']
[23:34:42] HOP bucket=41529 L3 active=wlan1 ch10  | prep wlan0 ch7  | BL=['6']
[RX  <- B] bucket=41529  peer_BL=['6']  my_BL=['6']
[TX  ->  *] bucket=41529 L3 active=wlan1 ch10  BL=['6']
[23:34:44] HOP bucket=41530 L3 active=wlan0 ch7  | prep wlan1 ch3  | BL=['6']
[TX  ->  *] bucket=41530 L3 active=wlan0 ch7  BL=['6']
[!! JAMMED  ] bucket=41530 L3 active=wlan0 ch7  silent + egress_drops=38  -> BL until bucket=41560  BL=['6', '7']
[23:34:46] HOP bucket=41531 L3 active=wlan1 ch3  | prep wlan0 ch10  | BL=['6', '7']
[RX  <- B] bucket=41531  peer_BL=['6', '7']  my_BL=['6', '7']
[TX  ->  *] bucket=41531 L3 active=wlan1 ch3  BL=['6', '7']
[23:34:48] HOP bucket=41532 L3 active=wlan0 ch10  | prep wlan1 ch10  | BL=['6', '7']
[TX  ->  *] bucket=41532 L3 active=wlan0 ch10  BL=['6', '7']
[RX  <- B] bucket=41532  peer_BL=['6', '7']  my_BL=['6', '7']
[23:34:50] HOP bucket=41533 L3 active=wlan1 ch10  | prep wlan0 ch5  | BL=['6', '7']
[TX  ->  *] bucket=41533 L3 active=wlan1 ch10  BL=['6', '7']
[RX  <- B] bucket=41533  peer_BL=['6', '7']  my_BL=['6', '7']
[23:34:52] HOP bucket=41534 L3 active=wlan0 ch5  | prep wlan1 ch5  | BL=['6', '7']
[TX  ->  *] bucket=41534 L3 active=wlan0 ch5  BL=['6', '7']
[RX  <- B] bucket=41534  peer_BL=['6', '7']  my_BL=['6', '7']
[23:34:54] HOP bucket=41535 L3 active=wlan1 ch5  | prep wlan0 ch8  | BL=['6', '7']
[RX  <- B] bucket=41535  peer_BL=['6', '7']  my_BL=['6', '7']
[TX  ->  *] bucket=41535 L3 active=wlan1 ch5  BL=['6', '7']
[23:34:56] HOP bucket=41536 L3 active=wlan0 ch8  | prep wlan1 ch8  | BL=['6', '7']
[TX  ->  *] bucket=41536 L3 active=wlan0 ch8  BL=['6', '7']
[RX  <- B] bucket=41536  peer_BL=['6', '7']  my_BL=['6', '7']
[23:34:58] HOP bucket=41537 L3 active=wlan1 ch8  | prep wlan0 ch11  | BL=['6', '7']
[RX  <- B] bucket=41537  peer_BL=['6', '7']  my_BL=['6', '7']
[TX  ->  *] bucket=41537 L3 active=wlan1 ch8  BL=['6', '7']
[23:35:00] HOP bucket=41538 L3 active=wlan0 ch11  | prep wlan1 ch9  | BL=['6', '7']
[RX  <- B] bucket=41538  peer_BL=['6', '7']  my_BL=['6', '7']
[TX  ->  *] bucket=41538 L3 active=wlan0 ch11  BL=['6', '7']
[23:35:02] HOP bucket=41539 L3 active=wlan1 ch9  | prep wlan0 ch8  | BL=['6', '7']
[RX  <- B] bucket=41539  peer_BL=['6', '7']  my_BL=['6', '7']
[TX  ->  *] bucket=41539 L3 active=wlan1 ch9  BL=['6', '7']
[23:35:04] HOP bucket=41540 L3 active=wlan0 ch8  | prep wlan1 ch11  | BL=['6', '7']
[TX  ->  *] bucket=41540 L3 active=wlan0 ch8  BL=['6', '7']
[RX  <- B] bucket=41540  peer_BL=['6', '7']  my_BL=['6', '7']
[23:35:06] HOP bucket=41541 L3 active=wlan1 ch11  | prep wlan0 ch9  | BL=['6', '7']
[TX  ->  *] bucket=41541 L3 active=wlan1 ch11  BL=['6', '7']
[RX  <- B] bucket=41541  peer_BL=['6', '7']  my_BL=['6', '7']
[23:35:08] HOP bucket=41542 L3 active=wlan0 ch9  | prep wlan1 ch4  | BL=['6', '7']
[TX  ->  *] bucket=41542 L3 active=wlan0 ch9  BL=['6', '7']
[RX  <- B] bucket=41542  peer_BL=['6', '7']  my_BL=['6', '7']
[23:35:10] HOP bucket=41543 L3 active=wlan1 ch4  | prep wlan0 ch9  | BL=['6', '7']
[TX  ->  *] bucket=41543 L3 active=wlan1 ch4  BL=['6', '7']
[RX  <- B] bucket=41543  peer_BL=['6', '7']  my_BL=['6', '7']
[23:35:12] HOP bucket=41544 L3 active=wlan0 ch9  | prep wlan1 ch11  | BL=['6', '7']
[TX  ->  *] bucket=41544 L3 active=wlan0 ch9  BL=['6', '7']
[RX  <- B] bucket=41544  peer_BL=['6', '7']  my_BL=['6', '7']
[23:35:14] HOP bucket=41545 L3 active=wlan1 ch11  | prep wlan0 ch11  | BL=['6', '7']
[RX  <- B] bucket=41545  peer_BL=['6', '7']  my_BL=['6', '7']
[TX  ->  *] bucket=41545 L3 active=wlan1 ch11  BL=['6', '7']
[23:35:16] HOP bucket=41546 L3 active=wlan0 ch11  | prep wlan1 ch5  | BL=['6', '7']
[RX  <- B] bucket=41546  peer_BL=['6', '7']  my_BL=['6', '7']
[TX  ->  *] bucket=41546 L3 active=wlan0 ch11  BL=['6', '7']
[23:35:18] HOP bucket=41547 L3 active=wlan1 ch5  | prep wlan0 ch8  | BL=['6', '7']
[RX  <- B] bucket=41547  peer_BL=['6', '7']  my_BL=['6', '7']
[TX  ->  *] bucket=41547 L3 active=wlan1 ch5  BL=['6', '7']
[23:35:20] HOP bucket=41548 L3 active=wlan0 ch8  | prep wlan1 ch8  | BL=['6', '7']
[RX  <- B] bucket=41548  peer_BL=['6', '7']  my_BL=['6', '7']
[TX  ->  *] bucket=41548 L3 active=wlan0 ch8  BL=['6', '7']
[23:35:22] HOP bucket=41549 L3 active=wlan1 ch8  | prep wlan0 ch8  | BL=['6', '7']
[TX  ->  *] bucket=41549 L3 active=wlan1 ch8  BL=['6', '7']
[RX  <- B] bucket=41549  peer_BL=['6', '7']  my_BL=['6', '7']
[23:35:24] HOP bucket=41550 L3 active=wlan0 ch8  | prep wlan1 ch8  | BL=['6', '7']
[RX  <- B] bucket=41550  peer_BL=['6', '7']  my_BL=['6', '7']
[TX  ->  *] bucket=41550 L3 active=wlan0 ch8  BL=['6', '7']
[23:35:26] HOP bucket=41551 L3 active=wlan1 ch8  | prep wlan0 ch8  | BL=['6', '7']
[TX  ->  *] bucket=41551 L3 active=wlan1 ch8  BL=['6', '7']
[RX  <- B] bucket=41551  peer_BL=['6', '7']  my_BL=['6', '7']
[23:35:28] HOP bucket=41552 L3 active=wlan0 ch8  | prep wlan1 ch3  | BL=['6', '7']
[TX  ->  *] bucket=41552 L3 active=wlan0 ch8  BL=['6', '7']
[RX  <- B] bucket=41552  peer_BL=['6', '7']  my_BL=['6', '7']
[23:35:30] HOP bucket=41553 L3 active=wlan1 ch3  | prep wlan0 ch10  | BL=['7']
[TX  ->  *] bucket=41553 L3 active=wlan1 ch3  BL=['7']
[RX  <- B] bucket=41553  peer_BL=['7']  my_BL=['7']
[23:35:32] HOP bucket=41554 L3 active=wlan0 ch10  | prep wlan1 ch8  | BL=['7']
[TX  ->  *] bucket=41554 L3 active=wlan0 ch10  BL=['7']
[RX  <- B] bucket=41554  peer_BL=['7']  my_BL=['7']
[23:35:34] HOP bucket=41555 L3 active=wlan1 ch8  | prep wlan0 ch4  | BL=['7']
[TX  ->  *] bucket=41555 L3 active=wlan1 ch8  BL=['7']
[RX  <- B] bucket=41555  peer_BL=['7']  my_BL=['7']
[23:35:36] HOP bucket=41556 L3 active=wlan0 ch4  | prep wlan1 ch10  | BL=['7']
[TX  ->  *] bucket=41556 L3 active=wlan0 ch4  BL=['7']
[RX  <- B] bucket=41556  peer_BL=['7']  my_BL=['7']
[23:35:38] HOP bucket=41557 L3 active=wlan1 ch10  | prep wlan0 ch9  | BL=['7']
[TX  ->  *] bucket=41557 L3 active=wlan1 ch10  BL=['7']
[RX  <- B] bucket=41557  peer_BL=['7']  my_BL=['7']
[23:35:40] HOP bucket=41558 L3 active=wlan0 ch9  | prep wlan1 ch8  | BL=['7']
[TX  ->  *] bucket=41558 L3 active=wlan0 ch9  BL=['7']
[RX  <- B] bucket=41558  peer_BL=['7']  my_BL=['7']
[23:35:42] HOP bucket=41559 L3 active=wlan1 ch8  | prep wlan0 ch10  | BL=['7']
[TX  ->  *] bucket=41559 L3 active=wlan1 ch8  BL=['7']
[RX  <- B] bucket=41559  peer_BL=['7']  my_BL=['7']
[23:35:44] HOP bucket=41560 L3 active=wlan0 ch10  | prep wlan1 ch7  | BL=[]
[TX  ->  *] bucket=41560 L3 active=wlan0 ch10  BL=[]
[RX  <- B] bucket=41560  peer_BL=[]  my_BL=[]
[23:35:46] HOP bucket=41561 L3 active=wlan1 ch7  | prep wlan0 ch7  | BL=[]
[TX  ->  *] bucket=41561 L3 active=wlan1 ch7  BL=[]
[!! JAMMED  ] bucket=41561 L3 active=wlan1 ch7  silent + egress_drops=38  -> BL until bucket=41591  BL=['7']
[23:35:48] HOP bucket=41562 L3 active=wlan0 ch7  (LAG: totp_says=ch8, physical=ch7)  | prep wlan1 ch9  | BL=['7']
[TX  ->  *] bucket=41562 L3 active=wlan0 ch7  BL=['7']
[23:35:50] HOP bucket=41563 L3 active=wlan1 ch9  | prep wlan0 ch6  | BL=['7']
[RX  <- B] bucket=41563  peer_BL=['7']  my_BL=['7']
[TX  ->  *] bucket=41563 L3 active=wlan1 ch9  BL=['7']
[23:35:52] HOP bucket=41564 L3 active=wlan0 ch6  | prep wlan1 ch9  | BL=['7']
[RX  <- B] bucket=41564  peer_BL=['7']  my_BL=['7']
[TX  ->  *] bucket=41564 L3 active=wlan0 ch6  BL=['7']
[23:35:54] HOP bucket=41565 L3 active=wlan1 ch9  | prep wlan0 ch8  | BL=['7']
[RX  <- B] bucket=41565  peer_BL=['7']  my_BL=['7']
[TX  ->  *] bucket=41565 L3 active=wlan1 ch9  BL=['7']
[23:35:56] HOP bucket=41566 L3 active=wlan0 ch8  | prep wlan1 ch6  | BL=['7']
[TX  ->  *] bucket=41566 L3 active=wlan0 ch8  BL=['7']
[RX  <- B] bucket=41566  peer_BL=['7']  my_BL=['7']
[23:35:58] HOP bucket=41567 L3 active=wlan1 ch6  | prep wlan0 ch4  | BL=['7']
[TX  ->  *] bucket=41567 L3 active=wlan1 ch6  BL=['7']
[RX  <- B] bucket=41567  peer_BL=['7']  my_BL=['7']
[23:36:00] HOP bucket=41568 L3 active=wlan0 ch4  | prep wlan1 ch11  | BL=['7']
[RX  <- B] bucket=41568  peer_BL=['7']  my_BL=['7']
[TX  ->  *] bucket=41568 L3 active=wlan0 ch4  BL=['7']
[23:36:02] HOP bucket=41569 L3 active=wlan1 ch11  | prep wlan0 ch8  | BL=['7']
[TX  ->  *] bucket=41569 L3 active=wlan1 ch11  BL=['7']
[RX  <- B] bucket=41569  peer_BL=['7']  my_BL=['7']
[23:36:04] HOP bucket=41570 L3 active=wlan0 ch8  | prep wlan1 ch4  | BL=['7']
[RX  <- B] bucket=41570  peer_BL=['7']  my_BL=['7']
[TX  ->  *] bucket=41570 L3 active=wlan0 ch8  BL=['7']
[23:36:06] HOP bucket=41571 L3 active=wlan1 ch4  | prep wlan0 ch3  | BL=['7']
[TX  ->  *] bucket=41571 L3 active=wlan1 ch4  BL=['7']
[RX  <- B] bucket=41571  peer_BL=['7']  my_BL=['7']
[23:36:08] HOP bucket=41572 L3 active=wlan0 ch3  | prep wlan1 ch11  | BL=['7']
[RX  <- B] bucket=41572  peer_BL=['7']  my_BL=['7']
[TX  ->  *] bucket=41572 L3 active=wlan0 ch3  BL=['7']
[23:36:10] HOP bucket=41573 L3 active=wlan1 ch11  | prep wlan0 ch4  | BL=['7']
[RX  <- B] bucket=41573  peer_BL=['7']  my_BL=['7']
[TX  ->  *] bucket=41573 L3 active=wlan1 ch11  BL=['7']
[23:36:12] HOP bucket=41574 L3 active=wlan0 ch4  | prep wlan1 ch11  | BL=['7']
[TX  ->  *] bucket=41574 L3 active=wlan0 ch4  BL=['7']
[RX  <- B] bucket=41574  peer_BL=['7']  my_BL=['7']
[23:36:14] HOP bucket=41575 L3 active=wlan1 ch11  | prep wlan0 ch8  | BL=['7']
[TX  ->  *] bucket=41575 L3 active=wlan1 ch11  BL=['7']
[RX  <- B] bucket=41575  peer_BL=['7']  my_BL=['7']
[23:36:16] HOP bucket=41576 L3 active=wlan0 ch8  | prep wlan1 ch8  | BL=['7']
[TX  ->  *] bucket=41576 L3 active=wlan0 ch8  BL=['7']
[RX  <- B] bucket=41576  peer_BL=['7']  my_BL=['7']
[23:36:18] HOP bucket=41577 L3 active=wlan1 ch8  | prep wlan0 ch11  | BL=['7']
[TX  ->  *] bucket=41577 L3 active=wlan1 ch8  BL=['7']
[RX  <- B] bucket=41577  peer_BL=['7']  my_BL=['7']
[23:36:20] HOP bucket=41578 L3 active=wlan0 ch11  | prep wlan1 ch4  | BL=['7']
[TX  ->  *] bucket=41578 L3 active=wlan0 ch11  BL=['7']
[RX  <- B] bucket=41578  peer_BL=['7']  my_BL=['7']
[23:36:22] HOP bucket=41579 L3 active=wlan1 ch4  | prep wlan0 ch6  | BL=['7']
[TX  ->  *] bucket=41579 L3 active=wlan1 ch4  BL=['7']
[RX  <- B] bucket=41579  peer_BL=['7']  my_BL=['7']
[23:36:24] HOP bucket=41580 L3 active=wlan0 ch6  | prep wlan1 ch10  | BL=['7']
[TX  ->  *] bucket=41580 L3 active=wlan0 ch6  BL=['7']
[RX  <- B] bucket=41580  peer_BL=['7']  my_BL=['7']
[23:36:26] HOP bucket=41581 L3 active=wlan1 ch10  | prep wlan0 ch8  | BL=['7']
[TX  ->  *] bucket=41581 L3 active=wlan1 ch10  BL=['7']
[RX  <- B] bucket=41581  peer_BL=['7']  my_BL=['7']
[23:36:28] HOP bucket=41582 L3 active=wlan0 ch8  | prep wlan1 ch4  | BL=['7']
[TX  ->  *] bucket=41582 L3 active=wlan0 ch8  BL=['7']
[RX  <- B] bucket=41582  peer_BL=['7']  my_BL=['7']
[23:36:30] HOP bucket=41583 L3 active=wlan1 ch4  | prep wlan0 ch5  | BL=['7']
[TX  ->  *] bucket=41583 L3 active=wlan1 ch4  BL=['7']
[RX  <- B] bucket=41583  peer_BL=['7']  my_BL=['7']
[23:36:32] HOP bucket=41584 L3 active=wlan0 ch5  | prep wlan1 ch6  | BL=['7']
[TX  ->  *] bucket=41584 L3 active=wlan0 ch5  BL=['7']
[RX  <- B] bucket=41584  peer_BL=['7']  my_BL=['7']
[23:36:34] HOP bucket=41585 L3 active=wlan1 ch6  | prep wlan0 ch10  | BL=['7']
[TX  ->  *] bucket=41585 L3 active=wlan1 ch6  BL=['7']
[RX  <- B] bucket=41585  peer_BL=['7']  my_BL=['7']
[23:36:36] HOP bucket=41586 L3 active=wlan0 ch10  | prep wlan1 ch10  | BL=['7']
[TX  ->  *] bucket=41586 L3 active=wlan0 ch10  BL=['7']
[RX  <- B] bucket=41586  peer_BL=['7']  my_BL=['7']
[23:36:38] HOP bucket=41587 L3 active=wlan1 ch10  | prep wlan0 ch9  | BL=['7']
[TX  ->  *] bucket=41587 L3 active=wlan1 ch10  BL=['7']
[RX  <- B] bucket=41587  peer_BL=['7']  my_BL=['7']
[23:36:40] HOP bucket=41588 L3 active=wlan0 ch9  | prep wlan1 ch9  | BL=['7']
[TX  ->  *] bucket=41588 L3 active=wlan0 ch9  BL=['7']
[RX  <- B] bucket=41588  peer_BL=['7']  my_BL=['7']
[23:36:42] HOP bucket=41589 L3 active=wlan1 ch9  | prep wlan0 ch8  | BL=['7']
[RX  <- B] bucket=41589  peer_BL=['7']  my_BL=['7']
[TX  ->  *] bucket=41589 L3 active=wlan1 ch9  BL=['7']
[23:36:44] HOP bucket=41590 L3 active=wlan0 ch8  | prep wlan1 ch5  | BL=['7']
[TX  ->  *] bucket=41590 L3 active=wlan0 ch8  BL=['7']
[RX  <- B] bucket=41590  peer_BL=['7']  my_BL=['7']
[23:36:46] HOP bucket=41591 L3 active=wlan1 ch5  | prep wlan0 ch5  | BL=[]
[TX  ->  *] bucket=41591 L3 active=wlan1 ch5  BL=[]
[RX  <- B] bucket=41591  peer_BL=[]  my_BL=[]
[23:36:48] HOP bucket=41592 L3 active=wlan0 ch5  | prep wlan1 ch10  | BL=[]
[RX  <- B] bucket=41592  peer_BL=[]  my_BL=[]
[TX  ->  *] bucket=41592 L3 active=wlan0 ch5  BL=[]
[23:36:50] HOP bucket=41593 L3 active=wlan1 ch10  | prep wlan0 ch8  | BL=[]
[TX  ->  *] bucket=41593 L3 active=wlan1 ch10  BL=[]
[RX  <- B] bucket=41593  peer_BL=[]  my_BL=[]
[23:36:52] HOP bucket=41594 L3 active=wlan0 ch8  | prep wlan1 ch10  | BL=[]
[TX  ->  *] bucket=41594 L3 active=wlan0 ch8  BL=[]
[RX  <- B] bucket=41594  peer_BL=[]  my_BL=[]
[23:36:54] HOP bucket=41595 L3 active=wlan1 ch10  | prep wlan0 ch11  | BL=[]
[TX  ->  *] bucket=41595 L3 active=wlan1 ch10  BL=[]
[RX  <- B] bucket=41595  peer_BL=[]  my_BL=[]
[23:36:56] HOP bucket=41596 L3 active=wlan0 ch11  | prep wlan1 ch8  | BL=[]
[TX  ->  *] bucket=41596 L3 active=wlan0 ch11  BL=[]
[RX  <- B] bucket=41596  peer_BL=[]  my_BL=[]
[23:36:58] HOP bucket=41597 L3 active=wlan1 ch8  | prep wlan0 ch4  | BL=[]
[RX  <- B] bucket=41597  peer_BL=[]  my_BL=[]
[TX  ->  *] bucket=41597 L3 active=wlan1 ch8  BL=[]
[23:37:00] HOP bucket=41598 L3 active=wlan0 ch4  | prep wlan1 ch6  | BL=[]
[TX  ->  *] bucket=41598 L3 active=wlan0 ch4  BL=[]
[RX  <- B] bucket=41598  peer_BL=[]  my_BL=[]
[23:37:02] HOP bucket=41599 L3 active=wlan1 ch6  | prep wlan0 ch8  | BL=[]
[RX  <- B] bucket=41599  peer_BL=[]  my_BL=[]
[TX  ->  *] bucket=41599 L3 active=wlan1 ch6  BL=[]
[23:37:04] HOP bucket=41600 L3 active=wlan0 ch8  | prep wlan1 ch10  | BL=[]
[TX  ->  *] bucket=41600 L3 active=wlan0 ch8  BL=[]
[RX  <- B] bucket=41600  peer_BL=[]  my_BL=[]
[23:37:06] HOP bucket=41601 L3 active=wlan1 ch10  | prep wlan0 ch6  | BL=[]
[TX  ->  *] bucket=41601 L3 active=wlan1 ch10  BL=[]
[RX  <- B] bucket=41601  peer_BL=[]  my_BL=[]
[23:37:08] HOP bucket=41602 L3 active=wlan0 ch6  | prep wlan1 ch11  | BL=[]
[TX  ->  *] bucket=41602 L3 active=wlan0 ch6  BL=[]
[RX  <- B] bucket=41602  peer_BL=[]  my_BL=[]
[23:37:10] HOP bucket=41603 L3 active=wlan1 ch11  | prep wlan0 ch10  | BL=[]
[TX  ->  *] bucket=41603 L3 active=wlan1 ch11  BL=[]
[RX  <- B] bucket=41603  peer_BL=[]  my_BL=[]
[23:37:12] HOP bucket=41604 L3 active=wlan0 ch10  | prep wlan1 ch9  | BL=[]
[RX  <- B] bucket=41604  peer_BL=[]  my_BL=[]
[TX  ->  *] bucket=41604 L3 active=wlan0 ch10  BL=[]
[23:37:14] HOP bucket=41605 L3 active=wlan1 ch9  | prep wlan0 ch3  | BL=[]
[TX  ->  *] bucket=41605 L3 active=wlan1 ch9  BL=[]
[RX  <- B] bucket=41605  peer_BL=[]  my_BL=[]
[23:37:16] HOP bucket=41606 L3 active=wlan0 ch3  | prep wlan1 ch6  | BL=[]
[TX  ->  *] bucket=41606 L3 active=wlan0 ch3  BL=[]
[RX  <- B] bucket=41606  peer_BL=[]  my_BL=[]
[23:37:18] HOP bucket=41607 L3 active=wlan1 ch6  | prep wlan0 ch4  | BL=[]
[RX  <- B] bucket=41607  peer_BL=[]  my_BL=[]
[TX  ->  *] bucket=41607 L3 active=wlan1 ch6  BL=[]
[23:37:20] HOP bucket=41608 L3 active=wlan0 ch4  | prep wlan1 ch4  | BL=[]
[RX  <- B] bucket=41608  peer_BL=[]  my_BL=[]
[TX  ->  *] bucket=41608 L3 active=wlan0 ch4  BL=[]
[23:37:22] HOP bucket=41609 L3 active=wlan1 ch4  | prep wlan0 ch8  | BL=[]
[TX  ->  *] bucket=41609 L3 active=wlan1 ch4  BL=[]
[RX  <- B] bucket=41609  peer_BL=[]  my_BL=[]
[23:37:24] HOP bucket=41610 L3 active=wlan0 ch8  | prep wlan1 ch9  | BL=[]
[TX  ->  *] bucket=41610 L3 active=wlan0 ch8  BL=[]
[!! JAMMED  ] bucket=41610 L3 active=wlan0 ch8  silent + egress_drops=37  -> BL until bucket=41640  BL=['8']
[23:37:26] HOP bucket=41611 L3 active=wlan1 ch9  | prep wlan0 ch3  | BL=['8']
[TX  ->  *] bucket=41611 L3 active=wlan1 ch9  BL=['8']
[RX  <- B] bucket=41611  peer_BL=['8']  my_BL=['8']
[23:37:28] HOP bucket=41612 L3 active=wlan0 ch3  | prep wlan1 ch11  | BL=['8']
[RX  <- B] bucket=41612  peer_BL=['8']  my_BL=['8']
[TX  ->  *] bucket=41612 L3 active=wlan0 ch3  BL=['8']
[23:37:30] HOP bucket=41613 L3 active=wlan1 ch11  | prep wlan0 ch3  | BL=['8']
[TX  ->  *] bucket=41613 L3 active=wlan1 ch11  BL=['8']
[RX  <- B] bucket=41613  peer_BL=['8']  my_BL=['8']
[23:37:32] HOP bucket=41614 L3 active=wlan0 ch3  | prep wlan1 ch11  | BL=['8']
[TX  ->  *] bucket=41614 L3 active=wlan0 ch3  BL=['8']
[RX  <- B] bucket=41614  peer_BL=['8']  my_BL=['8']
[23:37:34] HOP bucket=41615 L3 active=wlan1 ch11  | prep wlan0 ch9  | BL=['8']
[RX  <- B] bucket=41615  peer_BL=['8']  my_BL=['8']
[TX  ->  *] bucket=41615 L3 active=wlan1 ch11  BL=['8']
[23:37:36] HOP bucket=41616 L3 active=wlan0 ch9  | prep wlan1 ch3  | BL=['8']
[RX  <- B] bucket=41616  peer_BL=['8']  my_BL=['8']
[TX  ->  *] bucket=41616 L3 active=wlan0 ch9  BL=['8']
[23:37:38] HOP bucket=41617 L3 active=wlan1 ch3  | prep wlan0 ch6  | BL=['8']
[TX  ->  *] bucket=41617 L3 active=wlan1 ch3  BL=['8']
[RX  <- B] bucket=41617  peer_BL=['8']  my_BL=['8']
[23:37:40] HOP bucket=41618 L3 active=wlan0 ch6  | prep wlan1 ch7  | BL=['8']
[RX  <- B] bucket=41618  peer_BL=['8']  my_BL=['8']
[TX  ->  *] bucket=41618 L3 active=wlan0 ch6  BL=['8']
[23:37:42] HOP bucket=41619 L3 active=wlan1 ch7  | prep wlan0 ch3  | BL=['8']
[TX  ->  *] bucket=41619 L3 active=wlan1 ch7  BL=['8']
[!! JAMMED  ] bucket=41619 L3 active=wlan1 ch7  silent + egress_drops=38  -> BL until bucket=41649  BL=['7', '8']
[23:37:44] HOP bucket=41620 L3 active=wlan0 ch3  | prep wlan1 ch9  | BL=['7', '8']
[RX  <- B] bucket=41620  peer_BL=['8', '7']  my_BL=['7', '8']
[TX  ->  *] bucket=41620 L3 active=wlan0 ch3  BL=['7', '8']
[23:37:46] HOP bucket=41621 L3 active=wlan1 ch9  | prep wlan0 ch10  | BL=['7', '8']
[RX  <- B] bucket=41621  peer_BL=['8', '7']  my_BL=['7', '8']
[TX  ->  *] bucket=41621 L3 active=wlan1 ch9  BL=['7', '8']
[23:37:48] HOP bucket=41622 L3 active=wlan0 ch10  | prep wlan1 ch3  | BL=['7', '8']
[RX  <- B] bucket=41622  peer_BL=['8', '7']  my_BL=['7', '8']
[TX  ->  *] bucket=41622 L3 active=wlan0 ch10  BL=['7', '8']
[23:37:50] HOP bucket=41623 L3 active=wlan1 ch3  | prep wlan0 ch11  | BL=['7', '8']
[RX  <- B] bucket=41623  peer_BL=['8', '7']  my_BL=['7', '8']
[TX  ->  *] bucket=41623 L3 active=wlan1 ch3  BL=['7', '8']
[23:37:52] HOP bucket=41624 L3 active=wlan0 ch11  | prep wlan1 ch6  | BL=['7', '8']
[TX  ->  *] bucket=41624 L3 active=wlan0 ch11  BL=['7', '8']
[RX  <- B] bucket=41624  peer_BL=['8', '7']  my_BL=['7', '8']
[23:37:54] HOP bucket=41625 L3 active=wlan1 ch6  | prep wlan0 ch3  | BL=['7', '8']
[RX  <- B] bucket=41625  peer_BL=['8', '7']  my_BL=['7', '8']
[TX  ->  *] bucket=41625 L3 active=wlan1 ch6  BL=['7', '8']
[23:37:56] HOP bucket=41626 L3 active=wlan0 ch3  | prep wlan1 ch3  | BL=['7', '8']
[TX  ->  *] bucket=41626 L3 active=wlan0 ch3  BL=['7', '8']
[RX  <- B] bucket=41626  peer_BL=['8', '7']  my_BL=['7', '8']
[23:37:58] HOP bucket=41627 L3 active=wlan1 ch3  | prep wlan0 ch11  | BL=['7', '8']
[TX  ->  *] bucket=41627 L3 active=wlan1 ch3  BL=['7', '8']
[RX  <- B] bucket=41627  peer_BL=['8', '7']  my_BL=['7', '8']
[23:38:00] HOP bucket=41628 L3 active=wlan0 ch11  | prep wlan1 ch10  | BL=['7', '8']
[TX  ->  *] bucket=41628 L3 active=wlan0 ch11  BL=['7', '8']
[RX  <- B] bucket=41628  peer_BL=['8', '7']  my_BL=['7', '8']
[23:38:02] HOP bucket=41629 L3 active=wlan1 ch10  | prep wlan0 ch11  | BL=['7', '8']
[TX  ->  *] bucket=41629 L3 active=wlan1 ch10  BL=['7', '8']
[RX  <- B] bucket=41629  peer_BL=['8', '7']  my_BL=['7', '8']
[23:38:04] HOP bucket=41630 L3 active=wlan0 ch11  | prep wlan1 ch11  | BL=['7', '8']
[TX  ->  *] bucket=41630 L3 active=wlan0 ch11  BL=['7', '8']
[RX  <- B] bucket=41630  peer_BL=['8', '7']  my_BL=['7', '8']
[23:38:06] HOP bucket=41631 L3 active=wlan1 ch11  | prep wlan0 ch11  | BL=['7', '8']
[TX  ->  *] bucket=41631 L3 active=wlan1 ch11  BL=['7', '8']
[RX  <- B] bucket=41631  peer_BL=['8', '7']  my_BL=['7', '8']
[23:38:08] HOP bucket=41632 L3 active=wlan0 ch11  | prep wlan1 ch3  | BL=['7', '8']
[RX  <- B] bucket=41632  peer_BL=['8', '7']  my_BL=['7', '8']
[TX  ->  *] bucket=41632 L3 active=wlan0 ch11  BL=['7', '8']
[23:38:10] HOP bucket=41633 L3 active=wlan1 ch3  | prep wlan0 ch9  | BL=['7', '8']
[TX  ->  *] bucket=41633 L3 active=wlan1 ch3  BL=['7', '8']
[RX  <- B] bucket=41633  peer_BL=['8', '7']  my_BL=['7', '8']
[23:38:12] HOP bucket=41634 L3 active=wlan0 ch9  | prep wlan1 ch4  | BL=['7', '8']
[TX  ->  *] bucket=41634 L3 active=wlan0 ch9  BL=['7', '8']
[RX  <- B] bucket=41634  peer_BL=['8', '7']  my_BL=['7', '8']
[23:38:14] HOP bucket=41635 L3 active=wlan1 ch4  | prep wlan0 ch11  | BL=['7', '8']
[TX  ->  *] bucket=41635 L3 active=wlan1 ch4  BL=['7', '8']
[RX  <- B] bucket=41635  peer_BL=['8', '7']  my_BL=['7', '8']
[23:38:16] HOP bucket=41636 L3 active=wlan0 ch11  | prep wlan1 ch10  | BL=['7', '8']
[RX  <- B] bucket=41636  peer_BL=['8', '7']  my_BL=['7', '8']
[TX  ->  *] bucket=41636 L3 active=wlan0 ch11  BL=['7', '8']
[23:38:18] HOP bucket=41637 L3 active=wlan1 ch10  | prep wlan0 ch6  | BL=['7', '8']
[TX  ->  *] bucket=41637 L3 active=wlan1 ch10  BL=['7', '8']
[RX  <- B] bucket=41637  peer_BL=['8', '7']  my_BL=['7', '8']
[23:38:20] HOP bucket=41638 L3 active=wlan0 ch6  | prep wlan1 ch10  | BL=['7', '8']
[TX  ->  *] bucket=41638 L3 active=wlan0 ch6  BL=['7', '8']
[RX  <- B] bucket=41638  peer_BL=['8', '7']  my_BL=['7', '8']
[23:38:22] HOP bucket=41639 L3 active=wlan1 ch10  | prep wlan0 ch9  | BL=['7', '8']
[RX  <- B] bucket=41639  peer_BL=['8', '7']  my_BL=['7', '8']
[TX  ->  *] bucket=41639 L3 active=wlan1 ch10  BL=['7', '8']
[23:38:24] HOP bucket=41640 L3 active=wlan0 ch9  (LAG: totp_says=ch8, physical=ch9)  | prep wlan1 ch8  | BL=['7']
[RX  <- B] bucket=41640  peer_BL=['7']  my_BL=['7']
[TX  ->  *] bucket=41640 L3 active=wlan0 ch9  BL=['7']
[23:38:26] HOP bucket=41641 L3 active=wlan1 ch8  | prep wlan0 ch3  | BL=['7']
[TX  ->  *] bucket=41641 L3 active=wlan1 ch8  BL=['7']
[!! JAMMED  ] bucket=41641 L3 active=wlan1 ch8  silent + egress_drops=38  -> BL until bucket=41671  BL=['7', '8']
[23:38:28] HOP bucket=41642 L3 active=wlan0 ch3  | prep wlan1 ch9  | BL=['7', '8']
[RX  <- B] bucket=41642  peer_BL=['7', '8']  my_BL=['7', '8']
[TX  ->  *] bucket=41642 L3 active=wlan0 ch3  BL=['7', '8']
[23:38:30] HOP bucket=41643 L3 active=wlan1 ch9  | prep wlan0 ch9  | BL=['7', '8']
[RX  <- B] bucket=41643  peer_BL=['7', '8']  my_BL=['7', '8']
[TX  ->  *] bucket=41643 L3 active=wlan1 ch9  BL=['7', '8']
[23:38:32] HOP bucket=41644 L3 active=wlan0 ch9  | prep wlan1 ch4  | BL=['7', '8']
[TX  ->  *] bucket=41644 L3 active=wlan0 ch9  BL=['7', '8']
[RX  <- B] bucket=41644  peer_BL=['7', '8']  my_BL=['7', '8']
[23:38:34] HOP bucket=41645 L3 active=wlan1 ch4  | prep wlan0 ch9  | BL=['7', '8']
[TX  ->  *] bucket=41645 L3 active=wlan1 ch4  BL=['7', '8']
[RX  <- B] bucket=41645  peer_BL=['7', '8']  my_BL=['7', '8']
[23:38:36] HOP bucket=41646 L3 active=wlan0 ch9  | prep wlan1 ch6  | BL=['7', '8']
[RX  <- B] bucket=41646  peer_BL=['7', '8']  my_BL=['7', '8']
[TX  ->  *] bucket=41646 L3 active=wlan0 ch9  BL=['7', '8']
[23:38:38] HOP bucket=41647 L3 active=wlan1 ch6  | prep wlan0 ch9  | BL=['7', '8']
[TX  ->  *] bucket=41647 L3 active=wlan1 ch6  BL=['7', '8']
[RX  <- B] bucket=41647  peer_BL=['7', '8']  my_BL=['7', '8']
[23:38:40] HOP bucket=41648 L3 active=wlan0 ch9  | prep wlan1 ch10  | BL=['7', '8']
[TX  ->  *] bucket=41648 L3 active=wlan0 ch9  BL=['7', '8']
[RX  <- B] bucket=41648  peer_BL=['7', '8']  my_BL=['7', '8']
[23:38:42] HOP bucket=41649 L3 active=wlan1 ch10  | prep wlan0 ch11  | BL=['8']
[TX  ->  *] bucket=41649 L3 active=wlan1 ch10  BL=['8']
[RX  <- B] bucket=41649  peer_BL=['8']  my_BL=['8']
[23:38:44] HOP bucket=41650 L3 active=wlan0 ch11  | prep wlan1 ch9  | BL=['8']
[TX  ->  *] bucket=41650 L3 active=wlan0 ch11  BL=['8']
[RX  <- B] bucket=41650  peer_BL=['8']  my_BL=['8']
[23:38:46] HOP bucket=41651 L3 active=wlan1 ch9  | prep wlan0 ch9  | BL=['8']
[TX  ->  *] bucket=41651 L3 active=wlan1 ch9  BL=['8']
[RX  <- B] bucket=41651  peer_BL=['8']  my_BL=['8']
[23:38:48] HOP bucket=41652 L3 active=wlan0 ch9  | prep wlan1 ch9  | BL=['8']
[RX  <- B] bucket=41652  peer_BL=['8']  my_BL=['8']
[TX  ->  *] bucket=41652 L3 active=wlan0 ch9  BL=['8']
[23:38:50] HOP bucket=41653 L3 active=wlan1 ch9  | prep wlan0 ch7  | BL=['8']
[TX  ->  *] bucket=41653 L3 active=wlan1 ch9  BL=['8']
[RX  <- B] bucket=41653  peer_BL=['8']  my_BL=['8']
[23:38:52] HOP bucket=41654 L3 active=wlan0 ch7  | prep wlan1 ch7  | BL=['8']
[TX  ->  *] bucket=41654 L3 active=wlan0 ch7  BL=['8']
[!! JAMMED  ] bucket=41654 L3 active=wlan0 ch7  silent + egress_drops=39  -> BL until bucket=41684  BL=['7', '8']
[23:38:54] HOP bucket=41655 L3 active=wlan1 ch7  (LAG: totp_says=ch9, physical=ch7)  | prep wlan0 ch5  | BL=['7', '8']
[TX  ->  *] bucket=41655 L3 active=wlan1 ch7  BL=['7', '8']
[23:38:56] HOP bucket=41656 L3 active=wlan0 ch5  | prep wlan1 ch9  | BL=['7', '8']
[TX  ->  *] bucket=41656 L3 active=wlan0 ch5  BL=['7', '8']
[!! JAMMED  ] bucket=41656 L3 active=wlan0 ch5  silent + egress_drops=78  -> BL until bucket=41686  BL=['5', '7', '8']
[23:38:58] HOP bucket=41657 L3 active=wlan1 ch9  | prep wlan0 ch6  | BL=['5', '7', '8']
[TX  ->  *] bucket=41657 L3 active=wlan1 ch9  BL=['5', '7', '8']
[RX  <- B] bucket=41657  peer_BL=['8', '7', '5']  my_BL=['5', '7', '8']
[23:39:00] HOP bucket=41658 L3 active=wlan0 ch6  | prep wlan1 ch4  | BL=['5', '7', '8']
[TX  ->  *] bucket=41658 L3 active=wlan0 ch6  BL=['5', '7', '8']
[RX  <- B] bucket=41658  peer_BL=['8', '7', '5']  my_BL=['5', '7', '8']
[23:39:02] HOP bucket=41659 L3 active=wlan1 ch4  | prep wlan0 ch6  | BL=['5', '7', '8']
[TX  ->  *] bucket=41659 L3 active=wlan1 ch4  BL=['5', '7', '8']
[RX  <- B] bucket=41659  peer_BL=['8', '7', '5']  my_BL=['5', '7', '8']
[23:39:04] HOP bucket=41660 L3 active=wlan0 ch6  | prep wlan1 ch6  | BL=['5', '7', '8']
[TX  ->  *] bucket=41660 L3 active=wlan0 ch6  BL=['5', '7', '8']
[RX  <- B] bucket=41660  peer_BL=['8', '7', '5']  my_BL=['5', '7', '8']
[23:39:06] HOP bucket=41661 L3 active=wlan1 ch6  | prep wlan0 ch9  | BL=['5', '7', '8']
[TX  ->  *] bucket=41661 L3 active=wlan1 ch6  BL=['5', '7', '8']
[RX  <- B] bucket=41661  peer_BL=['8', '7', '5']  my_BL=['5', '7', '8']
[23:39:08] HOP bucket=41662 L3 active=wlan0 ch9  | prep wlan1 ch3  | BL=['5', '7', '8']
[TX  ->  *] bucket=41662 L3 active=wlan0 ch9  BL=['5', '7', '8']
[RX  <- B] bucket=41662  peer_BL=['8', '7', '5']  my_BL=['5', '7', '8']
[23:39:10] HOP bucket=41663 L3 active=wlan1 ch3  | prep wlan0 ch3  | BL=['5', '7', '8']
[TX  ->  *] bucket=41663 L3 active=wlan1 ch3  BL=['5', '7', '8']
[RX  <- B] bucket=41663  peer_BL=['8', '7', '5']  my_BL=['5', '7', '8']
[23:39:12] HOP bucket=41664 L3 active=wlan0 ch3  | prep wlan1 ch9  | BL=['5', '7', '8']
[RX  <- B] bucket=41664  peer_BL=['8', '7', '5']  my_BL=['5', '7', '8']
[TX  ->  *] bucket=41664 L3 active=wlan0 ch3  BL=['5', '7', '8']
[23:39:14] HOP bucket=41665 L3 active=wlan1 ch9  | prep wlan0 ch10  | BL=['5', '7', '8']
[TX  ->  *] bucket=41665 L3 active=wlan1 ch9  BL=['5', '7', '8']
[RX  <- B] bucket=41665  peer_BL=['8', '7', '5']  my_BL=['5', '7', '8']
[23:39:16] HOP bucket=41666 L3 active=wlan0 ch10  | prep wlan1 ch11  | BL=['5', '7', '8']
[RX  <- B] bucket=41666  peer_BL=['8', '7', '5']  my_BL=['5', '7', '8']
[TX  ->  *] bucket=41666 L3 active=wlan0 ch10  BL=['5', '7', '8']
[23:39:18] HOP bucket=41667 L3 active=wlan1 ch11  | prep wlan0 ch9  | BL=['5', '7', '8']
[RX  <- B] bucket=41667  peer_BL=['8', '7', '5']  my_BL=['5', '7', '8']
[TX  ->  *] bucket=41667 L3 active=wlan1 ch11  BL=['5', '7', '8']
[23:39:20] HOP bucket=41668 L3 active=wlan0 ch9  | prep wlan1 ch4  | BL=['5', '7', '8']
[TX  ->  *] bucket=41668 L3 active=wlan0 ch9  BL=['5', '7', '8']
[RX  <- B] bucket=41668  peer_BL=['8', '7', '5']  my_BL=['5', '7', '8']
[23:39:22] HOP bucket=41669 L3 active=wlan1 ch4  | prep wlan0 ch9  | BL=['5', '7', '8']
[TX  ->  *] bucket=41669 L3 active=wlan1 ch4  BL=['5', '7', '8']
[RX  <- B] bucket=41669  peer_BL=['8', '7', '5']  my_BL=['5', '7', '8']
[23:39:24] HOP bucket=41670 L3 active=wlan0 ch9  | prep wlan1 ch6  | BL=['5', '7', '8']
[RX  <- B] bucket=41670  peer_BL=['8', '7', '5']  my_BL=['5', '7', '8']
[TX  ->  *] bucket=41670 L3 active=wlan0 ch9  BL=['5', '7', '8']
[23:39:26] HOP bucket=41671 L3 active=wlan1 ch6  | prep wlan0 ch10  | BL=['5', '7']
[TX  ->  *] bucket=41671 L3 active=wlan1 ch6  BL=['5', '7']
[RX  <- B] bucket=41671  peer_BL=['7', '5']  my_BL=['5', '7']
[23:39:28] HOP bucket=41672 L3 active=wlan0 ch10  | prep wlan1 ch8  | BL=['5', '7']
[RX  <- B] bucket=41672  peer_BL=['7', '5']  my_BL=['5', '7']
[TX  ->  *] bucket=41672 L3 active=wlan0 ch10  BL=['5', '7']
[23:39:30] HOP bucket=41673 L3 active=wlan1 ch8  | prep wlan0 ch6  | BL=['5', '7']
[RX  <- B] bucket=41673  peer_BL=['7', '5']  my_BL=['5', '7']
[TX  ->  *] bucket=41673 L3 active=wlan1 ch8  BL=['5', '7']
[23:39:32] HOP bucket=41674 L3 active=wlan0 ch6  | prep wlan1 ch6  | BL=['5', '7']
[RX  <- B] bucket=41674  peer_BL=['7', '5']  my_BL=['5', '7']
[TX  ->  *] bucket=41674 L3 active=wlan0 ch6  BL=['5', '7']
[23:39:34] HOP bucket=41675 L3 active=wlan1 ch6  | prep wlan0 ch8  | BL=['5', '7']
[RX  <- B] bucket=41675  peer_BL=['7', '5']  my_BL=['5', '7']
[TX  ->  *] bucket=41675 L3 active=wlan1 ch6  BL=['5', '7']
[23:39:36] HOP bucket=41676 L3 active=wlan0 ch8  | prep wlan1 ch8  | BL=['5', '7']
[TX  ->  *] bucket=41676 L3 active=wlan0 ch8  BL=['5', '7']
[RX  <- B] bucket=41676  peer_BL=['7', '5']  my_BL=['5', '7']
[23:39:38] HOP bucket=41677 L3 active=wlan1 ch8  | prep wlan0 ch9  | BL=['5', '7']
[TX  ->  *] bucket=41677 L3 active=wlan1 ch8  BL=['5', '7']
[RX  <- B] bucket=41677  peer_BL=['7', '5']  my_BL=['5', '7']
[23:39:40] HOP bucket=41678 L3 active=wlan0 ch9  | prep wlan1 ch6  | BL=['5', '7']
[TX  ->  *] bucket=41678 L3 active=wlan0 ch9  BL=['5', '7']
[RX  <- B] bucket=41678  peer_BL=['7', '5']  my_BL=['5', '7']
[23:39:42] HOP bucket=41679 L3 active=wlan1 ch6  | prep wlan0 ch6  | BL=['5', '7']
[TX  ->  *] bucket=41679 L3 active=wlan1 ch6  BL=['5', '7']
[RX  <- B] bucket=41679  peer_BL=['7', '5']  my_BL=['5', '7']
[23:39:44] HOP bucket=41680 L3 active=wlan0 ch6  | prep wlan1 ch3  | BL=['5', '7']
[RX  <- B] bucket=41680  peer_BL=['7', '5']  my_BL=['5', '7']
[TX  ->  *] bucket=41680 L3 active=wlan0 ch6  BL=['5', '7']
[23:39:46] HOP bucket=41681 L3 active=wlan1 ch3  | prep wlan0 ch6  | BL=['5', '7']
[RX  <- B] bucket=41681  peer_BL=['7', '5']  my_BL=['5', '7']
[TX  ->  *] bucket=41681 L3 active=wlan1 ch3  BL=['5', '7']
[23:39:48] HOP bucket=41682 L3 active=wlan0 ch6  | prep wlan1 ch11  | BL=['5', '7']
[RX  <- B] bucket=41682  peer_BL=['7', '5']  my_BL=['5', '7']
[TX  ->  *] bucket=41682 L3 active=wlan0 ch6  BL=['5', '7']
[23:39:50] HOP bucket=41683 L3 active=wlan1 ch11  | prep wlan0 ch11  | BL=['5', '7']
[RX  <- B] bucket=41683  peer_BL=['7', '5']  my_BL=['5', '7']
[TX  ->  *] bucket=41683 L3 active=wlan1 ch11  BL=['5', '7']
[23:39:52] HOP bucket=41684 L3 active=wlan0 ch11  | prep wlan1 ch9  | BL=['5']
[RX  <- B] bucket=41684  peer_BL=['5']  my_BL=['5']
[TX  ->  *] bucket=41684 L3 active=wlan0 ch11  BL=['5']
[23:39:54] HOP bucket=41685 L3 active=wlan1 ch9  | prep wlan0 ch6  | BL=['5']
[RX  <- B] bucket=41685  peer_BL=['5']  my_BL=['5']
[TX  ->  *] bucket=41685 L3 active=wlan1 ch9  BL=['5']
[23:39:56] HOP bucket=41686 L3 active=wlan0 ch6  | prep wlan1 ch7  | BL=[]
[TX  ->  *] bucket=41686 L3 active=wlan0 ch6  BL=[]
[RX  <- B] bucket=41686  peer_BL=[]  my_BL=[]
[23:39:58] HOP bucket=41687 L3 active=wlan1 ch7  | prep wlan0 ch3  | BL=[]
[TX  ->  *] bucket=41687 L3 active=wlan1 ch7  BL=[]
[RX  <- B] bucket=41687  peer_BL=[]  my_BL=[]
[23:40:00] HOP bucket=41688 L3 active=wlan0 ch3  | prep wlan1 ch6  | BL=[]
[TX  ->  *] bucket=41688 L3 active=wlan0 ch3  BL=[]
[RX  <- B] bucket=41688  peer_BL=[]  my_BL=[]
[23:40:02] HOP bucket=41689 L3 active=wlan1 ch6  | prep wlan0 ch8  | BL=[]
[TX  ->  *] bucket=41689 L3 active=wlan1 ch6  BL=[]
[RX  <- B] bucket=41689  peer_BL=[]  my_BL=[]
[23:40:04] HOP bucket=41690 L3 active=wlan0 ch8  | prep wlan1 ch9  | BL=[]
[TX  ->  *] bucket=41690 L3 active=wlan0 ch8  BL=[]
[RX  <- B] bucket=41690  peer_BL=[]  my_BL=[]
[23:40:06] HOP bucket=41691 L3 active=wlan1 ch9  | prep wlan0 ch11  | BL=[]
[TX  ->  *] bucket=41691 L3 active=wlan1 ch9  BL=[]
[RX  <- B] bucket=41691  peer_BL=[]  my_BL=[]
[23:40:08] HOP bucket=41692 L3 active=wlan0 ch11  | prep wlan1 ch11  | BL=[]
[TX  ->  *] bucket=41692 L3 active=wlan0 ch11  BL=[]
[RX  <- B] bucket=41692  peer_BL=[]  my_BL=[]
[23:40:10] HOP bucket=41693 L3 active=wlan1 ch11  | prep wlan0 ch10  | BL=[]
[TX  ->  *] bucket=41693 L3 active=wlan1 ch11  BL=[]
[RX  <- B] bucket=41693  peer_BL=[]  my_BL=[]
[23:40:12] HOP bucket=41694 L3 active=wlan0 ch10  | prep wlan1 ch6  | BL=[]
[TX  ->  *] bucket=41694 L3 active=wlan0 ch10  BL=[]
[RX  <- B] bucket=41694  peer_BL=[]  my_BL=[]
[23:40:14] HOP bucket=41695 L3 active=wlan1 ch6  | prep wlan0 ch8  | BL=[]
[RX  <- B] bucket=41695  peer_BL=[]  my_BL=[]
[TX  ->  *] bucket=41695 L3 active=wlan1 ch6  BL=[]
[23:40:16] HOP bucket=41696 L3 active=wlan0 ch8  | prep wlan1 ch7  | BL=[]
[RX  <- B] bucket=41696  peer_BL=[]  my_BL=[]
[TX  ->  *] bucket=41696 L3 active=wlan0 ch8  BL=[]
[23:40:18] HOP bucket=41697 L3 active=wlan1 ch7  | prep wlan0 ch8  | BL=[]
[RX  <- B] bucket=41697  peer_BL=[]  my_BL=[]
[TX  ->  *] bucket=41697 L3 active=wlan1 ch7  BL=[]
[23:40:20] HOP bucket=41698 L3 active=wlan0 ch8  | prep wlan1 ch8  | BL=[]
[RX  <- B] bucket=41698  peer_BL=[]  my_BL=[]
[TX  ->  *] bucket=41698 L3 active=wlan0 ch8  BL=[]
[23:40:22] HOP bucket=41699 L3 active=wlan1 ch8  | prep wlan0 ch6  | BL=[]
[TX  ->  *] bucket=41699 L3 active=wlan1 ch8  BL=[]
[RX  <- B] bucket=41699  peer_BL=[]  my_BL=[]
[23:40:24] HOP bucket=41700 L3 active=wlan0 ch6  | prep wlan1 ch6  | BL=[]
[TX  ->  *] bucket=41700 L3 active=wlan0 ch6  BL=[]
[RX  <- B] bucket=41700  peer_BL=[]  my_BL=[]
[23:40:26] HOP bucket=41701 L3 active=wlan1 ch6  | prep wlan0 ch7  | BL=[]
[RX  <- B] bucket=41701  peer_BL=[]  my_BL=[]
[TX  ->  *] bucket=41701 L3 active=wlan1 ch6  BL=[]
[23:40:28] HOP bucket=41702 L3 active=wlan0 ch7  | prep wlan1 ch10  | BL=[]
[RX  <- B] bucket=41702  peer_BL=[]  my_BL=[]
[TX  ->  *] bucket=41702 L3 active=wlan0 ch7  BL=[]
[23:40:30] HOP bucket=41703 L3 active=wlan1 ch10  | prep wlan0 ch4  | BL=[]
[RX  <- B] bucket=41703  peer_BL=[]  my_BL=[]
[TX  ->  *] bucket=41703 L3 active=wlan1 ch10  BL=[]
[23:40:32] HOP bucket=41704 L3 active=wlan0 ch4  | prep wlan1 ch8  | BL=[]
[RX  <- B] bucket=41704  peer_BL=[]  my_BL=[]
[TX  ->  *] bucket=41704 L3 active=wlan0 ch4  BL=[]
[23:40:34] HOP bucket=41705 L3 active=wlan1 ch8  | prep wlan0 ch7  | BL=[]
[TX  ->  *] bucket=41705 L3 active=wlan1 ch8  BL=[]
[RX  <- B] bucket=41705  peer_BL=[]  my_BL=[]
[23:40:36] HOP bucket=41706 L3 active=wlan0 ch7  | prep wlan1 ch8  | BL=[]
[TX  ->  *] bucket=41706 L3 active=wlan0 ch7  BL=[]
[RX  <- B] bucket=41706  peer_BL=[]  my_BL=[]
[23:40:38] HOP bucket=41707 L3 active=wlan1 ch8  | prep wlan0 ch8  | BL=[]
[RX  <- B] bucket=41707  peer_BL=[]  my_BL=[]
[TX  ->  *] bucket=41707 L3 active=wlan1 ch8  BL=[]
[23:40:40] HOP bucket=41708 L3 active=wlan0 ch8  | prep wlan1 ch4  | BL=[]
[RX  <- B] bucket=41708  peer_BL=[]  my_BL=[]
[TX  ->  *] bucket=41708 L3 active=wlan0 ch8  BL=[]
[23:40:42] HOP bucket=41709 L3 active=wlan1 ch4  | prep wlan0 ch10  | BL=[]
[TX  ->  *] bucket=41709 L3 active=wlan1 ch4  BL=[]
[RX  <- B] bucket=41709  peer_BL=[]  my_BL=[]
[23:40:44] HOP bucket=41710 L3 active=wlan0 ch10  | prep wlan1 ch7  | BL=[]
[TX  ->  *] bucket=41710 L3 active=wlan0 ch10  BL=[]
[RX  <- B] bucket=41710  peer_BL=[]  my_BL=[]
[23:40:46] HOP bucket=41711 L3 active=wlan1 ch7  | prep wlan0 ch6  | BL=[]
[TX  ->  *] bucket=41711 L3 active=wlan1 ch7  BL=[]
[RX  <- B] bucket=41711  peer_BL=[]  my_BL=[]
[23:40:48] HOP bucket=41712 L3 active=wlan0 ch6  | prep wlan1 ch7  | BL=[]
[TX  ->  *] bucket=41712 L3 active=wlan0 ch6  BL=[]
[RX  <- B] bucket=41712  peer_BL=[]  my_BL=[]
[23:40:50] HOP bucket=41713 L3 active=wlan1 ch7  | prep wlan0 ch5  | BL=[]
[RX  <- B] bucket=41713  peer_BL=[]  my_BL=[]
[TX  ->  *] bucket=41713 L3 active=wlan1 ch7  BL=[]
[23:40:52] HOP bucket=41714 L3 active=wlan0 ch5  | prep wlan1 ch6  | BL=[]
[RX  <- B] bucket=41714  peer_BL=[]  my_BL=[]
[TX  ->  *] bucket=41714 L3 active=wlan0 ch5  BL=[]
[23:40:54] HOP bucket=41715 L3 active=wlan1 ch6  | prep wlan0 ch7  | BL=[]
[RX  <- B] bucket=41715  peer_BL=[]  my_BL=[]
[TX  ->  *] bucket=41715 L3 active=wlan1 ch6  BL=[]
[23:40:56] HOP bucket=41716 L3 active=wlan0 ch7  | prep wlan1 ch4  | BL=[]
[TX  ->  *] bucket=41716 L3 active=wlan0 ch7  BL=[]
[RX  <- B] bucket=41716  peer_BL=[]  my_BL=[]
[23:40:58] HOP bucket=41717 L3 active=wlan1 ch4  | prep wlan0 ch9  | BL=[]
[TX  ->  *] bucket=41717 L3 active=wlan1 ch4  BL=[]
[RX  <- B] bucket=41717  peer_BL=[]  my_BL=[]
[23:41:00] HOP bucket=41718 L3 active=wlan0 ch9  | prep wlan1 ch8  | BL=[]
[TX  ->  *] bucket=41718 L3 active=wlan0 ch9  BL=[]
[RX  <- B] bucket=41718  peer_BL=[]  my_BL=[]
[23:41:02] HOP bucket=41719 L3 active=wlan1 ch8  | prep wlan0 ch4  | BL=[]
[TX  ->  *] bucket=41719 L3 active=wlan1 ch8  BL=[]
[RX  <- B] bucket=41719  peer_BL=[]  my_BL=[]
[23:41:04] HOP bucket=41720 L3 active=wlan0 ch4  | prep wlan1 ch4  | BL=[]
[TX  ->  *] bucket=41720 L3 active=wlan0 ch4  BL=[]
[RX  <- B] bucket=41720  peer_BL=[]  my_BL=[]
[23:41:06] HOP bucket=41721 L3 active=wlan1 ch4  | prep wlan0 ch8  | BL=[]
[TX  ->  *] bucket=41721 L3 active=wlan1 ch4  BL=[]
[RX  <- B] bucket=41721  peer_BL=[]  my_BL=[]
[23:41:08] HOP bucket=41722 L3 active=wlan0 ch8  | prep wlan1 ch10  | BL=[]
[TX  ->  *] bucket=41722 L3 active=wlan0 ch8  BL=[]
[RX  <- B] bucket=41722  peer_BL=[]  my_BL=[]
[23:41:10] HOP bucket=41723 L3 active=wlan1 ch10  | prep wlan0 ch6  | BL=[]
[RX  <- B] bucket=41723  peer_BL=[]  my_BL=[]
[TX  ->  *] bucket=41723 L3 active=wlan1 ch10  BL=[]
[23:41:12] HOP bucket=41724 L3 active=wlan0 ch6  | prep wlan1 ch3  | BL=[]
[TX  ->  *] bucket=41724 L3 active=wlan0 ch6  BL=[]
[RX  <- B] bucket=41724  peer_BL=[]  my_BL=[]
[23:41:14] HOP bucket=41725 L3 active=wlan1 ch3  | prep wlan0 ch7  | BL=[]
[TX  ->  *] bucket=41725 L3 active=wlan1 ch3  BL=[]
[!! JAMMED  ] bucket=41725 L3 active=wlan1 ch3  silent + egress_drops=39  -> BL until bucket=41755  BL=['3']
[23:41:16] HOP bucket=41726 L3 active=wlan0 ch7  | prep wlan1 ch5  | BL=['3']
[RX  <- B] bucket=41726  peer_BL=['3']  my_BL=['3']
[TX  ->  *] bucket=41726 L3 active=wlan0 ch7  BL=['3']
[23:41:18] HOP bucket=41727 L3 active=wlan1 ch5  | prep wlan0 ch11  | BL=['3']
[TX  ->  *] bucket=41727 L3 active=wlan1 ch5  BL=['3']
[RX  <- B] bucket=41727  peer_BL=['3']  my_BL=['3']
[23:41:20] HOP bucket=41728 L3 active=wlan0 ch11  | prep wlan1 ch5  | BL=['3']
[TX  ->  *] bucket=41728 L3 active=wlan0 ch11  BL=['3']
[RX  <- B] bucket=41728  peer_BL=['3']  my_BL=['3']
[23:41:22] HOP bucket=41729 L3 active=wlan1 ch5  | prep wlan0 ch4  | BL=['3']
[TX  ->  *] bucket=41729 L3 active=wlan1 ch5  BL=['3']
[RX  <- B] bucket=41729  peer_BL=['3']  my_BL=['3']
[23:41:24] HOP bucket=41730 L3 active=wlan0 ch4  | prep wlan1 ch11  | BL=['3']
[TX  ->  *] bucket=41730 L3 active=wlan0 ch4  BL=['3']
[!! JAMMED  ] bucket=41730 L3 active=wlan0 ch4  silent + egress_drops=72  -> BL until bucket=41760  BL=['3', '4']
[23:41:26] HOP bucket=41731 L3 active=wlan1 ch11  | prep wlan0 ch9  | BL=['3', '4']
[RX  <- B] bucket=41731  peer_BL=['3', '4']  my_BL=['3', '4']
[TX  ->  *] bucket=41731 L3 active=wlan1 ch11  BL=['3', '4']
[23:41:28] HOP bucket=41732 L3 active=wlan0 ch9  | prep wlan1 ch6  | BL=['3', '4']
[RX  <- B] bucket=41732  peer_BL=['3', '4']  my_BL=['3', '4']
[TX  ->  *] bucket=41732 L3 active=wlan0 ch9  BL=['3', '4']
[23:41:30] HOP bucket=41733 L3 active=wlan1 ch6  | prep wlan0 ch5  | BL=['3', '4']
[TX  ->  *] bucket=41733 L3 active=wlan1 ch6  BL=['3', '4']
[RX  <- B] bucket=41733  peer_BL=['3', '4']  my_BL=['3', '4']
[23:41:32] HOP bucket=41734 L3 active=wlan0 ch5  | prep wlan1 ch10  | BL=['3', '4']
[TX  ->  *] bucket=41734 L3 active=wlan0 ch5  BL=['3', '4']
[RX  <- B] bucket=41734  peer_BL=['3', '4']  my_BL=['3', '4']
[23:41:34] HOP bucket=41735 L3 active=wlan1 ch10  | prep wlan0 ch5  | BL=['3', '4']
[TX  ->  *] bucket=41735 L3 active=wlan1 ch10  BL=['3', '4']
[RX  <- B] bucket=41735  peer_BL=['3', '4']  my_BL=['3', '4']
[23:41:36] HOP bucket=41736 L3 active=wlan0 ch5  | prep wlan1 ch6  | BL=['3', '4']
[TX  ->  *] bucket=41736 L3 active=wlan0 ch5  BL=['3', '4']
[RX  <- B] bucket=41736  peer_BL=['3', '4']  my_BL=['3', '4']
[23:41:38] HOP bucket=41737 L3 active=wlan1 ch6  | prep wlan0 ch10  | BL=['3', '4']
[TX  ->  *] bucket=41737 L3 active=wlan1 ch6  BL=['3', '4']
[RX  <- B] bucket=41737  peer_BL=['3', '4']  my_BL=['3', '4']
[23:41:40] HOP bucket=41738 L3 active=wlan0 ch10  | prep wlan1 ch5  | BL=['3', '4']
[TX  ->  *] bucket=41738 L3 active=wlan0 ch10  BL=['3', '4']
[RX  <- B] bucket=41738  peer_BL=['3', '4']  my_BL=['3', '4']
[23:41:42] HOP bucket=41739 L3 active=wlan1 ch5  | prep wlan0 ch5  | BL=['3', '4']
[TX  ->  *] bucket=41739 L3 active=wlan1 ch5  BL=['3', '4']
[RX  <- B] bucket=41739  peer_BL=['3', '4']  my_BL=['3', '4']
[23:41:44] HOP bucket=41740 L3 active=wlan0 ch5  | prep wlan1 ch5  | BL=['3', '4']
[RX  <- B] bucket=41740  peer_BL=['3', '4']  my_BL=['3', '4']
[TX  ->  *] bucket=41740 L3 active=wlan0 ch5  BL=['3', '4']
[23:41:46] HOP bucket=41741 L3 active=wlan1 ch5  | prep wlan0 ch8  | BL=['3', '4']
[RX  <- B] bucket=41741  peer_BL=['3', '4']  my_BL=['3', '4']
[TX  ->  *] bucket=41741 L3 active=wlan1 ch5  BL=['3', '4']
[23:41:48] HOP bucket=41742 L3 active=wlan0 ch8  | prep wlan1 ch11  | BL=['3', '4']
[TX  ->  *] bucket=41742 L3 active=wlan0 ch8  BL=['3', '4']
[RX  <- B] bucket=41742  peer_BL=['3', '4']  my_BL=['3', '4']
[23:41:50] HOP bucket=41743 L3 active=wlan1 ch11  | prep wlan0 ch5  | BL=['3', '4']
[RX  <- B] bucket=41743  peer_BL=['3', '4']  my_BL=['3', '4']
[TX  ->  *] bucket=41743 L3 active=wlan1 ch11  BL=['3', '4']
[23:41:52] HOP bucket=41744 L3 active=wlan0 ch5  | prep wlan1 ch10  | BL=['3', '4']
[RX  <- B] bucket=41744  peer_BL=['3', '4']  my_BL=['3', '4']
[TX  ->  *] bucket=41744 L3 active=wlan0 ch5  BL=['3', '4']
[23:41:54] HOP bucket=41745 L3 active=wlan1 ch10  | prep wlan0 ch6  | BL=['3', '4']
[TX  ->  *] bucket=41745 L3 active=wlan1 ch10  BL=['3', '4']
[RX  <- B] bucket=41745  peer_BL=['3', '4']  my_BL=['3', '4']
[23:41:56] HOP bucket=41746 L3 active=wlan0 ch6  | prep wlan1 ch6  | BL=['3', '4']
[TX  ->  *] bucket=41746 L3 active=wlan0 ch6  BL=['3', '4']
[RX  <- B] bucket=41746  peer_BL=['3', '4']  my_BL=['3', '4']
[23:41:58] HOP bucket=41747 L3 active=wlan1 ch6  | prep wlan0 ch11  | BL=['3', '4']
[TX  ->  *] bucket=41747 L3 active=wlan1 ch6  BL=['3', '4']
[RX  <- B] bucket=41747  peer_BL=['3', '4']  my_BL=['3', '4']
[23:42:00] HOP bucket=41748 L3 active=wlan0 ch11  | prep wlan1 ch8  | BL=['3', '4']
[TX  ->  *] bucket=41748 L3 active=wlan0 ch11  BL=['3', '4']
[RX  <- B] bucket=41748  peer_BL=['3', '4']  my_BL=['3', '4']
[23:42:02] HOP bucket=41749 L3 active=wlan1 ch8  | prep wlan0 ch7  | BL=['3', '4']
[TX  ->  *] bucket=41749 L3 active=wlan1 ch8  BL=['3', '4']
[RX  <- B] bucket=41749  peer_BL=['3', '4']  my_BL=['3', '4']
[23:42:04] HOP bucket=41750 L3 active=wlan0 ch7  | prep wlan1 ch5  | BL=['3', '4']
[TX  ->  *] bucket=41750 L3 active=wlan0 ch7  BL=['3', '4']
[RX  <- B] bucket=41750  peer_BL=['3', '4']  my_BL=['3', '4']
[23:42:06] HOP bucket=41751 L3 active=wlan1 ch5  | prep wlan0 ch6  | BL=['3', '4']
[RX  <- B] bucket=41751  peer_BL=['3', '4']  my_BL=['3', '4']
[TX  ->  *] bucket=41751 L3 active=wlan1 ch5  BL=['3', '4']
[23:42:08] HOP bucket=41752 L3 active=wlan0 ch6  | prep wlan1 ch5  | BL=['3', '4']
[TX  ->  *] bucket=41752 L3 active=wlan0 ch6  BL=['3', '4']
[RX  <- B] bucket=41752  peer_BL=['3', '4']  my_BL=['3', '4']
[23:42:10] HOP bucket=41753 L3 active=wlan1 ch5  | prep wlan0 ch7  | BL=['3', '4']
[TX  ->  *] bucket=41753 L3 active=wlan1 ch5  BL=['3', '4']
[RX  <- B] bucket=41753  peer_BL=['3', '4']  my_BL=['3', '4']
[23:42:12] HOP bucket=41754 L3 active=wlan0 ch7  | prep wlan1 ch5  | BL=['3', '4']
[RX  <- B] bucket=41754  peer_BL=['3', '4']  my_BL=['3', '4']
[TX  ->  *] bucket=41754 L3 active=wlan0 ch7  BL=['3', '4']
[23:42:14] HOP bucket=41755 L3 active=wlan1 ch5  | prep wlan0 ch5  | BL=['4']
[RX  <- B] bucket=41755  peer_BL=['4']  my_BL=['4']
[TX  ->  *] bucket=41755 L3 active=wlan1 ch5  BL=['4']
[23:42:16] HOP bucket=41756 L3 active=wlan0 ch5  | prep wlan1 ch9  | BL=['4']
[TX  ->  *] bucket=41756 L3 active=wlan0 ch5  BL=['4']
[RX  <- B] bucket=41756  peer_BL=['4']  my_BL=['4']
[23:42:18] HOP bucket=41757 L3 active=wlan1 ch9  | prep wlan0 ch11  | BL=['4']
[TX  ->  *] bucket=41757 L3 active=wlan1 ch9  BL=['4']
[RX  <- B] bucket=41757  peer_BL=['4']  my_BL=['4']
[23:42:20] HOP bucket=41758 L3 active=wlan0 ch11  | prep wlan1 ch8  | BL=['4']
[TX  ->  *] bucket=41758 L3 active=wlan0 ch11  BL=['4']
[RX  <- B] bucket=41758  peer_BL=['4']  my_BL=['4']
[23:42:22] HOP bucket=41759 L3 active=wlan1 ch8  | prep wlan0 ch8  | BL=['4']
[TX  ->  *] bucket=41759 L3 active=wlan1 ch8  BL=['4']
[RX  <- B] bucket=41759  peer_BL=['4']  my_BL=['4']
[23:42:24] HOP bucket=41760 L3 active=wlan0 ch8  | prep wlan1 ch5  | BL=[]
[RX  <- B] bucket=41760  peer_BL=[]  my_BL=[]
[TX  ->  *] bucket=41760 L3 active=wlan0 ch8  BL=[]
[23:42:26] HOP bucket=41761 L3 active=wlan1 ch5  | prep wlan0 ch9  | BL=[]
[TX  ->  *] bucket=41761 L3 active=wlan1 ch5  BL=[]
[!! JAMMED  ] bucket=41761 L3 active=wlan1 ch5  silent + egress_drops=39  -> BL until bucket=41791  BL=['5']
[23:42:28] HOP bucket=41762 L3 active=wlan0 ch9  | prep wlan1 ch10  | BL=['5']
[TX  ->  *] bucket=41762 L3 active=wlan0 ch9  BL=['5']
[RX  <- B] bucket=41762  peer_BL=['5']  my_BL=['5']
[23:42:30] HOP bucket=41763 L3 active=wlan1 ch10  | prep wlan0 ch7  | BL=['5']
[RX  <- B] bucket=41763  peer_BL=['5']  my_BL=['5']
[TX  ->  *] bucket=41763 L3 active=wlan1 ch10  BL=['5']
[23:42:32] HOP bucket=41764 L3 active=wlan0 ch7  | prep wlan1 ch6  | BL=['5']
[TX  ->  *] bucket=41764 L3 active=wlan0 ch7  BL=['5']
[RX  <- B] bucket=41764  peer_BL=['5']  my_BL=['5']
[23:42:34] HOP bucket=41765 L3 active=wlan1 ch6  | prep wlan0 ch7  | BL=['5']
[TX  ->  *] bucket=41765 L3 active=wlan1 ch6  BL=['5']
[!! JAMMED  ] bucket=41765 L3 active=wlan1 ch6  silent + egress_drops=38  -> BL until bucket=41795  BL=['5', '6']
[23:42:36] HOP bucket=41766 L3 active=wlan0 ch7  | prep wlan1 ch9  | BL=['5', '6']
[RX  <- B] bucket=41766  peer_BL=['5', '6']  my_BL=['5', '6']
[TX  ->  *] bucket=41766 L3 active=wlan0 ch7  BL=['5', '6']
[23:42:38] HOP bucket=41767 L3 active=wlan1 ch9  | prep wlan0 ch7  | BL=['5', '6']
[TX  ->  *] bucket=41767 L3 active=wlan1 ch9  BL=['5', '6']
[RX  <- B] bucket=41767  peer_BL=['5', '6']  my_BL=['5', '6']
[23:42:40] HOP bucket=41768 L3 active=wlan0 ch7  | prep wlan1 ch10  | BL=['5', '6']
[TX  ->  *] bucket=41768 L3 active=wlan0 ch7  BL=['5', '6']
[RX  <- B] bucket=41768  peer_BL=['5', '6']  my_BL=['5', '6']
[23:42:42] HOP bucket=41769 L3 active=wlan1 ch10  | prep wlan0 ch8  | BL=['5', '6']
[TX  ->  *] bucket=41769 L3 active=wlan1 ch10  BL=['5', '6']
[RX  <- B] bucket=41769  peer_BL=['5', '6']  my_BL=['5', '6']
[23:42:44] HOP bucket=41770 L3 active=wlan0 ch8  | prep wlan1 ch9  | BL=['5', '6']
[TX  ->  *] bucket=41770 L3 active=wlan0 ch8  BL=['5', '6']
[RX  <- B] bucket=41770  peer_BL=['5', '6']  my_BL=['5', '6']
[23:42:46] HOP bucket=41771 L3 active=wlan1 ch9  | prep wlan0 ch7  | BL=['5', '6']
[TX  ->  *] bucket=41771 L3 active=wlan1 ch9  BL=['5', '6']
[RX  <- B] bucket=41771  peer_BL=['5', '6']  my_BL=['5', '6']
[23:42:48] HOP bucket=41772 L3 active=wlan0 ch7  | prep wlan1 ch3  | BL=['5', '6']
[TX  ->  *] bucket=41772 L3 active=wlan0 ch7  BL=['5', '6']
[RX  <- B] bucket=41772  peer_BL=['5', '6']  my_BL=['5', '6']
[23:42:50] HOP bucket=41773 L3 active=wlan1 ch3  | prep wlan0 ch9  | BL=['5', '6']
[TX  ->  *] bucket=41773 L3 active=wlan1 ch3  BL=['5', '6']
[RX  <- B] bucket=41773  peer_BL=['5', '6']  my_BL=['5', '6']
[23:42:52] HOP bucket=41774 L3 active=wlan0 ch9  | prep wlan1 ch7  | BL=['5', '6']
[TX  ->  *] bucket=41774 L3 active=wlan0 ch9  BL=['5', '6']
[RX  <- B] bucket=41774  peer_BL=['5', '6']  my_BL=['5', '6']
[23:42:54] HOP bucket=41775 L3 active=wlan1 ch7  | prep wlan0 ch7  | BL=['5', '6']
[RX  <- B] bucket=41775  peer_BL=['5', '6']  my_BL=['5', '6']
[TX  ->  *] bucket=41775 L3 active=wlan1 ch7  BL=['5', '6']
[23:42:56] HOP bucket=41776 L3 active=wlan0 ch7  | prep wlan1 ch8  | BL=['5', '6']
[RX  <- B] bucket=41776  peer_BL=['5', '6']  my_BL=['5', '6']
[TX  ->  *] bucket=41776 L3 active=wlan0 ch7  BL=['5', '6']
[23:42:58] HOP bucket=41777 L3 active=wlan1 ch8  | prep wlan0 ch3  | BL=['5', '6']
[TX  ->  *] bucket=41777 L3 active=wlan1 ch8  BL=['5', '6']
[RX  <- B] bucket=41777  peer_BL=['5', '6']  my_BL=['5', '6']
[23:43:00] HOP bucket=41778 L3 active=wlan0 ch3  | prep wlan1 ch9  | BL=['5', '6']
[TX  ->  *] bucket=41778 L3 active=wlan0 ch3  BL=['5', '6']
[RX  <- B] bucket=41778  peer_BL=['5', '6']  my_BL=['5', '6']
[23:43:02] HOP bucket=41779 L3 active=wlan1 ch9  | prep wlan0 ch9  | BL=['5', '6']
[RX  <- B] bucket=41779  peer_BL=['5', '6']  my_BL=['5', '6']
[TX  ->  *] bucket=41779 L3 active=wlan1 ch9  BL=['5', '6']
[23:43:04] HOP bucket=41780 L3 active=wlan0 ch9  | prep wlan1 ch7  | BL=['5', '6']
[RX  <- B] bucket=41780  peer_BL=['5', '6']  my_BL=['5', '6']
[TX  ->  *] bucket=41780 L3 active=wlan0 ch9  BL=['5', '6']
[23:43:06] HOP bucket=41781 L3 active=wlan1 ch7  | prep wlan0 ch3  | BL=['5', '6']
[RX  <- B] bucket=41781  peer_BL=['5', '6']  my_BL=['5', '6']
[TX  ->  *] bucket=41781 L3 active=wlan1 ch7  BL=['5', '6']
[23:43:08] HOP bucket=41782 L3 active=wlan0 ch3  | prep wlan1 ch9  | BL=['5', '6']
[TX  ->  *] bucket=41782 L3 active=wlan0 ch3  BL=['5', '6']
[RX  <- B] bucket=41782  peer_BL=['5', '6']  my_BL=['5', '6']
[23:43:10] HOP bucket=41783 L3 active=wlan1 ch9  | prep wlan0 ch4  | BL=['5', '6']
[RX  <- B] bucket=41783  peer_BL=['5', '6']  my_BL=['5', '6']
[TX  ->  *] bucket=41783 L3 active=wlan1 ch9  BL=['5', '6']
[23:43:12] HOP bucket=41784 L3 active=wlan0 ch4  | prep wlan1 ch11  | BL=['5', '6']
[TX  ->  *] bucket=41784 L3 active=wlan0 ch4  BL=['5', '6']
[!! JAMMED  ] bucket=41784 L3 active=wlan0 ch4  silent + egress_drops=39  -> BL until bucket=41814  BL=['4', '5', '6']
[23:43:14] HOP bucket=41785 L3 active=wlan1 ch11  | prep wlan0 ch11  | BL=['4', '5', '6']
[RX  <- B] bucket=41785  peer_BL=['5', '6', '4']  my_BL=['4', '5', '6']
[TX  ->  *] bucket=41785 L3 active=wlan1 ch11  BL=['4', '5', '6']
[23:43:16] HOP bucket=41786 L3 active=wlan0 ch11  | prep wlan1 ch3  | BL=['4', '5', '6']
[RX  <- B] bucket=41786  peer_BL=['5', '6', '4']  my_BL=['4', '5', '6']
[TX  ->  *] bucket=41786 L3 active=wlan0 ch11  BL=['4', '5', '6']
[23:43:18] HOP bucket=41787 L3 active=wlan1 ch3  | prep wlan0 ch7  | BL=['4', '5', '6']
[RX  <- B] bucket=41787  peer_BL=['5', '6', '4']  my_BL=['4', '5', '6']
[TX  ->  *] bucket=41787 L3 active=wlan1 ch3  BL=['4', '5', '6']
[23:43:20] HOP bucket=41788 L3 active=wlan0 ch7  | prep wlan1 ch11  | BL=['4', '5', '6']
[RX  <- B] bucket=41788  peer_BL=['5', '6', '4']  my_BL=['4', '5', '6']
[TX  ->  *] bucket=41788 L3 active=wlan0 ch7  BL=['4', '5', '6']
[23:43:22] HOP bucket=41789 L3 active=wlan1 ch11  | prep wlan0 ch11  | BL=['4', '5', '6']
[RX  <- B] bucket=41789  peer_BL=['5', '6', '4']  my_BL=['4', '5', '6']
[TX  ->  *] bucket=41789 L3 active=wlan1 ch11  BL=['4', '5', '6']
[23:43:24] HOP bucket=41790 L3 active=wlan0 ch11  | prep wlan1 ch9  | BL=['4', '5', '6']
[TX  ->  *] bucket=41790 L3 active=wlan0 ch11  BL=['4', '5', '6']
[RX  <- B] bucket=41790  peer_BL=['5', '6', '4']  my_BL=['4', '5', '6']
[23:43:26] HOP bucket=41791 L3 active=wlan1 ch9  | prep wlan0 ch9  | BL=['4', '6']
[RX  <- B] bucket=41791  peer_BL=['6', '4']  my_BL=['4', '6']
[TX  ->  *] bucket=41791 L3 active=wlan1 ch9  BL=['4', '6']
[23:43:28] HOP bucket=41792 L3 active=wlan0 ch9  | prep wlan1 ch9  | BL=['4', '6']
[RX  <- B] bucket=41792  peer_BL=['6', '4']  my_BL=['4', '6']
[TX  ->  *] bucket=41792 L3 active=wlan0 ch9  BL=['4', '6']
[23:43:30] HOP bucket=41793 L3 active=wlan1 ch9  | prep wlan0 ch11  | BL=['4', '6']
[TX  ->  *] bucket=41793 L3 active=wlan1 ch9  BL=['4', '6']
[RX  <- B] bucket=41793  peer_BL=['6', '4']  my_BL=['4', '6']
[23:43:32] HOP bucket=41794 L3 active=wlan0 ch11  | prep wlan1 ch5  | BL=['4', '6']
[RX  <- B] bucket=41794  peer_BL=['6', '4']  my_BL=['4', '6']
[TX  ->  *] bucket=41794 L3 active=wlan0 ch11  BL=['4', '6']
[23:43:34] HOP bucket=41795 L3 active=wlan1 ch5  | prep wlan0 ch5  | BL=['4']
[TX  ->  *] bucket=41795 L3 active=wlan1 ch5  BL=['4']
[!! JAMMED  ] bucket=41795 L3 active=wlan1 ch5  silent + egress_drops=39  -> BL until bucket=41825  BL=['4', '5']
[23:43:36] HOP bucket=41796 L3 active=wlan0 ch5  (LAG: totp_says=ch6, physical=ch5)  | prep wlan1 ch11  | BL=['4', '5']
[TX  ->  *] bucket=41796 L3 active=wlan0 ch5  BL=['4', '5']
[23:43:38] HOP bucket=41797 L3 active=wlan1 ch11  | prep wlan0 ch3  | BL=['4', '5']
[RX  <- B] bucket=41797  peer_BL=['4', '5']  my_BL=['4', '5']
[TX  ->  *] bucket=41797 L3 active=wlan1 ch11  BL=['4', '5']
[23:43:40] HOP bucket=41798 L3 active=wlan0 ch3  | prep wlan1 ch7  | BL=['4', '5']
[TX  ->  *] bucket=41798 L3 active=wlan0 ch3  BL=['4', '5']
[RX  <- B] bucket=41798  peer_BL=['4', '5']  my_BL=['4', '5']
[23:43:42] HOP bucket=41799 L3 active=wlan1 ch7  | prep wlan0 ch6  | BL=['4', '5']
[TX  ->  *] bucket=41799 L3 active=wlan1 ch7  BL=['4', '5']
[!! JAMMED  ] bucket=41799 L3 active=wlan1 ch7  silent + egress_drops=38  -> BL until bucket=41829  BL=['4', '5', '7']
[23:43:44] HOP bucket=41800 L3 active=wlan0 ch6  | prep wlan1 ch8  | BL=['4', '5', '7']
[TX  ->  *] bucket=41800 L3 active=wlan0 ch6  BL=['4', '5', '7']
[!! JAMMED  ] bucket=41800 L3 active=wlan0 ch6  silent + egress_drops=39  -> BL until bucket=41830  BL=['4', '5', '6', '7']
[23:43:46] HOP bucket=41801 L3 active=wlan1 ch8  | prep wlan0 ch9  | BL=['4', '5', '6', '7']
[RX  <- B] bucket=41801  peer_BL=['4', '5', '7', '6']  my_BL=['4', '5', '6', '7']
[TX  ->  *] bucket=41801 L3 active=wlan1 ch8  BL=['4', '5', '6', '7']
[23:43:48] HOP bucket=41802 L3 active=wlan0 ch9  | prep wlan1 ch9  | BL=['4', '5', '6', '7']
[RX  <- B] bucket=41802  peer_BL=['4', '5', '7', '6']  my_BL=['4', '5', '6', '7']
[TX  ->  *] bucket=41802 L3 active=wlan0 ch9  BL=['4', '5', '6', '7']
[23:43:50] HOP bucket=41803 L3 active=wlan1 ch9  | prep wlan0 ch8  | BL=['4', '5', '6', '7']
[TX  ->  *] bucket=41803 L3 active=wlan1 ch9  BL=['4', '5', '6', '7']
[RX  <- B] bucket=41803  peer_BL=['4', '5', '7', '6']  my_BL=['4', '5', '6', '7']
[23:43:52] HOP bucket=41804 L3 active=wlan0 ch8  | prep wlan1 ch9  | BL=['4', '5', '6', '7']
[TX  ->  *] bucket=41804 L3 active=wlan0 ch8  BL=['4', '5', '6', '7']
[RX  <- B] bucket=41804  peer_BL=['4', '5', '7', '6']  my_BL=['4', '5', '6', '7']
[23:43:54] HOP bucket=41805 L3 active=wlan1 ch9  | prep wlan0 ch8  | BL=['4', '5', '6', '7']
[TX  ->  *] bucket=41805 L3 active=wlan1 ch9  BL=['4', '5', '6', '7']
[RX  <- B] bucket=41805  peer_BL=['4', '5', '7', '6']  my_BL=['4', '5', '6', '7']
[23:43:56] HOP bucket=41806 L3 active=wlan0 ch8  | prep wlan1 ch3  | BL=['4', '5', '6', '7']
[RX  <- B] bucket=41806  peer_BL=['4', '5', '7', '6']  my_BL=['4', '5', '6', '7']
[TX  ->  *] bucket=41806 L3 active=wlan0 ch8  BL=['4', '5', '6', '7']
[23:43:58] HOP bucket=41807 L3 active=wlan1 ch3  | prep wlan0 ch9  | BL=['4', '5', '6', '7']
[RX  <- B] bucket=41807  peer_BL=['4', '5', '7', '6']  my_BL=['4', '5', '6', '7']
[TX  ->  *] bucket=41807 L3 active=wlan1 ch3  BL=['4', '5', '6', '7']
[23:44:00] HOP bucket=41808 L3 active=wlan0 ch9  | prep wlan1 ch9  | BL=['4', '5', '6', '7']
[TX  ->  *] bucket=41808 L3 active=wlan0 ch9  BL=['4', '5', '6', '7']
[RX  <- B] bucket=41808  peer_BL=['4', '5', '7', '6']  my_BL=['4', '5', '6', '7']
[23:44:02] HOP bucket=41809 L3 active=wlan1 ch9  | prep wlan0 ch11  | BL=['4', '5', '6', '7']
[TX  ->  *] bucket=41809 L3 active=wlan1 ch9  BL=['4', '5', '6', '7']
[RX  <- B] bucket=41809  peer_BL=['4', '5', '7', '6']  my_BL=['4', '5', '6', '7']
[23:44:04] HOP bucket=41810 L3 active=wlan0 ch11  | prep wlan1 ch3  | BL=['4', '5', '6', '7']
[TX  ->  *] bucket=41810 L3 active=wlan0 ch11  BL=['4', '5', '6', '7']
[RX  <- B] bucket=41810  peer_BL=['4', '5', '7', '6']  my_BL=['4', '5', '6', '7']
[23:44:06] HOP bucket=41811 L3 active=wlan1 ch3  | prep wlan0 ch9  | BL=['4', '5', '6', '7']
[TX  ->  *] bucket=41811 L3 active=wlan1 ch3  BL=['4', '5', '6', '7']
[RX  <- B] bucket=41811  peer_BL=['4', '5', '7', '6']  my_BL=['4', '5', '6', '7']
[23:44:08] HOP bucket=41812 L3 active=wlan0 ch9  | prep wlan1 ch10  | BL=['4', '5', '6', '7']
[TX  ->  *] bucket=41812 L3 active=wlan0 ch9  BL=['4', '5', '6', '7']
[RX  <- B] bucket=41812  peer_BL=['4', '5', '7', '6']  my_BL=['4', '5', '6', '7']
[23:44:10] HOP bucket=41813 L3 active=wlan1 ch10  | prep wlan0 ch8  | BL=['4', '5', '6', '7']
[TX  ->  *] bucket=41813 L3 active=wlan1 ch10  BL=['4', '5', '6', '7']
[RX  <- B] bucket=41813  peer_BL=['4', '5', '7', '6']  my_BL=['4', '5', '6', '7']
[23:44:12] HOP bucket=41814 L3 active=wlan0 ch8  | prep wlan1 ch10  | BL=['5', '6', '7']
[TX  ->  *] bucket=41814 L3 active=wlan0 ch8  BL=['5', '6', '7']
[RX  <- B] bucket=41814  peer_BL=['5', '7', '6']  my_BL=['5', '6', '7']
[23:44:14] HOP bucket=41815 L3 active=wlan1 ch10  | prep wlan0 ch3  | BL=['5', '6', '7']
[RX  <- B] bucket=41815  peer_BL=['5', '7', '6']  my_BL=['5', '6', '7']
[TX  ->  *] bucket=41815 L3 active=wlan1 ch10  BL=['5', '6', '7']
[23:44:16] HOP bucket=41816 L3 active=wlan0 ch3  | prep wlan1 ch9  | BL=['5', '6', '7']
[TX  ->  *] bucket=41816 L3 active=wlan0 ch3  BL=['5', '6', '7']
[RX  <- B] bucket=41816  peer_BL=['5', '7', '6']  my_BL=['5', '6', '7']
[23:44:18] HOP bucket=41817 L3 active=wlan1 ch9  | prep wlan0 ch4  | BL=['5', '6', '7']
[TX  ->  *] bucket=41817 L3 active=wlan1 ch9  BL=['5', '6', '7']
[RX  <- B] bucket=41817  peer_BL=['5', '7', '6']  my_BL=['5', '6', '7']
[23:44:20] HOP bucket=41818 L3 active=wlan0 ch4  | prep wlan1 ch4  | BL=['5', '6', '7']
[TX  ->  *] bucket=41818 L3 active=wlan0 ch4  BL=['5', '6', '7']
[!! JAMMED  ] bucket=41818 L3 active=wlan0 ch4  silent + egress_drops=38  -> BL until bucket=41848  BL=['4', '5', '6', '7']
[23:44:22] HOP bucket=41819 L3 active=wlan1 ch4  (LAG: totp_says=ch8, physical=ch4)  | prep wlan0 ch8  | BL=['4', '5', '6', '7']
[TX  ->  *] bucket=41819 L3 active=wlan1 ch4  BL=['4', '5', '6', '7']
[23:44:24] HOP bucket=41820 L3 active=wlan0 ch8  | prep wlan1 ch9  | BL=['4', '5', '6', '7']
[TX  ->  *] bucket=41820 L3 active=wlan0 ch8  BL=['4', '5', '6', '7']
[!! JAMMED  ] bucket=41820 L3 active=wlan0 ch8  silent + egress_drops=72  -> BL until bucket=41850  BL=['4', '5', '6', '7', '8']
[23:44:26] HOP bucket=41821 L3 active=wlan1 ch9  | prep wlan0 ch10  | BL=['4', '5', '6', '7', '8']
[TX  ->  *] bucket=41821 L3 active=wlan1 ch9  BL=['4', '5', '6', '7', '8']
[!! JAMMED  ] bucket=41821 L3 active=wlan1 ch9  silent + egress_drops=39  -> BL until bucket=41851  BL=['4', '5', '6', '7', '8', '9']
[23:44:28] HOP bucket=41822 L3 active=wlan0 ch10  | prep wlan1 ch10  | BL=['4', '5', '6', '7', '8', '9']
[TX  ->  *] bucket=41822 L3 active=wlan0 ch10  BL=['4', '5', '6', '7', '8', '9']
[RX  <- B] bucket=41822  peer_BL=['5', '7', '6', '4', '8', '9']  my_BL=['4', '5', '6', '7', '8', '9']
[23:44:30] HOP bucket=41823 L3 active=wlan1 ch10  | prep wlan0 ch10  | BL=['4', '5', '6', '7', '8', '9']
[TX  ->  *] bucket=41823 L3 active=wlan1 ch10  BL=['4', '5', '6', '7', '8', '9']
[RX  <- B] bucket=41823  peer_BL=['5', '7', '6', '4', '8', '9']  my_BL=['4', '5', '6', '7', '8', '9']
[23:44:32] HOP bucket=41824 L3 active=wlan0 ch10  | prep wlan1 ch3  | BL=['4', '5', '6', '7', '8', '9']
[RX  <- B] bucket=41824  peer_BL=['5', '7', '6', '4', '8', '9']  my_BL=['4', '5', '6', '7', '8', '9']
[TX  ->  *] bucket=41824 L3 active=wlan0 ch10  BL=['4', '5', '6', '7', '8', '9']
[23:44:34] HOP bucket=41825 L3 active=wlan1 ch3  | prep wlan0 ch11  | BL=['4', '6', '7', '8', '9']
[TX  ->  *] bucket=41825 L3 active=wlan1 ch3  BL=['4', '6', '7', '8', '9']
[RX  <- B] bucket=41825  peer_BL=['7', '6', '4', '8', '9']  my_BL=['4', '6', '7', '8', '9']
[23:44:36] HOP bucket=41826 L3 active=wlan0 ch11  | prep wlan1 ch5  | BL=['4', '6', '7', '8', '9']
[TX  ->  *] bucket=41826 L3 active=wlan0 ch11  BL=['4', '6', '7', '8', '9']
[RX  <- B] bucket=41826  peer_BL=['7', '6', '4', '8', '9']  my_BL=['4', '6', '7', '8', '9']
[23:44:38] HOP bucket=41827 L3 active=wlan1 ch5  | prep wlan0 ch10  | BL=['4', '6', '7', '8', '9']
[TX  ->  *] bucket=41827 L3 active=wlan1 ch5  BL=['4', '6', '7', '8', '9']
[RX  <- B] bucket=41827  peer_BL=['7', '6', '4', '8', '9']  my_BL=['4', '6', '7', '8', '9']
[23:44:40] HOP bucket=41828 L3 active=wlan0 ch10  | prep wlan1 ch10  | BL=['4', '6', '7', '8', '9']
[TX  ->  *] bucket=41828 L3 active=wlan0 ch10  BL=['4', '6', '7', '8', '9']
[RX  <- B] bucket=41828  peer_BL=['7', '6', '4', '8', '9']  my_BL=['4', '6', '7', '8', '9']
[23:44:42] HOP bucket=41829 L3 active=wlan1 ch10  | prep wlan0 ch5  | BL=['4', '6', '8', '9']
[TX  ->  *] bucket=41829 L3 active=wlan1 ch10  BL=['4', '6', '8', '9']
[RX  <- B] bucket=41829  peer_BL=['6', '4', '8', '9']  my_BL=['4', '6', '8', '9']
[23:44:44] HOP bucket=41830 L3 active=wlan0 ch5  | prep wlan1 ch10  | BL=['4', '8', '9']
[RX  <- B] bucket=41830  peer_BL=['4', '8', '9']  my_BL=['4', '8', '9']
[TX  ->  *] bucket=41830 L3 active=wlan0 ch5  BL=['4', '8', '9']
[23:44:46] HOP bucket=41831 L3 active=wlan1 ch10  | prep wlan0 ch7  | BL=['4', '8', '9']
[TX  ->  *] bucket=41831 L3 active=wlan1 ch10  BL=['4', '8', '9']
[RX  <- B] bucket=41831  peer_BL=['4', '8', '9']  my_BL=['4', '8', '9']
[23:44:48] HOP bucket=41832 L3 active=wlan0 ch7  | prep wlan1 ch10  | BL=['4', '8', '9']
[TX  ->  *] bucket=41832 L3 active=wlan0 ch7  BL=['4', '8', '9']
[!! JAMMED  ] bucket=41832 L3 active=wlan0 ch7  silent + egress_drops=38  -> BL until bucket=41862  BL=['4', '7', '8', '9']
[23:44:50] HOP bucket=41833 L3 active=wlan1 ch10  | prep wlan0 ch5  | BL=['4', '7', '8', '9']
[RX  <- B] bucket=41833  peer_BL=['4', '8', '9', '7']  my_BL=['4', '7', '8', '9']
[TX  ->  *] bucket=41833 L3 active=wlan1 ch10  BL=['4', '7', '8', '9']
[23:44:52] HOP bucket=41834 L3 active=wlan0 ch5  | prep wlan1 ch10  | BL=['4', '7', '8', '9']
[RX  <- B] bucket=41834  peer_BL=['4', '8', '9', '7']  my_BL=['4', '7', '8', '9']
[TX  ->  *] bucket=41834 L3 active=wlan0 ch5  BL=['4', '7', '8', '9']
[23:44:54] HOP bucket=41835 L3 active=wlan1 ch10  | prep wlan0 ch6  | BL=['4', '7', '8', '9']
[RX  <- B] bucket=41835  peer_BL=['4', '8', '9', '7']  my_BL=['4', '7', '8', '9']
[TX  ->  *] bucket=41835 L3 active=wlan1 ch10  BL=['4', '7', '8', '9']
[23:44:56] HOP bucket=41836 L3 active=wlan0 ch6  | prep wlan1 ch3  | BL=['4', '7', '8', '9']
[RX  <- B] bucket=41836  peer_BL=['4', '8', '9', '7']  my_BL=['4', '7', '8', '9']
[TX  ->  *] bucket=41836 L3 active=wlan0 ch6  BL=['4', '7', '8', '9']
[23:44:58] HOP bucket=41837 L3 active=wlan1 ch3  | prep wlan0 ch10  | BL=['4', '7', '8', '9']
[RX  <- B] bucket=41837  peer_BL=['4', '8', '9', '7']  my_BL=['4', '7', '8', '9']
[TX  ->  *] bucket=41837 L3 active=wlan1 ch3  BL=['4', '7', '8', '9']
[23:45:00] HOP bucket=41838 L3 active=wlan0 ch10  | prep wlan1 ch10  | BL=['4', '7', '8', '9']
[TX  ->  *] bucket=41838 L3 active=wlan0 ch10  BL=['4', '7', '8', '9']
[RX  <- B] bucket=41838  peer_BL=['4', '8', '9', '7']  my_BL=['4', '7', '8', '9']
[23:45:02] HOP bucket=41839 L3 active=wlan1 ch10  | prep wlan0 ch10  | BL=['4', '7', '8', '9']
[TX  ->  *] bucket=41839 L3 active=wlan1 ch10  BL=['4', '7', '8', '9']
[RX  <- B] bucket=41839  peer_BL=['4', '8', '9', '7']  my_BL=['4', '7', '8', '9']
[23:45:04] HOP bucket=41840 L3 active=wlan0 ch10  | prep wlan1 ch10  | BL=['4', '7', '8', '9']
[RX  <- B] bucket=41840  peer_BL=['4', '8', '9', '7']  my_BL=['4', '7', '8', '9']
[TX  ->  *] bucket=41840 L3 active=wlan0 ch10  BL=['4', '7', '8', '9']
[23:45:06] HOP bucket=41841 L3 active=wlan1 ch10  | prep wlan0 ch5  | BL=['4', '7', '8', '9']
[RX  <- B] bucket=41841  peer_BL=['4', '8', '9', '7']  my_BL=['4', '7', '8', '9']
[TX  ->  *] bucket=41841 L3 active=wlan1 ch10  BL=['4', '7', '8', '9']
[23:45:08] HOP bucket=41842 L3 active=wlan0 ch5  | prep wlan1 ch5  | BL=['4', '7', '8', '9']
[RX  <- B] bucket=41842  peer_BL=['4', '8', '9', '7']  my_BL=['4', '7', '8', '9']
[TX  ->  *] bucket=41842 L3 active=wlan0 ch5  BL=['4', '7', '8', '9']
[23:45:10] HOP bucket=41843 L3 active=wlan1 ch5  | prep wlan0 ch10  | BL=['4', '7', '8', '9']
[RX  <- B] bucket=41843  peer_BL=['4', '8', '9', '7']  my_BL=['4', '7', '8', '9']
[TX  ->  *] bucket=41843 L3 active=wlan1 ch5  BL=['4', '7', '8', '9']
[23:45:12] HOP bucket=41844 L3 active=wlan0 ch10  | prep wlan1 ch11  | BL=['4', '7', '8', '9']
[RX  <- B] bucket=41844  peer_BL=['4', '8', '9', '7']  my_BL=['4', '7', '8', '9']
[TX  ->  *] bucket=41844 L3 active=wlan0 ch10  BL=['4', '7', '8', '9']
[23:45:14] HOP bucket=41845 L3 active=wlan1 ch11  | prep wlan0 ch5  | BL=['4', '7', '8', '9']
[RX  <- B] bucket=41845  peer_BL=['4', '8', '9', '7']  my_BL=['4', '7', '8', '9']
[TX  ->  *] bucket=41845 L3 active=wlan1 ch11  BL=['4', '7', '8', '9']
[23:45:16] HOP bucket=41846 L3 active=wlan0 ch5  | prep wlan1 ch10  | BL=['4', '7', '8', '9']
[RX  <- B] bucket=41846  peer_BL=['4', '8', '9', '7']  my_BL=['4', '7', '8', '9']
[TX  ->  *] bucket=41846 L3 active=wlan0 ch5  BL=['4', '7', '8', '9']
[23:45:18] HOP bucket=41847 L3 active=wlan1 ch10  | prep wlan0 ch10  | BL=['4', '7', '8', '9']
[RX  <- B] bucket=41847  peer_BL=['4', '8', '9', '7']  my_BL=['4', '7', '8', '9']
[TX  ->  *] bucket=41847 L3 active=wlan1 ch10  BL=['4', '7', '8', '9']
[23:45:20] HOP bucket=41848 L3 active=wlan0 ch10  | prep wlan1 ch6  | BL=['7', '8', '9']
[RX  <- B] bucket=41848  peer_BL=['8', '9', '7']  my_BL=['7', '8', '9']
[TX  ->  *] bucket=41848 L3 active=wlan0 ch10  BL=['7', '8', '9']
[23:45:22] HOP bucket=41849 L3 active=wlan1 ch6  | prep wlan0 ch10  | BL=['7', '8', '9']
[RX  <- B] bucket=41849  peer_BL=['8', '9', '7']  my_BL=['7', '8', '9']
[TX  ->  *] bucket=41849 L3 active=wlan1 ch6  BL=['7', '8', '9']
[23:45:24] HOP bucket=41850 L3 active=wlan0 ch10  (LAG: totp_says=ch8, physical=ch10)  | prep wlan1 ch10  | BL=['7', '9']
[TX  ->  *] bucket=41850 L3 active=wlan0 ch10  BL=['7', '9']
[!! JAMMED  ] bucket=41850 L3 active=wlan0 ch10  silent + egress_drops=73  -> BL until bucket=41880  BL=['7', '9', '10']
[23:45:26] HOP bucket=41851 L3 active=wlan1 ch10  (LAG: totp_says=ch9, physical=ch10)  | prep wlan0 ch6  | BL=['7', '10']
[TX  ->  *] bucket=41851 L3 active=wlan1 ch10  BL=['7', '10']
[23:45:28] HOP bucket=41852 L3 active=wlan0 ch6  | prep wlan1 ch5  | BL=['7', '10']
[RX  <- B] bucket=41852  peer_BL=['7', '10']  my_BL=['7', '10']
[TX  ->  *] bucket=41852 L3 active=wlan0 ch6  BL=['7', '10']
[23:45:30] HOP bucket=41853 L3 active=wlan1 ch5  | prep wlan0 ch3  | BL=['7', '10']
[RX  <- B] bucket=41853  peer_BL=['7', '10']  my_BL=['7', '10']
[TX  ->  *] bucket=41853 L3 active=wlan1 ch5  BL=['7', '10']
[23:45:32] HOP bucket=41854 L3 active=wlan0 ch3  | prep wlan1 ch9  | BL=['7', '10']
[RX  <- B] bucket=41854  peer_BL=['7', '10']  my_BL=['7', '10']
[TX  ->  *] bucket=41854 L3 active=wlan0 ch3  BL=['7', '10']
[23:45:34] HOP bucket=41855 L3 active=wlan1 ch9  | prep wlan0 ch11  | BL=['7', '10']
[TX  ->  *] bucket=41855 L3 active=wlan1 ch9  BL=['7', '10']
[!! JAMMED  ] bucket=41855 L3 active=wlan1 ch9  silent + egress_drops=39  -> BL until bucket=41885  BL=['7', '9', '10']
[23:45:36] HOP bucket=41856 L3 active=wlan0 ch11  | prep wlan1 ch4  | BL=['7', '9', '10']
[TX  ->  *] bucket=41856 L3 active=wlan0 ch11  BL=['7', '9', '10']
[RX  <- B] bucket=41856  peer_BL=['7', '10', '9']  my_BL=['7', '9', '10']
[23:45:38] HOP bucket=41857 L3 active=wlan1 ch4  | prep wlan0 ch4  | BL=['7', '9', '10']
[TX  ->  *] bucket=41857 L3 active=wlan1 ch4  BL=['7', '9', '10']
[RX  <- B] bucket=41857  peer_BL=['7', '10', '9']  my_BL=['7', '9', '10']
[23:45:40] HOP bucket=41858 L3 active=wlan0 ch4  | prep wlan1 ch11  | BL=['7', '9', '10']
[RX  <- B] bucket=41858  peer_BL=['7', '10', '9']  my_BL=['7', '9', '10']
[TX  ->  *] bucket=41858 L3 active=wlan0 ch4  BL=['7', '9', '10']
[23:45:42] HOP bucket=41859 L3 active=wlan1 ch11  | prep wlan0 ch5  | BL=['7', '9', '10']
[TX  ->  *] bucket=41859 L3 active=wlan1 ch11  BL=['7', '9', '10']
[RX  <- B] bucket=41859  peer_BL=['7', '10', '9']  my_BL=['7', '9', '10']
[23:45:44] HOP bucket=41860 L3 active=wlan0 ch5  | prep wlan1 ch11  | BL=['7', '9', '10']
[TX  ->  *] bucket=41860 L3 active=wlan0 ch5  BL=['7', '9', '10']
[RX  <- B] bucket=41860  peer_BL=['7', '10', '9']  my_BL=['7', '9', '10']
[23:45:46] HOP bucket=41861 L3 active=wlan1 ch11  | prep wlan0 ch11  | BL=['7', '9', '10']
[RX  <- B] bucket=41861  peer_BL=['7', '10', '9']  my_BL=['7', '9', '10']
[TX  ->  *] bucket=41861 L3 active=wlan1 ch11  BL=['7', '9', '10']
[23:45:48] HOP bucket=41862 L3 active=wlan0 ch11  | prep wlan1 ch8  | BL=['9', '10']
[TX  ->  *] bucket=41862 L3 active=wlan0 ch11  BL=['9', '10']
[RX  <- B] bucket=41862  peer_BL=['10', '9']  my_BL=['9', '10']
[23:45:50] HOP bucket=41863 L3 active=wlan1 ch8  | prep wlan0 ch11  | BL=['9', '10']
[TX  ->  *] bucket=41863 L3 active=wlan1 ch8  BL=['9', '10']
[!! JAMMED  ] bucket=41863 L3 active=wlan1 ch8  silent + egress_drops=38  -> BL until bucket=41893  BL=['8', '9', '10']
[23:45:52] HOP bucket=41864 L3 active=wlan0 ch11  | prep wlan1 ch6  | BL=['8', '9', '10']
[TX  ->  *] bucket=41864 L3 active=wlan0 ch11  BL=['8', '9', '10']
[RX  <- B] bucket=41864  peer_BL=['10', '9', '8']  my_BL=['8', '9', '10']
[23:45:54] HOP bucket=41865 L3 active=wlan1 ch6  | prep wlan0 ch7  | BL=['8', '9', '10']
[TX  ->  *] bucket=41865 L3 active=wlan1 ch6  BL=['8', '9', '10']
[RX  <- B] bucket=41865  peer_BL=['10', '9', '8']  my_BL=['8', '9', '10']
[23:45:56] HOP bucket=41866 L3 active=wlan0 ch7  | prep wlan1 ch7  | BL=['8', '9', '10']
[TX  ->  *] bucket=41866 L3 active=wlan0 ch7  BL=['8', '9', '10']
[!! JAMMED  ] bucket=41866 L3 active=wlan0 ch7  silent + egress_drops=38  -> BL until bucket=41896  BL=['7', '8', '9', '10']
[23:45:58] HOP bucket=41867 L3 active=wlan1 ch7  (LAG: totp_says=ch11, physical=ch7)  | prep wlan0 ch11  | BL=['7', '8', '9', '10']
[TX  ->  *] bucket=41867 L3 active=wlan1 ch7  BL=['7', '8', '9', '10']
[23:46:00] HOP bucket=41868 L3 active=wlan0 ch11  | prep wlan1 ch11  | BL=['7', '8', '9', '10']
[RX  <- B] bucket=41868  peer_BL=['10', '9', '8', '7']  my_BL=['7', '8', '9', '10']
[TX  ->  *] bucket=41868 L3 active=wlan0 ch11  BL=['7', '8', '9', '10']
[23:46:02] HOP bucket=41869 L3 active=wlan1 ch11  | prep wlan0 ch11  | BL=['7', '8', '9', '10']
[TX  ->  *] bucket=41869 L3 active=wlan1 ch11  BL=['7', '8', '9', '10']
[RX  <- B] bucket=41869  peer_BL=['10', '9', '8', '7']  my_BL=['7', '8', '9', '10']
[23:46:04] HOP bucket=41870 L3 active=wlan0 ch11  | prep wlan1 ch11  | BL=['7', '8', '9', '10']
[RX  <- B] bucket=41870  peer_BL=['10', '9', '8', '7']  my_BL=['7', '8', '9', '10']
[TX  ->  *] bucket=41870 L3 active=wlan0 ch11  BL=['7', '8', '9', '10']
[23:46:06] HOP bucket=41871 L3 active=wlan1 ch11  | prep wlan0 ch5  | BL=['7', '8', '9', '10']
[RX  <- B] bucket=41871  peer_BL=['10', '9', '8', '7']  my_BL=['7', '8', '9', '10']
[TX  ->  *] bucket=41871 L3 active=wlan1 ch11  BL=['7', '8', '9', '10']
[23:46:08] HOP bucket=41872 L3 active=wlan0 ch5  | prep wlan1 ch5  | BL=['7', '8', '9', '10']
[TX  ->  *] bucket=41872 L3 active=wlan0 ch5  BL=['7', '8', '9', '10']
[RX  <- B] bucket=41872  peer_BL=['10', '9', '8', '7']  my_BL=['7', '8', '9', '10']
[23:46:10] HOP bucket=41873 L3 active=wlan1 ch5  | prep wlan0 ch4  | BL=['7', '8', '9', '10']
[RX  <- B] bucket=41873  peer_BL=['10', '9', '8', '7']  my_BL=['7', '8', '9', '10']
[TX  ->  *] bucket=41873 L3 active=wlan1 ch5  BL=['7', '8', '9', '10']
[23:46:12] HOP bucket=41874 L3 active=wlan0 ch4  | prep wlan1 ch6  | BL=['7', '8', '9', '10']
[TX  ->  *] bucket=41874 L3 active=wlan0 ch4  BL=['7', '8', '9', '10']
[RX  <- B] bucket=41874  peer_BL=['10', '9', '8', '7']  my_BL=['7', '8', '9', '10']
[23:46:14] HOP bucket=41875 L3 active=wlan1 ch6  | prep wlan0 ch5  | BL=['7', '8', '9', '10']
[TX  ->  *] bucket=41875 L3 active=wlan1 ch6  BL=['7', '8', '9', '10']
[RX  <- B] bucket=41875  peer_BL=['10', '9', '8', '7']  my_BL=['7', '8', '9', '10']
[23:46:16] HOP bucket=41876 L3 active=wlan0 ch5  | prep wlan1 ch11  | BL=['7', '8', '9', '10']
[RX  <- B] bucket=41876  peer_BL=['10', '9', '8', '7']  my_BL=['7', '8', '9', '10']
[TX  ->  *] bucket=41876 L3 active=wlan0 ch5  BL=['7', '8', '9', '10']
[23:46:18] HOP bucket=41877 L3 active=wlan1 ch11  | prep wlan0 ch5  | BL=['7', '8', '9', '10']
[TX  ->  *] bucket=41877 L3 active=wlan1 ch11  BL=['7', '8', '9', '10']
[RX  <- B] bucket=41877  peer_BL=['10', '9', '8', '7']  my_BL=['7', '8', '9', '10']
[23:46:20] HOP bucket=41878 L3 active=wlan0 ch5  | prep wlan1 ch11  | BL=['7', '8', '9', '10']
[RX  <- B] bucket=41878  peer_BL=['10', '9', '8', '7']  my_BL=['7', '8', '9', '10']
[TX  ->  *] bucket=41878 L3 active=wlan0 ch5  BL=['7', '8', '9', '10']
[23:46:22] HOP bucket=41879 L3 active=wlan1 ch11  | prep wlan0 ch11  | BL=['7', '8', '9', '10']
[TX  ->  *] bucket=41879 L3 active=wlan1 ch11  BL=['7', '8', '9', '10']
[RX  <- B] bucket=41879  peer_BL=['10', '9', '8', '7']  my_BL=['7', '8', '9', '10']
[23:46:24] HOP bucket=41880 L3 active=wlan0 ch11  (LAG: totp_says=ch10, physical=ch11)  | prep wlan1 ch11  | BL=['7', '8', '9']
[TX  ->  *] bucket=41880 L3 active=wlan0 ch11  BL=['7', '8', '9']
[!! JAMMED  ] bucket=41880 L3 active=wlan0 ch11  silent + egress_drops=72  -> BL until bucket=41910  BL=['7', '8', '9', '11']
[23:46:26] HOP bucket=41881 L3 active=wlan1 ch11  (LAG: totp_says=ch3, physical=ch11)  | prep wlan0 ch3  | BL=['7', '8', '9', '11']
[TX  ->  *] bucket=41881 L3 active=wlan1 ch11  BL=['7', '8', '9', '11']
[23:46:28] HOP bucket=41882 L3 active=wlan0 ch3  | prep wlan1 ch6  | BL=['7', '8', '9', '11']
[RX  <- B] bucket=41882  peer_BL=['9', '8', '7', '11']  my_BL=['7', '8', '9', '11']
[TX  ->  *] bucket=41882 L3 active=wlan0 ch3  BL=['7', '8', '9', '11']
[23:46:30] HOP bucket=41883 L3 active=wlan1 ch6  | prep wlan0 ch4  | BL=['7', '8', '9', '11']
[TX  ->  *] bucket=41883 L3 active=wlan1 ch6  BL=['7', '8', '9', '11']
[RX  <- B] bucket=41883  peer_BL=['9', '8', '7', '11']  my_BL=['7', '8', '9', '11']
[23:46:32] HOP bucket=41884 L3 active=wlan0 ch4  | prep wlan1 ch10  | BL=['7', '8', '9', '11']
[RX  <- B] bucket=41884  peer_BL=['9', '8', '7', '11']  my_BL=['7', '8', '9', '11']
[TX  ->  *] bucket=41884 L3 active=wlan0 ch4  BL=['7', '8', '9', '11']
[23:46:34] HOP bucket=41885 L3 active=wlan1 ch10  (LAG: totp_says=ch9, physical=ch10)  | prep wlan0 ch3  | BL=['7', '8', '11']
[TX  ->  *] bucket=41885 L3 active=wlan1 ch10  BL=['7', '8', '11']
[!! JAMMED  ] bucket=41885 L3 active=wlan1 ch10  silent + egress_drops=38  -> BL until bucket=41915  BL=['7', '8', '10', '11']
[23:46:36] HOP bucket=41886 L3 active=wlan0 ch3  | prep wlan1 ch3  | BL=['7', '8', '10', '11']
[RX  <- B] bucket=41886  peer_BL=['8', '7', '11', '10']  my_BL=['7', '8', '10', '11']
[TX  ->  *] bucket=41886 L3 active=wlan0 ch3  BL=['7', '8', '10', '11']
[23:46:38] HOP bucket=41887 L3 active=wlan1 ch3  | prep wlan0 ch9  | BL=['7', '8', '10', '11']
[RX  <- B] bucket=41887  peer_BL=['8', '7', '11', '10']  my_BL=['7', '8', '10', '11']
[TX  ->  *] bucket=41887 L3 active=wlan1 ch3  BL=['7', '8', '10', '11']
[23:46:40] HOP bucket=41888 L3 active=wlan0 ch9  | prep wlan1 ch3  | BL=['7', '8', '10', '11']
[RX  <- B] bucket=41888  peer_BL=['8', '7', '11', '10']  my_BL=['7', '8', '10', '11']
[TX  ->  *] bucket=41888 L3 active=wlan0 ch9  BL=['7', '8', '10', '11']
[23:46:42] HOP bucket=41889 L3 active=wlan1 ch3  | prep wlan0 ch3  | BL=['7', '8', '10', '11']
[TX  ->  *] bucket=41889 L3 active=wlan1 ch3  BL=['7', '8', '10', '11']
[RX  <- B] bucket=41889  peer_BL=['8', '7', '11', '10']  my_BL=['7', '8', '10', '11']
[23:46:44] HOP bucket=41890 L3 active=wlan0 ch3  | prep wlan1 ch9  | BL=['7', '8', '10', '11']
[RX  <- B] bucket=41890  peer_BL=['8', '7', '11', '10']  my_BL=['7', '8', '10', '11']
[TX  ->  *] bucket=41890 L3 active=wlan0 ch3  BL=['7', '8', '10', '11']
[23:46:46] HOP bucket=41891 L3 active=wlan1 ch9  | prep wlan0 ch3  | BL=['7', '8', '10', '11']
[RX  <- B] bucket=41891  peer_BL=['8', '7', '11', '10']  my_BL=['7', '8', '10', '11']
[TX  ->  *] bucket=41891 L3 active=wlan1 ch9  BL=['7', '8', '10', '11']
[23:46:48] HOP bucket=41892 L3 active=wlan0 ch3  | prep wlan1 ch3  | BL=['7', '8', '10', '11']
[TX  ->  *] bucket=41892 L3 active=wlan0 ch3  BL=['7', '8', '10', '11']
[RX  <- B] bucket=41892  peer_BL=['8', '7', '11', '10']  my_BL=['7', '8', '10', '11']
[23:46:50] HOP bucket=41893 L3 active=wlan1 ch3  | prep wlan0 ch3  | BL=['7', '10', '11']
[TX  ->  *] bucket=41893 L3 active=wlan1 ch3  BL=['7', '10', '11']
[RX  <- B] bucket=41893  peer_BL=['7', '11', '10']  my_BL=['7', '10', '11']
[23:46:52] HOP bucket=41894 L3 active=wlan0 ch3  | prep wlan1 ch5  | BL=['7', '10', '11']
[RX  <- B] bucket=41894  peer_BL=['7', '11', '10']  my_BL=['7', '10', '11']
[TX  ->  *] bucket=41894 L3 active=wlan0 ch3  BL=['7', '10', '11']
[23:46:54] HOP bucket=41895 L3 active=wlan1 ch5  | prep wlan0 ch8  | BL=['7', '10', '11']
[TX  ->  *] bucket=41895 L3 active=wlan1 ch5  BL=['7', '10', '11']
[RX  <- B] bucket=41895  peer_BL=['7', '11', '10']  my_BL=['7', '10', '11']
[23:46:56] HOP bucket=41896 L3 active=wlan0 ch8  | prep wlan1 ch3  | BL=['10', '11']
[TX  ->  *] bucket=41896 L3 active=wlan0 ch8  BL=['10', '11']
[RX  <- B] bucket=41896  peer_BL=['11', '10']  my_BL=['10', '11']
[23:46:58] HOP bucket=41897 L3 active=wlan1 ch3  | prep wlan0 ch4  | BL=['10', '11']
[TX  ->  *] bucket=41897 L3 active=wlan1 ch3  BL=['10', '11']
[RX  <- B] bucket=41897  peer_BL=['11', '10']  my_BL=['10', '11']
[23:47:00] HOP bucket=41898 L3 active=wlan0 ch4  | prep wlan1 ch9  | BL=['10', '11']
[TX  ->  *] bucket=41898 L3 active=wlan0 ch4  BL=['10', '11']
[RX  <- B] bucket=41898  peer_BL=['11', '10']  my_BL=['10', '11']
[23:47:02] HOP bucket=41899 L3 active=wlan1 ch9  | prep wlan0 ch3  | BL=['10', '11']
[RX  <- B] bucket=41899  peer_BL=['11', '10']  my_BL=['10', '11']
[TX  ->  *] bucket=41899 L3 active=wlan1 ch9  BL=['10', '11']
[23:47:04] HOP bucket=41900 L3 active=wlan0 ch3  | prep wlan1 ch4  | BL=['10', '11']
[TX  ->  *] bucket=41900 L3 active=wlan0 ch3  BL=['10', '11']
[RX  <- B] bucket=41900  peer_BL=['11', '10']  my_BL=['10', '11']
[23:47:06] HOP bucket=41901 L3 active=wlan1 ch4  | prep wlan0 ch7  | BL=['10', '11']
[TX  ->  *] bucket=41901 L3 active=wlan1 ch4  BL=['10', '11']
[RX  <- B] bucket=41901  peer_BL=['11', '10']  my_BL=['10', '11']
[23:47:08] HOP bucket=41902 L3 active=wlan0 ch7  | prep wlan1 ch7  | BL=['10', '11']
[RX  <- B] bucket=41902  peer_BL=['11', '10']  my_BL=['10', '11']
[TX  ->  *] bucket=41902 L3 active=wlan0 ch7  BL=['10', '11']
[23:47:10] HOP bucket=41903 L3 active=wlan1 ch7  | prep wlan0 ch4  | BL=['10', '11']
[RX  <- B] bucket=41903  peer_BL=['11', '10']  my_BL=['10', '11']
[TX  ->  *] bucket=41903 L3 active=wlan1 ch7  BL=['10', '11']
[23:47:12] HOP bucket=41904 L3 active=wlan0 ch4  | prep wlan1 ch4  | BL=['10', '11']
[RX  <- B] bucket=41904  peer_BL=['11', '10']  my_BL=['10', '11']
[TX  ->  *] bucket=41904 L3 active=wlan0 ch4  BL=['10', '11']
[23:47:14] HOP bucket=41905 L3 active=wlan1 ch4  | prep wlan0 ch7  | BL=['10', '11']
[RX  <- B] bucket=41905  peer_BL=['11', '10']  my_BL=['10', '11']
[TX  ->  *] bucket=41905 L3 active=wlan1 ch4  BL=['10', '11']
[23:47:16] HOP bucket=41906 L3 active=wlan0 ch7  | prep wlan1 ch6  | BL=['10', '11']
[TX  ->  *] bucket=41906 L3 active=wlan0 ch7  BL=['10', '11']
[RX  <- B] bucket=41906  peer_BL=['11', '10']  my_BL=['10', '11']
[23:47:18] HOP bucket=41907 L3 active=wlan1 ch6  | prep wlan0 ch3  | BL=['10', '11']
[TX  ->  *] bucket=41907 L3 active=wlan1 ch6  BL=['10', '11']
[RX  <- B] bucket=41907  peer_BL=['11', '10']  my_BL=['10', '11']
[23:47:20] HOP bucket=41908 L3 active=wlan0 ch3  | prep wlan1 ch9  | BL=['10', '11']
[RX  <- B] bucket=41908  peer_BL=['11', '10']  my_BL=['10', '11']
[TX  ->  *] bucket=41908 L3 active=wlan0 ch3  BL=['10', '11']
[23:47:22] HOP bucket=41909 L3 active=wlan1 ch9  | prep wlan0 ch3  | BL=['10', '11']
[RX  <- B] bucket=41909  peer_BL=['11', '10']  my_BL=['10', '11']
[TX  ->  *] bucket=41909 L3 active=wlan1 ch9  BL=['10', '11']
[23:47:24] HOP bucket=41910 L3 active=wlan0 ch3  | prep wlan1 ch7  | BL=['10']
[TX  ->  *] bucket=41910 L3 active=wlan0 ch3  BL=['10']
[!! JAMMED  ] bucket=41910 L3 active=wlan0 ch3  silent + egress_drops=72  -> BL until bucket=41940  BL=['3', '10']
[23:47:26] HOP bucket=41911 L3 active=wlan1 ch7  | prep wlan0 ch11  | BL=['3', '10']
[TX  ->  *] bucket=41911 L3 active=wlan1 ch7  BL=['3', '10']
[RX  <- B] bucket=41911  peer_BL=['10', '3']  my_BL=['3', '10']
[23:47:28] HOP bucket=41912 L3 active=wlan0 ch11  | prep wlan1 ch11  | BL=['3', '10']
[TX  ->  *] bucket=41912 L3 active=wlan0 ch11  BL=['3', '10']
[!! JAMMED  ] bucket=41912 L3 active=wlan0 ch11  silent + egress_drops=113  -> BL until bucket=41942  BL=['3', '10', '11']
[23:47:30] HOP bucket=41913 L3 active=wlan1 ch11  (LAG: totp_says=ch4, physical=ch11)  | prep wlan0 ch4  | BL=['3', '10', '11']
[TX  ->  *] bucket=41913 L3 active=wlan1 ch11  BL=['3', '10', '11']
[23:47:32] HOP bucket=41914 L3 active=wlan0 ch4  | prep wlan1 ch6  | BL=['3', '10', '11']
[RX  <- B] bucket=41914  peer_BL=['10', '3', '11']  my_BL=['3', '10', '11']
[TX  ->  *] bucket=41914 L3 active=wlan0 ch4  BL=['3', '10', '11']
[23:47:34] HOP bucket=41915 L3 active=wlan1 ch6  | prep wlan0 ch4  | BL=['3', '11']
[TX  ->  *] bucket=41915 L3 active=wlan1 ch6  BL=['3', '11']
[!! JAMMED  ] bucket=41915 L3 active=wlan1 ch6  silent + egress_drops=38  -> BL until bucket=41945  BL=['3', '6', '11']
[23:47:36] HOP bucket=41916 L3 active=wlan0 ch4  | prep wlan1 ch4  | BL=['3', '6', '11']
[RX  <- B] bucket=41916  peer_BL=['3', '11', '6']  my_BL=['3', '6', '11']
[TX  ->  *] bucket=41916 L3 active=wlan0 ch4  BL=['3', '6', '11']
[23:47:38] HOP bucket=41917 L3 active=wlan1 ch4  | prep wlan0 ch9  | BL=['3', '6', '11']
[TX  ->  *] bucket=41917 L3 active=wlan1 ch4  BL=['3', '6', '11']
[RX  <- B] bucket=41917  peer_BL=['3', '11', '6']  my_BL=['3', '6', '11']
[23:47:40] HOP bucket=41918 L3 active=wlan0 ch9  | prep wlan1 ch7  | BL=['3', '6', '11']
[TX  ->  *] bucket=41918 L3 active=wlan0 ch9  BL=['3', '6', '11']
[!! JAMMED  ] bucket=41918 L3 active=wlan0 ch9  silent + egress_drops=39  -> BL until bucket=41948  BL=['3', '6', '9', '11']
[23:47:42] HOP bucket=41919 L3 active=wlan1 ch7  | prep wlan0 ch4  | BL=['3', '6', '9', '11']
[RX  <- B] bucket=41919  peer_BL=['3', '11', '6', '9']  my_BL=['3', '6', '9', '11']
[TX  ->  *] bucket=41919 L3 active=wlan1 ch7  BL=['3', '6', '9', '11']
[23:47:44] HOP bucket=41920 L3 active=wlan0 ch4  | prep wlan1 ch10  | BL=['3', '6', '9', '11']
[TX  ->  *] bucket=41920 L3 active=wlan0 ch4  BL=['3', '6', '9', '11']
[RX  <- B] bucket=41920  peer_BL=['3', '11', '6', '9']  my_BL=['3', '6', '9', '11']
[23:47:46] HOP bucket=41921 L3 active=wlan1 ch10  | prep wlan0 ch5  | BL=['3', '6', '9', '11']
[TX  ->  *] bucket=41921 L3 active=wlan1 ch10  BL=['3', '6', '9', '11']
[RX  <- B] bucket=41921  peer_BL=['3', '11', '6', '9']  my_BL=['3', '6', '9', '11']
[23:47:48] HOP bucket=41922 L3 active=wlan0 ch5  | prep wlan1 ch7  | BL=['3', '6', '9', '11']
[RX  <- B] bucket=41922  peer_BL=['3', '11', '6', '9']  my_BL=['3', '6', '9', '11']
[TX  ->  *] bucket=41922 L3 active=wlan0 ch5  BL=['3', '6', '9', '11']
[23:47:50] HOP bucket=41923 L3 active=wlan1 ch7  | prep wlan0 ch7  | BL=['3', '6', '9', '11']
[TX  ->  *] bucket=41923 L3 active=wlan1 ch7  BL=['3', '6', '9', '11']
[RX  <- B] bucket=41923  peer_BL=['3', '11', '6', '9']  my_BL=['3', '6', '9', '11']
[23:47:52] HOP bucket=41924 L3 active=wlan0 ch7  | prep wlan1 ch8  | BL=['3', '6', '9', '11']
[RX  <- B] bucket=41924  peer_BL=['3', '11', '6', '9']  my_BL=['3', '6', '9', '11']
[TX  ->  *] bucket=41924 L3 active=wlan0 ch7  BL=['3', '6', '9', '11']
[23:47:54] HOP bucket=41925 L3 active=wlan1 ch8  | prep wlan0 ch7  | BL=['3', '6', '9', '11']
[TX  ->  *] bucket=41925 L3 active=wlan1 ch8  BL=['3', '6', '9', '11']
[RX  <- B] bucket=41925  peer_BL=['3', '11', '6', '9']  my_BL=['3', '6', '9', '11']
[23:47:56] HOP bucket=41926 L3 active=wlan0 ch7  | prep wlan1 ch5  | BL=['3', '6', '9', '11']
[RX  <- B] bucket=41926  peer_BL=['3', '11', '6', '9']  my_BL=['3', '6', '9', '11']
[TX  ->  *] bucket=41926 L3 active=wlan0 ch7  BL=['3', '6', '9', '11']
[23:47:58] HOP bucket=41927 L3 active=wlan1 ch5  | prep wlan0 ch4  | BL=['3', '6', '9', '11']
[TX  ->  *] bucket=41927 L3 active=wlan1 ch5  BL=['3', '6', '9', '11']
[RX  <- B] bucket=41927  peer_BL=['3', '11', '6', '9']  my_BL=['3', '6', '9', '11']
[23:48:00] HOP bucket=41928 L3 active=wlan0 ch4  | prep wlan1 ch10  | BL=['3', '6', '9', '11']
[RX  <- B] bucket=41928  peer_BL=['3', '11', '6', '9']  my_BL=['3', '6', '9', '11']
[TX  ->  *] bucket=41928 L3 active=wlan0 ch4  BL=['3', '6', '9', '11']
[23:48:02] HOP bucket=41929 L3 active=wlan1 ch10  | prep wlan0 ch7  | BL=['3', '6', '9', '11']
[TX  ->  *] bucket=41929 L3 active=wlan1 ch10  BL=['3', '6', '9', '11']
[RX  <- B] bucket=41929  peer_BL=['3', '11', '6', '9']  my_BL=['3', '6', '9', '11']
[23:48:04] HOP bucket=41930 L3 active=wlan0 ch7  | prep wlan1 ch4  | BL=['3', '6', '9', '11']
[TX  ->  *] bucket=41930 L3 active=wlan0 ch7  BL=['3', '6', '9', '11']
[RX  <- B] bucket=41930  peer_BL=['3', '11', '6', '9']  my_BL=['3', '6', '9', '11']
[23:48:06] HOP bucket=41931 L3 active=wlan1 ch4  | prep wlan0 ch8  | BL=['3', '6', '9', '11']
[RX  <- B] bucket=41931  peer_BL=['3', '11', '6', '9']  my_BL=['3', '6', '9', '11']
[TX  ->  *] bucket=41931 L3 active=wlan1 ch4  BL=['3', '6', '9', '11']
[23:48:08] HOP bucket=41932 L3 active=wlan0 ch8  | prep wlan1 ch7  | BL=['3', '6', '9', '11']
[RX  <- B] bucket=41932  peer_BL=['3', '11', '6', '9']  my_BL=['3', '6', '9', '11']
[TX  ->  *] bucket=41932 L3 active=wlan0 ch8  BL=['3', '6', '9', '11']
[23:48:10] HOP bucket=41933 L3 active=wlan1 ch7  | prep wlan0 ch4  | BL=['3', '6', '9', '11']
[TX  ->  *] bucket=41933 L3 active=wlan1 ch7  BL=['3', '6', '9', '11']
[RX  <- B] bucket=41933  peer_BL=['3', '11', '6', '9']  my_BL=['3', '6', '9', '11']
[23:48:12] HOP bucket=41934 L3 active=wlan0 ch4  | prep wlan1 ch10  | BL=['3', '6', '9', '11']
[TX  ->  *] bucket=41934 L3 active=wlan0 ch4  BL=['3', '6', '9', '11']
[RX  <- B] bucket=41934  peer_BL=['3', '11', '6', '9']  my_BL=['3', '6', '9', '11']
[23:48:14] HOP bucket=41935 L3 active=wlan1 ch10  | prep wlan0 ch4  | BL=['3', '6', '9', '11']
[TX  ->  *] bucket=41935 L3 active=wlan1 ch10  BL=['3', '6', '9', '11']
[RX  <- B] bucket=41935  peer_BL=['3', '11', '6', '9']  my_BL=['3', '6', '9', '11']
[23:48:16] HOP bucket=41936 L3 active=wlan0 ch4  | prep wlan1 ch4  | BL=['3', '6', '9', '11']
[TX  ->  *] bucket=41936 L3 active=wlan0 ch4  BL=['3', '6', '9', '11']
[RX  <- B] bucket=41936  peer_BL=['3', '11', '6', '9']  my_BL=['3', '6', '9', '11']
[23:48:18] HOP bucket=41937 L3 active=wlan1 ch4  | prep wlan0 ch10  | BL=['3', '6', '9', '11']
[TX  ->  *] bucket=41937 L3 active=wlan1 ch4  BL=['3', '6', '9', '11']
[RX  <- B] bucket=41937  peer_BL=['3', '11', '6', '9']  my_BL=['3', '6', '9', '11']
[23:48:20] HOP bucket=41938 L3 active=wlan0 ch10  | prep wlan1 ch4  | BL=['3', '6', '9', '11']
[RX  <- B] bucket=41938  peer_BL=['3', '11', '6', '9']  my_BL=['3', '6', '9', '11']
[TX  ->  *] bucket=41938 L3 active=wlan0 ch10  BL=['3', '6', '9', '11']
[23:48:22] HOP bucket=41939 L3 active=wlan1 ch4  | prep wlan0 ch4  | BL=['3', '6', '9', '11']
[RX  <- B] bucket=41939  peer_BL=['3', '11', '6', '9']  my_BL=['3', '6', '9', '11']
[TX  ->  *] bucket=41939 L3 active=wlan1 ch4  BL=['3', '6', '9', '11']
[23:48:24] HOP bucket=41940 L3 active=wlan0 ch4  | prep wlan1 ch4  | BL=['6', '9', '11']
[RX  <- B] bucket=41940  peer_BL=['11', '6', '9']  my_BL=['6', '9', '11']
[TX  ->  *] bucket=41940 L3 active=wlan0 ch4  BL=['6', '9', '11']
[23:48:26] HOP bucket=41941 L3 active=wlan1 ch4  | prep wlan0 ch5  | BL=['6', '9', '11']
[TX  ->  *] bucket=41941 L3 active=wlan1 ch4  BL=['6', '9', '11']
[RX  <- B] bucket=41941  peer_BL=['11', '6', '9']  my_BL=['6', '9', '11']
[23:48:28] HOP bucket=41942 L3 active=wlan0 ch5  | prep wlan1 ch7  | BL=['6', '9']
[TX  ->  *] bucket=41942 L3 active=wlan0 ch5  BL=['6', '9']
[RX  <- B] bucket=41942  peer_BL=['6', '9']  my_BL=['6', '9']
[23:48:30] HOP bucket=41943 L3 active=wlan1 ch7  | prep wlan0 ch11  | BL=['6', '9']
[TX  ->  *] bucket=41943 L3 active=wlan1 ch7  BL=['6', '9']
[RX  <- B] bucket=41943  peer_BL=['6', '9']  my_BL=['6', '9']
[23:48:32] HOP bucket=41944 L3 active=wlan0 ch11  | prep wlan1 ch10  | BL=['6', '9']
[TX  ->  *] bucket=41944 L3 active=wlan0 ch11  BL=['6', '9']
[!! JAMMED  ] bucket=41944 L3 active=wlan0 ch11  silent + egress_drops=39  -> BL until bucket=41974  BL=['6', '9', '11']
[23:48:34] HOP bucket=41945 L3 active=wlan1 ch10  | prep wlan0 ch6  | BL=['9', '11']
[RX  <- B] bucket=41945  peer_BL=['9', '11']  my_BL=['9', '11']
[TX  ->  *] bucket=41945 L3 active=wlan1 ch10  BL=['9', '11']
[23:48:36] HOP bucket=41946 L3 active=wlan0 ch6  | prep wlan1 ch7  | BL=['9', '11']
[TX  ->  *] bucket=41946 L3 active=wlan0 ch6  BL=['9', '11']
[!! JAMMED  ] bucket=41946 L3 active=wlan0 ch6  silent + egress_drops=78  -> BL until bucket=41976  BL=['6', '9', '11']
[23:48:38] HOP bucket=41947 L3 active=wlan1 ch7  | prep wlan0 ch7  | BL=['6', '9', '11']
[RX  <- B] bucket=41947  peer_BL=['9', '11', '6']  my_BL=['6', '9', '11']
[TX  ->  *] bucket=41947 L3 active=wlan1 ch7  BL=['6', '9', '11']
[23:48:40] HOP bucket=41948 L3 active=wlan0 ch7  | prep wlan1 ch5  | BL=['6', '11']
[TX  ->  *] bucket=41948 L3 active=wlan0 ch7  BL=['6', '11']
[RX  <- B] bucket=41948  peer_BL=['11', '6']  my_BL=['6', '11']
[23:48:42] HOP bucket=41949 L3 active=wlan1 ch5  | prep wlan0 ch9  | BL=['6', '11']
[RX  <- B] bucket=41949  peer_BL=['11', '6']  my_BL=['6', '11']
[TX  ->  *] bucket=41949 L3 active=wlan1 ch5  BL=['6', '11']
[23:48:44] HOP bucket=41950 L3 active=wlan0 ch9  | prep wlan1 ch3  | BL=['6', '11']
[TX  ->  *] bucket=41950 L3 active=wlan0 ch9  BL=['6', '11']
[!! JAMMED  ] bucket=41950 L3 active=wlan0 ch9  silent + egress_drops=38  -> BL until bucket=41980  BL=['6', '9', '11']
[23:48:46] HOP bucket=41951 L3 active=wlan1 ch3  | prep wlan0 ch3  | BL=['6', '9', '11']
[TX  ->  *] bucket=41951 L3 active=wlan1 ch3  BL=['6', '9', '11']
[!! JAMMED  ] bucket=41951 L3 active=wlan1 ch3  silent + egress_drops=38  -> BL until bucket=41981  BL=['3', '6', '9', '11']
[23:48:48] HOP bucket=41952 L3 active=wlan0 ch3  (LAG: totp_says=ch4, physical=ch3)  | prep wlan1 ch4  | BL=['3', '6', '9', '11']
[TX  ->  *] bucket=41952 L3 active=wlan0 ch3  BL=['3', '6', '9', '11']
[23:48:50] HOP bucket=41953 L3 active=wlan1 ch4  | prep wlan0 ch4  | BL=['3', '6', '9', '11']
[RX  <- B] bucket=41953  peer_BL=['11', '6', '9', '3']  my_BL=['3', '6', '9', '11']
[TX  ->  *] bucket=41953 L3 active=wlan1 ch4  BL=['3', '6', '9', '11']
[23:48:52] HOP bucket=41954 L3 active=wlan0 ch4  | prep wlan1 ch8  | BL=['3', '6', '9', '11']
[RX  <- B] bucket=41954  peer_BL=['11', '6', '9', '3']  my_BL=['3', '6', '9', '11']
[TX  ->  *] bucket=41954 L3 active=wlan0 ch4  BL=['3', '6', '9', '11']
[23:48:54] HOP bucket=41955 L3 active=wlan1 ch8  | prep wlan0 ch4  | BL=['3', '6', '9', '11']
[TX  ->  *] bucket=41955 L3 active=wlan1 ch8  BL=['3', '6', '9', '11']
[RX  <- B] bucket=41955  peer_BL=['11', '6', '9', '3']  my_BL=['3', '6', '9', '11']
[23:48:56] HOP bucket=41956 L3 active=wlan0 ch4  | prep wlan1 ch8  | BL=['3', '6', '9', '11']
[TX  ->  *] bucket=41956 L3 active=wlan0 ch4  BL=['3', '6', '9', '11']
[RX  <- B] bucket=41956  peer_BL=['11', '6', '9', '3']  my_BL=['3', '6', '9', '11']
[23:48:58] HOP bucket=41957 L3 active=wlan1 ch8  | prep wlan0 ch4  | BL=['3', '6', '9', '11']
[TX  ->  *] bucket=41957 L3 active=wlan1 ch8  BL=['3', '6', '9', '11']
[RX  <- B] bucket=41957  peer_BL=['11', '6', '9', '3']  my_BL=['3', '6', '9', '11']
[23:49:00] HOP bucket=41958 L3 active=wlan0 ch4  | prep wlan1 ch4  | BL=['3', '6', '9', '11']
[RX  <- B] bucket=41958  peer_BL=['11', '6', '9', '3']  my_BL=['3', '6', '9', '11']
[TX  ->  *] bucket=41958 L3 active=wlan0 ch4  BL=['3', '6', '9', '11']
[23:49:02] HOP bucket=41959 L3 active=wlan1 ch4  | prep wlan0 ch4  | BL=['3', '6', '9', '11']
[RX  <- B] bucket=41959  peer_BL=['11', '6', '9', '3']  my_BL=['3', '6', '9', '11']
[TX  ->  *] bucket=41959 L3 active=wlan1 ch4  BL=['3', '6', '9', '11']
[23:49:04] HOP bucket=41960 L3 active=wlan0 ch4  | prep wlan1 ch8  | BL=['3', '6', '9', '11']
[RX  <- B] bucket=41960  peer_BL=['11', '6', '9', '3']  my_BL=['3', '6', '9', '11']
[TX  ->  *] bucket=41960 L3 active=wlan0 ch4  BL=['3', '6', '9', '11']
[23:49:06] HOP bucket=41961 L3 active=wlan1 ch8  | prep wlan0 ch10  | BL=['3', '6', '9', '11']
[RX  <- B] bucket=41961  peer_BL=['11', '6', '9', '3']  my_BL=['3', '6', '9', '11']
[TX  ->  *] bucket=41961 L3 active=wlan1 ch8  BL=['3', '6', '9', '11']
[23:49:08] HOP bucket=41962 L3 active=wlan0 ch10  | prep wlan1 ch8  | BL=['3', '6', '9', '11']
[RX  <- B] bucket=41962  peer_BL=['11', '6', '9', '3']  my_BL=['3', '6', '9', '11']
[TX  ->  *] bucket=41962 L3 active=wlan0 ch10  BL=['3', '6', '9', '11']
[23:49:10] HOP bucket=41963 L3 active=wlan1 ch8  | prep wlan0 ch5  | BL=['3', '6', '9', '11']
[RX  <- B] bucket=41963  peer_BL=['11', '6', '9', '3']  my_BL=['3', '6', '9', '11']
[TX  ->  *] bucket=41963 L3 active=wlan1 ch8  BL=['3', '6', '9', '11']
[23:49:12] HOP bucket=41964 L3 active=wlan0 ch5  | prep wlan1 ch7  | BL=['3', '6', '9', '11']
[TX  ->  *] bucket=41964 L3 active=wlan0 ch5  BL=['3', '6', '9', '11']
[RX  <- B] bucket=41964  peer_BL=['11', '6', '9', '3']  my_BL=['3', '6', '9', '11']
[23:49:14] HOP bucket=41965 L3 active=wlan1 ch7  | prep wlan0 ch4  | BL=['3', '6', '9', '11']
[RX  <- B] bucket=41965  peer_BL=['11', '6', '9', '3']  my_BL=['3', '6', '9', '11']
[TX  ->  *] bucket=41965 L3 active=wlan1 ch7  BL=['3', '6', '9', '11']
[23:49:16] HOP bucket=41966 L3 active=wlan0 ch4  | prep wlan1 ch7  | BL=['3', '6', '9', '11']
[RX  <- B] bucket=41966  peer_BL=['11', '6', '9', '3']  my_BL=['3', '6', '9', '11']
[TX  ->  *] bucket=41966 L3 active=wlan0 ch4  BL=['3', '6', '9', '11']
[23:49:18] HOP bucket=41967 L3 active=wlan1 ch7  | prep wlan0 ch10  | BL=['3', '6', '9', '11']
[TX  ->  *] bucket=41967 L3 active=wlan1 ch7  BL=['3', '6', '9', '11']
[RX  <- B] bucket=41967  peer_BL=['11', '6', '9', '3']  my_BL=['3', '6', '9', '11']
[23:49:20] HOP bucket=41968 L3 active=wlan0 ch10  | prep wlan1 ch4  | BL=['3', '6', '9', '11']
[TX  ->  *] bucket=41968 L3 active=wlan0 ch10  BL=['3', '6', '9', '11']
[RX  <- B] bucket=41968  peer_BL=['11', '6', '9', '3']  my_BL=['3', '6', '9', '11']
[23:49:22] HOP bucket=41969 L3 active=wlan1 ch4  | prep wlan0 ch7  | BL=['3', '6', '9', '11']
[TX  ->  *] bucket=41969 L3 active=wlan1 ch4  BL=['3', '6', '9', '11']
[RX  <- B] bucket=41969  peer_BL=['11', '6', '9', '3']  my_BL=['3', '6', '9', '11']
[23:49:24] HOP bucket=41970 L3 active=wlan0 ch7  | prep wlan1 ch10  | BL=['3', '6', '9', '11']
[TX  ->  *] bucket=41970 L3 active=wlan0 ch7  BL=['3', '6', '9', '11']
[RX  <- B] bucket=41970  peer_BL=['11', '6', '9', '3']  my_BL=['3', '6', '9', '11']
[23:49:26] HOP bucket=41971 L3 active=wlan1 ch10  | prep wlan0 ch7  | BL=['3', '6', '9', '11']
[TX  ->  *] bucket=41971 L3 active=wlan1 ch10  BL=['3', '6', '9', '11']
[RX  <- B] bucket=41971  peer_BL=['11', '6', '9', '3']  my_BL=['3', '6', '9', '11']
[23:49:28] HOP bucket=41972 L3 active=wlan0 ch7  | prep wlan1 ch7  | BL=['3', '6', '9', '11']
[TX  ->  *] bucket=41972 L3 active=wlan0 ch7  BL=['3', '6', '9', '11']
[RX  <- B] bucket=41972  peer_BL=['11', '6', '9', '3']  my_BL=['3', '6', '9', '11']
[23:49:30] HOP bucket=41973 L3 active=wlan1 ch7  | prep wlan0 ch4  | BL=['3', '6', '9', '11']
[TX  ->  *] bucket=41973 L3 active=wlan1 ch7  BL=['3', '6', '9', '11']
[RX  <- B] bucket=41973  peer_BL=['11', '6', '9', '3']  my_BL=['3', '6', '9', '11']
[23:49:32] HOP bucket=41974 L3 active=wlan0 ch4  (LAG: totp_says=ch11, physical=ch4)  | prep wlan1 ch8  | BL=['3', '6', '9']
[RX  <- B] bucket=41974  peer_BL=['6', '9', '3']  my_BL=['3', '6', '9']
[TX  ->  *] bucket=41974 L3 active=wlan0 ch4  BL=['3', '6', '9']
[23:49:34] HOP bucket=41975 L3 active=wlan1 ch8  | prep wlan0 ch10  | BL=['3', '6', '9']
[TX  ->  *] bucket=41975 L3 active=wlan1 ch8  BL=['3', '6', '9']
[RX  <- B] bucket=41975  peer_BL=['6', '9', '3']  my_BL=['3', '6', '9']
[23:49:36] HOP bucket=41976 L3 active=wlan0 ch10  | prep wlan1 ch11  | BL=['3', '9']
[TX  ->  *] bucket=41976 L3 active=wlan0 ch10  BL=['3', '9']
[RX  <- B] bucket=41976  peer_BL=['9', '3']  my_BL=['3', '9']
[23:49:38] HOP bucket=41977 L3 active=wlan1 ch11  | prep wlan0 ch7  | BL=['3', '9']
[RX  <- B] bucket=41977  peer_BL=['9', '3']  my_BL=['3', '9']
[TX  ->  *] bucket=41977 L3 active=wlan1 ch11  BL=['3', '9']
[23:49:40] HOP bucket=41978 L3 active=wlan0 ch7  | prep wlan1 ch10  | BL=['3', '9']
[RX  <- B] bucket=41978  peer_BL=['9', '3']  my_BL=['3', '9']
[TX  ->  *] bucket=41978 L3 active=wlan0 ch7  BL=['3', '9']
[23:49:42] HOP bucket=41979 L3 active=wlan1 ch10  | prep wlan0 ch5  | BL=['3', '9']
[TX  ->  *] bucket=41979 L3 active=wlan1 ch10  BL=['3', '9']
[RX  <- B] bucket=41979  peer_BL=['9', '3']  my_BL=['3', '9']
[23:49:44] HOP bucket=41980 L3 active=wlan0 ch5  | prep wlan1 ch7  | BL=['3']
[TX  ->  *] bucket=41980 L3 active=wlan0 ch5  BL=['3']
[RX  <- B] bucket=41980  peer_BL=['3']  my_BL=['3']
[23:49:46] HOP bucket=41981 L3 active=wlan1 ch7  | prep wlan0 ch11  | BL=[]
[TX  ->  *] bucket=41981 L3 active=wlan1 ch7  BL=[]
[RX  <- B] bucket=41981  peer_BL=[]  my_BL=[]
[23:49:48] HOP bucket=41982 L3 active=wlan0 ch11  | prep wlan1 ch11  | BL=[]
[TX  ->  *] bucket=41982 L3 active=wlan0 ch11  BL=[]
[RX  <- B] bucket=41982  peer_BL=[]  my_BL=[]
[23:49:50] HOP bucket=41983 L3 active=wlan1 ch11  | prep wlan0 ch7  | BL=[]
[TX  ->  *] bucket=41983 L3 active=wlan1 ch11  BL=[]
[RX  <- B] bucket=41983  peer_BL=[]  my_BL=[]
[23:49:52] HOP bucket=41984 L3 active=wlan0 ch7  | prep wlan1 ch3  | BL=[]
[TX  ->  *] bucket=41984 L3 active=wlan0 ch7  BL=[]
[RX  <- B] bucket=41984  peer_BL=[]  my_BL=[]
[23:49:54] HOP bucket=41985 L3 active=wlan1 ch3  | prep wlan0 ch9  | BL=[]
[TX  ->  *] bucket=41985 L3 active=wlan1 ch3  BL=[]
[RX  <- B] bucket=41985  peer_BL=[]  my_BL=[]
[23:49:56] HOP bucket=41986 L3 active=wlan0 ch9  | prep wlan1 ch6  | BL=[]
[RX  <- B] bucket=41986  peer_BL=[]  my_BL=[]
[TX  ->  *] bucket=41986 L3 active=wlan0 ch9  BL=[]
[23:49:58] HOP bucket=41987 L3 active=wlan1 ch6  | prep wlan0 ch5  | BL=[]
[TX  ->  *] bucket=41987 L3 active=wlan1 ch6  BL=[]
[RX  <- B] bucket=41987  peer_BL=[]  my_BL=[]
[23:50:00] HOP bucket=41988 L3 active=wlan0 ch5  | prep wlan1 ch4  | BL=[]
[TX  ->  *] bucket=41988 L3 active=wlan0 ch5  BL=[]
[RX  <- B] bucket=41988  peer_BL=[]  my_BL=[]
[23:50:02] HOP bucket=41989 L3 active=wlan1 ch4  | prep wlan0 ch3  | BL=[]