============================================================
 ARTCHO NODE — MODE=L3 — NODE_ID=A
============================================================
 Bucket duration : 2.0s
 TEST_EPOCH      : 1776805754.0
 BUCKET_EPOCH    : 1776744554.0
 sim offset      : 61200s  (17.00h)
 Use blacklist   : True
 Detect enabled  : True
 Dual radio      : True
============================================================

[WAIT] sleeping 16.7s until TEST_EPOCH...
[INIT] L3 cold-start (bucket=30600):
       active  wlan0 -> ch5 (2432 MHz)
       bg      wlan1 -> ch6 (2437 MHz)
       confirmed blacklist: []
[INIT] L3 cold-start complete.

[TX  ->  *] bucket=30600 L3 active=wlan0 ch5  BL=[]
[RX  <- B] bucket=30600  peer_BL=[]  my_BL=[]
[23:09:16] HOP bucket=30601 L3 active=wlan1 ch6  | prep wlan0 ch5  | BL=[]
[TX  ->  *] bucket=30601 L3 active=wlan1 ch6  BL=[]
[RX  <- B] bucket=30601  peer_BL=[]  my_BL=[]
[23:09:18] HOP bucket=30602 L3 active=wlan0 ch5  | prep wlan1 ch9  | BL=[]
[TX  ->  *] bucket=30602 L3 active=wlan0 ch5  BL=[]
[RX  <- B] bucket=30602  peer_BL=[]  my_BL=[]
[23:09:20] HOP bucket=30603 L3 active=wlan1 ch9  | prep wlan0 ch9  | BL=[]
[TX  ->  *] bucket=30603 L3 active=wlan1 ch9  BL=[]
[RX  <- B] bucket=30603  peer_BL=[]  my_BL=[]
[23:09:22] HOP bucket=30604 L3 active=wlan0 ch9  | prep wlan1 ch11  | BL=[]
[TX  ->  *] bucket=30604 L3 active=wlan0 ch9  BL=[]
[RX  <- B] bucket=30604  peer_BL=[]  my_BL=[]
[23:09:24] HOP bucket=30605 L3 active=wlan1 ch11  | prep wlan0 ch9  | BL=[]
[TX  ->  *] bucket=30605 L3 active=wlan1 ch11  BL=[]
[RX  <- B] bucket=30605  peer_BL=[]  my_BL=[]
[23:09:26] HOP bucket=30606 L3 active=wlan0 ch9  | prep wlan1 ch10  | BL=[]
[TX  ->  *] bucket=30606 L3 active=wlan0 ch9  BL=[]
[RX  <- B] bucket=30606  peer_BL=[]  my_BL=[]
[23:09:28] HOP bucket=30607 L3 active=wlan1 ch10  | prep wlan0 ch10  | BL=[]
[RX  <- B] bucket=30607  peer_BL=[]  my_BL=[]
[TX  ->  *] bucket=30607 L3 active=wlan1 ch10  BL=[]
[23:09:30] HOP bucket=30608 L3 active=wlan0 ch10  | prep wlan1 ch6  | BL=[]
[RX  <- B] bucket=30608  peer_BL=[]  my_BL=[]
[TX  ->  *] bucket=30608 L3 active=wlan0 ch10  BL=[]
[23:09:32] HOP bucket=30609 L3 active=wlan1 ch6  | prep wlan0 ch6  | BL=[]
[RX  <- B] bucket=30609  peer_BL=[]  my_BL=[]
[TX  ->  *] bucket=30609 L3 active=wlan1 ch6  BL=[]
[23:09:34] HOP bucket=30610 L3 active=wlan0 ch6  | prep wlan1 ch7  | BL=[]
[RX  <- B] bucket=30610  peer_BL=[]  my_BL=[]
[TX  ->  *] bucket=30610 L3 active=wlan0 ch6  BL=[]
[23:09:36] HOP bucket=30611 L3 active=wlan1 ch7  | prep wlan0 ch7  | BL=[]
[RX  <- B] bucket=30611  peer_BL=[]  my_BL=[]
[TX  ->  *] bucket=30611 L3 active=wlan1 ch7  BL=[]
[23:09:38] HOP bucket=30612 L3 active=wlan0 ch7  | prep wlan1 ch7  | BL=[]
[RX  <- B] bucket=30612  peer_BL=[]  my_BL=[]
[TX  ->  *] bucket=30612 L3 active=wlan0 ch7  BL=[]
[23:09:40] HOP bucket=30613 L3 active=wlan1 ch7  | prep wlan0 ch3  | BL=[]
[RX  <- B] bucket=30613  peer_BL=[]  my_BL=[]
[TX  ->  *] bucket=30613 L3 active=wlan1 ch7  BL=[]
[23:09:42] HOP bucket=30614 L3 active=wlan0 ch3  | prep wlan1 ch3  | BL=[]
[TX  ->  *] bucket=30614 L3 active=wlan0 ch3  BL=[]
[RX  <- B] bucket=30614  peer_BL=[]  my_BL=[]
[23:09:44] HOP bucket=30615 L3 active=wlan1 ch3  | prep wlan0 ch8  | BL=[]
[TX  ->  *] bucket=30615 L3 active=wlan1 ch3  BL=[]
[RX  <- B] bucket=30615  peer_BL=[]  my_BL=[]
[23:09:46] HOP bucket=30616 L3 active=wlan0 ch8  | prep wlan1 ch6  | BL=[]
[TX  ->  *] bucket=30616 L3 active=wlan0 ch8  BL=[]
[RX  <- B] bucket=30616  peer_BL=[]  my_BL=[]
[23:09:48] HOP bucket=30617 L3 active=wlan1 ch6  | prep wlan0 ch6  | BL=[]
[TX  ->  *] bucket=30617 L3 active=wlan1 ch6  BL=[]
[RX  <- B] bucket=30617  peer_BL=[]  my_BL=[]
[23:09:50] HOP bucket=30618 L3 active=wlan0 ch6  | prep wlan1 ch3  | BL=[]
[RX  <- B] bucket=30618  peer_BL=[]  my_BL=[]
[TX  ->  *] bucket=30618 L3 active=wlan0 ch6  BL=[]
[23:09:52] HOP bucket=30619 L3 active=wlan1 ch3  | prep wlan0 ch3  | BL=[]
[RX  <- B] bucket=30619  peer_BL=[]  my_BL=[]
[TX  ->  *] bucket=30619 L3 active=wlan1 ch3  BL=[]
[23:09:54] HOP bucket=30620 L3 active=wlan0 ch3  | prep wlan1 ch4  | BL=[]
[RX  <- B] bucket=30620  peer_BL=[]  my_BL=[]
[TX  ->  *] bucket=30620 L3 active=wlan0 ch3  BL=[]
[23:09:56] HOP bucket=30621 L3 active=wlan1 ch4  | prep wlan0 ch9  | BL=[]
[RX  <- B] bucket=30621  peer_BL=[]  my_BL=[]
[TX  ->  *] bucket=30621 L3 active=wlan1 ch4  BL=[]
[23:09:58] HOP bucket=30622 L3 active=wlan0 ch9  | prep wlan1 ch3  | BL=[]
[TX  ->  *] bucket=30622 L3 active=wlan0 ch9  BL=[]
[RX  <- B] bucket=30622  peer_BL=[]  my_BL=[]
[23:10:00] HOP bucket=30623 L3 active=wlan1 ch3  | prep wlan0 ch5  | BL=[]
[RX  <- B] bucket=30623  peer_BL=[]  my_BL=[]
[TX  ->  *] bucket=30623 L3 active=wlan1 ch3  BL=[]
[23:10:02] HOP bucket=30624 L3 active=wlan0 ch5  | prep wlan1 ch5  | BL=[]
[RX  <- B] bucket=30624  peer_BL=[]  my_BL=[]
[TX  ->  *] bucket=30624 L3 active=wlan0 ch5  BL=[]
[23:10:04] HOP bucket=30625 L3 active=wlan1 ch5  | prep wlan0 ch4  | BL=[]
[RX  <- B] bucket=30625  peer_BL=[]  my_BL=[]
[TX  ->  *] bucket=30625 L3 active=wlan1 ch5  BL=[]
[23:10:06] HOP bucket=30626 L3 active=wlan0 ch4  | prep wlan1 ch9  | BL=[]
[TX  ->  *] bucket=30626 L3 active=wlan0 ch4  BL=[]
[RX  <- B] bucket=30626  peer_BL=[]  my_BL=[]
[23:10:08] HOP bucket=30627 L3 active=wlan1 ch9  | prep wlan0 ch8  | BL=[]
[TX  ->  *] bucket=30627 L3 active=wlan1 ch9  BL=[]
[RX  <- B] bucket=30627  peer_BL=[]  my_BL=[]
[23:10:10] HOP bucket=30628 L3 active=wlan0 ch8  | prep wlan1 ch11  | BL=[]
[TX  ->  *] bucket=30628 L3 active=wlan0 ch8  BL=[]
[RX  <- B] bucket=30628  peer_BL=[]  my_BL=[]
[23:10:12] HOP bucket=30629 L3 active=wlan1 ch11  | prep wlan0 ch6  | BL=[]
[TX  ->  *] bucket=30629 L3 active=wlan1 ch11  BL=[]
[RX  <- B] bucket=30629  peer_BL=[]  my_BL=[]
[23:10:14] HOP bucket=30630 L3 active=wlan0 ch6  | prep wlan1 ch5  | BL=[]
[TX  ->  *] bucket=30630 L3 active=wlan0 ch6  BL=[]
[!! JAMMED  ] bucket=30630 L3 active=wlan0 ch6  silent + egress_drops=73  -> BL until bucket=30660  BL=['6']
[23:10:16] HOP bucket=30631 L3 active=wlan1 ch5  | prep wlan0 ch8  | BL=['6']
[RX  <- B] bucket=30631  peer_BL=['6']  my_BL=['6']
[TX  ->  *] bucket=30631 L3 active=wlan1 ch5  BL=['6']
[23:10:18] HOP bucket=30632 L3 active=wlan0 ch8  | prep wlan1 ch9  | BL=['6']
[TX  ->  *] bucket=30632 L3 active=wlan0 ch8  BL=['6']
[RX  <- B] bucket=30632  peer_BL=['6']  my_BL=['6']
[23:10:20] HOP bucket=30633 L3 active=wlan1 ch9  | prep wlan0 ch8  | BL=['6']
[RX  <- B] bucket=30633  peer_BL=['6']  my_BL=['6']
[TX  ->  *] bucket=30633 L3 active=wlan1 ch9  BL=['6']
[23:10:22] HOP bucket=30634 L3 active=wlan0 ch8  | prep wlan1 ch7  | BL=['6']
[TX  ->  *] bucket=30634 L3 active=wlan0 ch8  BL=['6']
[RX  <- B] bucket=30634  peer_BL=['6']  my_BL=['6']
[23:10:24] HOP bucket=30635 L3 active=wlan1 ch7  | prep wlan0 ch7  | BL=['6']
[TX  ->  *] bucket=30635 L3 active=wlan1 ch7  BL=['6']
[RX  <- B] bucket=30635  peer_BL=['6']  my_BL=['6']
[23:10:26] HOP bucket=30636 L3 active=wlan0 ch7  | prep wlan1 ch7  | BL=['6']
[RX  <- B] bucket=30636  peer_BL=['6']  my_BL=['6']
[TX  ->  *] bucket=30636 L3 active=wlan0 ch7  BL=['6']
[23:10:28] HOP bucket=30637 L3 active=wlan1 ch7  | prep wlan0 ch3  | BL=['6']
[TX  ->  *] bucket=30637 L3 active=wlan1 ch7  BL=['6']
[RX  <- B] bucket=30637  peer_BL=['6']  my_BL=['6']
[23:10:30] HOP bucket=30638 L3 active=wlan0 ch3  | prep wlan1 ch8  | BL=['6']
[TX  ->  *] bucket=30638 L3 active=wlan0 ch3  BL=['6']
[RX  <- B] bucket=30638  peer_BL=['6']  my_BL=['6']
[23:10:32] HOP bucket=30639 L3 active=wlan1 ch8  | prep wlan0 ch9  | BL=['6']
[TX  ->  *] bucket=30639 L3 active=wlan1 ch8  BL=['6']
[RX  <- B] bucket=30639  peer_BL=['6']  my_BL=['6']
[23:10:34] HOP bucket=30640 L3 active=wlan0 ch9  | prep wlan1 ch5  | BL=['6']
[RX  <- B] bucket=30640  peer_BL=['6']  my_BL=['6']
[TX  ->  *] bucket=30640 L3 active=wlan0 ch9  BL=['6']
[23:10:36] HOP bucket=30641 L3 active=wlan1 ch5  | prep wlan0 ch3  | BL=['6']
[TX  ->  *] bucket=30641 L3 active=wlan1 ch5  BL=['6']
[RX  <- B] bucket=30641  peer_BL=['6']  my_BL=['6']
[23:10:38] HOP bucket=30642 L3 active=wlan0 ch3  | prep wlan1 ch3  | BL=['6']
[RX  <- B] bucket=30642  peer_BL=['6']  my_BL=['6']
[TX  ->  *] bucket=30642 L3 active=wlan0 ch3  BL=['6']
[23:10:40] HOP bucket=30643 L3 active=wlan1 ch3  | prep wlan0 ch7  | BL=['6']
[TX  ->  *] bucket=30643 L3 active=wlan1 ch3  BL=['6']
[RX  <- B] bucket=30643  peer_BL=['6']  my_BL=['6']
[23:10:42] HOP bucket=30644 L3 active=wlan0 ch7  | prep wlan1 ch9  | BL=['6']
[TX  ->  *] bucket=30644 L3 active=wlan0 ch7  BL=['6']
[RX  <- B] bucket=30644  peer_BL=['6']  my_BL=['6']
[23:10:44] HOP bucket=30645 L3 active=wlan1 ch9  | prep wlan0 ch11  | BL=['6']
[RX  <- B] bucket=30645  peer_BL=['6']  my_BL=['6']
[TX  ->  *] bucket=30645 L3 active=wlan1 ch9  BL=['6']
[23:10:46] HOP bucket=30646 L3 active=wlan0 ch11  | prep wlan1 ch5  | BL=['6']
[TX  ->  *] bucket=30646 L3 active=wlan0 ch11  BL=['6']
[RX  <- B] bucket=30646  peer_BL=['6']  my_BL=['6']
[23:10:48] HOP bucket=30647 L3 active=wlan1 ch5  | prep wlan0 ch7  | BL=['6']
[RX  <- B] bucket=30647  peer_BL=['6']  my_BL=['6']
[TX  ->  *] bucket=30647 L3 active=wlan1 ch5  BL=['6']
[23:10:50] HOP bucket=30648 L3 active=wlan0 ch7  | prep wlan1 ch7  | BL=['6']
[TX  ->  *] bucket=30648 L3 active=wlan0 ch7  BL=['6']
[RX  <- B] bucket=30648  peer_BL=['6']  my_BL=['6']
[23:10:52] HOP bucket=30649 L3 active=wlan1 ch7  | prep wlan0 ch4  | BL=['6']
[TX  ->  *] bucket=30649 L3 active=wlan1 ch7  BL=['6']
[RX  <- B] bucket=30649  peer_BL=['6']  my_BL=['6']
[23:10:54] HOP bucket=30650 L3 active=wlan0 ch4  | prep wlan1 ch7  | BL=['6']
[TX  ->  *] bucket=30650 L3 active=wlan0 ch4  BL=['6']
[RX  <- B] bucket=30650  peer_BL=['6']  my_BL=['6']
[23:10:56] HOP bucket=30651 L3 active=wlan1 ch7  | prep wlan0 ch9  | BL=['6']
[TX  ->  *] bucket=30651 L3 active=wlan1 ch7  BL=['6']
[RX  <- B] bucket=30651  peer_BL=['6']  my_BL=['6']
[23:10:58] HOP bucket=30652 L3 active=wlan0 ch9  | prep wlan1 ch8  | BL=['6']
[RX  <- B] bucket=30652  peer_BL=['6']  my_BL=['6']
[TX  ->  *] bucket=30652 L3 active=wlan0 ch9  BL=['6']
[23:11:00] HOP bucket=30653 L3 active=wlan1 ch8  | prep wlan0 ch5  | BL=['6']
[TX  ->  *] bucket=30653 L3 active=wlan1 ch8  BL=['6']
[RX  <- B] bucket=30653  peer_BL=['6']  my_BL=['6']
[23:11:02] HOP bucket=30654 L3 active=wlan0 ch5  | prep wlan1 ch7  | BL=['6']
[TX  ->  *] bucket=30654 L3 active=wlan0 ch5  BL=['6']
[RX  <- B] bucket=30654  peer_BL=['6']  my_BL=['6']
[23:11:04] HOP bucket=30655 L3 active=wlan1 ch7  | prep wlan0 ch5  | BL=['6']
[TX  ->  *] bucket=30655 L3 active=wlan1 ch7  BL=['6']
[RX  <- B] bucket=30655  peer_BL=['6']  my_BL=['6']
[23:11:06] HOP bucket=30656 L3 active=wlan0 ch5  | prep wlan1 ch7  | BL=['6']
[TX  ->  *] bucket=30656 L3 active=wlan0 ch5  BL=['6']
[RX  <- B] bucket=30656  peer_BL=['6']  my_BL=['6']
[23:11:08] HOP bucket=30657 L3 active=wlan1 ch7  | prep wlan0 ch3  | BL=['6']
[TX  ->  *] bucket=30657 L3 active=wlan1 ch7  BL=['6']
[RX  <- B] bucket=30657  peer_BL=['6']  my_BL=['6']
[23:11:10] HOP bucket=30658 L3 active=wlan0 ch3  | prep wlan1 ch10  | BL=['6']
[TX  ->  *] bucket=30658 L3 active=wlan0 ch3  BL=['6']
[RX  <- B] bucket=30658  peer_BL=['6']  my_BL=['6']
[23:11:12] HOP bucket=30659 L3 active=wlan1 ch10  | prep wlan0 ch10  | BL=['6']
[RX  <- B] bucket=30659  peer_BL=['6']  my_BL=['6']
[TX  ->  *] bucket=30659 L3 active=wlan1 ch10  BL=['6']
[23:11:14] HOP bucket=30660 L3 active=wlan0 ch10  | prep wlan1 ch11  | BL=[]
[RX  <- B] bucket=30660  peer_BL=[]  my_BL=[]
[TX  ->  *] bucket=30660 L3 active=wlan0 ch10  BL=[]
[23:11:16] HOP bucket=30661 L3 active=wlan1 ch11  | prep wlan0 ch11  | BL=[]
[RX  <- B] bucket=30661  peer_BL=[]  my_BL=[]
[TX  ->  *] bucket=30661 L3 active=wlan1 ch11  BL=[]
[23:11:18] HOP bucket=30662 L3 active=wlan0 ch11  | prep wlan1 ch11  | BL=[]
[TX  ->  *] bucket=30662 L3 active=wlan0 ch11  BL=[]
[RX  <- B] bucket=30662  peer_BL=[]  my_BL=[]
[23:11:20] HOP bucket=30663 L3 active=wlan1 ch11  | prep wlan0 ch5  | BL=[]
[TX  ->  *] bucket=30663 L3 active=wlan1 ch11  BL=[]
[RX  <- B] bucket=30663  peer_BL=[]  my_BL=[]
[23:11:22] HOP bucket=30664 L3 active=wlan0 ch5  | prep wlan1 ch5  | BL=[]
[TX  ->  *] bucket=30664 L3 active=wlan0 ch5  BL=[]
[RX  <- B] bucket=30664  peer_BL=[]  my_BL=[]
[23:11:24] HOP bucket=30665 L3 active=wlan1 ch5  | prep wlan0 ch5  | BL=[]
[TX  ->  *] bucket=30665 L3 active=wlan1 ch5  BL=[]
[RX  <- B] bucket=30665  peer_BL=[]  my_BL=[]
[23:11:26] HOP bucket=30666 L3 active=wlan0 ch5  | prep wlan1 ch3  | BL=[]
[RX  <- B] bucket=30666  peer_BL=[]  my_BL=[]
[TX  ->  *] bucket=30666 L3 active=wlan0 ch5  BL=[]
[23:11:28] HOP bucket=30667 L3 active=wlan1 ch3  | prep wlan0 ch6  | BL=[]
[TX  ->  *] bucket=30667 L3 active=wlan1 ch3  BL=[]
[RX  <- B] bucket=30667  peer_BL=[]  my_BL=[]
[23:11:30] HOP bucket=30668 L3 active=wlan0 ch6  | prep wlan1 ch5  | BL=[]
[TX  ->  *] bucket=30668 L3 active=wlan0 ch6  BL=[]
[!! JAMMED  ] bucket=30668 L3 active=wlan0 ch6  silent + egress_drops=39  -> BL until bucket=30698  BL=['6']
[23:11:32] HOP bucket=30669 L3 active=wlan1 ch5  | prep wlan0 ch5  | BL=['6']
[TX  ->  *] bucket=30669 L3 active=wlan1 ch5  BL=['6']
[RX  <- B] bucket=30669  peer_BL=['6']  my_BL=['6']
[23:11:34] HOP bucket=30670 L3 active=wlan0 ch5  | prep wlan1 ch11  | BL=['6']
[RX  <- B] bucket=30670  peer_BL=['6']  my_BL=['6']
[TX  ->  *] bucket=30670 L3 active=wlan0 ch5  BL=['6']
[23:11:36] HOP bucket=30671 L3 active=wlan1 ch11  | prep wlan0 ch3  | BL=['6']
[TX  ->  *] bucket=30671 L3 active=wlan1 ch11  BL=['6']
[RX  <- B] bucket=30671  peer_BL=['6']  my_BL=['6']
[23:11:38] HOP bucket=30672 L3 active=wlan0 ch3  | prep wlan1 ch7  | BL=['6']
[RX  <- B] bucket=30672  peer_BL=['6']  my_BL=['6']
[TX  ->  *] bucket=30672 L3 active=wlan0 ch3  BL=['6']
[23:11:40] HOP bucket=30673 L3 active=wlan1 ch7  | prep wlan0 ch7  | BL=['6']
[RX  <- B] bucket=30673  peer_BL=['6']  my_BL=['6']
[TX  ->  *] bucket=30673 L3 active=wlan1 ch7  BL=['6']
[23:11:42] HOP bucket=30674 L3 active=wlan0 ch7  | prep wlan1 ch5  | BL=['6']
[RX  <- B] bucket=30674  peer_BL=['6']  my_BL=['6']
[TX  ->  *] bucket=30674 L3 active=wlan0 ch7  BL=['6']
[23:11:44] HOP bucket=30675 L3 active=wlan1 ch5  | prep wlan0 ch4  | BL=['6']
[RX  <- B] bucket=30675  peer_BL=['6']  my_BL=['6']
[TX  ->  *] bucket=30675 L3 active=wlan1 ch5  BL=['6']
[23:11:46] HOP bucket=30676 L3 active=wlan0 ch4  | prep wlan1 ch11  | BL=['6']
[TX  ->  *] bucket=30676 L3 active=wlan0 ch4  BL=['6']
[RX  <- B] bucket=30676  peer_BL=['6']  my_BL=['6']
[23:11:48] HOP bucket=30677 L3 active=wlan1 ch11  | prep wlan0 ch11  | BL=['6']
[TX  ->  *] bucket=30677 L3 active=wlan1 ch11  BL=['6']
[RX  <- B] bucket=30677  peer_BL=['6']  my_BL=['6']
[23:11:50] HOP bucket=30678 L3 active=wlan0 ch11  | prep wlan1 ch3  | BL=['6']
[RX  <- B] bucket=30678  peer_BL=['6']  my_BL=['6']
[TX  ->  *] bucket=30678 L3 active=wlan0 ch11  BL=['6']
[23:11:52] HOP bucket=30679 L3 active=wlan1 ch3  | prep wlan0 ch7  | BL=['6']
[RX  <- B] bucket=30679  peer_BL=['6']  my_BL=['6']
[TX  ->  *] bucket=30679 L3 active=wlan1 ch3  BL=['6']
[23:11:54] HOP bucket=30680 L3 active=wlan0 ch7  | prep wlan1 ch7  | BL=['6']
[RX  <- B] bucket=30680  peer_BL=['6']  my_BL=['6']
[TX  ->  *] bucket=30680 L3 active=wlan0 ch7  BL=['6']
[23:11:56] HOP bucket=30681 L3 active=wlan1 ch7  | prep wlan0 ch3  | BL=['6']
[RX  <- B] bucket=30681  peer_BL=['6']  my_BL=['6']
[TX  ->  *] bucket=30681 L3 active=wlan1 ch7  BL=['6']
[23:11:58] HOP bucket=30682 L3 active=wlan0 ch3  | prep wlan1 ch10  | BL=['6']
[RX  <- B] bucket=30682  peer_BL=['6']  my_BL=['6']
[TX  ->  *] bucket=30682 L3 active=wlan0 ch3  BL=['6']
[23:12:00] HOP bucket=30683 L3 active=wlan1 ch10  | prep wlan0 ch10  | BL=['6']
[RX  <- B] bucket=30683  peer_BL=['6']  my_BL=['6']
[TX  ->  *] bucket=30683 L3 active=wlan1 ch10  BL=['6']
[23:12:02] HOP bucket=30684 L3 active=wlan0 ch10  | prep wlan1 ch8  | BL=['6']
[RX  <- B] bucket=30684  peer_BL=['6']  my_BL=['6']
[TX  ->  *] bucket=30684 L3 active=wlan0 ch10  BL=['6']
[23:12:04] HOP bucket=30685 L3 active=wlan1 ch8  | prep wlan0 ch5  | BL=['6']
[TX  ->  *] bucket=30685 L3 active=wlan1 ch8  BL=['6']
[RX  <- B] bucket=30685  peer_BL=['6']  my_BL=['6']
[23:12:06] HOP bucket=30686 L3 active=wlan0 ch5  | prep wlan1 ch9  | BL=['6']
[TX  ->  *] bucket=30686 L3 active=wlan0 ch5  BL=['6']
[RX  <- B] bucket=30686  peer_BL=['6']  my_BL=['6']
[23:12:08] HOP bucket=30687 L3 active=wlan1 ch9  | prep wlan0 ch11  | BL=['6']
[TX  ->  *] bucket=30687 L3 active=wlan1 ch9  BL=['6']
[RX  <- B] bucket=30687  peer_BL=['6']  my_BL=['6']
[23:12:10] HOP bucket=30688 L3 active=wlan0 ch11  | prep wlan1 ch10  | BL=['6']
[TX  ->  *] bucket=30688 L3 active=wlan0 ch11  BL=['6']
[RX  <- B] bucket=30688  peer_BL=['6']  my_BL=['6']
[23:12:12] HOP bucket=30689 L3 active=wlan1 ch10  | prep wlan0 ch3  | BL=['6']
[TX  ->  *] bucket=30689 L3 active=wlan1 ch10  BL=['6']
[RX  <- B] bucket=30689  peer_BL=['6']  my_BL=['6']
[23:12:14] HOP bucket=30690 L3 active=wlan0 ch3  | prep wlan1 ch11  | BL=['6']
[TX  ->  *] bucket=30690 L3 active=wlan0 ch3  BL=['6']
[RX  <- B] bucket=30690  peer_BL=['6']  my_BL=['6']
[23:12:16] HOP bucket=30691 L3 active=wlan1 ch11  | prep wlan0 ch7  | BL=['6']
[RX  <- B] bucket=30691  peer_BL=['6']  my_BL=['6']
[TX  ->  *] bucket=30691 L3 active=wlan1 ch11  BL=['6']
[23:12:18] HOP bucket=30692 L3 active=wlan0 ch7  | prep wlan1 ch7  | BL=['6']
[TX  ->  *] bucket=30692 L3 active=wlan0 ch7  BL=['6']
[!! JAMMED  ] bucket=30692 L3 active=wlan0 ch7  silent + egress_drops=38  -> BL until bucket=30722  BL=['6', '7']
[23:12:20] HOP bucket=30693 L3 active=wlan1 ch7  (LAG: totp_says=ch8, physical=ch7)  | prep wlan0 ch5  | BL=['6', '7']
[TX  ->  *] bucket=30693 L3 active=wlan1 ch7  BL=['6', '7']
[23:12:22] HOP bucket=30694 L3 active=wlan0 ch5  | prep wlan1 ch10  | BL=['6', '7']
[TX  ->  *] bucket=30694 L3 active=wlan0 ch5  BL=['6', '7']
[RX  <- B] bucket=30694  peer_BL=['6', '7']  my_BL=['6', '7']
[23:12:24] HOP bucket=30695 L3 active=wlan1 ch10  | prep wlan0 ch8  | BL=['6', '7']
[RX  <- B] bucket=30695  peer_BL=['6', '7']  my_BL=['6', '7']
[TX  ->  *] bucket=30695 L3 active=wlan1 ch10  BL=['6', '7']
[23:12:26] HOP bucket=30696 L3 active=wlan0 ch8  | prep wlan1 ch8  | BL=['6', '7']
[TX  ->  *] bucket=30696 L3 active=wlan0 ch8  BL=['6', '7']
[RX  <- B] bucket=30696  peer_BL=['6', '7']  my_BL=['6', '7']
[23:12:28] HOP bucket=30697 L3 active=wlan1 ch8  | prep wlan0 ch9  | BL=['6', '7']
[TX  ->  *] bucket=30697 L3 active=wlan1 ch8  BL=['6', '7']
[RX  <- B] bucket=30697  peer_BL=['6', '7']  my_BL=['6', '7']
[23:12:30] HOP bucket=30698 L3 active=wlan0 ch9  | prep wlan1 ch4  | BL=['7']
[TX  ->  *] bucket=30698 L3 active=wlan0 ch9  BL=['7']
[RX  <- B] bucket=30698  peer_BL=['7']  my_BL=['7']
[23:12:32] HOP bucket=30699 L3 active=wlan1 ch4  | prep wlan0 ch11  | BL=['7']
[RX  <- B] bucket=30699  peer_BL=['7']  my_BL=['7']
[TX  ->  *] bucket=30699 L3 active=wlan1 ch4  BL=['7']
[23:12:34] HOP bucket=30700 L3 active=wlan0 ch11  | prep wlan1 ch3  | BL=['7']
[TX  ->  *] bucket=30700 L3 active=wlan0 ch11  BL=['7']
[RX  <- B] bucket=30700  peer_BL=['7']  my_BL=['7']
[23:12:36] HOP bucket=30701 L3 active=wlan1 ch3  | prep wlan0 ch8  | BL=['7']
[TX  ->  *] bucket=30701 L3 active=wlan1 ch3  BL=['7']
[RX  <- B] bucket=30701  peer_BL=['7']  my_BL=['7']
[23:12:38] HOP bucket=30702 L3 active=wlan0 ch8  | prep wlan1 ch8  | BL=['7']
[TX  ->  *] bucket=30702 L3 active=wlan0 ch8  BL=['7']
[RX  <- B] bucket=30702  peer_BL=['7']  my_BL=['7']
[23:12:40] HOP bucket=30703 L3 active=wlan1 ch8  | prep wlan0 ch11  | BL=['7']
[RX  <- B] bucket=30703  peer_BL=['7']  my_BL=['7']
[TX  ->  *] bucket=30703 L3 active=wlan1 ch8  BL=['7']
[23:12:42] HOP bucket=30704 L3 active=wlan0 ch11  | prep wlan1 ch8  | BL=['7']
[TX  ->  *] bucket=30704 L3 active=wlan0 ch11  BL=['7']
[RX  <- B] bucket=30704  peer_BL=['7']  my_BL=['7']
[23:12:44] HOP bucket=30705 L3 active=wlan1 ch8  | prep wlan0 ch10  | BL=['7']
[TX  ->  *] bucket=30705 L3 active=wlan1 ch8  BL=['7']
[RX  <- B] bucket=30705  peer_BL=['7']  my_BL=['7']
[23:12:46] HOP bucket=30706 L3 active=wlan0 ch10  | prep wlan1 ch6  | BL=['7']
[TX  ->  *] bucket=30706 L3 active=wlan0 ch10  BL=['7']
[RX  <- B] bucket=30706  peer_BL=['7']  my_BL=['7']
[23:12:48] HOP bucket=30707 L3 active=wlan1 ch6  | prep wlan0 ch9  | BL=['7']
[TX  ->  *] bucket=30707 L3 active=wlan1 ch6  BL=['7']
[!! JAMMED  ] bucket=30707 L3 active=wlan1 ch6  silent + egress_drops=39  -> BL until bucket=30737  BL=['6', '7']
[23:12:50] HOP bucket=30708 L3 active=wlan0 ch9  | prep wlan1 ch9  | BL=['6', '7']
[RX  <- B] bucket=30708  peer_BL=['7', '6']  my_BL=['6', '7']
[TX  ->  *] bucket=30708 L3 active=wlan0 ch9  BL=['6', '7']
[23:12:52] HOP bucket=30709 L3 active=wlan1 ch9  | prep wlan0 ch3  | BL=['6', '7']
[TX  ->  *] bucket=30709 L3 active=wlan1 ch9  BL=['6', '7']
[RX  <- B] bucket=30709  peer_BL=['7', '6']  my_BL=['6', '7']
[23:12:54] HOP bucket=30710 L3 active=wlan0 ch3  | prep wlan1 ch5  | BL=['6', '7']
[RX  <- B] bucket=30710  peer_BL=['7', '6']  my_BL=['6', '7']
[TX  ->  *] bucket=30710 L3 active=wlan0 ch3  BL=['6', '7']
[23:12:56] HOP bucket=30711 L3 active=wlan1 ch5  | prep wlan0 ch5  | BL=['6', '7']
[RX  <- B] bucket=30711  peer_BL=['7', '6']  my_BL=['6', '7']
[TX  ->  *] bucket=30711 L3 active=wlan1 ch5  BL=['6', '7']
[23:12:58] HOP bucket=30712 L3 active=wlan0 ch5  | prep wlan1 ch4  | BL=['6', '7']
[TX  ->  *] bucket=30712 L3 active=wlan0 ch5  BL=['6', '7']
[RX  <- B] bucket=30712  peer_BL=['7', '6']  my_BL=['6', '7']
[23:13:00] HOP bucket=30713 L3 active=wlan1 ch4  | prep wlan0 ch8  | BL=['6', '7']
[TX  ->  *] bucket=30713 L3 active=wlan1 ch4  BL=['6', '7']
[RX  <- B] bucket=30713  peer_BL=['7', '6']  my_BL=['6', '7']
[23:13:02] HOP bucket=30714 L3 active=wlan0 ch8  | prep wlan1 ch5  | BL=['6', '7']
[TX  ->  *] bucket=30714 L3 active=wlan0 ch8  BL=['6', '7']
[RX  <- B] bucket=30714  peer_BL=['7', '6']  my_BL=['6', '7']
[23:13:04] HOP bucket=30715 L3 active=wlan1 ch5  | prep wlan0 ch5  | BL=['6', '7']
[RX  <- B] bucket=30715  peer_BL=['7', '6']  my_BL=['6', '7']
[TX  ->  *] bucket=30715 L3 active=wlan1 ch5  BL=['6', '7']
[23:13:06] HOP bucket=30716 L3 active=wlan0 ch5  | prep wlan1 ch3  | BL=['6', '7']
[RX  <- B] bucket=30716  peer_BL=['7', '6']  my_BL=['6', '7']
[TX  ->  *] bucket=30716 L3 active=wlan0 ch5  BL=['6', '7']
[23:13:08] HOP bucket=30717 L3 active=wlan1 ch3  | prep wlan0 ch4  | BL=['6', '7']
[TX  ->  *] bucket=30717 L3 active=wlan1 ch3  BL=['6', '7']
[RX  <- B] bucket=30717  peer_BL=['7', '6']  my_BL=['6', '7']
[23:13:10] HOP bucket=30718 L3 active=wlan0 ch4  | prep wlan1 ch8  | BL=['6', '7']
[TX  ->  *] bucket=30718 L3 active=wlan0 ch4  BL=['6', '7']
[RX  <- B] bucket=30718  peer_BL=['7', '6']  my_BL=['6', '7']
[23:13:12] HOP bucket=30719 L3 active=wlan1 ch8  | prep wlan0 ch10  | BL=['6', '7']
[TX  ->  *] bucket=30719 L3 active=wlan1 ch8  BL=['6', '7']
[RX  <- B] bucket=30719  peer_BL=['7', '6']  my_BL=['6', '7']
[23:13:14] HOP bucket=30720 L3 active=wlan0 ch10  | prep wlan1 ch10  | BL=['6', '7']
[TX  ->  *] bucket=30720 L3 active=wlan0 ch10  BL=['6', '7']
[RX  <- B] bucket=30720  peer_BL=['7', '6']  my_BL=['6', '7']
[23:13:16] HOP bucket=30721 L3 active=wlan1 ch10  | prep wlan0 ch8  | BL=['6', '7']
[TX  ->  *] bucket=30721 L3 active=wlan1 ch10  BL=['6', '7']
[RX  <- B] bucket=30721  peer_BL=['7', '6']  my_BL=['6', '7']
[23:13:18] HOP bucket=30722 L3 active=wlan0 ch8  (LAG: totp_says=ch7, physical=ch8)  | prep wlan1 ch3  | BL=['6']
[TX  ->  *] bucket=30722 L3 active=wlan0 ch8  BL=['6']
[RX  <- B] bucket=30722  peer_BL=['6']  my_BL=['6']
[23:13:20] HOP bucket=30723 L3 active=wlan1 ch3  | prep wlan0 ch10  | BL=['6']
[TX  ->  *] bucket=30723 L3 active=wlan1 ch3  BL=['6']
[RX  <- B] bucket=30723  peer_BL=['6']  my_BL=['6']
[23:13:22] HOP bucket=30724 L3 active=wlan0 ch10  | prep wlan1 ch7  | BL=['6']
[TX  ->  *] bucket=30724 L3 active=wlan0 ch10  BL=['6']
[RX  <- B] bucket=30724  peer_BL=['6']  my_BL=['6']
[23:13:24] HOP bucket=30725 L3 active=wlan1 ch7  | prep wlan0 ch7  | BL=['6']
[TX  ->  *] bucket=30725 L3 active=wlan1 ch7  BL=['6']
[!! JAMMED  ] bucket=30725 L3 active=wlan1 ch7  silent + egress_drops=38  -> BL until bucket=30755  BL=['6', '7']
[23:13:26] HOP bucket=30726 L3 active=wlan0 ch7  (LAG: totp_says=ch8, physical=ch7)  | prep wlan1 ch9  | BL=['6', '7']
[TX  ->  *] bucket=30726 L3 active=wlan0 ch7  BL=['6', '7']
[23:13:28] HOP bucket=30727 L3 active=wlan1 ch9  | prep wlan0 ch3  | BL=['6', '7']
[RX  <- B] bucket=30727  peer_BL=['6', '7']  my_BL=['6', '7']
[TX  ->  *] bucket=30727 L3 active=wlan1 ch9  BL=['6', '7']
[23:13:30] HOP bucket=30728 L3 active=wlan0 ch3  | prep wlan1 ch4  | BL=['6', '7']
[TX  ->  *] bucket=30728 L3 active=wlan0 ch3  BL=['6', '7']
[RX  <- B] bucket=30728  peer_BL=['6', '7']  my_BL=['6', '7']
[23:13:32] HOP bucket=30729 L3 active=wlan1 ch4  | prep wlan0 ch11  | BL=['6', '7']
[TX  ->  *] bucket=30729 L3 active=wlan1 ch4  BL=['6', '7']
[RX  <- B] bucket=30729  peer_BL=['6', '7']  my_BL=['6', '7']
[23:13:34] HOP bucket=30730 L3 active=wlan0 ch11  | prep wlan1 ch8  | BL=['6', '7']
[TX  ->  *] bucket=30730 L3 active=wlan0 ch11  BL=['6', '7']
[RX  <- B] bucket=30730  peer_BL=['6', '7']  my_BL=['6', '7']
[23:13:36] HOP bucket=30731 L3 active=wlan1 ch8  | prep wlan0 ch4  | BL=['6', '7']
[RX  <- B] bucket=30731  peer_BL=['6', '7']  my_BL=['6', '7']
[TX  ->  *] bucket=30731 L3 active=wlan1 ch8  BL=['6', '7']
[23:13:38] HOP bucket=30732 L3 active=wlan0 ch4  | prep wlan1 ch3  | BL=['6', '7']
[TX  ->  *] bucket=30732 L3 active=wlan0 ch4  BL=['6', '7']
[RX  <- B] bucket=30732  peer_BL=['6', '7']  my_BL=['6', '7']
[23:13:40] HOP bucket=30733 L3 active=wlan1 ch3  | prep wlan0 ch11  | BL=['6', '7']
[TX  ->  *] bucket=30733 L3 active=wlan1 ch3  BL=['6', '7']
[RX  <- B] bucket=30733  peer_BL=['6', '7']  my_BL=['6', '7']
[23:13:42] HOP bucket=30734 L3 active=wlan0 ch11  | prep wlan1 ch10  | BL=['6', '7']
[RX  <- B] bucket=30734  peer_BL=['6', '7']  my_BL=['6', '7']
[TX  ->  *] bucket=30734 L3 active=wlan0 ch11  BL=['6', '7']
[23:13:44] HOP bucket=30735 L3 active=wlan1 ch10  | prep wlan0 ch5  | BL=['6', '7']
[RX  <- B] bucket=30735  peer_BL=['6', '7']  my_BL=['6', '7']
[TX  ->  *] bucket=30735 L3 active=wlan1 ch10  BL=['6', '7']
[23:13:46] HOP bucket=30736 L3 active=wlan0 ch5  | prep wlan1 ch10  | BL=['6', '7']
[RX  <- B] bucket=30736  peer_BL=['6', '7']  my_BL=['6', '7']
[TX  ->  *] bucket=30736 L3 active=wlan0 ch5  BL=['6', '7']
[23:13:48] HOP bucket=30737 L3 active=wlan1 ch10  | prep wlan0 ch8  | BL=['7']
[RX  <- B] bucket=30737  peer_BL=['7']  my_BL=['7']
[TX  ->  *] bucket=30737 L3 active=wlan1 ch10  BL=['7']
[23:13:50] HOP bucket=30738 L3 active=wlan0 ch8  | prep wlan1 ch8  | BL=['7']
[TX  ->  *] bucket=30738 L3 active=wlan0 ch8  BL=['7']
[RX  <- B] bucket=30738  peer_BL=['7']  my_BL=['7']
[23:13:52] HOP bucket=30739 L3 active=wlan1 ch8  | prep wlan0 ch5  | BL=['7']
[RX  <- B] bucket=30739  peer_BL=['7']  my_BL=['7']
[TX  ->  *] bucket=30739 L3 active=wlan1 ch8  BL=['7']
[23:13:54] HOP bucket=30740 L3 active=wlan0 ch5  | prep wlan1 ch4  | BL=['7']
[RX  <- B] bucket=30740  peer_BL=['7']  my_BL=['7']
[TX  ->  *] bucket=30740 L3 active=wlan0 ch5  BL=['7']
[23:13:56] HOP bucket=30741 L3 active=wlan1 ch4  | prep wlan0 ch4  | BL=['7']
[TX  ->  *] bucket=30741 L3 active=wlan1 ch4  BL=['7']
[RX  <- B] bucket=30741  peer_BL=['7']  my_BL=['7']
[23:13:58] HOP bucket=30742 L3 active=wlan0 ch4  | prep wlan1 ch6  | BL=['7']
[RX  <- B] bucket=30742  peer_BL=['7']  my_BL=['7']
[TX  ->  *] bucket=30742 L3 active=wlan0 ch4  BL=['7']
[23:14:00] HOP bucket=30743 L3 active=wlan1 ch6  | prep wlan0 ch8  | BL=['7']
[TX  ->  *] bucket=30743 L3 active=wlan1 ch6  BL=['7']
[!! JAMMED  ] bucket=30743 L3 active=wlan1 ch6  silent + egress_drops=38  -> BL until bucket=30773  BL=['6', '7']
[23:14:02] HOP bucket=30744 L3 active=wlan0 ch8  | prep wlan1 ch8  | BL=['6', '7']
[TX  ->  *] bucket=30744 L3 active=wlan0 ch8  BL=['6', '7']
[RX  <- B] bucket=30744  peer_BL=['7', '6']  my_BL=['6', '7']
[23:14:04] HOP bucket=30745 L3 active=wlan1 ch8  | prep wlan0 ch9  | BL=['6', '7']
[RX  <- B] bucket=30745  peer_BL=['7', '6']  my_BL=['6', '7']
[TX  ->  *] bucket=30745 L3 active=wlan1 ch8  BL=['6', '7']
[23:14:06] HOP bucket=30746 L3 active=wlan0 ch9  | prep wlan1 ch8  | BL=['6', '7']
[RX  <- B] bucket=30746  peer_BL=['7', '6']  my_BL=['6', '7']
[TX  ->  *] bucket=30746 L3 active=wlan0 ch9  BL=['6', '7']
[23:14:08] HOP bucket=30747 L3 active=wlan1 ch8  | prep wlan0 ch3  | BL=['6', '7']
[RX  <- B] bucket=30747  peer_BL=['7', '6']  my_BL=['6', '7']
[TX  ->  *] bucket=30747 L3 active=wlan1 ch8  BL=['6', '7']
[23:14:10] HOP bucket=30748 L3 active=wlan0 ch3  | prep wlan1 ch11  | BL=['6', '7']
[TX  ->  *] bucket=30748 L3 active=wlan0 ch3  BL=['6', '7']
[RX  <- B] bucket=30748  peer_BL=['7', '6']  my_BL=['6', '7']
[23:14:12] HOP bucket=30749 L3 active=wlan1 ch11  | prep wlan0 ch8  | BL=['6', '7']
[TX  ->  *] bucket=30749 L3 active=wlan1 ch11  BL=['6', '7']
[RX  <- B] bucket=30749  peer_BL=['7', '6']  my_BL=['6', '7']
[23:14:14] HOP bucket=30750 L3 active=wlan0 ch8  | prep wlan1 ch3  | BL=['6', '7']
[TX  ->  *] bucket=30750 L3 active=wlan0 ch8  BL=['6', '7']
[RX  <- B] bucket=30750  peer_BL=['7', '6']  my_BL=['6', '7']
[23:14:16] HOP bucket=30751 L3 active=wlan1 ch3  | prep wlan0 ch10  | BL=['6', '7']
[RX  <- B] bucket=30751  peer_BL=['7', '6']  my_BL=['6', '7']
[TX  ->  *] bucket=30751 L3 active=wlan1 ch3  BL=['6', '7']
[23:14:18] HOP bucket=30752 L3 active=wlan0 ch10  | prep wlan1 ch5  | BL=['6', '7']
[TX  ->  *] bucket=30752 L3 active=wlan0 ch10  BL=['6', '7']
[RX  <- B] bucket=30752  peer_BL=['7', '6']  my_BL=['6', '7']
[23:14:20] HOP bucket=30753 L3 active=wlan1 ch5  | prep wlan0 ch5  | BL=['6', '7']
[RX  <- B] bucket=30753  peer_BL=['7', '6']  my_BL=['6', '7']
[TX  ->  *] bucket=30753 L3 active=wlan1 ch5  BL=['6', '7']
[23:14:22] HOP bucket=30754 L3 active=wlan0 ch5  | prep wlan1 ch10  | BL=['6', '7']
[RX  <- B] bucket=30754  peer_BL=['7', '6']  my_BL=['6', '7']
[TX  ->  *] bucket=30754 L3 active=wlan0 ch5  BL=['6', '7']
[23:14:24] HOP bucket=30755 L3 active=wlan1 ch10  | prep wlan0 ch3  | BL=['6']
[TX  ->  *] bucket=30755 L3 active=wlan1 ch10  BL=['6']
[RX  <- B] bucket=30755  peer_BL=['6']  my_BL=['6']
[23:14:26] HOP bucket=30756 L3 active=wlan0 ch3  | prep wlan1 ch3  | BL=['6']
[RX  <- B] bucket=30756  peer_BL=['6']  my_BL=['6']
[TX  ->  *] bucket=30756 L3 active=wlan0 ch3  BL=['6']
[23:14:28] HOP bucket=30757 L3 active=wlan1 ch3  | prep wlan0 ch7  | BL=['6']
[RX  <- B] bucket=30757  peer_BL=['6']  my_BL=['6']
[TX  ->  *] bucket=30757 L3 active=wlan1 ch3  BL=['6']
[23:14:30] HOP bucket=30758 L3 active=wlan0 ch7  | prep wlan1 ch3  | BL=['6']
[TX  ->  *] bucket=30758 L3 active=wlan0 ch7  BL=['6']
[!! JAMMED  ] bucket=30758 L3 active=wlan0 ch7  silent + egress_drops=39  -> BL until bucket=30788  BL=['6', '7']
[23:14:32] HOP bucket=30759 L3 active=wlan1 ch3  | prep wlan0 ch9  | BL=['6', '7']
[TX  ->  *] bucket=30759 L3 active=wlan1 ch3  BL=['6', '7']
[RX  <- B] bucket=30759  peer_BL=['6', '7']  my_BL=['6', '7']
[23:14:34] HOP bucket=30760 L3 active=wlan0 ch9  | prep wlan1 ch11  | BL=['6', '7']
[RX  <- B] bucket=30760  peer_BL=['6', '7']  my_BL=['6', '7']
[TX  ->  *] bucket=30760 L3 active=wlan0 ch9  BL=['6', '7']
[23:14:36] HOP bucket=30761 L3 active=wlan1 ch11  | prep wlan0 ch8  | BL=['6', '7']
[TX  ->  *] bucket=30761 L3 active=wlan1 ch11  BL=['6', '7']
[RX  <- B] bucket=30761  peer_BL=['6', '7']  my_BL=['6', '7']
[23:14:38] HOP bucket=30762 L3 active=wlan0 ch8  | prep wlan1 ch3  | BL=['6', '7']
[TX  ->  *] bucket=30762 L3 active=wlan0 ch8  BL=['6', '7']
[RX  <- B] bucket=30762  peer_BL=['6', '7']  my_BL=['6', '7']
[23:14:40] HOP bucket=30763 L3 active=wlan1 ch3  | prep wlan0 ch10  | BL=['6', '7']
[RX  <- B] bucket=30763  peer_BL=['6', '7']  my_BL=['6', '7']
[TX  ->  *] bucket=30763 L3 active=wlan1 ch3  BL=['6', '7']
[23:14:42] HOP bucket=30764 L3 active=wlan0 ch10  | prep wlan1 ch4  | BL=['6', '7']
[TX  ->  *] bucket=30764 L3 active=wlan0 ch10  BL=['6', '7']
[RX  <- B] bucket=30764  peer_BL=['6', '7']  my_BL=['6', '7']
[23:14:44] HOP bucket=30765 L3 active=wlan1 ch4  | prep wlan0 ch11  | BL=['6', '7']
[RX  <- B] bucket=30765  peer_BL=['6', '7']  my_BL=['6', '7']
[TX  ->  *] bucket=30765 L3 active=wlan1 ch4  BL=['6', '7']
[23:14:46] HOP bucket=30766 L3 active=wlan0 ch11  | prep wlan1 ch10  | BL=['6', '7']
[RX  <- B] bucket=30766  peer_BL=['6', '7']  my_BL=['6', '7']
[TX  ->  *] bucket=30766 L3 active=wlan0 ch11  BL=['6', '7']
[23:14:48] HOP bucket=30767 L3 active=wlan1 ch10  | prep wlan0 ch9  | BL=['6', '7']
[TX  ->  *] bucket=30767 L3 active=wlan1 ch10  BL=['6', '7']
[RX  <- B] bucket=30767  peer_BL=['6', '7']  my_BL=['6', '7']
[23:14:50] HOP bucket=30768 L3 active=wlan0 ch9  | prep wlan1 ch5  | BL=['6', '7']
[RX  <- B] bucket=30768  peer_BL=['6', '7']  my_BL=['6', '7']
[TX  ->  *] bucket=30768 L3 active=wlan0 ch9  BL=['6', '7']
[23:14:52] HOP bucket=30769 L3 active=wlan1 ch5  | prep wlan0 ch8  | BL=['6', '7']
[RX  <- B] bucket=30769  peer_BL=['6', '7']  my_BL=['6', '7']
[TX  ->  *] bucket=30769 L3 active=wlan1 ch5  BL=['6', '7']
[23:14:54] HOP bucket=30770 L3 active=wlan0 ch8  | prep wlan1 ch9  | BL=['6', '7']
[TX  ->  *] bucket=30770 L3 active=wlan0 ch8  BL=['6', '7']
[RX  <- B] bucket=30770  peer_BL=['6', '7']  my_BL=['6', '7']
[23:14:56] HOP bucket=30771 L3 active=wlan1 ch9  | prep wlan0 ch8  | BL=['6', '7']
[RX  <- B] bucket=30771  peer_BL=['6', '7']  my_BL=['6', '7']
[TX  ->  *] bucket=30771 L3 active=wlan1 ch9  BL=['6', '7']
[23:14:58] HOP bucket=30772 L3 active=wlan0 ch8  | prep wlan1 ch10  | BL=['6', '7']
[RX  <- B] bucket=30772  peer_BL=['6', '7']  my_BL=['6', '7']
[TX  ->  *] bucket=30772 L3 active=wlan0 ch8  BL=['6', '7']
[23:15:00] HOP bucket=30773 L3 active=wlan1 ch10  | prep wlan0 ch6  | BL=['7']
[TX  ->  *] bucket=30773 L3 active=wlan1 ch10  BL=['7']
[RX  <- B] bucket=30773  peer_BL=['7']  my_BL=['7']
[23:15:02] HOP bucket=30774 L3 active=wlan0 ch6  | prep wlan1 ch6  | BL=['7']
[TX  ->  *] bucket=30774 L3 active=wlan0 ch6  BL=['7']
[RX  <- B] bucket=30774  peer_BL=['7']  my_BL=['7']
[23:15:04] HOP bucket=30775 L3 active=wlan1 ch6  | prep wlan0 ch3  | BL=['7']
[TX  ->  *] bucket=30775 L3 active=wlan1 ch6  BL=['7']
[RX  <- B] bucket=30775  peer_BL=['7']  my_BL=['7']
[23:15:06] HOP bucket=30776 L3 active=wlan0 ch3  | prep wlan1 ch8  | BL=['7']
[TX  ->  *] bucket=30776 L3 active=wlan0 ch3  BL=['7']
[RX  <- B] bucket=30776  peer_BL=['7']  my_BL=['7']
[23:15:08] HOP bucket=30777 L3 active=wlan1 ch8  | prep wlan0 ch11  | BL=['7']
[TX  ->  *] bucket=30777 L3 active=wlan1 ch8  BL=['7']
[RX  <- B] bucket=30777  peer_BL=['7']  my_BL=['7']
[23:15:10] HOP bucket=30778 L3 active=wlan0 ch11  | prep wlan1 ch8  | BL=['7']
[TX  ->  *] bucket=30778 L3 active=wlan0 ch11  BL=['7']
[RX  <- B] bucket=30778  peer_BL=['7']  my_BL=['7']
[23:15:12] HOP bucket=30779 L3 active=wlan1 ch8  | prep wlan0 ch9  | BL=['7']
[RX  <- B] bucket=30779  peer_BL=['7']  my_BL=['7']
[TX  ->  *] bucket=30779 L3 active=wlan1 ch8  BL=['7']
[23:15:14] HOP bucket=30780 L3 active=wlan0 ch9  | prep wlan1 ch3  | BL=['7']
[TX  ->  *] bucket=30780 L3 active=wlan0 ch9  BL=['7']
[RX  <- B] bucket=30780  peer_BL=['7']  my_BL=['7']
[23:15:16] HOP bucket=30781 L3 active=wlan1 ch3  | prep wlan0 ch6  | BL=['7']
[TX  ->  *] bucket=30781 L3 active=wlan1 ch3  BL=['7']
[RX  <- B] bucket=30781  peer_BL=['7']  my_BL=['7']
[23:15:18] HOP bucket=30782 L3 active=wlan0 ch6  | prep wlan1 ch9  | BL=['7']
[TX  ->  *] bucket=30782 L3 active=wlan0 ch6  BL=['7']
[RX  <- B] bucket=30782  peer_BL=['7']  my_BL=['7']
[23:15:20] HOP bucket=30783 L3 active=wlan1 ch9  | prep wlan0 ch8  | BL=['7']
[TX  ->  *] bucket=30783 L3 active=wlan1 ch9  BL=['7']
[RX  <- B] bucket=30783  peer_BL=['7']  my_BL=['7']
[23:15:22] HOP bucket=30784 L3 active=wlan0 ch8  | prep wlan1 ch4  | BL=['7']
[TX  ->  *] bucket=30784 L3 active=wlan0 ch8  BL=['7']
[RX  <- B] bucket=30784  peer_BL=['7']  my_BL=['7']
[23:15:24] HOP bucket=30785 L3 active=wlan1 ch4  | prep wlan0 ch4  | BL=['7']
[TX  ->  *] bucket=30785 L3 active=wlan1 ch4  BL=['7']
[RX  <- B] bucket=30785  peer_BL=['7']  my_BL=['7']
[23:15:26] HOP bucket=30786 L3 active=wlan0 ch4  | prep wlan1 ch10  | BL=['7']
[TX  ->  *] bucket=30786 L3 active=wlan0 ch4  BL=['7']
[RX  <- B] bucket=30786  peer_BL=['7']  my_BL=['7']
[23:15:28] HOP bucket=30787 L3 active=wlan1 ch10  | prep wlan0 ch4  | BL=['7']
[TX  ->  *] bucket=30787 L3 active=wlan1 ch10  BL=['7']
[RX  <- B] bucket=30787  peer_BL=['7']  my_BL=['7']
[23:15:30] HOP bucket=30788 L3 active=wlan0 ch4  | prep wlan1 ch11  | BL=[]
[TX  ->  *] bucket=30788 L3 active=wlan0 ch4  BL=[]
[RX  <- B] bucket=30788  peer_BL=[]  my_BL=[]
[23:15:32] HOP bucket=30789 L3 active=wlan1 ch11  | prep wlan0 ch4  | BL=[]
[TX  ->  *] bucket=30789 L3 active=wlan1 ch11  BL=[]
[RX  <- B] bucket=30789  peer_BL=[]  my_BL=[]
[23:15:34] HOP bucket=30790 L3 active=wlan0 ch4  | prep wlan1 ch3  | BL=[]
[TX  ->  *] bucket=30790 L3 active=wlan0 ch4  BL=[]
[RX  <- B] bucket=30790  peer_BL=[]  my_BL=[]
[23:15:36] HOP bucket=30791 L3 active=wlan1 ch3  | prep wlan0 ch8  | BL=[]
[TX  ->  *] bucket=30791 L3 active=wlan1 ch3  BL=[]
[RX  <- B] bucket=30791  peer_BL=[]  my_BL=[]
[23:15:38] HOP bucket=30792 L3 active=wlan0 ch8  | prep wlan1 ch5  | BL=[]
[TX  ->  *] bucket=30792 L3 active=wlan0 ch8  BL=[]
[RX  <- B] bucket=30792  peer_BL=[]  my_BL=[]
[23:15:40] HOP bucket=30793 L3 active=wlan1 ch5  | prep wlan0 ch11  | BL=[]
[RX  <- B] bucket=30793  peer_BL=[]  my_BL=[]
[TX  ->  *] bucket=30793 L3 active=wlan1 ch5  BL=[]
[23:15:42] HOP bucket=30794 L3 active=wlan0 ch11  | prep wlan1 ch4  | BL=[]
[TX  ->  *] bucket=30794 L3 active=wlan0 ch11  BL=[]
[RX  <- B] bucket=30794  peer_BL=[]  my_BL=[]
[23:15:44] HOP bucket=30795 L3 active=wlan1 ch4  | prep wlan0 ch10  | BL=[]
[TX  ->  *] bucket=30795 L3 active=wlan1 ch4  BL=[]
[RX  <- B] bucket=30795  peer_BL=[]  my_BL=[]
[23:15:46] HOP bucket=30796 L3 active=wlan0 ch10  | prep wlan1 ch3  | BL=[]
[RX  <- B] bucket=30796  peer_BL=[]  my_BL=[]
[TX  ->  *] bucket=30796 L3 active=wlan0 ch10  BL=[]
[23:15:48] HOP bucket=30797 L3 active=wlan1 ch3  | prep wlan0 ch4  | BL=[]
[TX  ->  *] bucket=30797 L3 active=wlan1 ch3  BL=[]
[RX  <- B] bucket=30797  peer_BL=[]  my_BL=[]
[23:15:50] HOP bucket=30798 L3 active=wlan0 ch4  | prep wlan1 ch4  | BL=[]
[TX  ->  *] bucket=30798 L3 active=wlan0 ch4  BL=[]
[RX  <- B] bucket=30798  peer_BL=[]  my_BL=[]
[23:15:52] HOP bucket=30799 L3 active=wlan1 ch4  | prep wlan0 ch10  | BL=[]
[TX  ->  *] bucket=30799 L3 active=wlan1 ch4  BL=[]
[RX  <- B] bucket=30799  peer_BL=[]  my_BL=[]
[23:15:54] HOP bucket=30800 L3 active=wlan0 ch10  | prep wlan1 ch5  | BL=[]
[TX  ->  *] bucket=30800 L3 active=wlan0 ch10  BL=[]
[RX  <- B] bucket=30800  peer_BL=[]  my_BL=[]
[23:15:56] HOP bucket=30801 L3 active=wlan1 ch5  | prep wlan0 ch6  | BL=[]
[RX  <- B] bucket=30801  peer_BL=[]  my_BL=[]
[TX  ->  *] bucket=30801 L3 active=wlan1 ch5  BL=[]
[23:15:58] HOP bucket=30802 L3 active=wlan0 ch6  | prep wlan1 ch4  | BL=[]
[RX  <- B] bucket=30802  peer_BL=[]  my_BL=[]
[TX  ->  *] bucket=30802 L3 active=wlan0 ch6  BL=[]
[23:16:00] HOP bucket=30803 L3 active=wlan1 ch4  | prep wlan0 ch5  | BL=[]
[TX  ->  *] bucket=30803 L3 active=wlan1 ch4  BL=[]
[RX  <- B] bucket=30803  peer_BL=[]  my_BL=[]
[23:16:02] HOP bucket=30804 L3 active=wlan0 ch5  | prep wlan1 ch6  | BL=[]
[RX  <- B] bucket=30804  peer_BL=[]  my_BL=[]
[TX  ->  *] bucket=30804 L3 active=wlan0 ch5  BL=[]
[23:16:04] HOP bucket=30805 L3 active=wlan1 ch6  | prep wlan0 ch4  | BL=[]
[RX  <- B] bucket=30805  peer_BL=[]  my_BL=[]
[TX  ->  *] bucket=30805 L3 active=wlan1 ch6  BL=[]
[23:16:06] HOP bucket=30806 L3 active=wlan0 ch4  | prep wlan1 ch10  | BL=[]
[TX  ->  *] bucket=30806 L3 active=wlan0 ch4  BL=[]
[RX  <- B] bucket=30806  peer_BL=[]  my_BL=[]
[23:16:08] HOP bucket=30807 L3 active=wlan1 ch10  | prep wlan0 ch10  | BL=[]
[RX  <- B] bucket=30807  peer_BL=[]  my_BL=[]
[TX  ->  *] bucket=30807 L3 active=wlan1 ch10  BL=[]
[23:16:10] HOP bucket=30808 L3 active=wlan0 ch10  | prep wlan1 ch9  | BL=[]
[RX  <- B] bucket=30808  peer_BL=[]  my_BL=[]
[TX  ->  *] bucket=30808 L3 active=wlan0 ch10  BL=[]
[23:16:12] HOP bucket=30809 L3 active=wlan1 ch9  | prep wlan0 ch3  | BL=[]
[TX  ->  *] bucket=30809 L3 active=wlan1 ch9  BL=[]
[RX  <- B] bucket=30809  peer_BL=[]  my_BL=[]
[23:16:14] HOP bucket=30810 L3 active=wlan0 ch3  | prep wlan1 ch3  | BL=[]
[RX  <- B] bucket=30810  peer_BL=[]  my_BL=[]
[TX  ->  *] bucket=30810 L3 active=wlan0 ch3  BL=[]
[23:16:16] HOP bucket=30811 L3 active=wlan1 ch3  | prep wlan0 ch11  | BL=[]
[RX  <- B] bucket=30811  peer_BL=[]  my_BL=[]
[TX  ->  *] bucket=30811 L3 active=wlan1 ch3  BL=[]
[23:16:18] HOP bucket=30812 L3 active=wlan0 ch11  | prep wlan1 ch8  | BL=[]
[TX  ->  *] bucket=30812 L3 active=wlan0 ch11  BL=[]
[RX  <- B] bucket=30812  peer_BL=[]  my_BL=[]
[23:16:20] HOP bucket=30813 L3 active=wlan1 ch8  | prep wlan0 ch7  | BL=[]
[TX  ->  *] bucket=30813 L3 active=wlan1 ch8  BL=[]
[!! JAMMED  ] bucket=30813 L3 active=wlan1 ch8  silent + egress_drops=39  -> BL until bucket=30843  BL=['8']
[23:16:22] HOP bucket=30814 L3 active=wlan0 ch7  | prep wlan1 ch9  | BL=['8']
[TX  ->  *] bucket=30814 L3 active=wlan0 ch7  BL=['8']
[!! JAMMED  ] bucket=30814 L3 active=wlan0 ch7  silent + egress_drops=39  -> BL until bucket=30844  BL=['7', '8']
[23:16:24] HOP bucket=30815 L3 active=wlan1 ch9  | prep wlan0 ch9  | BL=['7', '8']
[RX  <- B] bucket=30815  peer_BL=['8', '7']  my_BL=['7', '8']
[TX  ->  *] bucket=30815 L3 active=wlan1 ch9  BL=['7', '8']
[23:16:26] HOP bucket=30816 L3 active=wlan0 ch9  | prep wlan1 ch10  | BL=['7', '8']
[RX  <- B] bucket=30816  peer_BL=['8', '7']  my_BL=['7', '8']
[TX  ->  *] bucket=30816 L3 active=wlan0 ch9  BL=['7', '8']
[23:16:28] HOP bucket=30817 L3 active=wlan1 ch10  | prep wlan0 ch4  | BL=['7', '8']
[RX  <- B] bucket=30817  peer_BL=['8', '7']  my_BL=['7', '8']
[TX  ->  *] bucket=30817 L3 active=wlan1 ch10  BL=['7', '8']
[23:16:30] HOP bucket=30818 L3 active=wlan0 ch4  | prep wlan1 ch4  | BL=['7', '8']
[RX  <- B] bucket=30818  peer_BL=['8', '7']  my_BL=['7', '8']
[TX  ->  *] bucket=30818 L3 active=wlan0 ch4  BL=['7', '8']
[23:16:32] HOP bucket=30819 L3 active=wlan1 ch4  | prep wlan0 ch3  | BL=['7', '8']
[RX  <- B] bucket=30819  peer_BL=['8', '7']  my_BL=['7', '8']
[TX  ->  *] bucket=30819 L3 active=wlan1 ch4  BL=['7', '8']
[23:16:34] HOP bucket=30820 L3 active=wlan0 ch3  | prep wlan1 ch5  | BL=['7', '8']
[TX  ->  *] bucket=30820 L3 active=wlan0 ch3  BL=['7', '8']
[RX  <- B] bucket=30820  peer_BL=['8', '7']  my_BL=['7', '8']
[23:16:36] HOP bucket=30821 L3 active=wlan1 ch5  | prep wlan0 ch6  | BL=['7', '8']
[TX  ->  *] bucket=30821 L3 active=wlan1 ch5  BL=['7', '8']
[!! JAMMED  ] bucket=30821 L3 active=wlan1 ch5  silent + egress_drops=38  -> BL until bucket=30851  BL=['5', '7', '8']
[23:16:38] HOP bucket=30822 L3 active=wlan0 ch6  | prep wlan1 ch9  | BL=['5', '7', '8']
[TX  ->  *] bucket=30822 L3 active=wlan0 ch6  BL=['5', '7', '8']
[RX  <- B] bucket=30822  peer_BL=['8', '7', '5']  my_BL=['5', '7', '8']
[23:16:40] HOP bucket=30823 L3 active=wlan1 ch9  | prep wlan0 ch9  | BL=['5', '7', '8']
[RX  <- B] bucket=30823  peer_BL=['8', '7', '5']  my_BL=['5', '7', '8']
[TX  ->  *] bucket=30823 L3 active=wlan1 ch9  BL=['5', '7', '8']
[23:16:42] HOP bucket=30824 L3 active=wlan0 ch9  | prep wlan1 ch11  | BL=['5', '7', '8']
[RX  <- B] bucket=30824  peer_BL=['8', '7', '5']  my_BL=['5', '7', '8']
[TX  ->  *] bucket=30824 L3 active=wlan0 ch9  BL=['5', '7', '8']
[23:16:44] HOP bucket=30825 L3 active=wlan1 ch11  | prep wlan0 ch9  | BL=['5', '7', '8']
[TX  ->  *] bucket=30825 L3 active=wlan1 ch11  BL=['5', '7', '8']
[RX  <- B] bucket=30825  peer_BL=['8', '7', '5']  my_BL=['5', '7', '8']
[23:16:46] HOP bucket=30826 L3 active=wlan0 ch9  | prep wlan1 ch9  | BL=['5', '7', '8']
[TX  ->  *] bucket=30826 L3 active=wlan0 ch9  BL=['5', '7', '8']
[RX  <- B] bucket=30826  peer_BL=['8', '7', '5']  my_BL=['5', '7', '8']
[23:16:48] HOP bucket=30827 L3 active=wlan1 ch9  | prep wlan0 ch10  | BL=['5', '7', '8']
[TX  ->  *] bucket=30827 L3 active=wlan1 ch9  BL=['5', '7', '8']
[RX  <- B] bucket=30827  peer_BL=['8', '7', '5']  my_BL=['5', '7', '8']
[23:16:50] HOP bucket=30828 L3 active=wlan0 ch10  | prep wlan1 ch10  | BL=['5', '7', '8']
[RX  <- B] bucket=30828  peer_BL=['8', '7', '5']  my_BL=['5', '7', '8']
[TX  ->  *] bucket=30828 L3 active=wlan0 ch10  BL=['5', '7', '8']
[23:16:52] HOP bucket=30829 L3 active=wlan1 ch10  | prep wlan0 ch9  | BL=['5', '7', '8']
[TX  ->  *] bucket=30829 L3 active=wlan1 ch10  BL=['5', '7', '8']
[RX  <- B] bucket=30829  peer_BL=['8', '7', '5']  my_BL=['5', '7', '8']
[23:16:54] HOP bucket=30830 L3 active=wlan0 ch9  | prep wlan1 ch6  | BL=['5', '7', '8']
[TX  ->  *] bucket=30830 L3 active=wlan0 ch9  BL=['5', '7', '8']
[RX  <- B] bucket=30830  peer_BL=['8', '7', '5']  my_BL=['5', '7', '8']
[23:16:56] HOP bucket=30831 L3 active=wlan1 ch6  | prep wlan0 ch11  | BL=['5', '7', '8']
[RX  <- B] bucket=30831  peer_BL=['8', '7', '5']  my_BL=['5', '7', '8']
[TX  ->  *] bucket=30831 L3 active=wlan1 ch6  BL=['5', '7', '8']
[23:16:58] HOP bucket=30832 L3 active=wlan0 ch11  | prep wlan1 ch9  | BL=['5', '7', '8']
[TX  ->  *] bucket=30832 L3 active=wlan0 ch11  BL=['5', '7', '8']
[RX  <- B] bucket=30832  peer_BL=['8', '7', '5']  my_BL=['5', '7', '8']
[23:17:00] HOP bucket=30833 L3 active=wlan1 ch9  | prep wlan0 ch11  | BL=['5', '7', '8']
[TX  ->  *] bucket=30833 L3 active=wlan1 ch9  BL=['5', '7', '8']
[RX  <- B] bucket=30833  peer_BL=['8', '7', '5']  my_BL=['5', '7', '8']
[23:17:02] HOP bucket=30834 L3 active=wlan0 ch11  | prep wlan1 ch6  | BL=['5', '7', '8']
[TX  ->  *] bucket=30834 L3 active=wlan0 ch11  BL=['5', '7', '8']
[RX  <- B] bucket=30834  peer_BL=['8', '7', '5']  my_BL=['5', '7', '8']
[23:17:04] HOP bucket=30835 L3 active=wlan1 ch6  | prep wlan0 ch10  | BL=['5', '7', '8']
[RX  <- B] bucket=30835  peer_BL=['8', '7', '5']  my_BL=['5', '7', '8']
[TX  ->  *] bucket=30835 L3 active=wlan1 ch6  BL=['5', '7', '8']
[23:17:06] HOP bucket=30836 L3 active=wlan0 ch10  | prep wlan1 ch10  | BL=['5', '7', '8']
[RX  <- B] bucket=30836  peer_BL=['8', '7', '5']  my_BL=['5', '7', '8']
[TX  ->  *] bucket=30836 L3 active=wlan0 ch10  BL=['5', '7', '8']
[23:17:08] HOP bucket=30837 L3 active=wlan1 ch10  | prep wlan0 ch9  | BL=['5', '7', '8']
[RX  <- B] bucket=30837  peer_BL=['8', '7', '5']  my_BL=['5', '7', '8']
[TX  ->  *] bucket=30837 L3 active=wlan1 ch10  BL=['5', '7', '8']
[23:17:10] HOP bucket=30838 L3 active=wlan0 ch9  | prep wlan1 ch9  | BL=['5', '7', '8']
[RX  <- B] bucket=30838  peer_BL=['8', '7', '5']  my_BL=['5', '7', '8']
[TX  ->  *] bucket=30838 L3 active=wlan0 ch9  BL=['5', '7', '8']
[23:17:12] HOP bucket=30839 L3 active=wlan1 ch9  | prep wlan0 ch3  | BL=['5', '7', '8']
[RX  <- B] bucket=30839  peer_BL=['8', '7', '5']  my_BL=['5', '7', '8']
[TX  ->  *] bucket=30839 L3 active=wlan1 ch9  BL=['5', '7', '8']
[23:17:14] HOP bucket=30840 L3 active=wlan0 ch3  | prep wlan1 ch6  | BL=['5', '7', '8']
[RX  <- B] bucket=30840  peer_BL=['8', '7', '5']  my_BL=['5', '7', '8']
[TX  ->  *] bucket=30840 L3 active=wlan0 ch3  BL=['5', '7', '8']
[23:17:16] HOP bucket=30841 L3 active=wlan1 ch6  | prep wlan0 ch3  | BL=['5', '7', '8']
[TX  ->  *] bucket=30841 L3 active=wlan1 ch6  BL=['5', '7', '8']
[RX  <- B] bucket=30841  peer_BL=['8', '7', '5']  my_BL=['5', '7', '8']
[23:17:18] HOP bucket=30842 L3 active=wlan0 ch3  | prep wlan1 ch10  | BL=['5', '7', '8']
[TX  ->  *] bucket=30842 L3 active=wlan0 ch3  BL=['5', '7', '8']
[RX  <- B] bucket=30842  peer_BL=['8', '7', '5']  my_BL=['5', '7', '8']
[23:17:20] HOP bucket=30843 L3 active=wlan1 ch10  | prep wlan0 ch11  | BL=['5', '7']
[TX  ->  *] bucket=30843 L3 active=wlan1 ch10  BL=['5', '7']
[RX  <- B] bucket=30843  peer_BL=['7', '5']  my_BL=['5', '7']
[23:17:22] HOP bucket=30844 L3 active=wlan0 ch11  | prep wlan1 ch8  | BL=['5']
[TX  ->  *] bucket=30844 L3 active=wlan0 ch11  BL=['5']
[RX  <- B] bucket=30844  peer_BL=['5']  my_BL=['5']
[23:17:24] HOP bucket=30845 L3 active=wlan1 ch8  | prep wlan0 ch4  | BL=['5']
[TX  ->  *] bucket=30845 L3 active=wlan1 ch8  BL=['5']
[!! JAMMED  ] bucket=30845 L3 active=wlan1 ch8  silent + egress_drops=39  -> BL until bucket=30875  BL=['5', '8']
[23:17:26] HOP bucket=30846 L3 active=wlan0 ch4  | prep wlan1 ch9  | BL=['5', '8']
[RX  <- B] bucket=30846  peer_BL=['5', '8']  my_BL=['5', '8']
[TX  ->  *] bucket=30846 L3 active=wlan0 ch4  BL=['5', '8']
[23:17:28] HOP bucket=30847 L3 active=wlan1 ch9  | prep wlan0 ch9  | BL=['5', '8']
[TX  ->  *] bucket=30847 L3 active=wlan1 ch9  BL=['5', '8']
[RX  <- B] bucket=30847  peer_BL=['5', '8']  my_BL=['5', '8']
[23:17:30] HOP bucket=30848 L3 active=wlan0 ch9  | prep wlan1 ch10  | BL=['5', '8']
[RX  <- B] bucket=30848  peer_BL=['5', '8']  my_BL=['5', '8']
[TX  ->  *] bucket=30848 L3 active=wlan0 ch9  BL=['5', '8']
[23:17:32] HOP bucket=30849 L3 active=wlan1 ch10  | prep wlan0 ch11  | BL=['5', '8']
[TX  ->  *] bucket=30849 L3 active=wlan1 ch10  BL=['5', '8']
[RX  <- B] bucket=30849  peer_BL=['5', '8']  my_BL=['5', '8']
[23:17:34] HOP bucket=30850 L3 active=wlan0 ch11  | prep wlan1 ch9  | BL=['5', '8']
[TX  ->  *] bucket=30850 L3 active=wlan0 ch11  BL=['5', '8']
[RX  <- B] bucket=30850  peer_BL=['5', '8']  my_BL=['5', '8']
[23:17:36] HOP bucket=30851 L3 active=wlan1 ch9  | prep wlan0 ch11  | BL=['8']
[TX  ->  *] bucket=30851 L3 active=wlan1 ch9  BL=['8']
[RX  <- B] bucket=30851  peer_BL=['8']  my_BL=['8']
[23:17:38] HOP bucket=30852 L3 active=wlan0 ch11  | prep wlan1 ch7  | BL=['8']
[TX  ->  *] bucket=30852 L3 active=wlan0 ch11  BL=['8']
[RX  <- B] bucket=30852  peer_BL=['8']  my_BL=['8']
[23:17:40] HOP bucket=30853 L3 active=wlan1 ch7  | prep wlan0 ch11  | BL=['8']
[TX  ->  *] bucket=30853 L3 active=wlan1 ch7  BL=['8']
[!! JAMMED  ] bucket=30853 L3 active=wlan1 ch7  silent + egress_drops=38  -> BL until bucket=30883  BL=['7', '8']
[23:17:42] HOP bucket=30854 L3 active=wlan0 ch11  | prep wlan1 ch5  | BL=['7', '8']
[TX  ->  *] bucket=30854 L3 active=wlan0 ch11  BL=['7', '8']
[RX  <- B] bucket=30854  peer_BL=['8', '7']  my_BL=['7', '8']
[23:17:44] HOP bucket=30855 L3 active=wlan1 ch5  | prep wlan0 ch10  | BL=['7', '8']
[TX  ->  *] bucket=30855 L3 active=wlan1 ch5  BL=['7', '8']
[!! JAMMED  ] bucket=30855 L3 active=wlan1 ch5  silent + egress_drops=38  -> BL until bucket=30885  BL=['5', '7', '8']
[23:17:46] HOP bucket=30856 L3 active=wlan0 ch10  | prep wlan1 ch9  | BL=['5', '7', '8']
[RX  <- B] bucket=30856  peer_BL=['8', '7', '5']  my_BL=['5', '7', '8']
[TX  ->  *] bucket=30856 L3 active=wlan0 ch10  BL=['5', '7', '8']
[23:17:48] HOP bucket=30857 L3 active=wlan1 ch9  | prep wlan0 ch4  | BL=['5', '7', '8']
[RX  <- B] bucket=30857  peer_BL=['8', '7', '5']  my_BL=['5', '7', '8']
[TX  ->  *] bucket=30857 L3 active=wlan1 ch9  BL=['5', '7', '8']
[23:17:50] HOP bucket=30858 L3 active=wlan0 ch4  | prep wlan1 ch6  | BL=['5', '7', '8']
[TX  ->  *] bucket=30858 L3 active=wlan0 ch4  BL=['5', '7', '8']
[RX  <- B] bucket=30858  peer_BL=['8', '7', '5']  my_BL=['5', '7', '8']
[23:17:52] HOP bucket=30859 L3 active=wlan1 ch6  | prep wlan0 ch3  | BL=['5', '7', '8']
[TX  ->  *] bucket=30859 L3 active=wlan1 ch6  BL=['5', '7', '8']
[RX  <- B] bucket=30859  peer_BL=['8', '7', '5']  my_BL=['5', '7', '8']
[23:17:54] HOP bucket=30860 L3 active=wlan0 ch3  | prep wlan1 ch9  | BL=['5', '7', '8']
[TX  ->  *] bucket=30860 L3 active=wlan0 ch3  BL=['5', '7', '8']
[RX  <- B] bucket=30860  peer_BL=['8', '7', '5']  my_BL=['5', '7', '8']
[23:17:56] HOP bucket=30861 L3 active=wlan1 ch9  | prep wlan0 ch6  | BL=['5', '7', '8']
[TX  ->  *] bucket=30861 L3 active=wlan1 ch9  BL=['5', '7', '8']
[RX  <- B] bucket=30861  peer_BL=['8', '7', '5']  my_BL=['5', '7', '8']
[23:17:58] HOP bucket=30862 L3 active=wlan0 ch6  | prep wlan1 ch10  | BL=['5', '7', '8']
[RX  <- B] bucket=30862  peer_BL=['8', '7', '5']  my_BL=['5', '7', '8']
[TX  ->  *] bucket=30862 L3 active=wlan0 ch6  BL=['5', '7', '8']
[23:18:00] HOP bucket=30863 L3 active=wlan1 ch10  | prep wlan0 ch9  | BL=['5', '7', '8']
[TX  ->  *] bucket=30863 L3 active=wlan1 ch10  BL=['5', '7', '8']
[RX  <- B] bucket=30863  peer_BL=['8', '7', '5']  my_BL=['5', '7', '8']
[23:18:02] HOP bucket=30864 L3 active=wlan0 ch9  | prep wlan1 ch3  | BL=['5', '7', '8']
[TX  ->  *] bucket=30864 L3 active=wlan0 ch9  BL=['5', '7', '8']
[RX  <- B] bucket=30864  peer_BL=['8', '7', '5']  my_BL=['5', '7', '8']
[23:18:04] HOP bucket=30865 L3 active=wlan1 ch3  | prep wlan0 ch10  | BL=['5', '7', '8']
[TX  ->  *] bucket=30865 L3 active=wlan1 ch3  BL=['5', '7', '8']
[RX  <- B] bucket=30865  peer_BL=['8', '7', '5']  my_BL=['5', '7', '8']
[23:18:06] HOP bucket=30866 L3 active=wlan0 ch10  | prep wlan1 ch9  | BL=['5', '7', '8']
[TX  ->  *] bucket=30866 L3 active=wlan0 ch10  BL=['5', '7', '8']
[RX  <- B] bucket=30866  peer_BL=['8', '7', '5']  my_BL=['5', '7', '8']
[23:18:08] HOP bucket=30867 L3 active=wlan1 ch9  | prep wlan0 ch6  | BL=['5', '7', '8']
[TX  ->  *] bucket=30867 L3 active=wlan1 ch9  BL=['5', '7', '8']
[RX  <- B] bucket=30867  peer_BL=['8', '7', '5']  my_BL=['5', '7', '8']
[23:18:10] HOP bucket=30868 L3 active=wlan0 ch6  | prep wlan1 ch10  | BL=['5', '7', '8']
[TX  ->  *] bucket=30868 L3 active=wlan0 ch6  BL=['5', '7', '8']
[RX  <- B] bucket=30868  peer_BL=['8', '7', '5']  my_BL=['5', '7', '8']
[23:18:12] HOP bucket=30869 L3 active=wlan1 ch10  | prep wlan0 ch11  | BL=['5', '7', '8']
[RX  <- B] bucket=30869  peer_BL=['8', '7', '5']  my_BL=['5', '7', '8']
[TX  ->  *] bucket=30869 L3 active=wlan1 ch10  BL=['5', '7', '8']
[23:18:14] HOP bucket=30870 L3 active=wlan0 ch11  | prep wlan1 ch6  | BL=['5', '7', '8']
[TX  ->  *] bucket=30870 L3 active=wlan0 ch11  BL=['5', '7', '8']
[RX  <- B] bucket=30870  peer_BL=['8', '7', '5']  my_BL=['5', '7', '8']
[23:18:16] HOP bucket=30871 L3 active=wlan1 ch6  | prep wlan0 ch3  | BL=['5', '7', '8']
[TX  ->  *] bucket=30871 L3 active=wlan1 ch6  BL=['5', '7', '8']
[RX  <- B] bucket=30871  peer_BL=['8', '7', '5']  my_BL=['5', '7', '8']
[23:18:18] HOP bucket=30872 L3 active=wlan0 ch3  | prep wlan1 ch6  | BL=['5', '7', '8']
[RX  <- B] bucket=30872  peer_BL=['8', '7', '5']  my_BL=['5', '7', '8']
[TX  ->  *] bucket=30872 L3 active=wlan0 ch3  BL=['5', '7', '8']
[23:18:20] HOP bucket=30873 L3 active=wlan1 ch6  | prep wlan0 ch9  | BL=['5', '7', '8']
[RX  <- B] bucket=30873  peer_BL=['8', '7', '5']  my_BL=['5', '7', '8']
[TX  ->  *] bucket=30873 L3 active=wlan1 ch6  BL=['5', '7', '8']
[23:18:22] HOP bucket=30874 L3 active=wlan0 ch9  | prep wlan1 ch6  | BL=['5', '7', '8']
[RX  <- B] bucket=30874  peer_BL=['8', '7', '5']  my_BL=['5', '7', '8']
[TX  ->  *] bucket=30874 L3 active=wlan0 ch9  BL=['5', '7', '8']
[23:18:24] HOP bucket=30875 L3 active=wlan1 ch6  | prep wlan0 ch9  | BL=['5', '7']
[TX  ->  *] bucket=30875 L3 active=wlan1 ch6  BL=['5', '7']
[RX  <- B] bucket=30875  peer_BL=['7', '5']  my_BL=['5', '7']
[23:18:26] HOP bucket=30876 L3 active=wlan0 ch9  | prep wlan1 ch4  | BL=['5', '7']
[RX  <- B] bucket=30876  peer_BL=['7', '5']  my_BL=['5', '7']
[TX  ->  *] bucket=30876 L3 active=wlan0 ch9  BL=['5', '7']
[23:18:28] HOP bucket=30877 L3 active=wlan1 ch4  | prep wlan0 ch10  | BL=['5', '7']
[TX  ->  *] bucket=30877 L3 active=wlan1 ch4  BL=['5', '7']
[RX  <- B] bucket=30877  peer_BL=['7', '5']  my_BL=['5', '7']
[23:18:30] HOP bucket=30878 L3 active=wlan0 ch10  | prep wlan1 ch4  | BL=['5', '7']
[RX  <- B] bucket=30878  peer_BL=['7', '5']  my_BL=['5', '7']
[TX  ->  *] bucket=30878 L3 active=wlan0 ch10  BL=['5', '7']
[23:18:32] HOP bucket=30879 L3 active=wlan1 ch4  | prep wlan0 ch4  | BL=['5', '7']
[RX  <- B] bucket=30879  peer_BL=['7', '5']  my_BL=['5', '7']
[TX  ->  *] bucket=30879 L3 active=wlan1 ch4  BL=['5', '7']
[23:18:34] HOP bucket=30880 L3 active=wlan0 ch4  | prep wlan1 ch6  | BL=['5', '7']
[TX  ->  *] bucket=30880 L3 active=wlan0 ch4  BL=['5', '7']
[RX  <- B] bucket=30880  peer_BL=['7', '5']  my_BL=['5', '7']
[23:18:36] HOP bucket=30881 L3 active=wlan1 ch6  | prep wlan0 ch3  | BL=['5', '7']
[TX  ->  *] bucket=30881 L3 active=wlan1 ch6  BL=['5', '7']
[RX  <- B] bucket=30881  peer_BL=['7', '5']  my_BL=['5', '7']
[23:18:38] HOP bucket=30882 L3 active=wlan0 ch3  | prep wlan1 ch3  | BL=['5', '7']
[TX  ->  *] bucket=30882 L3 active=wlan0 ch3  BL=['5', '7']
[RX  <- B] bucket=30882  peer_BL=['7', '5']  my_BL=['5', '7']
[23:18:40] HOP bucket=30883 L3 active=wlan1 ch3  | prep wlan0 ch4  | BL=['5']
[TX  ->  *] bucket=30883 L3 active=wlan1 ch3  BL=['5']
[RX  <- B] bucket=30883  peer_BL=['5']  my_BL=['5']
[23:18:42] HOP bucket=30884 L3 active=wlan0 ch4  | prep wlan1 ch6  | BL=['5']
[TX  ->  *] bucket=30884 L3 active=wlan0 ch4  BL=['5']
[RX  <- B] bucket=30884  peer_BL=['5']  my_BL=['5']
[23:18:44] HOP bucket=30885 L3 active=wlan1 ch6  | prep wlan0 ch4  | BL=[]
[RX  <- B] bucket=30885  peer_BL=[]  my_BL=[]
[TX  ->  *] bucket=30885 L3 active=wlan1 ch6  BL=[]
[23:18:46] HOP bucket=30886 L3 active=wlan0 ch4  | prep wlan1 ch11  | BL=[]
[TX  ->  *] bucket=30886 L3 active=wlan0 ch4  BL=[]
[RX  <- B] bucket=30886  peer_BL=[]  my_BL=[]
[23:18:48] HOP bucket=30887 L3 active=wlan1 ch11  | prep wlan0 ch5  | BL=[]
[RX  <- B] bucket=30887  peer_BL=[]  my_BL=[]
[TX  ->  *] bucket=30887 L3 active=wlan1 ch11  BL=[]
[23:18:50] HOP bucket=30888 L3 active=wlan0 ch5  | prep wlan1 ch3  | BL=[]
[RX  <- B] bucket=30888  peer_BL=[]  my_BL=[]
[TX  ->  *] bucket=30888 L3 active=wlan0 ch5  BL=[]
[23:18:52] HOP bucket=30889 L3 active=wlan1 ch3  | prep wlan0 ch10  | BL=[]
[TX  ->  *] bucket=30889 L3 active=wlan1 ch3  BL=[]
[RX  <- B] bucket=30889  peer_BL=[]  my_BL=[]
[23:18:54] HOP bucket=30890 L3 active=wlan0 ch10  | prep wlan1 ch6  | BL=[]
[RX  <- B] bucket=30890  peer_BL=[]  my_BL=[]
[TX  ->  *] bucket=30890 L3 active=wlan0 ch10  BL=[]
[23:18:56] HOP bucket=30891 L3 active=wlan1 ch6  | prep wlan0 ch3  | BL=[]
[RX  <- B] bucket=30891  peer_BL=[]  my_BL=[]
[TX  ->  *] bucket=30891 L3 active=wlan1 ch6  BL=[]
[23:18:58] HOP bucket=30892 L3 active=wlan0 ch3  | prep wlan1 ch3  | BL=[]
[TX  ->  *] bucket=30892 L3 active=wlan0 ch3  BL=[]
[RX  <- B] bucket=30892  peer_BL=[]  my_BL=[]
[23:19:00] HOP bucket=30893 L3 active=wlan1 ch3  | prep wlan0 ch9  | BL=[]
[TX  ->  *] bucket=30893 L3 active=wlan1 ch3  BL=[]
[RX  <- B] bucket=30893  peer_BL=[]  my_BL=[]
[23:19:02] HOP bucket=30894 L3 active=wlan0 ch9  | prep wlan1 ch7  | BL=[]
[TX  ->  *] bucket=30894 L3 active=wlan0 ch9  BL=[]
[RX  <- B] bucket=30894  peer_BL=[]  my_BL=[]
[23:19:04] HOP bucket=30895 L3 active=wlan1 ch7  | prep wlan0 ch4  | BL=[]
[TX  ->  *] bucket=30895 L3 active=wlan1 ch7  BL=[]
[RX  <- B] bucket=30895  peer_BL=[]  my_BL=[]
[23:19:06] HOP bucket=30896 L3 active=wlan0 ch4  | prep wlan1 ch9  | BL=[]
[RX  <- B] bucket=30896  peer_BL=[]  my_BL=[]
[TX  ->  *] bucket=30896 L3 active=wlan0 ch4  BL=[]
[23:19:08] HOP bucket=30897 L3 active=wlan1 ch9  | prep wlan0 ch5  | BL=[]
[TX  ->  *] bucket=30897 L3 active=wlan1 ch9  BL=[]
[RX  <- B] bucket=30897  peer_BL=[]  my_BL=[]
[23:19:10] HOP bucket=30898 L3 active=wlan0 ch5  | prep wlan1 ch11  | BL=[]
[TX  ->  *] bucket=30898 L3 active=wlan0 ch5  BL=[]
[RX  <- B] bucket=30898  peer_BL=[]  my_BL=[]
[23:19:12] HOP bucket=30899 L3 active=wlan1 ch11  | prep wlan0 ch9  | BL=[]
[RX  <- B] bucket=30899  peer_BL=[]  my_BL=[]
[TX  ->  *] bucket=30899 L3 active=wlan1 ch11  BL=[]
[23:19:14] HOP bucket=30900 L3 active=wlan0 ch9  | prep wlan1 ch7  | BL=[]
[TX  ->  *] bucket=30900 L3 active=wlan0 ch9  BL=[]
[RX  <- B] bucket=30900  peer_BL=[]  my_BL=[]
[23:19:16] HOP bucket=30901 L3 active=wlan1 ch7  | prep wlan0 ch7  | BL=[]
[TX  ->  *] bucket=30901 L3 active=wlan1 ch7  BL=[]
[RX  <- B] bucket=30901  peer_BL=[]  my_BL=[]
[23:19:18] HOP bucket=30902 L3 active=wlan0 ch7  | prep wlan1 ch9  | BL=[]
[RX  <- B] bucket=30902  peer_BL=[]  my_BL=[]
[TX  ->  *] bucket=30902 L3 active=wlan0 ch7  BL=[]
[23:19:20] HOP bucket=30903 L3 active=wlan1 ch9  | prep wlan0 ch3  | BL=[]
[TX  ->  *] bucket=30903 L3 active=wlan1 ch9  BL=[]
[RX  <- B] bucket=30903  peer_BL=[]  my_BL=[]
[23:19:22] HOP bucket=30904 L3 active=wlan0 ch3  | prep wlan1 ch6  | BL=[]
[TX  ->  *] bucket=30904 L3 active=wlan0 ch3  BL=[]
[!! JAMMED  ] bucket=30904 L3 active=wlan0 ch3  silent + egress_drops=39  -> BL until bucket=30934  BL=['3']
[23:19:24] HOP bucket=30905 L3 active=wlan1 ch6  | prep wlan0 ch9  | BL=['3']
[RX  <- B] bucket=30905  peer_BL=['3']  my_BL=['3']
[TX  ->  *] bucket=30905 L3 active=wlan1 ch6  BL=['3']
[23:19:26] HOP bucket=30906 L3 active=wlan0 ch9  | prep wlan1 ch4  | BL=['3']
[RX  <- B] bucket=30906  peer_BL=['3']  my_BL=['3']
[TX  ->  *] bucket=30906 L3 active=wlan0 ch9  BL=['3']
[23:19:28] HOP bucket=30907 L3 active=wlan1 ch4  | prep wlan0 ch11  | BL=['3']
[RX  <- B] bucket=30907  peer_BL=['3']  my_BL=['3']
[TX  ->  *] bucket=30907 L3 active=wlan1 ch4  BL=['3']
[23:19:30] HOP bucket=30908 L3 active=wlan0 ch11  | prep wlan1 ch8  | BL=['3']
[TX  ->  *] bucket=30908 L3 active=wlan0 ch11  BL=['3']
[RX  <- B] bucket=30908  peer_BL=['3']  my_BL=['3']
[23:19:32] HOP bucket=30909 L3 active=wlan1 ch8  | prep wlan0 ch7  | BL=['3']
[TX  ->  *] bucket=30909 L3 active=wlan1 ch8  BL=['3']
[RX  <- B] bucket=30909  peer_BL=['3']  my_BL=['3']
[23:19:34] HOP bucket=30910 L3 active=wlan0 ch7  | prep wlan1 ch7  | BL=['3']
[RX  <- B] bucket=30910  peer_BL=['3']  my_BL=['3']
[TX  ->  *] bucket=30910 L3 active=wlan0 ch7  BL=['3']
[23:19:36] HOP bucket=30911 L3 active=wlan1 ch7  | prep wlan0 ch9  | BL=['3']
[RX  <- B] bucket=30911  peer_BL=['3']  my_BL=['3']
[TX  ->  *] bucket=30911 L3 active=wlan1 ch7  BL=['3']
[23:19:38] HOP bucket=30912 L3 active=wlan0 ch9  | prep wlan1 ch6  | BL=['3']
[RX  <- B] bucket=30912  peer_BL=['3']  my_BL=['3']
[TX  ->  *] bucket=30912 L3 active=wlan0 ch9  BL=['3']
[23:19:40] HOP bucket=30913 L3 active=wlan1 ch6  | prep wlan0 ch6  | BL=['3']
[TX  ->  *] bucket=30913 L3 active=wlan1 ch6  BL=['3']
[RX  <- B] bucket=30913  peer_BL=['3']  my_BL=['3']
[23:19:42] HOP bucket=30914 L3 active=wlan0 ch6  | prep wlan1 ch10  | BL=['3']
[TX  ->  *] bucket=30914 L3 active=wlan0 ch6  BL=['3']
[RX  <- B] bucket=30914  peer_BL=['3']  my_BL=['3']
[23:19:44] HOP bucket=30915 L3 active=wlan1 ch10  | prep wlan0 ch9  | BL=['3']
[TX  ->  *] bucket=30915 L3 active=wlan1 ch10  BL=['3']
[RX  <- B] bucket=30915  peer_BL=['3']  my_BL=['3']
[23:19:46] HOP bucket=30916 L3 active=wlan0 ch9  | prep wlan1 ch10  | BL=['3']
[RX  <- B] bucket=30916  peer_BL=['3']  my_BL=['3']
[TX  ->  *] bucket=30916 L3 active=wlan0 ch9  BL=['3']
[23:19:48] HOP bucket=30917 L3 active=wlan1 ch10  | prep wlan0 ch10  | BL=['3']
[TX  ->  *] bucket=30917 L3 active=wlan1 ch10  BL=['3']
[RX  <- B] bucket=30917  peer_BL=['3']  my_BL=['3']
[23:19:50] HOP bucket=30918 L3 active=wlan0 ch10  | prep wlan1 ch10  | BL=['3']
[RX  <- B] bucket=30918  peer_BL=['3']  my_BL=['3']
[TX  ->  *] bucket=30918 L3 active=wlan0 ch10  BL=['3']
[23:19:52] HOP bucket=30919 L3 active=wlan1 ch10  | prep wlan0 ch4  | BL=['3']
[RX  <- B] bucket=30919  peer_BL=['3']  my_BL=['3']
[TX  ->  *] bucket=30919 L3 active=wlan1 ch10  BL=['3']
[23:19:54] HOP bucket=30920 L3 active=wlan0 ch4  | prep wlan1 ch4  | BL=['3']
[TX  ->  *] bucket=30920 L3 active=wlan0 ch4  BL=['3']
[RX  <- B] bucket=30920  peer_BL=['3']  my_BL=['3']
[23:19:56] HOP bucket=30921 L3 active=wlan1 ch4  | prep wlan0 ch6  | BL=['3']
[RX  <- B] bucket=30921  peer_BL=['3']  my_BL=['3']
[TX  ->  *] bucket=30921 L3 active=wlan1 ch4  BL=['3']
[23:19:58] HOP bucket=30922 L3 active=wlan0 ch6  | prep wlan1 ch7  | BL=['3']
[TX  ->  *] bucket=30922 L3 active=wlan0 ch6  BL=['3']
[RX  <- B] bucket=30922  peer_BL=['3']  my_BL=['3']
[23:20:00] HOP bucket=30923 L3 active=wlan1 ch7  | prep wlan0 ch4  | BL=['3']
[RX  <- B] bucket=30923  peer_BL=['3']  my_BL=['3']
[TX  ->  *] bucket=30923 L3 active=wlan1 ch7  BL=['3']
[23:20:02] HOP bucket=30924 L3 active=wlan0 ch4  | prep wlan1 ch11  | BL=['3']
[RX  <- B] bucket=30924  peer_BL=['3']  my_BL=['3']
[TX  ->  *] bucket=30924 L3 active=wlan0 ch4  BL=['3']
[23:20:04] HOP bucket=30925 L3 active=wlan1 ch11  | prep wlan0 ch5  | BL=['3']
[TX  ->  *] bucket=30925 L3 active=wlan1 ch11  BL=['3']
[RX  <- B] bucket=30925  peer_BL=['3']  my_BL=['3']
[23:20:06] HOP bucket=30926 L3 active=wlan0 ch5  | prep wlan1 ch5  | BL=['3']
[TX  ->  *] bucket=30926 L3 active=wlan0 ch5  BL=['3']
[RX  <- B] bucket=30926  peer_BL=['3']  my_BL=['3']
[23:20:08] HOP bucket=30927 L3 active=wlan1 ch5  | prep wlan0 ch7  | BL=['3']
[RX  <- B] bucket=30927  peer_BL=['3']  my_BL=['3']
[TX  ->  *] bucket=30927 L3 active=wlan1 ch5  BL=['3']
[23:20:10] HOP bucket=30928 L3 active=wlan0 ch7  | prep wlan1 ch9  | BL=['3']
[TX  ->  *] bucket=30928 L3 active=wlan0 ch7  BL=['3']
[RX  <- B] bucket=30928  peer_BL=['3']  my_BL=['3']
[23:20:12] HOP bucket=30929 L3 active=wlan1 ch9  | prep wlan0 ch9  | BL=['3']
[RX  <- B] bucket=30929  peer_BL=['3']  my_BL=['3']
[TX  ->  *] bucket=30929 L3 active=wlan1 ch9  BL=['3']
[23:20:14] HOP bucket=30930 L3 active=wlan0 ch9  | prep wlan1 ch5  | BL=['3']
[TX  ->  *] bucket=30930 L3 active=wlan0 ch9  BL=['3']
[RX  <- B] bucket=30930  peer_BL=['3']  my_BL=['3']
[23:20:16] HOP bucket=30931 L3 active=wlan1 ch5  | prep wlan0 ch5  | BL=['3']
[RX  <- B] bucket=30931  peer_BL=['3']  my_BL=['3']
[TX  ->  *] bucket=30931 L3 active=wlan1 ch5  BL=['3']
[23:20:18] HOP bucket=30932 L3 active=wlan0 ch5  | prep wlan1 ch5  | BL=['3']
[TX  ->  *] bucket=30932 L3 active=wlan0 ch5  BL=['3']
[RX  <- B] bucket=30932  peer_BL=['3']  my_BL=['3']
[23:20:20] HOP bucket=30933 L3 active=wlan1 ch5  | prep wlan0 ch11  | BL=['3']
[TX  ->  *] bucket=30933 L3 active=wlan1 ch5  BL=['3']
[RX  <- B] bucket=30933  peer_BL=['3']  my_BL=['3']
[23:20:22] HOP bucket=30934 L3 active=wlan0 ch11  | prep wlan1 ch7  | BL=[]
[TX  ->  *] bucket=30934 L3 active=wlan0 ch11  BL=[]
[RX  <- B] bucket=30934  peer_BL=[]  my_BL=[]
[23:20:24] HOP bucket=30935 L3 active=wlan1 ch7  | prep wlan0 ch3  | BL=[]
[TX  ->  *] bucket=30935 L3 active=wlan1 ch7  BL=[]
[RX  <- B] bucket=30935  peer_BL=[]  my_BL=[]
[23:20:26] HOP bucket=30936 L3 active=wlan0 ch3  | prep wlan1 ch8  | BL=[]
[TX  ->  *] bucket=30936 L3 active=wlan0 ch3  BL=[]
[!! JAMMED  ] bucket=30936 L3 active=wlan0 ch3  silent + egress_drops=38  -> BL until bucket=30966  BL=['3']
[23:20:28] HOP bucket=30937 L3 active=wlan1 ch8  | prep wlan0 ch9  | BL=['3']
[TX  ->  *] bucket=30937 L3 active=wlan1 ch8  BL=['3']
[RX  <- B] bucket=30937  peer_BL=['3']  my_BL=['3']
[23:20:30] HOP bucket=30938 L3 active=wlan0 ch9  | prep wlan1 ch10  | BL=['3']
[RX  <- B] bucket=30938  peer_BL=['3']  my_BL=['3']
[TX  ->  *] bucket=30938 L3 active=wlan0 ch9  BL=['3']
[23:20:32] HOP bucket=30939 L3 active=wlan1 ch10  | prep wlan0 ch5  | BL=['3']
[RX  <- B] bucket=30939  peer_BL=['3']  my_BL=['3']
[TX  ->  *] bucket=30939 L3 active=wlan1 ch10  BL=['3']
[23:20:34] HOP bucket=30940 L3 active=wlan0 ch5  | prep wlan1 ch11  | BL=['3']
[TX  ->  *] bucket=30940 L3 active=wlan0 ch5  BL=['3']
[RX  <- B] bucket=30940  peer_BL=['3']  my_BL=['3']
[23:20:36] HOP bucket=30941 L3 active=wlan1 ch11  | prep wlan0 ch4  | BL=['3']
[RX  <- B] bucket=30941  peer_BL=['3']  my_BL=['3']
[TX  ->  *] bucket=30941 L3 active=wlan1 ch11  BL=['3']
[23:20:38] HOP bucket=30942 L3 active=wlan0 ch4  | prep wlan1 ch9  | BL=['3']
[TX  ->  *] bucket=30942 L3 active=wlan0 ch4  BL=['3']
[!! JAMMED  ] bucket=30942 L3 active=wlan0 ch4  silent + egress_drops=39  -> BL until bucket=30972  BL=['3', '4']
[23:20:40] HOP bucket=30943 L3 active=wlan1 ch9  | prep wlan0 ch5  | BL=['3', '4']
[TX  ->  *] bucket=30943 L3 active=wlan1 ch9  BL=['3', '4']
[RX  <- B] bucket=30943  peer_BL=['3', '4']  my_BL=['3', '4']
[23:20:42] HOP bucket=30944 L3 active=wlan0 ch5  | prep wlan1 ch8  | BL=['3', '4']
[TX  ->  *] bucket=30944 L3 active=wlan0 ch5  BL=['3', '4']
[RX  <- B] bucket=30944  peer_BL=['3', '4']  my_BL=['3', '4']
[23:20:44] HOP bucket=30945 L3 active=wlan1 ch8  | prep wlan0 ch9  | BL=['3', '4']
[TX  ->  *] bucket=30945 L3 active=wlan1 ch8  BL=['3', '4']
[RX  <- B] bucket=30945  peer_BL=['3', '4']  my_BL=['3', '4']
[23:20:46] HOP bucket=30946 L3 active=wlan0 ch9  | prep wlan1 ch5  | BL=['3', '4']
[TX  ->  *] bucket=30946 L3 active=wlan0 ch9  BL=['3', '4']
[RX  <- B] bucket=30946  peer_BL=['3', '4']  my_BL=['3', '4']
[23:20:48] HOP bucket=30947 L3 active=wlan1 ch5  | prep wlan0 ch5  | BL=['3', '4']
[RX  <- B] bucket=30947  peer_BL=['3', '4']  my_BL=['3', '4']
[TX  ->  *] bucket=30947 L3 active=wlan1 ch5  BL=['3', '4']
[23:20:50] HOP bucket=30948 L3 active=wlan0 ch5  | prep wlan1 ch5  | BL=['3', '4']
[RX  <- B] bucket=30948  peer_BL=['3', '4']  my_BL=['3', '4']
[TX  ->  *] bucket=30948 L3 active=wlan0 ch5  BL=['3', '4']
[23:20:52] HOP bucket=30949 L3 active=wlan1 ch5  | prep wlan0 ch5  | BL=['3', '4']
[RX  <- B] bucket=30949  peer_BL=['3', '4']  my_BL=['3', '4']
[TX  ->  *] bucket=30949 L3 active=wlan1 ch5  BL=['3', '4']
[23:20:54] HOP bucket=30950 L3 active=wlan0 ch5  | prep wlan1 ch6  | BL=['3', '4']
[TX  ->  *] bucket=30950 L3 active=wlan0 ch5  BL=['3', '4']
[RX  <- B] bucket=30950  peer_BL=['3', '4']  my_BL=['3', '4']
[23:20:56] HOP bucket=30951 L3 active=wlan1 ch6  | prep wlan0 ch7  | BL=['3', '4']
[RX  <- B] bucket=30951  peer_BL=['3', '4']  my_BL=['3', '4']
[TX  ->  *] bucket=30951 L3 active=wlan1 ch6  BL=['3', '4']
[23:20:58] HOP bucket=30952 L3 active=wlan0 ch7  | prep wlan1 ch9  | BL=['3', '4']
[TX  ->  *] bucket=30952 L3 active=wlan0 ch7  BL=['3', '4']
[RX  <- B] bucket=30952  peer_BL=['3', '4']  my_BL=['3', '4']
[23:21:00] HOP bucket=30953 L3 active=wlan1 ch9  | prep wlan0 ch11  | BL=['3', '4']
[RX  <- B] bucket=30953  peer_BL=['3', '4']  my_BL=['3', '4']
[TX  ->  *] bucket=30953 L3 active=wlan1 ch9  BL=['3', '4']
[23:21:02] HOP bucket=30954 L3 active=wlan0 ch11  | prep wlan1 ch7  | BL=['3', '4']
[RX  <- B] bucket=30954  peer_BL=['3', '4']  my_BL=['3', '4']
[TX  ->  *] bucket=30954 L3 active=wlan0 ch11  BL=['3', '4']
[23:21:04] HOP bucket=30955 L3 active=wlan1 ch7  | prep wlan0 ch6  | BL=['3', '4']
[RX  <- B] bucket=30955  peer_BL=['3', '4']  my_BL=['3', '4']
[TX  ->  *] bucket=30955 L3 active=wlan1 ch7  BL=['3', '4']
[23:21:06] HOP bucket=30956 L3 active=wlan0 ch6  | prep wlan1 ch10  | BL=['3', '4']
[TX  ->  *] bucket=30956 L3 active=wlan0 ch6  BL=['3', '4']
[RX  <- B] bucket=30956  peer_BL=['3', '4']  my_BL=['3', '4']
[23:21:08] HOP bucket=30957 L3 active=wlan1 ch10  | prep wlan0 ch10  | BL=['3', '4']
[TX  ->  *] bucket=30957 L3 active=wlan1 ch10  BL=['3', '4']
[RX  <- B] bucket=30957  peer_BL=['3', '4']  my_BL=['3', '4']
[23:21:10] HOP bucket=30958 L3 active=wlan0 ch10  | prep wlan1 ch5  | BL=['3', '4']
[RX  <- B] bucket=30958  peer_BL=['3', '4']  my_BL=['3', '4']
[TX  ->  *] bucket=30958 L3 active=wlan0 ch10  BL=['3', '4']
[23:21:12] HOP bucket=30959 L3 active=wlan1 ch5  | prep wlan0 ch5  | BL=['3', '4']
[TX  ->  *] bucket=30959 L3 active=wlan1 ch5  BL=['3', '4']
[RX  <- B] bucket=30959  peer_BL=['3', '4']  my_BL=['3', '4']
[23:21:14] HOP bucket=30960 L3 active=wlan0 ch5  | prep wlan1 ch11  | BL=['3', '4']
[TX  ->  *] bucket=30960 L3 active=wlan0 ch5  BL=['3', '4']
[!! JAMMED  ] bucket=30960 L3 active=wlan0 ch5  silent + egress_drops=71  -> BL until bucket=30990  BL=['3', '4', '5']
[23:21:16] HOP bucket=30961 L3 active=wlan1 ch11  | prep wlan0 ch11  | BL=['3', '4', '5']
[RX  <- B] bucket=30961  peer_BL=['3', '4', '5']  my_BL=['3', '4', '5']
[TX  ->  *] bucket=30961 L3 active=wlan1 ch11  BL=['3', '4', '5']
[23:21:18] HOP bucket=30962 L3 active=wlan0 ch11  | prep wlan1 ch8  | BL=['3', '4', '5']
[TX  ->  *] bucket=30962 L3 active=wlan0 ch11  BL=['3', '4', '5']
[RX  <- B] bucket=30962  peer_BL=['3', '4', '5']  my_BL=['3', '4', '5']
[23:21:20] HOP bucket=30963 L3 active=wlan1 ch8  | prep wlan0 ch7  | BL=['3', '4', '5']
[TX  ->  *] bucket=30963 L3 active=wlan1 ch8  BL=['3', '4', '5']
[RX  <- B] bucket=30963  peer_BL=['3', '4', '5']  my_BL=['3', '4', '5']
[23:21:22] HOP bucket=30964 L3 active=wlan0 ch7  | prep wlan1 ch10  | BL=['3', '4', '5']
[TX  ->  *] bucket=30964 L3 active=wlan0 ch7  BL=['3', '4', '5']
[RX  <- B] bucket=30964  peer_BL=['3', '4', '5']  my_BL=['3', '4', '5']
[23:21:24] HOP bucket=30965 L3 active=wlan1 ch10  | prep wlan0 ch10  | BL=['3', '4', '5']
[TX  ->  *] bucket=30965 L3 active=wlan1 ch10  BL=['3', '4', '5']
[RX  <- B] bucket=30965  peer_BL=['3', '4', '5']  my_BL=['3', '4', '5']
[23:21:26] HOP bucket=30966 L3 active=wlan0 ch10  | prep wlan1 ch3  | BL=['4', '5']
[RX  <- B] bucket=30966  peer_BL=['4', '5']  my_BL=['4', '5']
[TX  ->  *] bucket=30966 L3 active=wlan0 ch10  BL=['4', '5']
[23:21:28] HOP bucket=30967 L3 active=wlan1 ch3  | prep wlan0 ch3  | BL=['4', '5']
[TX  ->  *] bucket=30967 L3 active=wlan1 ch3  BL=['4', '5']
[RX  <- B] bucket=30967  peer_BL=['4', '5']  my_BL=['4', '5']
[23:21:30] HOP bucket=30968 L3 active=wlan0 ch3  | prep wlan1 ch11  | BL=['4', '5']
[RX  <- B] bucket=30968  peer_BL=['4', '5']  my_BL=['4', '5']
[TX  ->  *] bucket=30968 L3 active=wlan0 ch3  BL=['4', '5']
[23:21:32] HOP bucket=30969 L3 active=wlan1 ch11  | prep wlan0 ch10  | BL=['4', '5']
[TX  ->  *] bucket=30969 L3 active=wlan1 ch11  BL=['4', '5']
[RX  <- B] bucket=30969  peer_BL=['4', '5']  my_BL=['4', '5']
[23:21:34] HOP bucket=30970 L3 active=wlan0 ch10  | prep wlan1 ch3  | BL=['4', '5']
[TX  ->  *] bucket=30970 L3 active=wlan0 ch10  BL=['4', '5']
[RX  <- B] bucket=30970  peer_BL=['4', '5']  my_BL=['4', '5']
[23:21:36] HOP bucket=30971 L3 active=wlan1 ch3  | prep wlan0 ch6  | BL=['4', '5']
[RX  <- B] bucket=30971  peer_BL=['4', '5']  my_BL=['4', '5']
[TX  ->  *] bucket=30971 L3 active=wlan1 ch3  BL=['4', '5']
[23:21:38] HOP bucket=30972 L3 active=wlan0 ch6  | prep wlan1 ch7  | BL=['5']
[TX  ->  *] bucket=30972 L3 active=wlan0 ch6  BL=['5']
[!! JAMMED  ] bucket=30972 L3 active=wlan0 ch6  silent + egress_drops=39  -> BL until bucket=31002  BL=['5', '6']
[23:21:40] HOP bucket=30973 L3 active=wlan1 ch7  | prep wlan0 ch4  | BL=['5', '6']
[RX  <- B] bucket=30973  peer_BL=['5', '6']  my_BL=['5', '6']
[TX  ->  *] bucket=30973 L3 active=wlan1 ch7  BL=['5', '6']
[23:21:42] HOP bucket=30974 L3 active=wlan0 ch4  | prep wlan1 ch4  | BL=['5', '6']
[TX  ->  *] bucket=30974 L3 active=wlan0 ch4  BL=['5', '6']
[!! JAMMED  ] bucket=30974 L3 active=wlan0 ch4  silent + egress_drops=78  -> BL until bucket=31004  BL=['4', '5', '6']
[23:21:44] HOP bucket=30975 L3 active=wlan1 ch4  (LAG: totp_says=ch7, physical=ch4)  | prep wlan0 ch10  | BL=['4', '5', '6']
[TX  ->  *] bucket=30975 L3 active=wlan1 ch4  BL=['4', '5', '6']
[23:21:46] HOP bucket=30976 L3 active=wlan0 ch10  | prep wlan1 ch3  | BL=['4', '5', '6']
[RX  <- B] bucket=30976  peer_BL=['5', '6', '4']  my_BL=['4', '5', '6']
[TX  ->  *] bucket=30976 L3 active=wlan0 ch10  BL=['4', '5', '6']
[23:21:48] HOP bucket=30977 L3 active=wlan1 ch3  | prep wlan0 ch7  | BL=['4', '5', '6']
[TX  ->  *] bucket=30977 L3 active=wlan1 ch3  BL=['4', '5', '6']
[RX  <- B] bucket=30977  peer_BL=['5', '6', '4']  my_BL=['4', '5', '6']
[23:21:50] HOP bucket=30978 L3 active=wlan0 ch7  | prep wlan1 ch3  | BL=['4', '5', '6']
[RX  <- B] bucket=30978  peer_BL=['5', '6', '4']  my_BL=['4', '5', '6']
[TX  ->  *] bucket=30978 L3 active=wlan0 ch7  BL=['4', '5', '6']
[23:21:52] HOP bucket=30979 L3 active=wlan1 ch3  | prep wlan0 ch3  | BL=['4', '5', '6']
[RX  <- B] bucket=30979  peer_BL=['5', '6', '4']  my_BL=['4', '5', '6']
[TX  ->  *] bucket=30979 L3 active=wlan1 ch3  BL=['4', '5', '6']
[23:21:54] HOP bucket=30980 L3 active=wlan0 ch3  | prep wlan1 ch7  | BL=['4', '5', '6']
[TX  ->  *] bucket=30980 L3 active=wlan0 ch3  BL=['4', '5', '6']
[RX  <- B] bucket=30980  peer_BL=['5', '6', '4']  my_BL=['4', '5', '6']
[23:21:56] HOP bucket=30981 L3 active=wlan1 ch7  | prep wlan0 ch7  | BL=['4', '5', '6']
[TX  ->  *] bucket=30981 L3 active=wlan1 ch7  BL=['4', '5', '6']
[RX  <- B] bucket=30981  peer_BL=['5', '6', '4']  my_BL=['4', '5', '6']
[23:21:58] HOP bucket=30982 L3 active=wlan0 ch7  | prep wlan1 ch3  | BL=['4', '5', '6']
[RX  <- B] bucket=30982  peer_BL=['5', '6', '4']  my_BL=['4', '5', '6']
[TX  ->  *] bucket=30982 L3 active=wlan0 ch7  BL=['4', '5', '6']
[23:22:00] HOP bucket=30983 L3 active=wlan1 ch3  | prep wlan0 ch10  | BL=['4', '5', '6']
[RX  <- B] bucket=30983  peer_BL=['5', '6', '4']  my_BL=['4', '5', '6']
[TX  ->  *] bucket=30983 L3 active=wlan1 ch3  BL=['4', '5', '6']
[23:22:02] HOP bucket=30984 L3 active=wlan0 ch10  | prep wlan1 ch3  | BL=['4', '5', '6']
[TX  ->  *] bucket=30984 L3 active=wlan0 ch10  BL=['4', '5', '6']
[RX  <- B] bucket=30984  peer_BL=['5', '6', '4']  my_BL=['4', '5', '6']
[23:22:04] HOP bucket=30985 L3 active=wlan1 ch3  | prep wlan0 ch7  | BL=['4', '5', '6']
[TX  ->  *] bucket=30985 L3 active=wlan1 ch3  BL=['4', '5', '6']
[RX  <- B] bucket=30985  peer_BL=['5', '6', '4']  my_BL=['4', '5', '6']
[23:22:06] HOP bucket=30986 L3 active=wlan0 ch7  | prep wlan1 ch7  | BL=['4', '5', '6']
[TX  ->  *] bucket=30986 L3 active=wlan0 ch7  BL=['4', '5', '6']
[RX  <- B] bucket=30986  peer_BL=['5', '6', '4']  my_BL=['4', '5', '6']
[23:22:08] HOP bucket=30987 L3 active=wlan1 ch7  | prep wlan0 ch9  | BL=['4', '5', '6']
[TX  ->  *] bucket=30987 L3 active=wlan1 ch7  BL=['4', '5', '6']
[RX  <- B] bucket=30987  peer_BL=['5', '6', '4']  my_BL=['4', '5', '6']
[23:22:10] HOP bucket=30988 L3 active=wlan0 ch9  | prep wlan1 ch3  | BL=['4', '5', '6']
[TX  ->  *] bucket=30988 L3 active=wlan0 ch9  BL=['4', '5', '6']
[RX  <- B] bucket=30988  peer_BL=['5', '6', '4']  my_BL=['4', '5', '6']
[23:22:12] HOP bucket=30989 L3 active=wlan1 ch3  | prep wlan0 ch3  | BL=['4', '5', '6']
[TX  ->  *] bucket=30989 L3 active=wlan1 ch3  BL=['4', '5', '6']
[RX  <- B] bucket=30989  peer_BL=['5', '6', '4']  my_BL=['4', '5', '6']
[23:22:14] HOP bucket=30990 L3 active=wlan0 ch3  | prep wlan1 ch10  | BL=['4', '6']
[TX  ->  *] bucket=30990 L3 active=wlan0 ch3  BL=['4', '6']
[RX  <- B] bucket=30990  peer_BL=['6', '4']  my_BL=['4', '6']
[23:22:16] HOP bucket=30991 L3 active=wlan1 ch10  | prep wlan0 ch7  | BL=['4', '6']
[RX  <- B] bucket=30991  peer_BL=['6', '4']  my_BL=['4', '6']
[TX  ->  *] bucket=30991 L3 active=wlan1 ch10  BL=['4', '6']
[23:22:18] HOP bucket=30992 L3 active=wlan0 ch7  | prep wlan1 ch3  | BL=['4', '6']
[TX  ->  *] bucket=30992 L3 active=wlan0 ch7  BL=['4', '6']
[!! JAMMED  ] bucket=30992 L3 active=wlan0 ch7  silent + egress_drops=39  -> BL until bucket=31022  BL=['4', '6', '7']
[23:22:20] HOP bucket=30993 L3 active=wlan1 ch3  | prep wlan0 ch10  | BL=['4', '6', '7']
[TX  ->  *] bucket=30993 L3 active=wlan1 ch3  BL=['4', '6', '7']
[RX  <- B] bucket=30993  peer_BL=['6', '4', '7']  my_BL=['4', '6', '7']
[23:22:22] HOP bucket=30994 L3 active=wlan0 ch10  | prep wlan1 ch5  | BL=['4', '6', '7']
[TX  ->  *] bucket=30994 L3 active=wlan0 ch10  BL=['4', '6', '7']
[RX  <- B] bucket=30994  peer_BL=['6', '4', '7']  my_BL=['4', '6', '7']
[23:22:24] HOP bucket=30995 L3 active=wlan1 ch5  | prep wlan0 ch9  | BL=['4', '6', '7']
[TX  ->  *] bucket=30995 L3 active=wlan1 ch5  BL=['4', '6', '7']
[!! JAMMED  ] bucket=30995 L3 active=wlan1 ch5  silent + egress_drops=38  -> BL until bucket=31025  BL=['4', '5', '6', '7']
[23:22:26] HOP bucket=30996 L3 active=wlan0 ch9  | prep wlan1 ch11  | BL=['4', '5', '6', '7']
[RX  <- B] bucket=30996  peer_BL=['6', '4', '7', '5']  my_BL=['4', '5', '6', '7']
[TX  ->  *] bucket=30996 L3 active=wlan0 ch9  BL=['4', '5', '6', '7']
[23:22:28] HOP bucket=30997 L3 active=wlan1 ch11  | prep wlan0 ch10  | BL=['4', '5', '6', '7']
[TX  ->  *] bucket=30997 L3 active=wlan1 ch11  BL=['4', '5', '6', '7']
[RX  <- B] bucket=30997  peer_BL=['6', '4', '7', '5']  my_BL=['4', '5', '6', '7']
[23:22:30] HOP bucket=30998 L3 active=wlan0 ch10  | prep wlan1 ch10  | BL=['4', '5', '6', '7']
[TX  ->  *] bucket=30998 L3 active=wlan0 ch10  BL=['4', '5', '6', '7']
[RX  <- B] bucket=30998  peer_BL=['6', '4', '7', '5']  my_BL=['4', '5', '6', '7']
[23:22:32] HOP bucket=30999 L3 active=wlan1 ch10  | prep wlan0 ch11  | BL=['4', '5', '6', '7']
[RX  <- B] bucket=30999  peer_BL=['6', '4', '7', '5']  my_BL=['4', '5', '6', '7']
[TX  ->  *] bucket=30999 L3 active=wlan1 ch10  BL=['4', '5', '6', '7']
[23:22:34] HOP bucket=31000 L3 active=wlan0 ch11  | prep wlan1 ch8  | BL=['4', '5', '6', '7']
[RX  <- B] bucket=31000  peer_BL=['6', '4', '7', '5']  my_BL=['4', '5', '6', '7']
[TX  ->  *] bucket=31000 L3 active=wlan0 ch11  BL=['4', '5', '6', '7']
[23:22:36] HOP bucket=31001 L3 active=wlan1 ch8  | prep wlan0 ch11  | BL=['4', '5', '6', '7']
[TX  ->  *] bucket=31001 L3 active=wlan1 ch8  BL=['4', '5', '6', '7']
[RX  <- B] bucket=31001  peer_BL=['6', '4', '7', '5']  my_BL=['4', '5', '6', '7']
[23:22:38] HOP bucket=31002 L3 active=wlan0 ch11  | prep wlan1 ch9  | BL=['4', '5', '7']
[TX  ->  *] bucket=31002 L3 active=wlan0 ch11  BL=['4', '5', '7']
[RX  <- B] bucket=31002  peer_BL=['4', '7', '5']  my_BL=['4', '5', '7']
[23:22:40] HOP bucket=31003 L3 active=wlan1 ch9  | prep wlan0 ch6  | BL=['4', '5', '7']
[TX  ->  *] bucket=31003 L3 active=wlan1 ch9  BL=['4', '5', '7']
[RX  <- B] bucket=31003  peer_BL=['4', '7', '5']  my_BL=['4', '5', '7']
[23:22:42] HOP bucket=31004 L3 active=wlan0 ch6  | prep wlan1 ch6  | BL=['5', '7']
[TX  ->  *] bucket=31004 L3 active=wlan0 ch6  BL=['5', '7']
[!! JAMMED  ] bucket=31004 L3 active=wlan0 ch6  silent + egress_drops=38  -> BL until bucket=31034  BL=['5', '6', '7']
[23:22:44] HOP bucket=31005 L3 active=wlan1 ch6  (LAG: totp_says=ch8, physical=ch6)  | prep wlan0 ch10  | BL=['5', '6', '7']
[TX  ->  *] bucket=31005 L3 active=wlan1 ch6  BL=['5', '6', '7']
[23:22:46] HOP bucket=31006 L3 active=wlan0 ch10  | prep wlan1 ch8  | BL=['5', '6', '7']
[RX  <- B] bucket=31006  peer_BL=['7', '5', '6']  my_BL=['5', '6', '7']
[TX  ->  *] bucket=31006 L3 active=wlan0 ch10  BL=['5', '6', '7']
[23:22:48] HOP bucket=31007 L3 active=wlan1 ch8  | prep wlan0 ch9  | BL=['5', '6', '7']
[RX  <- B] bucket=31007  peer_BL=['7', '5', '6']  my_BL=['5', '6', '7']
[TX  ->  *] bucket=31007 L3 active=wlan1 ch8  BL=['5', '6', '7']
[23:22:50] HOP bucket=31008 L3 active=wlan0 ch9  | prep wlan1 ch10  | BL=['5', '6', '7']
[TX  ->  *] bucket=31008 L3 active=wlan0 ch9  BL=['5', '6', '7']
[RX  <- B] bucket=31008  peer_BL=['7', '5', '6']  my_BL=['5', '6', '7']
[23:22:52] HOP bucket=31009 L3 active=wlan1 ch10  | prep wlan0 ch8  | BL=['5', '6', '7']
[TX  ->  *] bucket=31009 L3 active=wlan1 ch10  BL=['5', '6', '7']
[RX  <- B] bucket=31009  peer_BL=['7', '5', '6']  my_BL=['5', '6', '7']
[23:22:54] HOP bucket=31010 L3 active=wlan0 ch8  | prep wlan1 ch10  | BL=['5', '6', '7']
[TX  ->  *] bucket=31010 L3 active=wlan0 ch8  BL=['5', '6', '7']
[RX  <- B] bucket=31010  peer_BL=['7', '5', '6']  my_BL=['5', '6', '7']
[23:22:56] HOP bucket=31011 L3 active=wlan1 ch10  | prep wlan0 ch8  | BL=['5', '6', '7']
[RX  <- B] bucket=31011  peer_BL=['7', '5', '6']  my_BL=['5', '6', '7']
[TX  ->  *] bucket=31011 L3 active=wlan1 ch10  BL=['5', '6', '7']
[23:22:58] HOP bucket=31012 L3 active=wlan0 ch8  | prep wlan1 ch8  | BL=['5', '6', '7']
[TX  ->  *] bucket=31012 L3 active=wlan0 ch8  BL=['5', '6', '7']
[RX  <- B] bucket=31012  peer_BL=['7', '5', '6']  my_BL=['5', '6', '7']
[23:23:00] HOP bucket=31013 L3 active=wlan1 ch8  | prep wlan0 ch3  | BL=['5', '6', '7']
[TX  ->  *] bucket=31013 L3 active=wlan1 ch8  BL=['5', '6', '7']
[RX  <- B] bucket=31013  peer_BL=['7', '5', '6']  my_BL=['5', '6', '7']
[23:23:02] HOP bucket=31014 L3 active=wlan0 ch3  | prep wlan1 ch10  | BL=['5', '6', '7']
[RX  <- B] bucket=31014  peer_BL=['7', '5', '6']  my_BL=['5', '6', '7']
[TX  ->  *] bucket=31014 L3 active=wlan0 ch3  BL=['5', '6', '7']
[23:23:04] HOP bucket=31015 L3 active=wlan1 ch10  | prep wlan0 ch11  | BL=['5', '6', '7']
[TX  ->  *] bucket=31015 L3 active=wlan1 ch10  BL=['5', '6', '7']
[RX  <- B] bucket=31015  peer_BL=['7', '5', '6']  my_BL=['5', '6', '7']
[23:23:06] HOP bucket=31016 L3 active=wlan0 ch11  | prep wlan1 ch8  | BL=['5', '6', '7']
[TX  ->  *] bucket=31016 L3 active=wlan0 ch11  BL=['5', '6', '7']
[RX  <- B] bucket=31016  peer_BL=['7', '5', '6']  my_BL=['5', '6', '7']
[23:23:08] HOP bucket=31017 L3 active=wlan1 ch8  | prep wlan0 ch8  | BL=['5', '6', '7']
[TX  ->  *] bucket=31017 L3 active=wlan1 ch8  BL=['5', '6', '7']
[RX  <- B] bucket=31017  peer_BL=['7', '5', '6']  my_BL=['5', '6', '7']
[23:23:10] HOP bucket=31018 L3 active=wlan0 ch8  | prep wlan1 ch8  | BL=['5', '6', '7']
[RX  <- B] bucket=31018  peer_BL=['7', '5', '6']  my_BL=['5', '6', '7']
[TX  ->  *] bucket=31018 L3 active=wlan0 ch8  BL=['5', '6', '7']
[23:23:12] HOP bucket=31019 L3 active=wlan1 ch8  | prep wlan0 ch8  | BL=['5', '6', '7']
[TX  ->  *] bucket=31019 L3 active=wlan1 ch8  BL=['5', '6', '7']
[RX  <- B] bucket=31019  peer_BL=['7', '5', '6']  my_BL=['5', '6', '7']
[23:23:14] HOP bucket=31020 L3 active=wlan0 ch8  | prep wlan1 ch4  | BL=['5', '6', '7']
[TX  ->  *] bucket=31020 L3 active=wlan0 ch8  BL=['5', '6', '7']
[!! JAMMED  ] bucket=31020 L3 active=wlan0 ch8  silent + egress_drops=72  -> BL until bucket=31050  BL=['5', '6', '7', '8']
[23:23:16] HOP bucket=31021 L3 active=wlan1 ch4  | prep wlan0 ch3  | BL=['5', '6', '7', '8']
[RX  <- B] bucket=31021  peer_BL=['7', '5', '6', '8']  my_BL=['5', '6', '7', '8']
[TX  ->  *] bucket=31021 L3 active=wlan1 ch4  BL=['5', '6', '7', '8']
[23:23:18] HOP bucket=31022 L3 active=wlan0 ch3  | prep wlan1 ch7  | BL=['5', '6', '8']
[RX  <- B] bucket=31022  peer_BL=['5', '6', '8']  my_BL=['5', '6', '8']
[TX  ->  *] bucket=31022 L3 active=wlan0 ch3  BL=['5', '6', '8']
[23:23:20] HOP bucket=31023 L3 active=wlan1 ch7  | prep wlan0 ch9  | BL=['5', '6', '8']
[TX  ->  *] bucket=31023 L3 active=wlan1 ch7  BL=['5', '6', '8']
[!! JAMMED  ] bucket=31023 L3 active=wlan1 ch7  silent + egress_drops=38  -> BL until bucket=31053  BL=['5', '6', '7', '8']
[23:23:22] HOP bucket=31024 L3 active=wlan0 ch9  | prep wlan1 ch11  | BL=['5', '6', '7', '8']
[TX  ->  *] bucket=31024 L3 active=wlan0 ch9  BL=['5', '6', '7', '8']
[!! JAMMED  ] bucket=31024 L3 active=wlan0 ch9  silent + egress_drops=38  -> BL until bucket=31054  BL=['5', '6', '7', '8', '9']
[23:23:24] HOP bucket=31025 L3 active=wlan1 ch11  | prep wlan0 ch3  | BL=['6', '7', '8', '9']
[RX  <- B] bucket=31025  peer_BL=['6', '8', '7', '9']  my_BL=['6', '7', '8', '9']
[TX  ->  *] bucket=31025 L3 active=wlan1 ch11  BL=['6', '7', '8', '9']
[23:23:26] HOP bucket=31026 L3 active=wlan0 ch3  | prep wlan1 ch10  | BL=['6', '7', '8', '9']
[TX  ->  *] bucket=31026 L3 active=wlan0 ch3  BL=['6', '7', '8', '9']
[RX  <- B] bucket=31026  peer_BL=['6', '8', '7', '9']  my_BL=['6', '7', '8', '9']
[23:23:28] HOP bucket=31027 L3 active=wlan1 ch10  | prep wlan0 ch3  | BL=['6', '7', '8', '9']
[TX  ->  *] bucket=31027 L3 active=wlan1 ch10  BL=['6', '7', '8', '9']
[RX  <- B] bucket=31027  peer_BL=['6', '8', '7', '9']  my_BL=['6', '7', '8', '9']
[23:23:30] HOP bucket=31028 L3 active=wlan0 ch3  | prep wlan1 ch5  | BL=['6', '7', '8', '9']
[TX  ->  *] bucket=31028 L3 active=wlan0 ch3  BL=['6', '7', '8', '9']
[RX  <- B] bucket=31028  peer_BL=['6', '8', '7', '9']  my_BL=['6', '7', '8', '9']
[23:23:32] HOP bucket=31029 L3 active=wlan1 ch5  | prep wlan0 ch10  | BL=['6', '7', '8', '9']
[TX  ->  *] bucket=31029 L3 active=wlan1 ch5  BL=['6', '7', '8', '9']
[RX  <- B] bucket=31029  peer_BL=['6', '8', '7', '9']  my_BL=['6', '7', '8', '9']
[23:23:34] HOP bucket=31030 L3 active=wlan0 ch10  | prep wlan1 ch10  | BL=['6', '7', '8', '9']
[TX  ->  *] bucket=31030 L3 active=wlan0 ch10  BL=['6', '7', '8', '9']
[RX  <- B] bucket=31030  peer_BL=['6', '8', '7', '9']  my_BL=['6', '7', '8', '9']
[23:23:36] HOP bucket=31031 L3 active=wlan1 ch10  | prep wlan0 ch4  | BL=['6', '7', '8', '9']
[TX  ->  *] bucket=31031 L3 active=wlan1 ch10  BL=['6', '7', '8', '9']
[RX  <- B] bucket=31031  peer_BL=['6', '8', '7', '9']  my_BL=['6', '7', '8', '9']
[23:23:38] HOP bucket=31032 L3 active=wlan0 ch4  | prep wlan1 ch10  | BL=['6', '7', '8', '9']
[TX  ->  *] bucket=31032 L3 active=wlan0 ch4  BL=['6', '7', '8', '9']
[RX  <- B] bucket=31032  peer_BL=['6', '8', '7', '9']  my_BL=['6', '7', '8', '9']
[23:23:40] HOP bucket=31033 L3 active=wlan1 ch10  | prep wlan0 ch10  | BL=['6', '7', '8', '9']
[TX  ->  *] bucket=31033 L3 active=wlan1 ch10  BL=['6', '7', '8', '9']
[RX  <- B] bucket=31033  peer_BL=['6', '8', '7', '9']  my_BL=['6', '7', '8', '9']
[23:23:42] HOP bucket=31034 L3 active=wlan0 ch10  | prep wlan1 ch3  | BL=['7', '8', '9']
[RX  <- B] bucket=31034  peer_BL=['8', '7', '9']  my_BL=['7', '8', '9']
[TX  ->  *] bucket=31034 L3 active=wlan0 ch10  BL=['7', '8', '9']
[23:23:44] HOP bucket=31035 L3 active=wlan1 ch3  | prep wlan0 ch3  | BL=['7', '8', '9']
[RX  <- B] bucket=31035  peer_BL=['8', '7', '9']  my_BL=['7', '8', '9']
[TX  ->  *] bucket=31035 L3 active=wlan1 ch3  BL=['7', '8', '9']
[23:23:46] HOP bucket=31036 L3 active=wlan0 ch3  | prep wlan1 ch5  | BL=['7', '8', '9']
[TX  ->  *] bucket=31036 L3 active=wlan0 ch3  BL=['7', '8', '9']
[RX  <- B] bucket=31036  peer_BL=['8', '7', '9']  my_BL=['7', '8', '9']
[23:23:48] HOP bucket=31037 L3 active=wlan1 ch5  | prep wlan0 ch4  | BL=['7', '8', '9']
[TX  ->  *] bucket=31037 L3 active=wlan1 ch5  BL=['7', '8', '9']
[RX  <- B] bucket=31037  peer_BL=['8', '7', '9']  my_BL=['7', '8', '9']
[23:23:50] HOP bucket=31038 L3 active=wlan0 ch4  | prep wlan1 ch4  | BL=['7', '8', '9']
[TX  ->  *] bucket=31038 L3 active=wlan0 ch4  BL=['7', '8', '9']
[RX  <- B] bucket=31038  peer_BL=['8', '7', '9']  my_BL=['7', '8', '9']
[23:23:52] HOP bucket=31039 L3 active=wlan1 ch4  | prep wlan0 ch6  | BL=['7', '8', '9']
[TX  ->  *] bucket=31039 L3 active=wlan1 ch4  BL=['7', '8', '9']
[RX  <- B] bucket=31039  peer_BL=['8', '7', '9']  my_BL=['7', '8', '9']
[23:23:54] HOP bucket=31040 L3 active=wlan0 ch6  | prep wlan1 ch10  | BL=['7', '8', '9']
[TX  ->  *] bucket=31040 L3 active=wlan0 ch6  BL=['7', '8', '9']
[RX  <- B] bucket=31040  peer_BL=['8', '7', '9']  my_BL=['7', '8', '9']
[23:23:56] HOP bucket=31041 L3 active=wlan1 ch10  | prep wlan0 ch6  | BL=['7', '8', '9']
[TX  ->  *] bucket=31041 L3 active=wlan1 ch10  BL=['7', '8', '9']
[RX  <- B] bucket=31041  peer_BL=['8', '7', '9']  my_BL=['7', '8', '9']
[23:23:58] HOP bucket=31042 L3 active=wlan0 ch6  | prep wlan1 ch10  | BL=['7', '8', '9']
[TX  ->  *] bucket=31042 L3 active=wlan0 ch6  BL=['7', '8', '9']
[RX  <- B] bucket=31042  peer_BL=['8', '7', '9']  my_BL=['7', '8', '9']
[23:24:00] HOP bucket=31043 L3 active=wlan1 ch10  | prep wlan0 ch5  | BL=['7', '8', '9']
[TX  ->  *] bucket=31043 L3 active=wlan1 ch10  BL=['7', '8', '9']
[RX  <- B] bucket=31043  peer_BL=['8', '7', '9']  my_BL=['7', '8', '9']
[23:24:02] HOP bucket=31044 L3 active=wlan0 ch5  | prep wlan1 ch10  | BL=['7', '8', '9']
[TX  ->  *] bucket=31044 L3 active=wlan0 ch5  BL=['7', '8', '9']
[RX  <- B] bucket=31044  peer_BL=['8', '7', '9']  my_BL=['7', '8', '9']
[23:24:04] HOP bucket=31045 L3 active=wlan1 ch10  | prep wlan0 ch10  | BL=['7', '8', '9']
[RX  <- B] bucket=31045  peer_BL=['8', '7', '9']  my_BL=['7', '8', '9']
[TX  ->  *] bucket=31045 L3 active=wlan1 ch10  BL=['7', '8', '9']
[23:24:06] HOP bucket=31046 L3 active=wlan0 ch10  | prep wlan1 ch6  | BL=['7', '8', '9']
[TX  ->  *] bucket=31046 L3 active=wlan0 ch10  BL=['7', '8', '9']
[RX  <- B] bucket=31046  peer_BL=['8', '7', '9']  my_BL=['7', '8', '9']
[23:24:08] HOP bucket=31047 L3 active=wlan1 ch6  | prep wlan0 ch4  | BL=['7', '8', '9']
[RX  <- B] bucket=31047  peer_BL=['8', '7', '9']  my_BL=['7', '8', '9']
[TX  ->  *] bucket=31047 L3 active=wlan1 ch6  BL=['7', '8', '9']
[23:24:10] HOP bucket=31048 L3 active=wlan0 ch4  | prep wlan1 ch3  | BL=['7', '8', '9']
[RX  <- B] bucket=31048  peer_BL=['8', '7', '9']  my_BL=['7', '8', '9']
[TX  ->  *] bucket=31048 L3 active=wlan0 ch4  BL=['7', '8', '9']
[23:24:12] HOP bucket=31049 L3 active=wlan1 ch3  | prep wlan0 ch10  | BL=['7', '8', '9']
[RX  <- B] bucket=31049  peer_BL=['8', '7', '9']  my_BL=['7', '8', '9']
[TX  ->  *] bucket=31049 L3 active=wlan1 ch3  BL=['7', '8', '9']
[23:24:14] HOP bucket=31050 L3 active=wlan0 ch10  (LAG: totp_says=ch8, physical=ch10)  | prep wlan1 ch8  | BL=['7', '9']
[TX  ->  *] bucket=31050 L3 active=wlan0 ch10  BL=['7', '9']
[!! JAMMED  ] bucket=31050 L3 active=wlan0 ch10  silent + egress_drops=72  -> BL until bucket=31080  BL=['7', '9', '10']
[23:24:16] HOP bucket=31051 L3 active=wlan1 ch8  | prep wlan0 ch6  | BL=['7', '9', '10']
[TX  ->  *] bucket=31051 L3 active=wlan1 ch8  BL=['7', '9', '10']
[!! JAMMED  ] bucket=31051 L3 active=wlan1 ch8  silent + egress_drops=39  -> BL until bucket=31081  BL=['7', '8', '9', '10']
[23:24:18] HOP bucket=31052 L3 active=wlan0 ch6  | prep wlan1 ch11  | BL=['7', '8', '9', '10']
[RX  <- B] bucket=31052  peer_BL=['7', '9', '10', '8']  my_BL=['7', '8', '9', '10']
[TX  ->  *] bucket=31052 L3 active=wlan0 ch6  BL=['7', '8', '9', '10']
[23:24:20] HOP bucket=31053 L3 active=wlan1 ch11  | prep wlan0 ch11  | BL=['8', '9', '10']
[RX  <- B] bucket=31053  peer_BL=['9', '10', '8']  my_BL=['8', '9', '10']
[TX  ->  *] bucket=31053 L3 active=wlan1 ch11  BL=['8', '9', '10']
[23:24:22] HOP bucket=31054 L3 active=wlan0 ch11  | prep wlan1 ch7  | BL=['8', '10']
[RX  <- B] bucket=31054  peer_BL=['10', '8']  my_BL=['8', '10']
[TX  ->  *] bucket=31054 L3 active=wlan0 ch11  BL=['8', '10']
[23:24:24] HOP bucket=31055 L3 active=wlan1 ch7  | prep wlan0 ch3  | BL=['8', '10']
[TX  ->  *] bucket=31055 L3 active=wlan1 ch7  BL=['8', '10']
[!! JAMMED  ] bucket=31055 L3 active=wlan1 ch7  silent + egress_drops=38  -> BL until bucket=31085  BL=['7', '8', '10']
[23:24:26] HOP bucket=31056 L3 active=wlan0 ch3  | prep wlan1 ch9  | BL=['7', '8', '10']
[RX  <- B] bucket=31056  peer_BL=['10', '8', '7']  my_BL=['7', '8', '10']
[TX  ->  *] bucket=31056 L3 active=wlan0 ch3  BL=['7', '8', '10']
[23:24:28] HOP bucket=31057 L3 active=wlan1 ch9  | prep wlan0 ch6  | BL=['7', '8', '10']
[TX  ->  *] bucket=31057 L3 active=wlan1 ch9  BL=['7', '8', '10']
[!! JAMMED  ] bucket=31057 L3 active=wlan1 ch9  silent + egress_drops=38  -> BL until bucket=31087  BL=['7', '8', '9', '10']
[23:24:30] HOP bucket=31058 L3 active=wlan0 ch6  | prep wlan1 ch4  | BL=['7', '8', '9', '10']
[TX  ->  *] bucket=31058 L3 active=wlan0 ch6  BL=['7', '8', '9', '10']
[RX  <- B] bucket=31058  peer_BL=['10', '8', '7', '9']  my_BL=['7', '8', '9', '10']
[23:24:32] HOP bucket=31059 L3 active=wlan1 ch4  | prep wlan0 ch11  | BL=['7', '8', '9', '10']
[RX  <- B] bucket=31059  peer_BL=['10', '8', '7', '9']  my_BL=['7', '8', '9', '10']
[TX  ->  *] bucket=31059 L3 active=wlan1 ch4  BL=['7', '8', '9', '10']
[23:24:34] HOP bucket=31060 L3 active=wlan0 ch11  | prep wlan1 ch5  | BL=['7', '8', '9', '10']
[TX  ->  *] bucket=31060 L3 active=wlan0 ch11  BL=['7', '8', '9', '10']
[RX  <- B] bucket=31060  peer_BL=['10', '8', '7', '9']  my_BL=['7', '8', '9', '10']
[23:24:36] HOP bucket=31061 L3 active=wlan1 ch5  | prep wlan0 ch11  | BL=['7', '8', '9', '10']
[TX  ->  *] bucket=31061 L3 active=wlan1 ch5  BL=['7', '8', '9', '10']
[RX  <- B] bucket=31061  peer_BL=['10', '8', '7', '9']  my_BL=['7', '8', '9', '10']
[23:24:38] HOP bucket=31062 L3 active=wlan0 ch11  | prep wlan1 ch11  | BL=['7', '8', '9', '10']
[TX  ->  *] bucket=31062 L3 active=wlan0 ch11  BL=['7', '8', '9', '10']
[RX  <- B] bucket=31062  peer_BL=['10', '8', '7', '9']  my_BL=['7', '8', '9', '10']
[23:24:40] HOP bucket=31063 L3 active=wlan1 ch11  | prep wlan0 ch4  | BL=['7', '8', '9', '10']
[TX  ->  *] bucket=31063 L3 active=wlan1 ch11  BL=['7', '8', '9', '10']
[RX  <- B] bucket=31063  peer_BL=['10', '8', '7', '9']  my_BL=['7', '8', '9', '10']
[23:24:42] HOP bucket=31064 L3 active=wlan0 ch4  | prep wlan1 ch11  | BL=['7', '8', '9', '10']
[TX  ->  *] bucket=31064 L3 active=wlan0 ch4  BL=['7', '8', '9', '10']
[RX  <- B] bucket=31064  peer_BL=['10', '8', '7', '9']  my_BL=['7', '8', '9', '10']
[23:24:44] HOP bucket=31065 L3 active=wlan1 ch11  | prep wlan0 ch3  | BL=['7', '8', '9', '10']
[TX  ->  *] bucket=31065 L3 active=wlan1 ch11  BL=['7', '8', '9', '10']
[RX  <- B] bucket=31065  peer_BL=['10', '8', '7', '9']  my_BL=['7', '8', '9', '10']
[23:24:46] HOP bucket=31066 L3 active=wlan0 ch3  | prep wlan1 ch6  | BL=['7', '8', '9', '10']
[RX  <- B] bucket=31066  peer_BL=['10', '8', '7', '9']  my_BL=['7', '8', '9', '10']
[TX  ->  *] bucket=31066 L3 active=wlan0 ch3  BL=['7', '8', '9', '10']
[23:24:48] HOP bucket=31067 L3 active=wlan1 ch6  | prep wlan0 ch6  | BL=['7', '8', '9', '10']
[TX  ->  *] bucket=31067 L3 active=wlan1 ch6  BL=['7', '8', '9', '10']
[RX  <- B] bucket=31067  peer_BL=['10', '8', '7', '9']  my_BL=['7', '8', '9', '10']
[23:24:50] HOP bucket=31068 L3 active=wlan0 ch6  | prep wlan1 ch4  | BL=['7', '8', '9', '10']
[RX  <- B] bucket=31068  peer_BL=['10', '8', '7', '9']  my_BL=['7', '8', '9', '10']
[TX  ->  *] bucket=31068 L3 active=wlan0 ch6  BL=['7', '8', '9', '10']
[23:24:52] HOP bucket=31069 L3 active=wlan1 ch4  | prep wlan0 ch3  | BL=['7', '8', '9', '10']
[RX  <- B] bucket=31069  peer_BL=['10', '8', '7', '9']  my_BL=['7', '8', '9', '10']
[TX  ->  *] bucket=31069 L3 active=wlan1 ch4  BL=['7', '8', '9', '10']
[23:24:54] HOP bucket=31070 L3 active=wlan0 ch3  | prep wlan1 ch4  | BL=['7', '8', '9', '10']
[RX  <- B] bucket=31070  peer_BL=['10', '8', '7', '9']  my_BL=['7', '8', '9', '10']
[TX  ->  *] bucket=31070 L3 active=wlan0 ch3  BL=['7', '8', '9', '10']
[23:24:56] HOP bucket=31071 L3 active=wlan1 ch4  | prep wlan0 ch11  | BL=['7', '8', '9', '10']
[RX  <- B] bucket=31071  peer_BL=['10', '8', '7', '9']  my_BL=['7', '8', '9', '10']
[TX  ->  *] bucket=31071 L3 active=wlan1 ch4  BL=['7', '8', '9', '10']
[23:24:58] HOP bucket=31072 L3 active=wlan0 ch11  | prep wlan1 ch4  | BL=['7', '8', '9', '10']
[RX  <- B] bucket=31072  peer_BL=['10', '8', '7', '9']  my_BL=['7', '8', '9', '10']
[TX  ->  *] bucket=31072 L3 active=wlan0 ch11  BL=['7', '8', '9', '10']
[23:25:00] HOP bucket=31073 L3 active=wlan1 ch4  | prep wlan0 ch11  | BL=['7', '8', '9', '10']
[TX  ->  *] bucket=31073 L3 active=wlan1 ch4  BL=['7', '8', '9', '10']
[RX  <- B] bucket=31073  peer_BL=['10', '8', '7', '9']  my_BL=['7', '8', '9', '10']
[23:25:02] HOP bucket=31074 L3 active=wlan0 ch11  | prep wlan1 ch3  | BL=['7', '8', '9', '10']
[TX  ->  *] bucket=31074 L3 active=wlan0 ch11  BL=['7', '8', '9', '10']
[RX  <- B] bucket=31074  peer_BL=['10', '8', '7', '9']  my_BL=['7', '8', '9', '10']
[23:25:04] HOP bucket=31075 L3 active=wlan1 ch3  | prep wlan0 ch11  | BL=['7', '8', '9', '10']
[TX  ->  *] bucket=31075 L3 active=wlan1 ch3  BL=['7', '8', '9', '10']
[RX  <- B] bucket=31075  peer_BL=['10', '8', '7', '9']  my_BL=['7', '8', '9', '10']
[23:25:06] HOP bucket=31076 L3 active=wlan0 ch11  | prep wlan1 ch11  | BL=['7', '8', '9', '10']
[TX  ->  *] bucket=31076 L3 active=wlan0 ch11  BL=['7', '8', '9', '10']
[RX  <- B] bucket=31076  peer_BL=['10', '8', '7', '9']  my_BL=['7', '8', '9', '10']
[23:25:08] HOP bucket=31077 L3 active=wlan1 ch11  | prep wlan0 ch11  | BL=['7', '8', '9', '10']
[TX  ->  *] bucket=31077 L3 active=wlan1 ch11  BL=['7', '8', '9', '10']
[RX  <- B] bucket=31077  peer_BL=['10', '8', '7', '9']  my_BL=['7', '8', '9', '10']
[23:25:10] HOP bucket=31078 L3 active=wlan0 ch11  | prep wlan1 ch11  | BL=['7', '8', '9', '10']
[RX  <- B] bucket=31078  peer_BL=['10', '8', '7', '9']  my_BL=['7', '8', '9', '10']
[TX  ->  *] bucket=31078 L3 active=wlan0 ch11  BL=['7', '8', '9', '10']
[23:25:12] HOP bucket=31079 L3 active=wlan1 ch11  | prep wlan0 ch11  | BL=['7', '8', '9', '10']
[TX  ->  *] bucket=31079 L3 active=wlan1 ch11  BL=['7', '8', '9', '10']
[RX  <- B] bucket=31079  peer_BL=['10', '8', '7', '9']  my_BL=['7', '8', '9', '10']
[23:25:14] HOP bucket=31080 L3 active=wlan0 ch11  | prep wlan1 ch11  | BL=['7', '8', '9']
[TX  ->  *] bucket=31080 L3 active=wlan0 ch11  BL=['7', '8', '9']
[!! JAMMED  ] bucket=31080 L3 active=wlan0 ch11  silent + egress_drops=72  -> BL until bucket=31110  BL=['7', '8', '9', '11']
[23:25:16] HOP bucket=31081 L3 active=wlan1 ch11  (LAG: totp_says=ch3, physical=ch11)  | prep wlan0 ch4  | BL=['7', '9', '11']
[TX  ->  *] bucket=31081 L3 active=wlan1 ch11  BL=['7', '9', '11']
[23:25:18] HOP bucket=31082 L3 active=wlan0 ch4  | prep wlan1 ch6  | BL=['7', '9', '11']
[TX  ->  *] bucket=31082 L3 active=wlan0 ch4  BL=['7', '9', '11']
[RX  <- B] bucket=31082  peer_BL=['7', '9', '11']  my_BL=['7', '9', '11']
[23:25:20] HOP bucket=31083 L3 active=wlan1 ch6  | prep wlan0 ch10  | BL=['7', '9', '11']
[TX  ->  *] bucket=31083 L3 active=wlan1 ch6  BL=['7', '9', '11']
[RX  <- B] bucket=31083  peer_BL=['7', '9', '11']  my_BL=['7', '9', '11']
[23:25:22] HOP bucket=31084 L3 active=wlan0 ch10  | prep wlan1 ch8  | BL=['7', '9', '11']
[TX  ->  *] bucket=31084 L3 active=wlan0 ch10  BL=['7', '9', '11']
[!! JAMMED  ] bucket=31084 L3 active=wlan0 ch10  silent + egress_drops=38  -> BL until bucket=31114  BL=['7', '9', '10', '11']
[23:25:24] HOP bucket=31085 L3 active=wlan1 ch8  (LAG: totp_says=ch7, physical=ch8)  | prep wlan0 ch3  | BL=['9', '10', '11']
[TX  ->  *] bucket=31085 L3 active=wlan1 ch8  BL=['9', '10', '11']
[RX  <- B] bucket=31085  peer_BL=['9', '11', '10']  my_BL=['9', '10', '11']
[23:25:26] HOP bucket=31086 L3 active=wlan0 ch3  | prep wlan1 ch3  | BL=['9', '10', '11']
[RX  <- B] bucket=31086  peer_BL=['9', '11', '10']  my_BL=['9', '10', '11']
[TX  ->  *] bucket=31086 L3 active=wlan0 ch3  BL=['9', '10', '11']
[23:25:28] HOP bucket=31087 L3 active=wlan1 ch3  | prep wlan0 ch5  | BL=['10', '11']
[RX  <- B] bucket=31087  peer_BL=['11', '10']  my_BL=['10', '11']
[TX  ->  *] bucket=31087 L3 active=wlan1 ch3  BL=['10', '11']
[23:25:30] HOP bucket=31088 L3 active=wlan0 ch5  | prep wlan1 ch3  | BL=['10', '11']
[TX  ->  *] bucket=31088 L3 active=wlan0 ch5  BL=['10', '11']
[RX  <- B] bucket=31088  peer_BL=['11', '10']  my_BL=['10', '11']
[23:25:32] HOP bucket=31089 L3 active=wlan1 ch3  | prep wlan0 ch4  | BL=['10', '11']
[RX  <- B] bucket=31089  peer_BL=['11', '10']  my_BL=['10', '11']
[TX  ->  *] bucket=31089 L3 active=wlan1 ch3  BL=['10', '11']
[23:25:34] HOP bucket=31090 L3 active=wlan0 ch4  | prep wlan1 ch3  | BL=['10', '11']
[TX  ->  *] bucket=31090 L3 active=wlan0 ch4  BL=['10', '11']
[RX  <- B] bucket=31090  peer_BL=['11', '10']  my_BL=['10', '11']
[23:25:36] HOP bucket=31091 L3 active=wlan1 ch3  | prep wlan0 ch3  | BL=['10', '11']
[TX  ->  *] bucket=31091 L3 active=wlan1 ch3  BL=['10', '11']
[RX  <- B] bucket=31091  peer_BL=['11', '10']  my_BL=['10', '11']
[23:25:38] HOP bucket=31092 L3 active=wlan0 ch3  | prep wlan1 ch3  | BL=['10', '11']
[TX  ->  *] bucket=31092 L3 active=wlan0 ch3  BL=['10', '11']
[RX  <- B] bucket=31092  peer_BL=['11', '10']  my_BL=['10', '11']
[23:25:40] HOP bucket=31093 L3 active=wlan1 ch3  | prep wlan0 ch4  | BL=['10', '11']
[TX  ->  *] bucket=31093 L3 active=wlan1 ch3  BL=['10', '11']
[RX  <- B] bucket=31093  peer_BL=['11', '10']  my_BL=['10', '11']
[23:25:42] HOP bucket=31094 L3 active=wlan0 ch4  | prep wlan1 ch9  | BL=['10', '11']
[RX  <- B] bucket=31094  peer_BL=['11', '10']  my_BL=['10', '11']
[TX  ->  *] bucket=31094 L3 active=wlan0 ch4  BL=['10', '11']
[23:25:44] HOP bucket=31095 L3 active=wlan1 ch9  | prep wlan0 ch7  | BL=['10', '11']
[TX  ->  *] bucket=31095 L3 active=wlan1 ch9  BL=['10', '11']
[RX  <- B] bucket=31095  peer_BL=['11', '10']  my_BL=['10', '11']
[23:25:46] HOP bucket=31096 L3 active=wlan0 ch7  | prep wlan1 ch5  | BL=['10', '11']
[TX  ->  *] bucket=31096 L3 active=wlan0 ch7  BL=['10', '11']
[RX  <- B] bucket=31096  peer_BL=['11', '10']  my_BL=['10', '11']
[23:25:48] HOP bucket=31097 L3 active=wlan1 ch5  | prep wlan0 ch3  | BL=['10', '11']
[TX  ->  *] bucket=31097 L3 active=wlan1 ch5  BL=['10', '11']
[RX  <- B] bucket=31097  peer_BL=['11', '10']  my_BL=['10', '11']
[23:25:50] HOP bucket=31098 L3 active=wlan0 ch3  | prep wlan1 ch5  | BL=['10', '11']
[TX  ->  *] bucket=31098 L3 active=wlan0 ch3  BL=['10', '11']
[RX  <- B] bucket=31098  peer_BL=['11', '10']  my_BL=['10', '11']
[23:25:52] HOP bucket=31099 L3 active=wlan1 ch5  | prep wlan0 ch7  | BL=['10', '11']
[RX  <- B] bucket=31099  peer_BL=['11', '10']  my_BL=['10', '11']
[TX  ->  *] bucket=31099 L3 active=wlan1 ch5  BL=['10', '11']
[23:25:54] HOP bucket=31100 L3 active=wlan0 ch7  | prep wlan1 ch9  | BL=['10', '11']
[RX  <- B] bucket=31100  peer_BL=['11', '10']  my_BL=['10', '11']
[TX  ->  *] bucket=31100 L3 active=wlan0 ch7  BL=['10', '11']
[23:25:56] HOP bucket=31101 L3 active=wlan1 ch9  | prep wlan0 ch3  | BL=['10', '11']
[TX  ->  *] bucket=31101 L3 active=wlan1 ch9  BL=['10', '11']
[RX  <- B] bucket=31101  peer_BL=['11', '10']  my_BL=['10', '11']
[23:25:58] HOP bucket=31102 L3 active=wlan0 ch3  | prep wlan1 ch7  | BL=['10', '11']
[TX  ->  *] bucket=31102 L3 active=wlan0 ch3  BL=['10', '11']
[RX  <- B] bucket=31102  peer_BL=['11', '10']  my_BL=['10', '11']
[23:26:00] HOP bucket=31103 L3 active=wlan1 ch7  | prep wlan0 ch9  | BL=['10', '11']
[TX  ->  *] bucket=31103 L3 active=wlan1 ch7  BL=['10', '11']
[RX  <- B] bucket=31103  peer_BL=['11', '10']  my_BL=['10', '11']
[23:26:02] HOP bucket=31104 L3 active=wlan0 ch9  | prep wlan1 ch5  | BL=['10', '11']
[RX  <- B] bucket=31104  peer_BL=['11', '10']  my_BL=['10', '11']
[TX  ->  *] bucket=31104 L3 active=wlan0 ch9  BL=['10', '11']
[23:26:04] HOP bucket=31105 L3 active=wlan1 ch5  | prep wlan0 ch3  | BL=['10', '11']
[RX  <- B] bucket=31105  peer_BL=['11', '10']  my_BL=['10', '11']
[TX  ->  *] bucket=31105 L3 active=wlan1 ch5  BL=['10', '11']
[23:26:06] HOP bucket=31106 L3 active=wlan0 ch3  | prep wlan1 ch5  | BL=['10', '11']
[TX  ->  *] bucket=31106 L3 active=wlan0 ch3  BL=['10', '11']
[RX  <- B] bucket=31106  peer_BL=['11', '10']  my_BL=['10', '11']
[23:26:08] HOP bucket=31107 L3 active=wlan1 ch5  | prep wlan0 ch3  | BL=['10', '11']
[RX  <- B] bucket=31107  peer_BL=['11', '10']  my_BL=['10', '11']
[TX  ->  *] bucket=31107 L3 active=wlan1 ch5  BL=['10', '11']
[23:26:10] HOP bucket=31108 L3 active=wlan0 ch3  | prep wlan1 ch9  | BL=['10', '11']
[RX  <- B] bucket=31108  peer_BL=['11', '10']  my_BL=['10', '11']
[TX  ->  *] bucket=31108 L3 active=wlan0 ch3  BL=['10', '11']
[23:26:12] HOP bucket=31109 L3 active=wlan1 ch9  | prep wlan0 ch6  | BL=['10', '11']
[TX  ->  *] bucket=31109 L3 active=wlan1 ch9  BL=['10', '11']
[RX  <- B] bucket=31109  peer_BL=['11', '10']  my_BL=['10', '11']
[23:26:14] HOP bucket=31110 L3 active=wlan0 ch6  | prep wlan1 ch11  | BL=['10']
[TX  ->  *] bucket=31110 L3 active=wlan0 ch6  BL=['10']
[!! JAMMED  ] bucket=31110 L3 active=wlan0 ch6  silent + egress_drops=72  -> BL until bucket=31140  BL=['6', '10']
[23:26:16] HOP bucket=31111 L3 active=wlan1 ch11  | prep wlan0 ch8  | BL=['6', '10']
[TX  ->  *] bucket=31111 L3 active=wlan1 ch11  BL=['6', '10']
[!! JAMMED  ] bucket=31111 L3 active=wlan1 ch11  silent + egress_drops=38  -> BL until bucket=31141  BL=['6', '10', '11']
[23:26:18] HOP bucket=31112 L3 active=wlan0 ch8  | prep wlan1 ch3  | BL=['6', '10', '11']
[TX  ->  *] bucket=31112 L3 active=wlan0 ch8  BL=['6', '10', '11']
[RX  <- B] bucket=31112  peer_BL=['10', '6', '11']  my_BL=['6', '10', '11']
[23:26:20] HOP bucket=31113 L3 active=wlan1 ch3  | prep wlan0 ch7  | BL=['6', '10', '11']
[TX  ->  *] bucket=31113 L3 active=wlan1 ch3  BL=['6', '10', '11']
[!! JAMMED  ] bucket=31113 L3 active=wlan1 ch3  silent + egress_drops=38  -> BL until bucket=31143  BL=['3', '6', '10', '11']
[23:26:22] HOP bucket=31114 L3 active=wlan0 ch7  | prep wlan1 ch4  | BL=['3', '6', '11']
[TX  ->  *] bucket=31114 L3 active=wlan0 ch7  BL=['3', '6', '11']
[RX  <- B] bucket=31114  peer_BL=['6', '11', '3']  my_BL=['3', '6', '11']
[23:26:24] HOP bucket=31115 L3 active=wlan1 ch4  | prep wlan0 ch9  | BL=['3', '6', '11']
[RX  <- B] bucket=31115  peer_BL=['6', '11', '3']  my_BL=['3', '6', '11']
[TX  ->  *] bucket=31115 L3 active=wlan1 ch4  BL=['3', '6', '11']
[23:26:26] HOP bucket=31116 L3 active=wlan0 ch9  | prep wlan1 ch10  | BL=['3', '6', '11']
[TX  ->  *] bucket=31116 L3 active=wlan0 ch9  BL=['3', '6', '11']
[!! JAMMED  ] bucket=31116 L3 active=wlan0 ch9  silent + egress_drops=38  -> BL until bucket=31146  BL=['3', '6', '9', '11']
[23:26:28] HOP bucket=31117 L3 active=wlan1 ch10  | prep wlan0 ch8  | BL=['3', '6', '9', '11']
[RX  <- B] bucket=31117  peer_BL=['6', '11', '3', '9']  my_BL=['3', '6', '9', '11']
[TX  ->  *] bucket=31117 L3 active=wlan1 ch10  BL=['3', '6', '9', '11']
[23:26:30] HOP bucket=31118 L3 active=wlan0 ch8  | prep wlan1 ch7  | BL=['3', '6', '9', '11']
[TX  ->  *] bucket=31118 L3 active=wlan0 ch8  BL=['3', '6', '9', '11']
[RX  <- B] bucket=31118  peer_BL=['6', '11', '3', '9']  my_BL=['3', '6', '9', '11']
[23:26:32] HOP bucket=31119 L3 active=wlan1 ch7  | prep wlan0 ch7  | BL=['3', '6', '9', '11']
[RX  <- B] bucket=31119  peer_BL=['6', '11', '3', '9']  my_BL=['3', '6', '9', '11']
[TX  ->  *] bucket=31119 L3 active=wlan1 ch7  BL=['3', '6', '9', '11']
[23:26:34] HOP bucket=31120 L3 active=wlan0 ch7  | prep wlan1 ch4  | BL=['3', '6', '9', '11']
[RX  <- B] bucket=31120  peer_BL=['6', '11', '3', '9']  my_BL=['3', '6', '9', '11']
[TX  ->  *] bucket=31120 L3 active=wlan0 ch7  BL=['3', '6', '9', '11']
[23:26:36] HOP bucket=31121 L3 active=wlan1 ch4  | prep wlan0 ch7  | BL=['3', '6', '9', '11']
[TX  ->  *] bucket=31121 L3 active=wlan1 ch4  BL=['3', '6', '9', '11']
[RX  <- B] bucket=31121  peer_BL=['6', '11', '3', '9']  my_BL=['3', '6', '9', '11']
[23:26:38] HOP bucket=31122 L3 active=wlan0 ch7  | prep wlan1 ch7  | BL=['3', '6', '9', '11']
[TX  ->  *] bucket=31122 L3 active=wlan0 ch7  BL=['3', '6', '9', '11']
[RX  <- B] bucket=31122  peer_BL=['6', '11', '3', '9']  my_BL=['3', '6', '9', '11']
[23:26:40] HOP bucket=31123 L3 active=wlan1 ch7  | prep wlan0 ch7  | BL=['3', '6', '9', '11']
[TX  ->  *] bucket=31123 L3 active=wlan1 ch7  BL=['3', '6', '9', '11']
[RX  <- B] bucket=31123  peer_BL=['6', '11', '3', '9']  my_BL=['3', '6', '9', '11']
[23:26:42] HOP bucket=31124 L3 active=wlan0 ch7  | prep wlan1 ch10  | BL=['3', '6', '9', '11']
[RX  <- B] bucket=31124  peer_BL=['6', '11', '3', '9']  my_BL=['3', '6', '9', '11']
[TX  ->  *] bucket=31124 L3 active=wlan0 ch7  BL=['3', '6', '9', '11']
[23:26:44] HOP bucket=31125 L3 active=wlan1 ch10  | prep wlan0 ch7  | BL=['3', '6', '9', '11']
[RX  <- B] bucket=31125  peer_BL=['6', '11', '3', '9']  my_BL=['3', '6', '9', '11']
[TX  ->  *] bucket=31125 L3 active=wlan1 ch10  BL=['3', '6', '9', '11']
[23:26:46] HOP bucket=31126 L3 active=wlan0 ch7  | prep wlan1 ch4  | BL=['3', '6', '9', '11']
[RX  <- B] bucket=31126  peer_BL=['6', '11', '3', '9']  my_BL=['3', '6', '9', '11']
[TX  ->  *] bucket=31126 L3 active=wlan0 ch7  BL=['3', '6', '9', '11']
[23:26:48] HOP bucket=31127 L3 active=wlan1 ch4  | prep wlan0 ch4  | BL=['3', '6', '9', '11']
[RX  <- B] bucket=31127  peer_BL=['6', '11', '3', '9']  my_BL=['3', '6', '9', '11']
[TX  ->  *] bucket=31127 L3 active=wlan1 ch4  BL=['3', '6', '9', '11']
[23:26:50] HOP bucket=31128 L3 active=wlan0 ch4  | prep wlan1 ch7  | BL=['3', '6', '9', '11']
[TX  ->  *] bucket=31128 L3 active=wlan0 ch4  BL=['3', '6', '9', '11']
[RX  <- B] bucket=31128  peer_BL=['6', '11', '3', '9']  my_BL=['3', '6', '9', '11']
[23:26:52] HOP bucket=31129 L3 active=wlan1 ch7  | prep wlan0 ch4  | BL=['3', '6', '9', '11']
[TX  ->  *] bucket=31129 L3 active=wlan1 ch7  BL=['3', '6', '9', '11']
[RX  <- B] bucket=31129  peer_BL=['6', '11', '3', '9']  my_BL=['3', '6', '9', '11']
[23:26:54] HOP bucket=31130 L3 active=wlan0 ch4  | prep wlan1 ch10  | BL=['3', '6', '9', '11']
[TX  ->  *] bucket=31130 L3 active=wlan0 ch4  BL=['3', '6', '9', '11']
[RX  <- B] bucket=31130  peer_BL=['6', '11', '3', '9']  my_BL=['3', '6', '9', '11']
[23:26:56] HOP bucket=31131 L3 active=wlan1 ch10  | prep wlan0 ch7  | BL=['3', '6', '9', '11']
[TX  ->  *] bucket=31131 L3 active=wlan1 ch10  BL=['3', '6', '9', '11']
[RX  <- B] bucket=31131  peer_BL=['6', '11', '3', '9']  my_BL=['3', '6', '9', '11']
[23:26:58] HOP bucket=31132 L3 active=wlan0 ch7  | prep wlan1 ch4  | BL=['3', '6', '9', '11']
[TX  ->  *] bucket=31132 L3 active=wlan0 ch7  BL=['3', '6', '9', '11']
[RX  <- B] bucket=31132  peer_BL=['6', '11', '3', '9']  my_BL=['3', '6', '9', '11']
[23:27:00] HOP bucket=31133 L3 active=wlan1 ch4  | prep wlan0 ch7  | BL=['3', '6', '9', '11']
[TX  ->  *] bucket=31133 L3 active=wlan1 ch4  BL=['3', '6', '9', '11']
[RX  <- B] bucket=31133  peer_BL=['6', '11', '3', '9']  my_BL=['3', '6', '9', '11']
[23:27:02] HOP bucket=31134 L3 active=wlan0 ch7  | prep wlan1 ch7  | BL=['3', '6', '9', '11']
[TX  ->  *] bucket=31134 L3 active=wlan0 ch7  BL=['3', '6', '9', '11']
[RX  <- B] bucket=31134  peer_BL=['6', '11', '3', '9']  my_BL=['3', '6', '9', '11']
[23:27:04] HOP bucket=31135 L3 active=wlan1 ch7  | prep wlan0 ch7  | BL=['3', '6', '9', '11']
[RX  <- B] bucket=31135  peer_BL=['6', '11', '3', '9']  my_BL=['3', '6', '9', '11']
[TX  ->  *] bucket=31135 L3 active=wlan1 ch7  BL=['3', '6', '9', '11']
[23:27:06] HOP bucket=31136 L3 active=wlan0 ch7  | prep wlan1 ch10  | BL=['3', '6', '9', '11']
[RX  <- B] bucket=31136  peer_BL=['6', '11', '3', '9']  my_BL=['3', '6', '9', '11']
[TX  ->  *] bucket=31136 L3 active=wlan0 ch7  BL=['3', '6', '9', '11']
[23:27:08] HOP bucket=31137 L3 active=wlan1 ch10  | prep wlan0 ch10  | BL=['3', '6', '9', '11']
[RX  <- B] bucket=31137  peer_BL=['6', '11', '3', '9']  my_BL=['3', '6', '9', '11']
[TX  ->  *] bucket=31137 L3 active=wlan1 ch10  BL=['3', '6', '9', '11']
[23:27:10] HOP bucket=31138 L3 active=wlan0 ch10  | prep wlan1 ch7  | BL=['3', '6', '9', '11']
[RX  <- B] bucket=31138  peer_BL=['6', '11', '3', '9']  my_BL=['3', '6', '9', '11']
[TX  ->  *] bucket=31138 L3 active=wlan0 ch10  BL=['3', '6', '9', '11']
[23:27:12] HOP bucket=31139 L3 active=wlan1 ch7  | prep wlan0 ch4  | BL=['3', '6', '9', '11']
[RX  <- B] bucket=31139  peer_BL=['6', '11', '3', '9']  my_BL=['3', '6', '9', '11']
[TX  ->  *] bucket=31139 L3 active=wlan1 ch7  BL=['3', '6', '9', '11']
[23:27:14] HOP bucket=31140 L3 active=wlan0 ch4  | prep wlan1 ch5  | BL=['3', '9', '11']
[TX  ->  *] bucket=31140 L3 active=wlan0 ch4  BL=['3', '9', '11']
[RX  <- B] bucket=31140  peer_BL=['11', '3', '9']  my_BL=['3', '9', '11']
[23:27:16] HOP bucket=31141 L3 active=wlan1 ch5  | prep wlan0 ch4  | BL=['3', '9']
[TX  ->  *] bucket=31141 L3 active=wlan1 ch5  BL=['3', '9']
[RX  <- B] bucket=31141  peer_BL=['3', '9']  my_BL=['3', '9']
[23:27:18] HOP bucket=31142 L3 active=wlan0 ch4  | prep wlan1 ch5  | BL=['3', '9']
[RX  <- B] bucket=31142  peer_BL=['3', '9']  my_BL=['3', '9']
[TX  ->  *] bucket=31142 L3 active=wlan0 ch4  BL=['3', '9']
[23:27:20] HOP bucket=31143 L3 active=wlan1 ch5  | prep wlan0 ch5  | BL=['9']
[RX  <- B] bucket=31143  peer_BL=['9']  my_BL=['9']
[TX  ->  *] bucket=31143 L3 active=wlan1 ch5  BL=['9']
[23:27:22] HOP bucket=31144 L3 active=wlan0 ch5  | prep wlan1 ch10  | BL=['9']
[TX  ->  *] bucket=31144 L3 active=wlan0 ch5  BL=['9']
[RX  <- B] bucket=31144  peer_BL=['9']  my_BL=['9']
[23:27:24] HOP bucket=31145 L3 active=wlan1 ch10  | prep wlan0 ch6  | BL=['9']
[TX  ->  *] bucket=31145 L3 active=wlan1 ch10  BL=['9']
[RX  <- B] bucket=31145  peer_BL=['9']  my_BL=['9']
[23:27:26] HOP bucket=31146 L3 active=wlan0 ch6  | prep wlan1 ch8  | BL=[]
[TX  ->  *] bucket=31146 L3 active=wlan0 ch6  BL=[]
[!! JAMMED  ] bucket=31146 L3 active=wlan0 ch6  silent + egress_drops=38  -> BL until bucket=31176  BL=['6']
[23:27:28] HOP bucket=31147 L3 active=wlan1 ch8  | prep wlan0 ch10  | BL=['6']
[RX  <- B] bucket=31147  peer_BL=['6']  my_BL=['6']
[TX  ->  *] bucket=31147 L3 active=wlan1 ch8  BL=['6']
[23:27:30] HOP bucket=31148 L3 active=wlan0 ch10  | prep wlan1 ch4  | BL=['6']
[RX  <- B] bucket=31148  peer_BL=['6']  my_BL=['6']
[TX  ->  *] bucket=31148 L3 active=wlan0 ch10  BL=['6']
[23:27:32] HOP bucket=31149 L3 active=wlan1 ch4  | prep wlan0 ch8  | BL=['6']
[RX  <- B] bucket=31149  peer_BL=['6']  my_BL=['6']
[TX  ->  *] bucket=31149 L3 active=wlan1 ch4  BL=['6']
[23:27:34] HOP bucket=31150 L3 active=wlan0 ch8  | prep wlan1 ch5  | BL=['6']
[TX  ->  *] bucket=31150 L3 active=wlan0 ch8  BL=['6']
[RX  <- B] bucket=31150  peer_BL=['6']  my_BL=['6']
[23:27:36] HOP bucket=31151 L3 active=wlan1 ch5  | prep wlan0 ch10  | BL=['6']
[TX  ->  *] bucket=31151 L3 active=wlan1 ch5  BL=['6']
[RX  <- B] bucket=31151  peer_BL=['6']  my_BL=['6']
[23:27:38] HOP bucket=31152 L3 active=wlan0 ch10  | prep wlan1 ch7  | BL=['6']
[TX  ->  *] bucket=31152 L3 active=wlan0 ch10  BL=['6']
[RX  <- B] bucket=31152  peer_BL=['6']  my_BL=['6']
[23:27:40] HOP bucket=31153 L3 active=wlan1 ch7  | prep wlan0 ch11  | BL=['6']
[TX  ->  *] bucket=31153 L3 active=wlan1 ch7  BL=['6']
[RX  <- B] bucket=31153  peer_BL=['6']  my_BL=['6']
[23:27:42] HOP bucket=31154 L3 active=wlan0 ch11  | prep wlan1 ch5  | BL=['6']
[TX  ->  *] bucket=31154 L3 active=wlan0 ch11  BL=['6']
[!! JAMMED  ] bucket=31154 L3 active=wlan0 ch11  silent + egress_drops=38  -> BL until bucket=31184  BL=['6', '11']
[23:27:44] HOP bucket=31155 L3 active=wlan1 ch5  | prep wlan0 ch5  | BL=['6', '11']
[RX  <- B] bucket=31155  peer_BL=['6', '11']  my_BL=['6', '11']
[TX  ->  *] bucket=31155 L3 active=wlan1 ch5  BL=['6', '11']
[23:27:46] HOP bucket=31156 L3 active=wlan0 ch5  | prep wlan1 ch5  | BL=['6', '11']
[RX  <- B] bucket=31156  peer_BL=['6', '11']  my_BL=['6', '11']
[TX  ->  *] bucket=31156 L3 active=wlan0 ch5  BL=['6', '11']
[23:27:48] HOP bucket=31157 L3 active=wlan1 ch5  | prep wlan0 ch9  | BL=['6', '11']
[TX  ->  *] bucket=31157 L3 active=wlan1 ch5  BL=['6', '11']
[RX  <- B] bucket=31157  peer_BL=['6', '11']  my_BL=['6', '11']
[23:27:50] HOP bucket=31158 L3 active=wlan0 ch9  | prep wlan1 ch3  | BL=['6', '11']
[TX  ->  *] bucket=31158 L3 active=wlan0 ch9  BL=['6', '11']
[!! JAMMED  ] bucket=31158 L3 active=wlan0 ch9  silent + egress_drops=39  -> BL until bucket=31188  BL=['6', '9', '11']
[23:27:52] HOP bucket=31159 L3 active=wlan1 ch3  | prep wlan0 ch4  | BL=['6', '9', '11']
[TX  ->  *] bucket=31159 L3 active=wlan1 ch3  BL=['6', '9', '11']
[!! JAMMED  ] bucket=31159 L3 active=wlan1 ch3  silent + egress_drops=38  -> BL until bucket=31189  BL=['3', '6', '9', '11']
[23:27:54] HOP bucket=31160 L3 active=wlan0 ch4  | prep wlan1 ch4  | BL=['3', '6', '9', '11']
[TX  ->  *] bucket=31160 L3 active=wlan0 ch4  BL=['3', '6', '9', '11']
[RX  <- B] bucket=31160  peer_BL=['6', '11', '9', '3']  my_BL=['3', '6', '9', '11']
[23:27:56] HOP bucket=31161 L3 active=wlan1 ch4  | prep wlan0 ch10  | BL=['3', '6', '9', '11']
[TX  ->  *] bucket=31161 L3 active=wlan1 ch4  BL=['3', '6', '9', '11']
[RX  <- B] bucket=31161  peer_BL=['6', '11', '9', '3']  my_BL=['3', '6', '9', '11']
[23:27:58] HOP bucket=31162 L3 active=wlan0 ch10  | prep wlan1 ch4  | BL=['3', '6', '9', '11']
[RX  <- B] bucket=31162  peer_BL=['6', '11', '9', '3']  my_BL=['3', '6', '9', '11']
[TX  ->  *] bucket=31162 L3 active=wlan0 ch10  BL=['3', '6', '9', '11']
[23:28:00] HOP bucket=31163 L3 active=wlan1 ch4  | prep wlan0 ch7  | BL=['3', '6', '9', '11']
[RX  <- B] bucket=31163  peer_BL=['6', '11', '9', '3']  my_BL=['3', '6', '9', '11']
[TX  ->  *] bucket=31163 L3 active=wlan1 ch4  BL=['3', '6', '9', '11']
[23:28:02] HOP bucket=31164 L3 active=wlan0 ch7  | prep wlan1 ch8  | BL=['3', '6', '9', '11']
[RX  <- B] bucket=31164  peer_BL=['6', '11', '9', '3']  my_BL=['3', '6', '9', '11']
[TX  ->  *] bucket=31164 L3 active=wlan0 ch7  BL=['3', '6', '9', '11']
[23:28:04] HOP bucket=31165 L3 active=wlan1 ch8  | prep wlan0 ch4  | BL=['3', '6', '9', '11']
[RX  <- B] bucket=31165  peer_BL=['6', '11', '9', '3']  my_BL=['3', '6', '9', '11']
[TX  ->  *] bucket=31165 L3 active=wlan1 ch8  BL=['3', '6', '9', '11']
[23:28:06] HOP bucket=31166 L3 active=wlan0 ch4  | prep wlan1 ch4  | BL=['3', '6', '9', '11']
[RX  <- B] bucket=31166  peer_BL=['6', '11', '9', '3']  my_BL=['3', '6', '9', '11']
[TX  ->  *] bucket=31166 L3 active=wlan0 ch4  BL=['3', '6', '9', '11']
[23:28:08] HOP bucket=31167 L3 active=wlan1 ch4  | prep wlan0 ch4  | BL=['3', '6', '9', '11']
[TX  ->  *] bucket=31167 L3 active=wlan1 ch4  BL=['3', '6', '9', '11']
[RX  <- B] bucket=31167  peer_BL=['6', '11', '9', '3']  my_BL=['3', '6', '9', '11']
[23:28:10] HOP bucket=31168 L3 active=wlan0 ch4  | prep wlan1 ch10  | BL=['3', '6', '9', '11']
[RX  <- B] bucket=31168  peer_BL=['6', '11', '9', '3']  my_BL=['3', '6', '9', '11']
[TX  ->  *] bucket=31168 L3 active=wlan0 ch4  BL=['3', '6', '9', '11']
[23:28:12] HOP bucket=31169 L3 active=wlan1 ch10  | prep wlan0 ch10  | BL=['3', '6', '9', '11']
[RX  <- B] bucket=31169  peer_BL=['6', '11', '9', '3']  my_BL=['3', '6', '9', '11']
[TX  ->  *] bucket=31169 L3 active=wlan1 ch10  BL=['3', '6', '9', '11']
[23:28:14] HOP bucket=31170 L3 active=wlan0 ch10  | prep wlan1 ch8  | BL=['3', '6', '9', '11']
[TX  ->  *] bucket=31170 L3 active=wlan0 ch10  BL=['3', '6', '9', '11']
[RX  <- B] bucket=31170  peer_BL=['6', '11', '9', '3']  my_BL=['3', '6', '9', '11']
[23:28:16] HOP bucket=31171 L3 active=wlan1 ch8  | prep wlan0 ch7  | BL=['3', '6', '9', '11']
[RX  <- B] bucket=31171  peer_BL=['6', '11', '9', '3']  my_BL=['3', '6', '9', '11']
[TX  ->  *] bucket=31171 L3 active=wlan1 ch8  BL=['3', '6', '9', '11']
[23:28:18] HOP bucket=31172 L3 active=wlan0 ch7  | prep wlan1 ch4  | BL=['3', '6', '9', '11']
[TX  ->  *] bucket=31172 L3 active=wlan0 ch7  BL=['3', '6', '9', '11']
[RX  <- B] bucket=31172  peer_BL=['6', '11', '9', '3']  my_BL=['3', '6', '9', '11']
[23:28:20] HOP bucket=31173 L3 active=wlan1 ch4  | prep wlan0 ch7  | BL=['3', '6', '9', '11']
[TX  ->  *] bucket=31173 L3 active=wlan1 ch4  BL=['3', '6', '9', '11']
[RX  <- B] bucket=31173  peer_BL=['6', '11', '9', '3']  my_BL=['3', '6', '9', '11']
[23:28:22] HOP bucket=31174 L3 active=wlan0 ch7  | prep wlan1 ch7  | BL=['3', '6', '9', '11']
[RX  <- B] bucket=31174  peer_BL=['6', '11', '9', '3']  my_BL=['3', '6', '9', '11']
[TX  ->  *] bucket=31174 L3 active=wlan0 ch7  BL=['3', '6', '9', '11']
[23:28:24] HOP bucket=31175 L3 active=wlan1 ch7  | prep wlan0 ch8  | BL=['3', '6', '9', '11']
[RX  <- B] bucket=31175  peer_BL=['6', '11', '9', '3']  my_BL=['3', '6', '9', '11']
[TX  ->  *] bucket=31175 L3 active=wlan1 ch7  BL=['3', '6', '9', '11']
[23:28:26] HOP bucket=31176 L3 active=wlan0 ch8  | prep wlan1 ch4  | BL=['3', '9', '11']
[RX  <- B] bucket=31176  peer_BL=['11', '9', '3']  my_BL=['3', '9', '11']
[TX  ->  *] bucket=31176 L3 active=wlan0 ch8  BL=['3', '9', '11']
[23:28:28] HOP bucket=31177 L3 active=wlan1 ch4  | prep wlan0 ch6  | BL=['3', '9', '11']
[TX  ->  *] bucket=31177 L3 active=wlan1 ch4  BL=['3', '9', '11']
[RX  <- B] bucket=31177  peer_BL=['11', '9', '3']  my_BL=['3', '9', '11']
[23:28:30] HOP bucket=31178 L3 active=wlan0 ch6  | prep wlan1 ch7  | BL=['3', '9', '11']
[TX  ->  *] bucket=31178 L3 active=wlan0 ch6  BL=['3', '9', '11']
[RX  <- B] bucket=31178  peer_BL=['11', '9', '3']  my_BL=['3', '9', '11']
[23:28:32] HOP bucket=31179 L3 active=wlan1 ch7  | prep wlan0 ch10  | BL=['3', '9', '11']
[TX  ->  *] bucket=31179 L3 active=wlan1 ch7  BL=['3', '9', '11']
[RX  <- B] bucket=31179  peer_BL=['11', '9', '3']  my_BL=['3', '9', '11']
[23:28:34] HOP bucket=31180 L3 active=wlan0 ch10  | prep wlan1 ch5  | BL=['3', '9', '11']
[RX  <- B] bucket=31180  peer_BL=['11', '9', '3']  my_BL=['3', '9', '11']
[TX  ->  *] bucket=31180 L3 active=wlan0 ch10  BL=['3', '9', '11']
[23:28:36] HOP bucket=31181 L3 active=wlan1 ch5  | prep wlan0 ch4  | BL=['3', '9', '11']
[TX  ->  *] bucket=31181 L3 active=wlan1 ch5  BL=['3', '9', '11']
[RX  <- B] bucket=31181  peer_BL=['11', '9', '3']  my_BL=['3', '9', '11']
[23:28:38] HOP bucket=31182 L3 active=wlan0 ch4  | prep wlan1 ch10  | BL=['3', '9', '11']
[TX  ->  *] bucket=31182 L3 active=wlan0 ch4  BL=['3', '9', '11']
[RX  <- B] bucket=31182  peer_BL=['11', '9', '3']  my_BL=['3', '9', '11']
[23:28:40] HOP bucket=31183 L3 active=wlan1 ch10  | prep wlan0 ch10  | BL=['3', '9', '11']
[TX  ->  *] bucket=31183 L3 active=wlan1 ch10  BL=['3', '9', '11']
[RX  <- B] bucket=31183  peer_BL=['11', '9', '3']  my_BL=['3', '9', '11']
[23:28:42] HOP bucket=31184 L3 active=wlan0 ch10  | prep wlan1 ch11  | BL=['3', '9']
