============================================================
 ARTCHO NODE — MODE=L4 — NODE_ID=A
============================================================
 Bucket duration : 2.0s
 TEST_EPOCH      : 1772497766.0
 BUCKET_EPOCH    : 1772436566.0
 sim offset      : 61200s  (17.00h)
 Use blacklist   : False
 Detect enabled  : False
 Dual radio      : False
============================================================

[WAIT] sleeping 17.4s until TEST_EPOCH...
[INIT] L4 cold-start (bucket=30600): wlan0 -> ch5 (2432 MHz), wlan1 idle
       confirmed blacklist: []
[INIT] L4 cold-start complete.

[TX  ->  *] bucket=30600 L4 active=wlan0 ch5  BL=[]
[RX  <- B] bucket=30600  peer_BL=[]  my_BL=[]
[01:29:28] HOP bucket=30601 L4 wlan0 -> ch6  (retuning, ~700ms loss)  | BL=[]
[TX  ->  *] bucket=30601 L4 active=wlan0 ch6  BL=[]
[RX  <- B] bucket=30601  peer_BL=[]  my_BL=[]
[01:29:30] HOP bucket=30602 L4 wlan0 -> ch5  (retuning, ~700ms loss)  | BL=[]
[TX  ->  *] bucket=30602 L4 active=wlan0 ch5  BL=[]
[RX  <- B] bucket=30602  peer_BL=[]  my_BL=[]
[01:29:32] HOP bucket=30603 L4 wlan0 -> ch9  (retuning, ~700ms loss)  | BL=[]
[TX  ->  *] bucket=30603 L4 active=wlan0 ch9  BL=[]
[RX  <- B] bucket=30603  peer_BL=[]  my_BL=[]
[01:29:34] HOP bucket=30604 L4 wlan0 -> ch9  (retuning, ~700ms loss)  | BL=[]
[TX  ->  *] bucket=30604 L4 active=wlan0 ch9  BL=[]
[RX  <- B] bucket=30604  peer_BL=[]  my_BL=[]
[01:29:36] HOP bucket=30605 L4 wlan0 -> ch11  (retuning, ~700ms loss)  | BL=[]
[RX  <- B] bucket=30605  peer_BL=[]  my_BL=[]
[TX  ->  *] bucket=30605 L4 active=wlan0 ch11  BL=[]
[01:29:38] HOP bucket=30606 L4 wlan0 -> ch9  (retuning, ~700ms loss)  | BL=[]
[TX  ->  *] bucket=30606 L4 active=wlan0 ch9  BL=[]
[RX  <- B] bucket=30606  peer_BL=[]  my_BL=[]
[01:29:40] HOP bucket=30607 L4 wlan0 -> ch10  (retuning, ~700ms loss)  | BL=[]
[TX  ->  *] bucket=30607 L4 active=wlan0 ch10  BL=[]
[RX  <- B] bucket=30607  peer_BL=[]  my_BL=[]
[01:29:42] HOP bucket=30608 L4 wlan0 -> ch10  (retuning, ~700ms loss)  | BL=[]
[TX  ->  *] bucket=30608 L4 active=wlan0 ch10  BL=[]
[RX  <- B] bucket=30608  peer_BL=[]  my_BL=[]
[01:29:44] HOP bucket=30609 L4 wlan0 -> ch6  (retuning, ~700ms loss)  | BL=[]
[RX  <- B] bucket=30609  peer_BL=[]  my_BL=[]
[TX  ->  *] bucket=30609 L4 active=wlan0 ch6  BL=[]
[01:29:46] HOP bucket=30610 L4 wlan0 -> ch6  (retuning, ~700ms loss)  | BL=[]
[RX  <- B] bucket=30610  peer_BL=[]  my_BL=[]
[TX  ->  *] bucket=30610 L4 active=wlan0 ch6  BL=[]
[01:29:48] HOP bucket=30611 L4 wlan0 -> ch7  (retuning, ~700ms loss)  | BL=[]
[RX  <- B] bucket=30611  peer_BL=[]  my_BL=[]
[TX  ->  *] bucket=30611 L4 active=wlan0 ch7  BL=[]
[01:29:50] HOP bucket=30612 L4 wlan0 -> ch7  (retuning, ~700ms loss)  | BL=[]
[TX  ->  *] bucket=30612 L4 active=wlan0 ch7  BL=[]
[RX  <- B] bucket=30612  peer_BL=[]  my_BL=[]
[01:29:52] HOP bucket=30613 L4 wlan0 -> ch7  (retuning, ~700ms loss)  | BL=[]
[TX  ->  *] bucket=30613 L4 active=wlan0 ch7  BL=[]
[RX  <- B] bucket=30613  peer_BL=[]  my_BL=[]
[01:29:54] HOP bucket=30614 L4 wlan0 -> ch3  (retuning, ~700ms loss)  | BL=[]
[TX  ->  *] bucket=30614 L4 active=wlan0 ch3  BL=[]
[RX  <- B] bucket=30614  peer_BL=[]  my_BL=[]
[01:29:56] HOP bucket=30615 L4 wlan0 -> ch3  (retuning, ~700ms loss)  | BL=[]
[RX  <- B] bucket=30615  peer_BL=[]  my_BL=[]
[TX  ->  *] bucket=30615 L4 active=wlan0 ch3  BL=[]
[01:29:58] HOP bucket=30616 L4 wlan0 -> ch8  (retuning, ~700ms loss)  | BL=[]
[TX  ->  *] bucket=30616 L4 active=wlan0 ch8  BL=[]
[RX  <- B] bucket=30616  peer_BL=[]  my_BL=[]
[01:30:00] HOP bucket=30617 L4 wlan0 -> ch6  (retuning, ~700ms loss)  | BL=[]
[TX  ->  *] bucket=30617 L4 active=wlan0 ch6  BL=[]
[RX  <- B] bucket=30617  peer_BL=[]  my_BL=[]
[01:30:02] HOP bucket=30618 L4 wlan0 -> ch6  (retuning, ~700ms loss)  | BL=[]
[TX  ->  *] bucket=30618 L4 active=wlan0 ch6  BL=[]
[RX  <- B] bucket=30618  peer_BL=[]  my_BL=[]
[01:30:04] HOP bucket=30619 L4 wlan0 -> ch3  (retuning, ~700ms loss)  | BL=[]
[RX  <- B] bucket=30619  peer_BL=[]  my_BL=[]
[TX  ->  *] bucket=30619 L4 active=wlan0 ch3  BL=[]
[01:30:06] HOP bucket=30620 L4 wlan0 -> ch3  (retuning, ~700ms loss)  | BL=[]
[TX  ->  *] bucket=30620 L4 active=wlan0 ch3  BL=[]
[RX  <- B] bucket=30620  peer_BL=[]  my_BL=[]
[01:30:08] HOP bucket=30621 L4 wlan0 -> ch4  (retuning, ~700ms loss)  | BL=[]
[TX  ->  *] bucket=30621 L4 active=wlan0 ch4  BL=[]
[RX  <- B] bucket=30621  peer_BL=[]  my_BL=[]
[01:30:10] HOP bucket=30622 L4 wlan0 -> ch9  (retuning, ~700ms loss)  | BL=[]
[TX  ->  *] bucket=30622 L4 active=wlan0 ch9  BL=[]
[RX  <- B] bucket=30622  peer_BL=[]  my_BL=[]
[01:30:12] HOP bucket=30623 L4 wlan0 -> ch3  (retuning, ~700ms loss)  | BL=[]
[RX  <- B] bucket=30623  peer_BL=[]  my_BL=[]
[TX  ->  *] bucket=30623 L4 active=wlan0 ch3  BL=[]
[01:30:14] HOP bucket=30624 L4 wlan0 -> ch5  (retuning, ~700ms loss)  | BL=[]
[TX  ->  *] bucket=30624 L4 active=wlan0 ch5  BL=[]
[RX  <- B] bucket=30624  peer_BL=[]  my_BL=[]
[01:30:16] HOP bucket=30625 L4 wlan0 -> ch5  (retuning, ~700ms loss)  | BL=[]
[TX  ->  *] bucket=30625 L4 active=wlan0 ch5  BL=[]
[RX  <- B] bucket=30625  peer_BL=[]  my_BL=[]
[01:30:18] HOP bucket=30626 L4 wlan0 -> ch4  (retuning, ~700ms loss)  | BL=[]
[TX  ->  *] bucket=30626 L4 active=wlan0 ch4  BL=[]
[RX  <- B] bucket=30626  peer_BL=[]  my_BL=[]
[01:30:20] HOP bucket=30627 L4 wlan0 -> ch9  (retuning, ~700ms loss)  | BL=[]
[TX  ->  *] bucket=30627 L4 active=wlan0 ch9  BL=[]
[RX  <- B] bucket=30627  peer_BL=[]  my_BL=[]
[01:30:22] HOP bucket=30628 L4 wlan0 -> ch8  (retuning, ~700ms loss)  | BL=[]
[RX  <- B] bucket=30628  peer_BL=[]  my_BL=[]
[TX  ->  *] bucket=30628 L4 active=wlan0 ch8  BL=[]
[01:30:24] HOP bucket=30629 L4 wlan0 -> ch11  (retuning, ~700ms loss)  | BL=[]
[TX  ->  *] bucket=30629 L4 active=wlan0 ch11  BL=[]
[RX  <- B] bucket=30629  peer_BL=[]  my_BL=[]
[01:30:26] HOP bucket=30630 L4 wlan0 -> ch6  (retuning, ~700ms loss)  | BL=[]
[RX  <- B] bucket=30630  peer_BL=[]  my_BL=[]
[TX  ->  *] bucket=30630 L4 active=wlan0 ch6  BL=[]
[01:30:28] HOP bucket=30631 L4 wlan0 -> ch5  (retuning, ~700ms loss)  | BL=[]
[TX  ->  *] bucket=30631 L4 active=wlan0 ch5  BL=[]
[RX  <- B] bucket=30631  peer_BL=[]  my_BL=[]
[01:30:30] HOP bucket=30632 L4 wlan0 -> ch8  (retuning, ~700ms loss)  | BL=[]
[TX  ->  *] bucket=30632 L4 active=wlan0 ch8  BL=[]
[RX  <- B] bucket=30632  peer_BL=[]  my_BL=[]
[01:30:32] HOP bucket=30633 L4 wlan0 -> ch9  (retuning, ~700ms loss)  | BL=[]
[TX  ->  *] bucket=30633 L4 active=wlan0 ch9  BL=[]
[RX  <- B] bucket=30633  peer_BL=[]  my_BL=[]
[01:30:34] HOP bucket=30634 L4 wlan0 -> ch8  (retuning, ~700ms loss)  | BL=[]
[TX  ->  *] bucket=30634 L4 active=wlan0 ch8  BL=[]
[RX  <- B] bucket=30634  peer_BL=[]  my_BL=[]
[01:30:36] HOP bucket=30635 L4 wlan0 -> ch6  (retuning, ~700ms loss)  | BL=[]
[TX  ->  *] bucket=30635 L4 active=wlan0 ch6  BL=[]
[RX  <- B] bucket=30635  peer_BL=[]  my_BL=[]
[01:30:38] HOP bucket=30636 L4 wlan0 -> ch7  (retuning, ~700ms loss)  | BL=[]
[TX  ->  *] bucket=30636 L4 active=wlan0 ch7  BL=[]
[RX  <- B] bucket=30636  peer_BL=[]  my_BL=[]
[01:30:40] HOP bucket=30637 L4 wlan0 -> ch7  (retuning, ~700ms loss)  | BL=[]
[RX  <- B] bucket=30637  peer_BL=[]  my_BL=[]
[TX  ->  *] bucket=30637 L4 active=wlan0 ch7  BL=[]
[01:30:42] HOP bucket=30638 L4 wlan0 -> ch3  (retuning, ~700ms loss)  | BL=[]
[RX  <- B] bucket=30638  peer_BL=[]  my_BL=[]
[TX  ->  *] bucket=30638 L4 active=wlan0 ch3  BL=[]
[01:30:44] HOP bucket=30639 L4 wlan0 -> ch8  (retuning, ~700ms loss)  | BL=[]
[TX  ->  *] bucket=30639 L4 active=wlan0 ch8  BL=[]
[RX  <- B] bucket=30639  peer_BL=[]  my_BL=[]
[01:30:46] HOP bucket=30640 L4 wlan0 -> ch9  (retuning, ~700ms loss)  | BL=[]
[TX  ->  *] bucket=30640 L4 active=wlan0 ch9  BL=[]
[RX  <- B] bucket=30640  peer_BL=[]  my_BL=[]
[01:30:48] HOP bucket=30641 L4 wlan0 -> ch5  (retuning, ~700ms loss)  | BL=[]
[RX  <- B] bucket=30641  peer_BL=[]  my_BL=[]
[TX  ->  *] bucket=30641 L4 active=wlan0 ch5  BL=[]
[01:30:50] HOP bucket=30642 L4 wlan0 -> ch3  (retuning, ~700ms loss)  | BL=[]
[TX  ->  *] bucket=30642 L4 active=wlan0 ch3  BL=[]
[RX  <- B] bucket=30642  peer_BL=[]  my_BL=[]
[01:30:52] HOP bucket=30643 L4 wlan0 -> ch3  (retuning, ~700ms loss)  | BL=[]
[RX  <- B] bucket=30643  peer_BL=[]  my_BL=[]
[TX  ->  *] bucket=30643 L4 active=wlan0 ch3  BL=[]
[01:30:54] HOP bucket=30644 L4 wlan0 -> ch6  (retuning, ~700ms loss)  | BL=[]
[RX  <- B] bucket=30644  peer_BL=[]  my_BL=[]
[TX  ->  *] bucket=30644 L4 active=wlan0 ch6  BL=[]
[01:30:56] HOP bucket=30645 L4 wlan0 -> ch9  (retuning, ~700ms loss)  | BL=[]
[RX  <- B] bucket=30645  peer_BL=[]  my_BL=[]
[TX  ->  *] bucket=30645 L4 active=wlan0 ch9  BL=[]
[01:30:58] HOP bucket=30646 L4 wlan0 -> ch11  (retuning, ~700ms loss)  | BL=[]
[TX  ->  *] bucket=30646 L4 active=wlan0 ch11  BL=[]
[RX  <- B] bucket=30646  peer_BL=[]  my_BL=[]
[01:31:00] HOP bucket=30647 L4 wlan0 -> ch5  (retuning, ~700ms loss)  | BL=[]
[RX  <- B] bucket=30647  peer_BL=[]  my_BL=[]
[TX  ->  *] bucket=30647 L4 active=wlan0 ch5  BL=[]
[01:31:02] HOP bucket=30648 L4 wlan0 -> ch7  (retuning, ~700ms loss)  | BL=[]
[RX  <- B] bucket=30648  peer_BL=[]  my_BL=[]
[TX  ->  *] bucket=30648 L4 active=wlan0 ch7  BL=[]
[01:31:04] HOP bucket=30649 L4 wlan0 -> ch7  (retuning, ~700ms loss)  | BL=[]
[RX  <- B] bucket=30649  peer_BL=[]  my_BL=[]
[TX  ->  *] bucket=30649 L4 active=wlan0 ch7  BL=[]
[01:31:06] HOP bucket=30650 L4 wlan0 -> ch4  (retuning, ~700ms loss)  | BL=[]
[TX  ->  *] bucket=30650 L4 active=wlan0 ch4  BL=[]
[RX  <- B] bucket=30650  peer_BL=[]  my_BL=[]
[01:31:08] HOP bucket=30651 L4 wlan0 -> ch7  (retuning, ~700ms loss)  | BL=[]
[RX  <- B] bucket=30651  peer_BL=[]  my_BL=[]
[TX  ->  *] bucket=30651 L4 active=wlan0 ch7  BL=[]
[01:31:10] HOP bucket=30652 L4 wlan0 -> ch9  (retuning, ~700ms loss)  | BL=[]
[TX  ->  *] bucket=30652 L4 active=wlan0 ch9  BL=[]
[RX  <- B] bucket=30652  peer_BL=[]  my_BL=[]
[01:31:12] HOP bucket=30653 L4 wlan0 -> ch8  (retuning, ~700ms loss)  | BL=[]
[TX  ->  *] bucket=30653 L4 active=wlan0 ch8  BL=[]
[RX  <- B] bucket=30653  peer_BL=[]  my_BL=[]
[01:31:14] HOP bucket=30654 L4 wlan0 -> ch5  (retuning, ~700ms loss)  | BL=[]
[TX  ->  *] bucket=30654 L4 active=wlan0 ch5  BL=[]
[RX  <- B] bucket=30654  peer_BL=[]  my_BL=[]
[01:31:16] HOP bucket=30655 L4 wlan0 -> ch7  (retuning, ~700ms loss)  | BL=[]
[TX  ->  *] bucket=30655 L4 active=wlan0 ch7  BL=[]
[RX  <- B] bucket=30655  peer_BL=[]  my_BL=[]
[01:31:18] HOP bucket=30656 L4 wlan0 -> ch5  (retuning, ~700ms loss)  | BL=[]
[TX  ->  *] bucket=30656 L4 active=wlan0 ch5  BL=[]
[RX  <- B] bucket=30656  peer_BL=[]  my_BL=[]
[01:31:20] HOP bucket=30657 L4 wlan0 -> ch7  (retuning, ~700ms loss)  | BL=[]
[TX  ->  *] bucket=30657 L4 active=wlan0 ch7  BL=[]
[RX  <- B] bucket=30657  peer_BL=[]  my_BL=[]
[01:31:22] HOP bucket=30658 L4 wlan0 -> ch3  (retuning, ~700ms loss)  | BL=[]
[TX  ->  *] bucket=30658 L4 active=wlan0 ch3  BL=[]
[RX  <- B] bucket=30658  peer_BL=[]  my_BL=[]
[01:31:24] HOP bucket=30659 L4 wlan0 -> ch10  (retuning, ~700ms loss)  | BL=[]
[TX  ->  *] bucket=30659 L4 active=wlan0 ch10  BL=[]
[RX  <- B] bucket=30659  peer_BL=[]  my_BL=[]
[01:31:26] HOP bucket=30660 L4 wlan0 -> ch10  (retuning, ~700ms loss)  | BL=[]
[TX  ->  *] bucket=30660 L4 active=wlan0 ch10  BL=[]
[RX  <- B] bucket=30660  peer_BL=[]  my_BL=[]
[01:31:28] HOP bucket=30661 L4 wlan0 -> ch11  (retuning, ~700ms loss)  | BL=[]
[RX  <- B] bucket=30661  peer_BL=[]  my_BL=[]
[TX  ->  *] bucket=30661 L4 active=wlan0 ch11  BL=[]
[01:31:30] HOP bucket=30662 L4 wlan0 -> ch11  (retuning, ~700ms loss)  | BL=[]
[TX  ->  *] bucket=30662 L4 active=wlan0 ch11  BL=[]
[RX  <- B] bucket=30662  peer_BL=[]  my_BL=[]
[01:31:32] HOP bucket=30663 L4 wlan0 -> ch11  (retuning, ~700ms loss)  | BL=[]
[RX  <- B] bucket=30663  peer_BL=[]  my_BL=[]
[TX  ->  *] bucket=30663 L4 active=wlan0 ch11  BL=[]
[01:31:34] HOP bucket=30664 L4 wlan0 -> ch5  (retuning, ~700ms loss)  | BL=[]
[RX  <- B] bucket=30664  peer_BL=[]  my_BL=[]
[TX  ->  *] bucket=30664 L4 active=wlan0 ch5  BL=[]
[01:31:36] HOP bucket=30665 L4 wlan0 -> ch5  (retuning, ~700ms loss)  | BL=[]
[TX  ->  *] bucket=30665 L4 active=wlan0 ch5  BL=[]
[RX  <- B] bucket=30665  peer_BL=[]  my_BL=[]
[01:31:38] HOP bucket=30666 L4 wlan0 -> ch5  (retuning, ~700ms loss)  | BL=[]
[RX  <- B] bucket=30666  peer_BL=[]  my_BL=[]
[TX  ->  *] bucket=30666 L4 active=wlan0 ch5  BL=[]
[01:31:40] HOP bucket=30667 L4 wlan0 -> ch3  (retuning, ~700ms loss)  | BL=[]
[RX  <- B] bucket=30667  peer_BL=[]  my_BL=[]
[TX  ->  *] bucket=30667 L4 active=wlan0 ch3  BL=[]
[01:31:42] HOP bucket=30668 L4 wlan0 -> ch6  (retuning, ~700ms loss)  | BL=[]
[TX  ->  *] bucket=30668 L4 active=wlan0 ch6  BL=[]
[RX  <- B] bucket=30668  peer_BL=[]  my_BL=[]
[01:31:44] HOP bucket=30669 L4 wlan0 -> ch5  (retuning, ~700ms loss)  | BL=[]
[RX  <- B] bucket=30669  peer_BL=[]  my_BL=[]
[TX  ->  *] bucket=30669 L4 active=wlan0 ch5  BL=[]
[01:31:46] HOP bucket=30670 L4 wlan0 -> ch5  (retuning, ~700ms loss)  | BL=[]
[TX  ->  *] bucket=30670 L4 active=wlan0 ch5  BL=[]
[RX  <- B] bucket=30670  peer_BL=[]  my_BL=[]
[01:31:48] HOP bucket=30671 L4 wlan0 -> ch11  (retuning, ~700ms loss)  | BL=[]
[TX  ->  *] bucket=30671 L4 active=wlan0 ch11  BL=[]
[RX  <- B] bucket=30671  peer_BL=[]  my_BL=[]
[01:31:50] HOP bucket=30672 L4 wlan0 -> ch3  (retuning, ~700ms loss)  | BL=[]
[TX  ->  *] bucket=30672 L4 active=wlan0 ch3  BL=[]
[RX  <- B] bucket=30672  peer_BL=[]  my_BL=[]
[01:31:52] HOP bucket=30673 L4 wlan0 -> ch6  (retuning, ~700ms loss)  | BL=[]
[TX  ->  *] bucket=30673 L4 active=wlan0 ch6  BL=[]
[RX  <- B] bucket=30673  peer_BL=[]  my_BL=[]
[01:31:54] HOP bucket=30674 L4 wlan0 -> ch6  (retuning, ~700ms loss)  | BL=[]
[RX  <- B] bucket=30674  peer_BL=[]  my_BL=[]
[TX  ->  *] bucket=30674 L4 active=wlan0 ch6  BL=[]
[01:31:56] HOP bucket=30675 L4 wlan0 -> ch5  (retuning, ~700ms loss)  | BL=[]
[RX  <- B] bucket=30675  peer_BL=[]  my_BL=[]
[TX  ->  *] bucket=30675 L4 active=wlan0 ch5  BL=[]
[01:31:58] HOP bucket=30676 L4 wlan0 -> ch4  (retuning, ~700ms loss)  | BL=[]
[RX  <- B] bucket=30676  peer_BL=[]  my_BL=[]
[TX  ->  *] bucket=30676 L4 active=wlan0 ch4  BL=[]
[01:32:00] HOP bucket=30677 L4 wlan0 -> ch11  (retuning, ~700ms loss)  | BL=[]
[TX  ->  *] bucket=30677 L4 active=wlan0 ch11  BL=[]
[RX  <- B] bucket=30677  peer_BL=[]  my_BL=[]
[01:32:02] HOP bucket=30678 L4 wlan0 -> ch11  (retuning, ~700ms loss)  | BL=[]
[TX  ->  *] bucket=30678 L4 active=wlan0 ch11  BL=[]
[RX  <- B] bucket=30678  peer_BL=[]  my_BL=[]
[01:32:04] HOP bucket=30679 L4 wlan0 -> ch3  (retuning, ~700ms loss)  | BL=[]
[TX  ->  *] bucket=30679 L4 active=wlan0 ch3  BL=[]
[RX  <- B] bucket=30679  peer_BL=[]  my_BL=[]
[01:32:06] HOP bucket=30680 L4 wlan0 -> ch7  (retuning, ~700ms loss)  | BL=[]
[RX  <- B] bucket=30680  peer_BL=[]  my_BL=[]
[TX  ->  *] bucket=30680 L4 active=wlan0 ch7  BL=[]
[01:32:08] HOP bucket=30681 L4 wlan0 -> ch6  (retuning, ~700ms loss)  | BL=[]
[RX  <- B] bucket=30681  peer_BL=[]  my_BL=[]
[TX  ->  *] bucket=30681 L4 active=wlan0 ch6  BL=[]
[01:32:10] HOP bucket=30682 L4 wlan0 -> ch3  (retuning, ~700ms loss)  | BL=[]
[RX  <- B] bucket=30682  peer_BL=[]  my_BL=[]
[TX  ->  *] bucket=30682 L4 active=wlan0 ch3  BL=[]
[01:32:12] HOP bucket=30683 L4 wlan0 -> ch10  (retuning, ~700ms loss)  | BL=[]
[RX  <- B] bucket=30683  peer_BL=[]  my_BL=[]
[TX  ->  *] bucket=30683 L4 active=wlan0 ch10  BL=[]
[01:32:14] HOP bucket=30684 L4 wlan0 -> ch10  (retuning, ~700ms loss)  | BL=[]
[RX  <- B] bucket=30684  peer_BL=[]  my_BL=[]
[TX  ->  *] bucket=30684 L4 active=wlan0 ch10  BL=[]
[01:32:16] HOP bucket=30685 L4 wlan0 -> ch8  (retuning, ~700ms loss)  | BL=[]
[RX  <- B] bucket=30685  peer_BL=[]  my_BL=[]
[TX  ->  *] bucket=30685 L4 active=wlan0 ch8  BL=[]
[01:32:18] HOP bucket=30686 L4 wlan0 -> ch5  (retuning, ~700ms loss)  | BL=[]
[RX  <- B] bucket=30686  peer_BL=[]  my_BL=[]
[TX  ->  *] bucket=30686 L4 active=wlan0 ch5  BL=[]
[01:32:20] HOP bucket=30687 L4 wlan0 -> ch9  (retuning, ~700ms loss)  | BL=[]
[RX  <- B] bucket=30687  peer_BL=[]  my_BL=[]
[TX  ->  *] bucket=30687 L4 active=wlan0 ch9  BL=[]
[01:32:22] HOP bucket=30688 L4 wlan0 -> ch11  (retuning, ~700ms loss)  | BL=[]
[RX  <- B] bucket=30688  peer_BL=[]  my_BL=[]
[TX  ->  *] bucket=30688 L4 active=wlan0 ch11  BL=[]
[01:32:24] HOP bucket=30689 L4 wlan0 -> ch10  (retuning, ~700ms loss)  | BL=[]
[TX  ->  *] bucket=30689 L4 active=wlan0 ch10  BL=[]
[RX  <- B] bucket=30689  peer_BL=[]  my_BL=[]
[01:32:26] HOP bucket=30690 L4 wlan0 -> ch3  (retuning, ~700ms loss)  | BL=[]
[RX  <- B] bucket=30690  peer_BL=[]  my_BL=[]
[TX  ->  *] bucket=30690 L4 active=wlan0 ch3  BL=[]
[01:32:28] HOP bucket=30691 L4 wlan0 -> ch11  (retuning, ~700ms loss)  | BL=[]
[RX  <- B] bucket=30691  peer_BL=[]  my_BL=[]
[TX  ->  *] bucket=30691 L4 active=wlan0 ch11  BL=[]
[01:32:30] HOP bucket=30692 L4 wlan0 -> ch6  (retuning, ~700ms loss)  | BL=[]
[RX  <- B] bucket=30692  peer_BL=[]  my_BL=[]
[TX  ->  *] bucket=30692 L4 active=wlan0 ch6  BL=[]
[01:32:32] HOP bucket=30693 L4 wlan0 -> ch7  (retuning, ~700ms loss)  | BL=[]
[RX  <- B] bucket=30693  peer_BL=[]  my_BL=[]
[TX  ->  *] bucket=30693 L4 active=wlan0 ch7  BL=[]
[01:32:34] HOP bucket=30694 L4 wlan0 -> ch5  (retuning, ~700ms loss)  | BL=[]
[RX  <- B] bucket=30694  peer_BL=[]  my_BL=[]
[TX  ->  *] bucket=30694 L4 active=wlan0 ch5  BL=[]
[01:32:36] HOP bucket=30695 L4 wlan0 -> ch10  (retuning, ~700ms loss)  | BL=[]
[RX  <- B] bucket=30695  peer_BL=[]  my_BL=[]
[TX  ->  *] bucket=30695 L4 active=wlan0 ch10  BL=[]
[01:32:38] HOP bucket=30696 L4 wlan0 -> ch6  (retuning, ~700ms loss)  | BL=[]
[RX  <- B] bucket=30696  peer_BL=[]  my_BL=[]
[TX  ->  *] bucket=30696 L4 active=wlan0 ch6  BL=[]
[01:32:40] HOP bucket=30697 L4 wlan0 -> ch7  (retuning, ~700ms loss)  | BL=[]
[TX  ->  *] bucket=30697 L4 active=wlan0 ch7  BL=[]
[RX  <- B] bucket=30697  peer_BL=[]  my_BL=[]
[01:32:42] HOP bucket=30698 L4 wlan0 -> ch9  (retuning, ~700ms loss)  | BL=[]
[RX  <- B] bucket=30698  peer_BL=[]  my_BL=[]
[TX  ->  *] bucket=30698 L4 active=wlan0 ch9  BL=[]
[01:32:44] HOP bucket=30699 L4 wlan0 -> ch4  (retuning, ~700ms loss)  | BL=[]
[RX  <- B] bucket=30699  peer_BL=[]  my_BL=[]
[TX  ->  *] bucket=30699 L4 active=wlan0 ch4  BL=[]
[01:32:46] HOP bucket=30700 L4 wlan0 -> ch11  (retuning, ~700ms loss)  | BL=[]
[RX  <- B] bucket=30700  peer_BL=[]  my_BL=[]
[TX  ->  *] bucket=30700 L4 active=wlan0 ch11  BL=[]
[01:32:48] HOP bucket=30701 L4 wlan0 -> ch3  (retuning, ~700ms loss)  | BL=[]
[RX  <- B] bucket=30701  peer_BL=[]  my_BL=[]
[TX  ->  *] bucket=30701 L4 active=wlan0 ch3  BL=[]
[01:32:50] HOP bucket=30702 L4 wlan0 -> ch8  (retuning, ~700ms loss)  | BL=[]
[TX  ->  *] bucket=30702 L4 active=wlan0 ch8  BL=[]
[RX  <- B] bucket=30702  peer_BL=[]  my_BL=[]
[01:32:52] HOP bucket=30703 L4 wlan0 -> ch8  (retuning, ~700ms loss)  | BL=[]
[TX  ->  *] bucket=30703 L4 active=wlan0 ch8  BL=[]
[RX  <- B] bucket=30703  peer_BL=[]  my_BL=[]
[01:32:54] HOP bucket=30704 L4 wlan0 -> ch11  (retuning, ~700ms loss)  | BL=[]
[TX  ->  *] bucket=30704 L4 active=wlan0 ch11  BL=[]
[RX  <- B] bucket=30704  peer_BL=[]  my_BL=[]
[01:32:56] HOP bucket=30705 L4 wlan0 -> ch8  (retuning, ~700ms loss)  | BL=[]
[TX  ->  *] bucket=30705 L4 active=wlan0 ch8  BL=[]
[RX  <- B] bucket=30705  peer_BL=[]  my_BL=[]
[01:32:58] HOP bucket=30706 L4 wlan0 -> ch10  (retuning, ~700ms loss)  | BL=[]
[TX  ->  *] bucket=30706 L4 active=wlan0 ch10  BL=[]
[RX  <- B] bucket=30706  peer_BL=[]  my_BL=[]
[01:33:00] HOP bucket=30707 L4 wlan0 -> ch6  (retuning, ~700ms loss)  | BL=[]
[TX  ->  *] bucket=30707 L4 active=wlan0 ch6  BL=[]
[RX  <- B] bucket=30707  peer_BL=[]  my_BL=[]
[01:33:02] HOP bucket=30708 L4 wlan0 -> ch9  (retuning, ~700ms loss)  | BL=[]
[TX  ->  *] bucket=30708 L4 active=wlan0 ch9  BL=[]
[RX  <- B] bucket=30708  peer_BL=[]  my_BL=[]
[01:33:04] HOP bucket=30709 L4 wlan0 -> ch9  (retuning, ~700ms loss)  | BL=[]
[TX  ->  *] bucket=30709 L4 active=wlan0 ch9  BL=[]
[RX  <- B] bucket=30709  peer_BL=[]  my_BL=[]
[01:33:06] HOP bucket=30710 L4 wlan0 -> ch3  (retuning, ~700ms loss)  | BL=[]
[TX  ->  *] bucket=30710 L4 active=wlan0 ch3  BL=[]
[RX  <- B] bucket=30710  peer_BL=[]  my_BL=[]
[01:33:08] HOP bucket=30711 L4 wlan0 -> ch5  (retuning, ~700ms loss)  | BL=[]
[TX  ->  *] bucket=30711 L4 active=wlan0 ch5  BL=[]
[RX  <- B] bucket=30711  peer_BL=[]  my_BL=[]
[01:33:10] HOP bucket=30712 L4 wlan0 -> ch5  (retuning, ~700ms loss)  | BL=[]
[TX  ->  *] bucket=30712 L4 active=wlan0 ch5  BL=[]
[RX  <- B] bucket=30712  peer_BL=[]  my_BL=[]
[01:33:12] HOP bucket=30713 L4 wlan0 -> ch4  (retuning, ~700ms loss)  | BL=[]
[RX  <- B] bucket=30713  peer_BL=[]  my_BL=[]
[TX  ->  *] bucket=30713 L4 active=wlan0 ch4  BL=[]
[01:33:14] HOP bucket=30714 L4 wlan0 -> ch6  (retuning, ~700ms loss)  | BL=[]
[TX  ->  *] bucket=30714 L4 active=wlan0 ch6  BL=[]
[RX  <- B] bucket=30714  peer_BL=[]  my_BL=[]
[01:33:16] HOP bucket=30715 L4 wlan0 -> ch5  (retuning, ~700ms loss)  | BL=[]
[TX  ->  *] bucket=30715 L4 active=wlan0 ch5  BL=[]
[RX  <- B] bucket=30715  peer_BL=[]  my_BL=[]
[01:33:18] HOP bucket=30716 L4 wlan0 -> ch5  (retuning, ~700ms loss)  | BL=[]
[TX  ->  *] bucket=30716 L4 active=wlan0 ch5  BL=[]
[RX  <- B] bucket=30716  peer_BL=[]  my_BL=[]
[01:33:20] HOP bucket=30717 L4 wlan0 -> ch3  (retuning, ~700ms loss)  | BL=[]
[TX  ->  *] bucket=30717 L4 active=wlan0 ch3  BL=[]
[RX  <- B] bucket=30717  peer_BL=[]  my_BL=[]
[01:33:22] HOP bucket=30718 L4 wlan0 -> ch4  (retuning, ~700ms loss)  | BL=[]
[RX  <- B] bucket=30718  peer_BL=[]  my_BL=[]
[TX  ->  *] bucket=30718 L4 active=wlan0 ch4  BL=[]
[01:33:24] HOP bucket=30719 L4 wlan0 -> ch6  (retuning, ~700ms loss)  | BL=[]
[TX  ->  *] bucket=30719 L4 active=wlan0 ch6  BL=[]
[RX  <- B] bucket=30719  peer_BL=[]  my_BL=[]
[01:33:26] HOP bucket=30720 L4 wlan0 -> ch10  (retuning, ~700ms loss)  | BL=[]
[RX  <- B] bucket=30720  peer_BL=[]  my_BL=[]
[TX  ->  *] bucket=30720 L4 active=wlan0 ch10  BL=[]
[01:33:28] HOP bucket=30721 L4 wlan0 -> ch10  (retuning, ~700ms loss)  | BL=[]
[RX  <- B] bucket=30721  peer_BL=[]  my_BL=[]
[TX  ->  *] bucket=30721 L4 active=wlan0 ch10  BL=[]
[01:33:30] HOP bucket=30722 L4 wlan0 -> ch6  (retuning, ~700ms loss)  | BL=[]
[TX  ->  *] bucket=30722 L4 active=wlan0 ch6  BL=[]
[RX  <- B] bucket=30722  peer_BL=[]  my_BL=[]
[01:33:32] HOP bucket=30723 L4 wlan0 -> ch3  (retuning, ~700ms loss)  | BL=[]
[RX  <- B] bucket=30723  peer_BL=[]  my_BL=[]
[TX  ->  *] bucket=30723 L4 active=wlan0 ch3  BL=[]
[01:33:34] HOP bucket=30724 L4 wlan0 -> ch10  (retuning, ~700ms loss)  | BL=[]
[TX  ->  *] bucket=30724 L4 active=wlan0 ch10  BL=[]
[RX  <- B] bucket=30724  peer_BL=[]  my_BL=[]
[01:33:36] HOP bucket=30725 L4 wlan0 -> ch6  (retuning, ~700ms loss)  | BL=[]
[TX  ->  *] bucket=30725 L4 active=wlan0 ch6  BL=[]
[RX  <- B] bucket=30725  peer_BL=[]  my_BL=[]
[01:33:38] HOP bucket=30726 L4 wlan0 -> ch7  (retuning, ~700ms loss)  | BL=[]
[TX  ->  *] bucket=30726 L4 active=wlan0 ch7  BL=[]
[RX  <- B] bucket=30726  peer_BL=[]  my_BL=[]
[01:33:40] HOP bucket=30727 L4 wlan0 -> ch9  (retuning, ~700ms loss)  | BL=[]
[TX  ->  *] bucket=30727 L4 active=wlan0 ch9  BL=[]
[RX  <- B] bucket=30727  peer_BL=[]  my_BL=[]
[01:33:42] HOP bucket=30728 L4 wlan0 -> ch3  (retuning, ~700ms loss)  | BL=[]
[RX  <- B] bucket=30728  peer_BL=[]  my_BL=[]
[TX  ->  *] bucket=30728 L4 active=wlan0 ch3  BL=[]
[01:33:44] HOP bucket=30729 L4 wlan0 -> ch4  (retuning, ~700ms loss)  | BL=[]
[RX  <- B] bucket=30729  peer_BL=[]  my_BL=[]
[TX  ->  *] bucket=30729 L4 active=wlan0 ch4  BL=[]
[01:33:46] HOP bucket=30730 L4 wlan0 -> ch11  (retuning, ~700ms loss)  | BL=[]
[RX  <- B] bucket=30730  peer_BL=[]  my_BL=[]
[TX  ->  *] bucket=30730 L4 active=wlan0 ch11  BL=[]
[01:33:48] HOP bucket=30731 L4 wlan0 -> ch8  (retuning, ~700ms loss)  | BL=[]
[TX  ->  *] bucket=30731 L4 active=wlan0 ch8  BL=[]
[RX  <- B] bucket=30731  peer_BL=[]  my_BL=[]
[01:33:50] HOP bucket=30732 L4 wlan0 -> ch4  (retuning, ~700ms loss)  | BL=[]
[TX  ->  *] bucket=30732 L4 active=wlan0 ch4  BL=[]
[RX  <- B] bucket=30732  peer_BL=[]  my_BL=[]
[01:33:52] HOP bucket=30733 L4 wlan0 -> ch3  (retuning, ~700ms loss)  | BL=[]
[TX  ->  *] bucket=30733 L4 active=wlan0 ch3  BL=[]
[RX  <- B] bucket=30733  peer_BL=[]  my_BL=[]
[01:33:54] HOP bucket=30734 L4 wlan0 -> ch11  (retuning, ~700ms loss)  | BL=[]
[TX  ->  *] bucket=30734 L4 active=wlan0 ch11  BL=[]
[RX  <- B] bucket=30734  peer_BL=[]  my_BL=[]
[01:33:56] HOP bucket=30735 L4 wlan0 -> ch10  (retuning, ~700ms loss)  | BL=[]
[TX  ->  *] bucket=30735 L4 active=wlan0 ch10  BL=[]
[RX  <- B] bucket=30735  peer_BL=[]  my_BL=[]
[01:33:58] HOP bucket=30736 L4 wlan0 -> ch5  (retuning, ~700ms loss)  | BL=[]
[TX  ->  *] bucket=30736 L4 active=wlan0 ch5  BL=[]
[RX  <- B] bucket=30736  peer_BL=[]  my_BL=[]
[01:34:00] HOP bucket=30737 L4 wlan0 -> ch10  (retuning, ~700ms loss)  | BL=[]
[RX  <- B] bucket=30737  peer_BL=[]  my_BL=[]
[TX  ->  *] bucket=30737 L4 active=wlan0 ch10  BL=[]
[01:34:02] HOP bucket=30738 L4 wlan0 -> ch7  (retuning, ~700ms loss)  | BL=[]
[RX  <- B] bucket=30738  peer_BL=[]  my_BL=[]
[TX  ->  *] bucket=30738 L4 active=wlan0 ch7  BL=[]
[01:34:04] HOP bucket=30739 L4 wlan0 -> ch7  (retuning, ~700ms loss)  | BL=[]
[RX  <- B] bucket=30739  peer_BL=[]  my_BL=[]
[TX  ->  *] bucket=30739 L4 active=wlan0 ch7  BL=[]
[01:34:06] HOP bucket=30740 L4 wlan0 -> ch5  (retuning, ~700ms loss)  | BL=[]
[RX  <- B] bucket=30740  peer_BL=[]  my_BL=[]
[TX  ->  *] bucket=30740 L4 active=wlan0 ch5  BL=[]
[01:34:08] HOP bucket=30741 L4 wlan0 -> ch4  (retuning, ~700ms loss)  | BL=[]
[RX  <- B] bucket=30741  peer_BL=[]  my_BL=[]
[TX  ->  *] bucket=30741 L4 active=wlan0 ch4  BL=[]
[01:34:10] HOP bucket=30742 L4 wlan0 -> ch4  (retuning, ~700ms loss)  | BL=[]
[TX  ->  *] bucket=30742 L4 active=wlan0 ch4  BL=[]
[RX  <- B] bucket=30742  peer_BL=[]  my_BL=[]
[01:34:12] HOP bucket=30743 L4 wlan0 -> ch6  (retuning, ~700ms loss)  | BL=[]
[TX  ->  *] bucket=30743 L4 active=wlan0 ch6  BL=[]
[RX  <- B] bucket=30743  peer_BL=[]  my_BL=[]
[01:34:14] HOP bucket=30744 L4 wlan0 -> ch8  (retuning, ~700ms loss)  | BL=[]
[TX  ->  *] bucket=30744 L4 active=wlan0 ch8  BL=[]
[RX  <- B] bucket=30744  peer_BL=[]  my_BL=[]
[01:34:16] HOP bucket=30745 L4 wlan0 -> ch7  (retuning, ~700ms loss)  | BL=[]
[TX  ->  *] bucket=30745 L4 active=wlan0 ch7  BL=[]
[RX  <- B] bucket=30745  peer_BL=[]  my_BL=[]
[01:34:18] HOP bucket=30746 L4 wlan0 -> ch9  (retuning, ~700ms loss)  | BL=[]
[RX  <- B] bucket=30746  peer_BL=[]  my_BL=[]
[TX  ->  *] bucket=30746 L4 active=wlan0 ch9  BL=[]
[01:34:20] HOP bucket=30747 L4 wlan0 -> ch7  (retuning, ~700ms loss)  | BL=[]
[RX  <- B] bucket=30747  peer_BL=[]  my_BL=[]
[TX  ->  *] bucket=30747 L4 active=wlan0 ch7  BL=[]
[01:34:22] HOP bucket=30748 L4 wlan0 -> ch3  (retuning, ~700ms loss)  | BL=[]
[RX  <- B] bucket=30748  peer_BL=[]  my_BL=[]
[TX  ->  *] bucket=30748 L4 active=wlan0 ch3  BL=[]
[01:34:24] HOP bucket=30749 L4 wlan0 -> ch11  (retuning, ~700ms loss)  | BL=[]
[RX  <- B] bucket=30749  peer_BL=[]  my_BL=[]
[TX  ->  *] bucket=30749 L4 active=wlan0 ch11  BL=[]
[01:34:26] HOP bucket=30750 L4 wlan0 -> ch8  (retuning, ~700ms loss)  | BL=[]
[RX  <- B] bucket=30750  peer_BL=[]  my_BL=[]
[TX  ->  *] bucket=30750 L4 active=wlan0 ch8  BL=[]
[01:34:28] HOP bucket=30751 L4 wlan0 -> ch3  (retuning, ~700ms loss)  | BL=[]
[TX  ->  *] bucket=30751 L4 active=wlan0 ch3  BL=[]
[RX  <- B] bucket=30751  peer_BL=[]  my_BL=[]
[01:34:30] HOP bucket=30752 L4 wlan0 -> ch10  (retuning, ~700ms loss)  | BL=[]
[RX  <- B] bucket=30752  peer_BL=[]  my_BL=[]
[TX  ->  *] bucket=30752 L4 active=wlan0 ch10  BL=[]
[01:34:32] HOP bucket=30753 L4 wlan0 -> ch5  (retuning, ~700ms loss)  | BL=[]
[TX  ->  *] bucket=30753 L4 active=wlan0 ch5  BL=[]
[RX  <- B] bucket=30753  peer_BL=[]  my_BL=[]
[01:34:34] HOP bucket=30754 L4 wlan0 -> ch5  (retuning, ~700ms loss)  | BL=[]
[RX  <- B] bucket=30754  peer_BL=[]  my_BL=[]
[TX  ->  *] bucket=30754 L4 active=wlan0 ch5  BL=[]
[01:34:36] HOP bucket=30755 L4 wlan0 -> ch10  (retuning, ~700ms loss)  | BL=[]
[TX  ->  *] bucket=30755 L4 active=wlan0 ch10  BL=[]
[RX  <- B] bucket=30755  peer_BL=[]  my_BL=[]
[01:34:38] HOP bucket=30756 L4 wlan0 -> ch3  (retuning, ~700ms loss)  | BL=[]
[RX  <- B] bucket=30756  peer_BL=[]  my_BL=[]
[TX  ->  *] bucket=30756 L4 active=wlan0 ch3  BL=[]
[01:34:40] HOP bucket=30757 L4 wlan0 -> ch3  (retuning, ~700ms loss)  | BL=[]
[RX  <- B] bucket=30757  peer_BL=[]  my_BL=[]
[TX  ->  *] bucket=30757 L4 active=wlan0 ch3  BL=[]
[01:34:42] HOP bucket=30758 L4 wlan0 -> ch7  (retuning, ~700ms loss)  | BL=[]
[TX  ->  *] bucket=30758 L4 active=wlan0 ch7  BL=[]
[RX  <- B] bucket=30758  peer_BL=[]  my_BL=[]
[01:34:44] HOP bucket=30759 L4 wlan0 -> ch3  (retuning, ~700ms loss)  | BL=[]
[RX  <- B] bucket=30759  peer_BL=[]  my_BL=[]
[TX  ->  *] bucket=30759 L4 active=wlan0 ch3  BL=[]
[01:34:46] HOP bucket=30760 L4 wlan0 -> ch9  (retuning, ~700ms loss)  | BL=[]
[TX  ->  *] bucket=30760 L4 active=wlan0 ch9  BL=[]
[RX  <- B] bucket=30760  peer_BL=[]  my_BL=[]
[01:34:48] HOP bucket=30761 L4 wlan0 -> ch11  (retuning, ~700ms loss)  | BL=[]
[RX  <- B] bucket=30761  peer_BL=[]  my_BL=[]
[TX  ->  *] bucket=30761 L4 active=wlan0 ch11  BL=[]
[01:34:50] HOP bucket=30762 L4 wlan0 -> ch6  (retuning, ~700ms loss)  | BL=[]
[RX  <- B] bucket=30762  peer_BL=[]  my_BL=[]
[TX  ->  *] bucket=30762 L4 active=wlan0 ch6  BL=[]
[01:34:52] HOP bucket=30763 L4 wlan0 -> ch3  (retuning, ~700ms loss)  | BL=[]
[RX  <- B] bucket=30763  peer_BL=[]  my_BL=[]
[TX  ->  *] bucket=30763 L4 active=wlan0 ch3  BL=[]
[01:34:54] HOP bucket=30764 L4 wlan0 -> ch10  (retuning, ~700ms loss)  | BL=[]
[RX  <- B] bucket=30764  peer_BL=[]  my_BL=[]
[TX  ->  *] bucket=30764 L4 active=wlan0 ch10  BL=[]
[01:34:56] HOP bucket=30765 L4 wlan0 -> ch4  (retuning, ~700ms loss)  | BL=[]
[TX  ->  *] bucket=30765 L4 active=wlan0 ch4  BL=[]
[RX  <- B] bucket=30765  peer_BL=[]  my_BL=[]
[01:34:58] HOP bucket=30766 L4 wlan0 -> ch11  (retuning, ~700ms loss)  | BL=[]
[TX  ->  *] bucket=30766 L4 active=wlan0 ch11  BL=[]
[RX  <- B] bucket=30766  peer_BL=[]  my_BL=[]
[01:35:00] HOP bucket=30767 L4 wlan0 -> ch10  (retuning, ~700ms loss)  | BL=[]
[TX  ->  *] bucket=30767 L4 active=wlan0 ch10  BL=[]
[RX  <- B] bucket=30767  peer_BL=[]  my_BL=[]
[01:35:02] HOP bucket=30768 L4 wlan0 -> ch9  (retuning, ~700ms loss)  | BL=[]
[TX  ->  *] bucket=30768 L4 active=wlan0 ch9  BL=[]
[RX  <- B] bucket=30768  peer_BL=[]  my_BL=[]
[01:35:04] HOP bucket=30769 L4 wlan0 -> ch5  (retuning, ~700ms loss)  | BL=[]
[TX  ->  *] bucket=30769 L4 active=wlan0 ch5  BL=[]
[RX  <- B] bucket=30769  peer_BL=[]  my_BL=[]
[01:35:06] HOP bucket=30770 L4 wlan0 -> ch7  (retuning, ~700ms loss)  | BL=[]
[TX  ->  *] bucket=30770 L4 active=wlan0 ch7  BL=[]
[RX  <- B] bucket=30770  peer_BL=[]  my_BL=[]
[01:35:08] HOP bucket=30771 L4 wlan0 -> ch9  (retuning, ~700ms loss)  | BL=[]
[RX  <- B] bucket=30771  peer_BL=[]  my_BL=[]
[TX  ->  *] bucket=30771 L4 active=wlan0 ch9  BL=[]
[01:35:10] HOP bucket=30772 L4 wlan0 -> ch6  (retuning, ~700ms loss)  | BL=[]
[RX  <- B] bucket=30772  peer_BL=[]  my_BL=[]
[TX  ->  *] bucket=30772 L4 active=wlan0 ch6  BL=[]
[01:35:12] HOP bucket=30773 L4 wlan0 -> ch10  (retuning, ~700ms loss)  | BL=[]
[TX  ->  *] bucket=30773 L4 active=wlan0 ch10  BL=[]
[RX  <- B] bucket=30773  peer_BL=[]  my_BL=[]
[01:35:14] HOP bucket=30774 L4 wlan0 -> ch6  (retuning, ~700ms loss)  | BL=[]
[RX  <- B] bucket=30774  peer_BL=[]  my_BL=[]
[TX  ->  *] bucket=30774 L4 active=wlan0 ch6  BL=[]
[01:35:16] HOP bucket=30775 L4 wlan0 -> ch6  (retuning, ~700ms loss)  | BL=[]
[RX  <- B] bucket=30775  peer_BL=[]  my_BL=[]
[TX  ->  *] bucket=30775 L4 active=wlan0 ch6  BL=[]
[01:35:18] HOP bucket=30776 L4 wlan0 -> ch3  (retuning, ~700ms loss)  | BL=[]
[RX  <- B] bucket=30776  peer_BL=[]  my_BL=[]
[TX  ->  *] bucket=30776 L4 active=wlan0 ch3  BL=[]
[01:35:20] HOP bucket=30777 L4 wlan0 -> ch7  (retuning, ~700ms loss)  | BL=[]
[TX  ->  *] bucket=30777 L4 active=wlan0 ch7  BL=[]
[RX  <- B] bucket=30777  peer_BL=[]  my_BL=[]
[01:35:22] HOP bucket=30778 L4 wlan0 -> ch11  (retuning, ~700ms loss)  | BL=[]
[TX  ->  *] bucket=30778 L4 active=wlan0 ch11  BL=[]
[RX  <- B] bucket=30778  peer_BL=[]  my_BL=[]
[01:35:24] HOP bucket=30779 L4 wlan0 -> ch8  (retuning, ~700ms loss)  | BL=[]
[TX  ->  *] bucket=30779 L4 active=wlan0 ch8  BL=[]
[RX  <- B] bucket=30779  peer_BL=[]  my_BL=[]
[01:35:26] HOP bucket=30780 L4 wlan0 -> ch9  (retuning, ~700ms loss)  | BL=[]
[TX  ->  *] bucket=30780 L4 active=wlan0 ch9  BL=[]
[RX  <- B] bucket=30780  peer_BL=[]  my_BL=[]
[01:35:28] HOP bucket=30781 L4 wlan0 -> ch3  (retuning, ~700ms loss)  | BL=[]
[TX  ->  *] bucket=30781 L4 active=wlan0 ch3  BL=[]
[RX  <- B] bucket=30781  peer_BL=[]  my_BL=[]
[01:35:30] HOP bucket=30782 L4 wlan0 -> ch6  (retuning, ~700ms loss)  | BL=[]
[TX  ->  *] bucket=30782 L4 active=wlan0 ch6  BL=[]
[RX  <- B] bucket=30782  peer_BL=[]  my_BL=[]
[01:35:32] HOP bucket=30783 L4 wlan0 -> ch9  (retuning, ~700ms loss)  | BL=[]
[RX  <- B] bucket=30783  peer_BL=[]  my_BL=[]
[TX  ->  *] bucket=30783 L4 active=wlan0 ch9  BL=[]
[01:35:34] HOP bucket=30784 L4 wlan0 -> ch8  (retuning, ~700ms loss)  | BL=[]
[TX  ->  *] bucket=30784 L4 active=wlan0 ch8  BL=[]
[RX  <- B] bucket=30784  peer_BL=[]  my_BL=[]
[01:35:36] HOP bucket=30785 L4 wlan0 -> ch4  (retuning, ~700ms loss)  | BL=[]
[RX  <- B] bucket=30785  peer_BL=[]  my_BL=[]
[TX  ->  *] bucket=30785 L4 active=wlan0 ch4  BL=[]
[01:35:38] HOP bucket=30786 L4 wlan0 -> ch4  (retuning, ~700ms loss)  | BL=[]
[TX  ->  *] bucket=30786 L4 active=wlan0 ch4  BL=[]
[RX  <- B] bucket=30786  peer_BL=[]  my_BL=[]
[01:35:40] HOP bucket=30787 L4 wlan0 -> ch10  (retuning, ~700ms loss)  | BL=[]
[RX  <- B] bucket=30787  peer_BL=[]  my_BL=[]
[TX  ->  *] bucket=30787 L4 active=wlan0 ch10  BL=[]
[01:35:42] HOP bucket=30788 L4 wlan0 -> ch4  (retuning, ~700ms loss)  | BL=[]
[RX  <- B] bucket=30788  peer_BL=[]  my_BL=[]
[TX  ->  *] bucket=30788 L4 active=wlan0 ch4  BL=[]
[01:35:44] HOP bucket=30789 L4 wlan0 -> ch11  (retuning, ~700ms loss)  | BL=[]
[RX  <- B] bucket=30789  peer_BL=[]  my_BL=[]
[TX  ->  *] bucket=30789 L4 active=wlan0 ch11  BL=[]
[01:35:46] HOP bucket=30790 L4 wlan0 -> ch4  (retuning, ~700ms loss)  | BL=[]
[RX  <- B] bucket=30790  peer_BL=[]  my_BL=[]
[TX  ->  *] bucket=30790 L4 active=wlan0 ch4  BL=[]
[01:35:48] HOP bucket=30791 L4 wlan0 -> ch3  (retuning, ~700ms loss)  | BL=[]
[RX  <- B] bucket=30791  peer_BL=[]  my_BL=[]
[TX  ->  *] bucket=30791 L4 active=wlan0 ch3  BL=[]
[01:35:50] HOP bucket=30792 L4 wlan0 -> ch8  (retuning, ~700ms loss)  | BL=[]
[RX  <- B] bucket=30792  peer_BL=[]  my_BL=[]
[TX  ->  *] bucket=30792 L4 active=wlan0 ch8  BL=[]
[01:35:52] HOP bucket=30793 L4 wlan0 -> ch5  (retuning, ~700ms loss)  | BL=[]
[RX  <- B] bucket=30793  peer_BL=[]  my_BL=[]
[TX  ->  *] bucket=30793 L4 active=wlan0 ch5  BL=[]
[01:35:54] HOP bucket=30794 L4 wlan0 -> ch11  (retuning, ~700ms loss)  | BL=[]
[RX  <- B] bucket=30794  peer_BL=[]  my_BL=[]
[TX  ->  *] bucket=30794 L4 active=wlan0 ch11  BL=[]
[01:35:56] HOP bucket=30795 L4 wlan0 -> ch4  (retuning, ~700ms loss)  | BL=[]
[TX  ->  *] bucket=30795 L4 active=wlan0 ch4  BL=[]
[RX  <- B] bucket=30795  peer_BL=[]  my_BL=[]
[01:35:58] HOP bucket=30796 L4 wlan0 -> ch10  (retuning, ~700ms loss)  | BL=[]
[TX  ->  *] bucket=30796 L4 active=wlan0 ch10  BL=[]
[RX  <- B] bucket=30796  peer_BL=[]  my_BL=[]
[01:36:00] HOP bucket=30797 L4 wlan0 -> ch3  (retuning, ~700ms loss)  | BL=[]
[RX  <- B] bucket=30797  peer_BL=[]  my_BL=[]
[TX  ->  *] bucket=30797 L4 active=wlan0 ch3  BL=[]
[01:36:02] HOP bucket=30798 L4 wlan0 -> ch4  (retuning, ~700ms loss)  | BL=[]
[TX  ->  *] bucket=30798 L4 active=wlan0 ch4  BL=[]
[RX  <- B] bucket=30798  peer_BL=[]  my_BL=[]
[01:36:04] HOP bucket=30799 L4 wlan0 -> ch4  (retuning, ~700ms loss)  | BL=[]
[RX  <- B] bucket=30799  peer_BL=[]  my_BL=[]
[TX  ->  *] bucket=30799 L4 active=wlan0 ch4  BL=[]
[01:36:06] HOP bucket=30800 L4 wlan0 -> ch10  (retuning, ~700ms loss)  | BL=[]
[RX  <- B] bucket=30800  peer_BL=[]  my_BL=[]
[TX  ->  *] bucket=30800 L4 active=wlan0 ch10  BL=[]
[01:36:08] HOP bucket=30801 L4 wlan0 -> ch5  (retuning, ~700ms loss)  | BL=[]
[RX  <- B] bucket=30801  peer_BL=[]  my_BL=[]
[TX  ->  *] bucket=30801 L4 active=wlan0 ch5  BL=[]
[01:36:10] HOP bucket=30802 L4 wlan0 -> ch6  (retuning, ~700ms loss)  | BL=[]
[RX  <- B] bucket=30802  peer_BL=[]  my_BL=[]
[TX  ->  *] bucket=30802 L4 active=wlan0 ch6  BL=[]
[01:36:12] HOP bucket=30803 L4 wlan0 -> ch4  (retuning, ~700ms loss)  | BL=[]
[RX  <- B] bucket=30803  peer_BL=[]  my_BL=[]
[TX  ->  *] bucket=30803 L4 active=wlan0 ch4  BL=[]
[01:36:14] HOP bucket=30804 L4 wlan0 -> ch5  (retuning, ~700ms loss)  | BL=[]
[RX  <- B] bucket=30804  peer_BL=[]  my_BL=[]
[TX  ->  *] bucket=30804 L4 active=wlan0 ch5  BL=[]
[01:36:16] HOP bucket=30805 L4 wlan0 -> ch6  (retuning, ~700ms loss)  | BL=[]
[TX  ->  *] bucket=30805 L4 active=wlan0 ch6  BL=[]
[RX  <- B] bucket=30805  peer_BL=[]  my_BL=[]
[01:36:18] HOP bucket=30806 L4 wlan0 -> ch4  (retuning, ~700ms loss)  | BL=[]
[RX  <- B] bucket=30806  peer_BL=[]  my_BL=[]
[TX  ->  *] bucket=30806 L4 active=wlan0 ch4  BL=[]
[01:36:20] HOP bucket=30807 L4 wlan0 -> ch10  (retuning, ~700ms loss)  | BL=[]
[TX  ->  *] bucket=30807 L4 active=wlan0 ch10  BL=[]
[RX  <- B] bucket=30807  peer_BL=[]  my_BL=[]
[01:36:22] HOP bucket=30808 L4 wlan0 -> ch10  (retuning, ~700ms loss)  | BL=[]
[TX  ->  *] bucket=30808 L4 active=wlan0 ch10  BL=[]
[RX  <- B] bucket=30808  peer_BL=[]  my_BL=[]
[01:36:24] HOP bucket=30809 L4 wlan0 -> ch9  (retuning, ~700ms loss)  | BL=[]
[TX  ->  *] bucket=30809 L4 active=wlan0 ch9  BL=[]
[RX  <- B] bucket=30809  peer_BL=[]  my_BL=[]
[01:36:26] HOP bucket=30810 L4 wlan0 -> ch3  (retuning, ~700ms loss)  | BL=[]
[RX  <- B] bucket=30810  peer_BL=[]  my_BL=[]
[TX  ->  *] bucket=30810 L4 active=wlan0 ch3  BL=[]
[01:36:28] HOP bucket=30811 L4 wlan0 -> ch3  (retuning, ~700ms loss)  | BL=[]
[RX  <- B] bucket=30811  peer_BL=[]  my_BL=[]
[TX  ->  *] bucket=30811 L4 active=wlan0 ch3  BL=[]
[01:36:30] HOP bucket=30812 L4 wlan0 -> ch11  (retuning, ~700ms loss)  | BL=[]
[RX  <- B] bucket=30812  peer_BL=[]  my_BL=[]
[TX  ->  *] bucket=30812 L4 active=wlan0 ch11  BL=[]
[01:36:32] HOP bucket=30813 L4 wlan0 -> ch8  (retuning, ~700ms loss)  | BL=[]
[RX  <- B] bucket=30813  peer_BL=[]  my_BL=[]
[TX  ->  *] bucket=30813 L4 active=wlan0 ch8  BL=[]
[01:36:34] HOP bucket=30814 L4 wlan0 -> ch7  (retuning, ~700ms loss)  | BL=[]
[RX  <- B] bucket=30814  peer_BL=[]  my_BL=[]
[TX  ->  *] bucket=30814 L4 active=wlan0 ch7  BL=[]
[01:36:36] HOP bucket=30815 L4 wlan0 -> ch9  (retuning, ~700ms loss)  | BL=[]
[TX  ->  *] bucket=30815 L4 active=wlan0 ch9  BL=[]
[RX  <- B] bucket=30815  peer_BL=[]  my_BL=[]
[01:36:38] HOP bucket=30816 L4 wlan0 -> ch9  (retuning, ~700ms loss)  | BL=[]
[TX  ->  *] bucket=30816 L4 active=wlan0 ch9  BL=[]
[RX  <- B] bucket=30816  peer_BL=[]  my_BL=[]
[01:36:40] HOP bucket=30817 L4 wlan0 -> ch10  (retuning, ~700ms loss)  | BL=[]
[RX  <- B] bucket=30817  peer_BL=[]  my_BL=[]
[TX  ->  *] bucket=30817 L4 active=wlan0 ch10  BL=[]
[01:36:42] HOP bucket=30818 L4 wlan0 -> ch4  (retuning, ~700ms loss)  | BL=[]
[TX  ->  *] bucket=30818 L4 active=wlan0 ch4  BL=[]
[RX  <- B] bucket=30818  peer_BL=[]  my_BL=[]
[01:36:44] HOP bucket=30819 L4 wlan0 -> ch4  (retuning, ~700ms loss)  | BL=[]
[TX  ->  *] bucket=30819 L4 active=wlan0 ch4  BL=[]
[RX  <- B] bucket=30819  peer_BL=[]  my_BL=[]
[01:36:46] HOP bucket=30820 L4 wlan0 -> ch3  (retuning, ~700ms loss)  | BL=[]
[TX  ->  *] bucket=30820 L4 active=wlan0 ch3  BL=[]
[RX  <- B] bucket=30820  peer_BL=[]  my_BL=[]
[01:36:48] HOP bucket=30821 L4 wlan0 -> ch5  (retuning, ~700ms loss)  | BL=[]
[TX  ->  *] bucket=30821 L4 active=wlan0 ch5  BL=[]
[RX  <- B] bucket=30821  peer_BL=[]  my_BL=[]
[01:36:50] HOP bucket=30822 L4 wlan0 -> ch6  (retuning, ~700ms loss)  | BL=[]
[RX  <- B] bucket=30822  peer_BL=[]  my_BL=[]
[TX  ->  *] bucket=30822 L4 active=wlan0 ch6  BL=[]
[01:36:52] HOP bucket=30823 L4 wlan0 -> ch8  (retuning, ~700ms loss)  | BL=[]
[TX  ->  *] bucket=30823 L4 active=wlan0 ch8  BL=[]
[RX  <- B] bucket=30823  peer_BL=[]  my_BL=[]
[01:36:54] HOP bucket=30824 L4 wlan0 -> ch8  (retuning, ~700ms loss)  | BL=[]
[RX  <- B] bucket=30824  peer_BL=[]  my_BL=[]
[TX  ->  *] bucket=30824 L4 active=wlan0 ch8  BL=[]
[01:36:56] HOP bucket=30825 L4 wlan0 -> ch11  (retuning, ~700ms loss)  | BL=[]
[RX  <- B] bucket=30825  peer_BL=[]  my_BL=[]
[TX  ->  *] bucket=30825 L4 active=wlan0 ch11  BL=[]
[01:36:58] HOP bucket=30826 L4 wlan0 -> ch9  (retuning, ~700ms loss)  | BL=[]
[RX  <- B] bucket=30826  peer_BL=[]  my_BL=[]
[TX  ->  *] bucket=30826 L4 active=wlan0 ch9  BL=[]
[01:37:00] HOP bucket=30827 L4 wlan0 -> ch7  (retuning, ~700ms loss)  | BL=[]
[RX  <- B] bucket=30827  peer_BL=[]  my_BL=[]
[TX  ->  *] bucket=30827 L4 active=wlan0 ch7  BL=[]
[01:37:02] HOP bucket=30828 L4 wlan0 -> ch10  (retuning, ~700ms loss)  | BL=[]
[TX  ->  *] bucket=30828 L4 active=wlan0 ch10  BL=[]
[RX  <- B] bucket=30828  peer_BL=[]  my_BL=[]
[01:37:04] HOP bucket=30829 L4 wlan0 -> ch10  (retuning, ~700ms loss)  | BL=[]
[TX  ->  *] bucket=30829 L4 active=wlan0 ch10  BL=[]
[RX  <- B] bucket=30829  peer_BL=[]  my_BL=[]
[01:37:06] HOP bucket=30830 L4 wlan0 -> ch7  (retuning, ~700ms loss)  | BL=[]
[TX  ->  *] bucket=30830 L4 active=wlan0 ch7  BL=[]
[RX  <- B] bucket=30830  peer_BL=[]  my_BL=[]
[01:37:08] HOP bucket=30831 L4 wlan0 -> ch5  (retuning, ~700ms loss)  | BL=[]
[TX  ->  *] bucket=30831 L4 active=wlan0 ch5  BL=[]
[RX  <- B] bucket=30831  peer_BL=[]  my_BL=[]
[01:37:10] HOP bucket=30832 L4 wlan0 -> ch11  (retuning, ~700ms loss)  | BL=[]
[TX  ->  *] bucket=30832 L4 active=wlan0 ch11  BL=[]
[RX  <- B] bucket=30832  peer_BL=[]  my_BL=[]
[01:37:12] HOP bucket=30833 L4 wlan0 -> ch7  (retuning, ~700ms loss)  | BL=[]
[TX  ->  *] bucket=30833 L4 active=wlan0 ch7  BL=[]
[RX  <- B] bucket=30833  peer_BL=[]  my_BL=[]
[01:37:14] HOP bucket=30834 L4 wlan0 -> ch11  (retuning, ~700ms loss)  | BL=[]
[RX  <- B] bucket=30834  peer_BL=[]  my_BL=[]
[TX  ->  *] bucket=30834 L4 active=wlan0 ch11  BL=[]
[01:37:16] HOP bucket=30835 L4 wlan0 -> ch6  (retuning, ~700ms loss)  | BL=[]
[TX  ->  *] bucket=30835 L4 active=wlan0 ch6  BL=[]
[RX  <- B] bucket=30835  peer_BL=[]  my_BL=[]
[01:37:18] HOP bucket=30836 L4 wlan0 -> ch10  (retuning, ~700ms loss)  | BL=[]
[TX  ->  *] bucket=30836 L4 active=wlan0 ch10  BL=[]
[RX  <- B] bucket=30836  peer_BL=[]  my_BL=[]
[01:37:20] HOP bucket=30837 L4 wlan0 -> ch10  (retuning, ~700ms loss)  | BL=[]
[TX  ->  *] bucket=30837 L4 active=wlan0 ch10  BL=[]
[RX  <- B] bucket=30837  peer_BL=[]  my_BL=[]
[01:37:22] HOP bucket=30838 L4 wlan0 -> ch8  (retuning, ~700ms loss)  | BL=[]
[RX  <- B] bucket=30838  peer_BL=[]  my_BL=[]
[TX  ->  *] bucket=30838 L4 active=wlan0 ch8  BL=[]
[01:37:24] HOP bucket=30839 L4 wlan0 -> ch7  (retuning, ~700ms loss)  | BL=[]
[RX  <- B] bucket=30839  peer_BL=[]  my_BL=[]
[TX  ->  *] bucket=30839 L4 active=wlan0 ch7  BL=[]
[01:37:26] HOP bucket=30840 L4 wlan0 -> ch3  (retuning, ~700ms loss)  | BL=[]
[RX  <- B] bucket=30840  peer_BL=[]  my_BL=[]
[TX  ->  *] bucket=30840 L4 active=wlan0 ch3  BL=[]
[01:37:28] HOP bucket=30841 L4 wlan0 -> ch5  (retuning, ~700ms loss)  | BL=[]
[TX  ->  *] bucket=30841 L4 active=wlan0 ch5  BL=[]
[RX  <- B] bucket=30841  peer_BL=[]  my_BL=[]
[01:37:30] HOP bucket=30842 L4 wlan0 -> ch3  (retuning, ~700ms loss)  | BL=[]
[RX  <- B] bucket=30842  peer_BL=[]  my_BL=[]
[TX  ->  *] bucket=30842 L4 active=wlan0 ch3  BL=[]
[01:37:32] HOP bucket=30843 L4 wlan0 -> ch10  (retuning, ~700ms loss)  | BL=[]
[RX  <- B] bucket=30843  peer_BL=[]  my_BL=[]
[TX  ->  *] bucket=30843 L4 active=wlan0 ch10  BL=[]
[01:37:34] HOP bucket=30844 L4 wlan0 -> ch11  (retuning, ~700ms loss)  | BL=[]
[RX  <- B] bucket=30844  peer_BL=[]  my_BL=[]
[TX  ->  *] bucket=30844 L4 active=wlan0 ch11  BL=[]
[01:37:36] HOP bucket=30845 L4 wlan0 -> ch8  (retuning, ~700ms loss)  | BL=[]
[RX  <- B] bucket=30845  peer_BL=[]  my_BL=[]
[TX  ->  *] bucket=30845 L4 active=wlan0 ch8  BL=[]
[01:37:38] HOP bucket=30846 L4 wlan0 -> ch4  (retuning, ~700ms loss)  | BL=[]
[RX  <- B] bucket=30846  peer_BL=[]  my_BL=[]
[TX  ->  *] bucket=30846 L4 active=wlan0 ch4  BL=[]
[01:37:40] HOP bucket=30847 L4 wlan0 -> ch9  (retuning, ~700ms loss)  | BL=[]
[TX  ->  *] bucket=30847 L4 active=wlan0 ch9  BL=[]
[RX  <- B] bucket=30847  peer_BL=[]  my_BL=[]
[01:37:42] HOP bucket=30848 L4 wlan0 -> ch8  (retuning, ~700ms loss)  | BL=[]
[RX  <- B] bucket=30848  peer_BL=[]  my_BL=[]
[TX  ->  *] bucket=30848 L4 active=wlan0 ch8  BL=[]
[01:37:44] HOP bucket=30849 L4 wlan0 -> ch10  (retuning, ~700ms loss)  | BL=[]
[TX  ->  *] bucket=30849 L4 active=wlan0 ch10  BL=[]
[RX  <- B] bucket=30849  peer_BL=[]  my_BL=[]
[01:37:46] HOP bucket=30850 L4 wlan0 -> ch11  (retuning, ~700ms loss)  | BL=[]
[TX  ->  *] bucket=30850 L4 active=wlan0 ch11  BL=[]
[RX  <- B] bucket=30850  peer_BL=[]  my_BL=[]
[01:37:48] HOP bucket=30851 L4 wlan0 -> ch9  (retuning, ~700ms loss)  | BL=[]
[TX  ->  *] bucket=30851 L4 active=wlan0 ch9  BL=[]
[RX  <- B] bucket=30851  peer_BL=[]  my_BL=[]
[01:37:50] HOP bucket=30852 L4 wlan0 -> ch11  (retuning, ~700ms loss)  | BL=[]
[TX  ->  *] bucket=30852 L4 active=wlan0 ch11  BL=[]
[RX  <- B] bucket=30852  peer_BL=[]  my_BL=[]
[01:37:52] HOP bucket=30853 L4 wlan0 -> ch7  (retuning, ~700ms loss)  | BL=[]
[TX  ->  *] bucket=30853 L4 active=wlan0 ch7  BL=[]
[RX  <- B] bucket=30853  peer_BL=[]  my_BL=[]
[01:37:54] HOP bucket=30854 L4 wlan0 -> ch11  (retuning, ~700ms loss)  | BL=[]
[TX  ->  *] bucket=30854 L4 active=wlan0 ch11  BL=[]
[RX  <- B] bucket=30854  peer_BL=[]  my_BL=[]
[01:37:56] HOP bucket=30855 L4 wlan0 -> ch5  (retuning, ~700ms loss)  | BL=[]
[TX  ->  *] bucket=30855 L4 active=wlan0 ch5  BL=[]
[RX  <- B] bucket=30855  peer_BL=[]  my_BL=[]
[01:37:58] HOP bucket=30856 L4 wlan0 -> ch10  (retuning, ~700ms loss)  | BL=[]
[TX  ->  *] bucket=30856 L4 active=wlan0 ch10  BL=[]
[RX  <- B] bucket=30856  peer_BL=[]  my_BL=[]
[01:38:00] HOP bucket=30857 L4 wlan0 -> ch7  (retuning, ~700ms loss)  | BL=[]
[TX  ->  *] bucket=30857 L4 active=wlan0 ch7  BL=[]
[RX  <- B] bucket=30857  peer_BL=[]  my_BL=[]
[01:38:02] HOP bucket=30858 L4 wlan0 -> ch4  (retuning, ~700ms loss)  | BL=[]
[TX  ->  *] bucket=30858 L4 active=wlan0 ch4  BL=[]
[RX  <- B] bucket=30858  peer_BL=[]  my_BL=[]
[01:38:04] HOP bucket=30859 L4 wlan0 -> ch5  (retuning, ~700ms loss)  | BL=[]
[TX  ->  *] bucket=30859 L4 active=wlan0 ch5  BL=[]
[RX  <- B] bucket=30859  peer_BL=[]  my_BL=[]
[01:38:06] HOP bucket=30860 L4 wlan0 -> ch3  (retuning, ~700ms loss)  | BL=[]
[RX  <- B] bucket=30860  peer_BL=[]  my_BL=[]
[TX  ->  *] bucket=30860 L4 active=wlan0 ch3  BL=[]
[01:38:08] HOP bucket=30861 L4 wlan0 -> ch7  (retuning, ~700ms loss)  | BL=[]
[TX  ->  *] bucket=30861 L4 active=wlan0 ch7  BL=[]
[RX  <- B] bucket=30861  peer_BL=[]  my_BL=[]
[01:38:10] HOP bucket=30862 L4 wlan0 -> ch5  (retuning, ~700ms loss)  | BL=[]
[TX  ->  *] bucket=30862 L4 active=wlan0 ch5  BL=[]
[RX  <- B] bucket=30862  peer_BL=[]  my_BL=[]
[01:38:12] HOP bucket=30863 L4 wlan0 -> ch10  (retuning, ~700ms loss)  | BL=[]
[TX  ->  *] bucket=30863 L4 active=wlan0 ch10  BL=[]
[RX  <- B] bucket=30863  peer_BL=[]  my_BL=[]
[01:38:14] HOP bucket=30864 L4 wlan0 -> ch8  (retuning, ~700ms loss)  | BL=[]
[TX  ->  *] bucket=30864 L4 active=wlan0 ch8  BL=[]
[RX  <- B] bucket=30864  peer_BL=[]  my_BL=[]
[01:38:16] HOP bucket=30865 L4 wlan0 -> ch3  (retuning, ~700ms loss)  | BL=[]
[TX  ->  *] bucket=30865 L4 active=wlan0 ch3  BL=[]
[RX  <- B] bucket=30865  peer_BL=[]  my_BL=[]
[01:38:18] HOP bucket=30866 L4 wlan0 -> ch10  (retuning, ~700ms loss)  | BL=[]
[TX  ->  *] bucket=30866 L4 active=wlan0 ch10  BL=[]
[RX  <- B] bucket=30866  peer_BL=[]  my_BL=[]
[01:38:20] HOP bucket=30867 L4 wlan0 -> ch8  (retuning, ~700ms loss)  | BL=[]
[RX  <- B] bucket=30867  peer_BL=[]  my_BL=[]
[TX  ->  *] bucket=30867 L4 active=wlan0 ch8  BL=[]
[01:38:22] HOP bucket=30868 L4 wlan0 -> ch5  (retuning, ~700ms loss)  | BL=[]
[TX  ->  *] bucket=30868 L4 active=wlan0 ch5  BL=[]
[RX  <- B] bucket=30868  peer_BL=[]  my_BL=[]
[01:38:24] HOP bucket=30869 L4 wlan0 -> ch10  (retuning, ~700ms loss)  | BL=[]
[TX  ->  *] bucket=30869 L4 active=wlan0 ch10  BL=[]
[RX  <- B] bucket=30869  peer_BL=[]  my_BL=[]
[01:38:26] HOP bucket=30870 L4 wlan0 -> ch11  (retuning, ~700ms loss)  | BL=[]
[RX  <- B] bucket=30870  peer_BL=[]  my_BL=[]
[TX  ->  *] bucket=30870 L4 active=wlan0 ch11  BL=[]
[01:38:28] HOP bucket=30871 L4 wlan0 -> ch5  (retuning, ~700ms loss)  | BL=[]
[TX  ->  *] bucket=30871 L4 active=wlan0 ch5  BL=[]
[RX  <- B] bucket=30871  peer_BL=[]  my_BL=[]
[01:38:30] HOP bucket=30872 L4 wlan0 -> ch3  (retuning, ~700ms loss)  | BL=[]
[TX  ->  *] bucket=30872 L4 active=wlan0 ch3  BL=[]
[RX  <- B] bucket=30872  peer_BL=[]  my_BL=[]
[01:38:32] HOP bucket=30873 L4 wlan0 -> ch5  (retuning, ~700ms loss)  | BL=[]
[TX  ->  *] bucket=30873 L4 active=wlan0 ch5  BL=[]
[RX  <- B] bucket=30873  peer_BL=[]  my_BL=[]
[01:38:34] HOP bucket=30874 L4 wlan0 -> ch9  (retuning, ~700ms loss)  | BL=[]
[TX  ->  *] bucket=30874 L4 active=wlan0 ch9  BL=[]
[RX  <- B] bucket=30874  peer_BL=[]  my_BL=[]
[01:38:36] HOP bucket=30875 L4 wlan0 -> ch6  (retuning, ~700ms loss)  | BL=[]
[TX  ->  *] bucket=30875 L4 active=wlan0 ch6  BL=[]
[RX  <- B] bucket=30875  peer_BL=[]  my_BL=[]
[01:38:38] HOP bucket=30876 L4 wlan0 -> ch9  (retuning, ~700ms loss)  | BL=[]
[RX  <- B] bucket=30876  peer_BL=[]  my_BL=[]
[TX  ->  *] bucket=30876 L4 active=wlan0 ch9  BL=[]
[01:38:40] HOP bucket=30877 L4 wlan0 -> ch4  (retuning, ~700ms loss)  | BL=[]
[RX  <- B] bucket=30877  peer_BL=[]  my_BL=[]
[TX  ->  *] bucket=30877 L4 active=wlan0 ch4  BL=[]
[01:38:42] HOP bucket=30878 L4 wlan0 -> ch10  (retuning, ~700ms loss)  | BL=[]
[RX  <- B] bucket=30878  peer_BL=[]  my_BL=[]
[TX  ->  *] bucket=30878 L4 active=wlan0 ch10  BL=[]
[01:38:44] HOP bucket=30879 L4 wlan0 -> ch4  (retuning, ~700ms loss)  | BL=[]
[RX  <- B] bucket=30879  peer_BL=[]  my_BL=[]
[TX  ->  *] bucket=30879 L4 active=wlan0 ch4  BL=[]
[01:38:46] HOP bucket=30880 L4 wlan0 -> ch4  (retuning, ~700ms loss)  | BL=[]
[RX  <- B] bucket=30880  peer_BL=[]  my_BL=[]
[TX  ->  *] bucket=30880 L4 active=wlan0 ch4  BL=[]
[01:38:48] HOP bucket=30881 L4 wlan0 -> ch5  (retuning, ~700ms loss)  | BL=[]
[RX  <- B] bucket=30881  peer_BL=[]  my_BL=[]
[TX  ->  *] bucket=30881 L4 active=wlan0 ch5  BL=[]
[01:38:50] HOP bucket=30882 L4 wlan0 -> ch3  (retuning, ~700ms loss)  | BL=[]
[RX  <- B] bucket=30882  peer_BL=[]  my_BL=[]
[TX  ->  *] bucket=30882 L4 active=wlan0 ch3  BL=[]
[01:38:52] HOP bucket=30883 L4 wlan0 -> ch3  (retuning, ~700ms loss)  | BL=[]
[TX  ->  *] bucket=30883 L4 active=wlan0 ch3  BL=[]
[RX  <- B] bucket=30883  peer_BL=[]  my_BL=[]
[01:38:54] HOP bucket=30884 L4 wlan0 -> ch4  (retuning, ~700ms loss)  | BL=[]
[TX  ->  *] bucket=30884 L4 active=wlan0 ch4  BL=[]
[RX  <- B] bucket=30884  peer_BL=[]  my_BL=[]
[01:38:56] HOP bucket=30885 L4 wlan0 -> ch6  (retuning, ~700ms loss)  | BL=[]
[TX  ->  *] bucket=30885 L4 active=wlan0 ch6  BL=[]
[RX  <- B] bucket=30885  peer_BL=[]  my_BL=[]
[01:38:58] HOP bucket=30886 L4 wlan0 -> ch4  (retuning, ~700ms loss)  | BL=[]
[TX  ->  *] bucket=30886 L4 active=wlan0 ch4  BL=[]
[RX  <- B] bucket=30886  peer_BL=[]  my_BL=[]
[01:39:00] HOP bucket=30887 L4 wlan0 -> ch11  (retuning, ~700ms loss)  | BL=[]
[RX  <- B] bucket=30887  peer_BL=[]  my_BL=[]
[TX  ->  *] bucket=30887 L4 active=wlan0 ch11  BL=[]
[01:39:02] HOP bucket=30888 L4 wlan0 -> ch5  (retuning, ~700ms loss)  | BL=[]
[TX  ->  *] bucket=30888 L4 active=wlan0 ch5  BL=[]
[RX  <- B] bucket=30888  peer_BL=[]  my_BL=[]
[01:39:04] HOP bucket=30889 L4 wlan0 -> ch3  (retuning, ~700ms loss)  | BL=[]
[TX  ->  *] bucket=30889 L4 active=wlan0 ch3  BL=[]
[RX  <- B] bucket=30889  peer_BL=[]  my_BL=[]
[01:39:06] HOP bucket=30890 L4 wlan0 -> ch10  (retuning, ~700ms loss)  | BL=[]
[TX  ->  *] bucket=30890 L4 active=wlan0 ch10  BL=[]
[RX  <- B] bucket=30890  peer_BL=[]  my_BL=[]
[01:39:08] HOP bucket=30891 L4 wlan0 -> ch6  (retuning, ~700ms loss)  | BL=[]
[RX  <- B] bucket=30891  peer_BL=[]  my_BL=[]
[TX  ->  *] bucket=30891 L4 active=wlan0 ch6  BL=[]
[01:39:10] HOP bucket=30892 L4 wlan0 -> ch3  (retuning, ~700ms loss)  | BL=[]
[RX  <- B] bucket=30892  peer_BL=[]  my_BL=[]
[TX  ->  *] bucket=30892 L4 active=wlan0 ch3  BL=[]
[01:39:12] HOP bucket=30893 L4 wlan0 -> ch3  (retuning, ~700ms loss)  | BL=[]
[RX  <- B] bucket=30893  peer_BL=[]  my_BL=[]
[TX  ->  *] bucket=30893 L4 active=wlan0 ch3  BL=[]
[01:39:14] HOP bucket=30894 L4 wlan0 -> ch9  (retuning, ~700ms loss)  | BL=[]
[RX  <- B] bucket=30894  peer_BL=[]  my_BL=[]
[TX  ->  *] bucket=30894 L4 active=wlan0 ch9  BL=[]
[01:39:16] HOP bucket=30895 L4 wlan0 -> ch7  (retuning, ~700ms loss)  | BL=[]
[TX  ->  *] bucket=30895 L4 active=wlan0 ch7  BL=[]
[RX  <- B] bucket=30895  peer_BL=[]  my_BL=[]
[01:39:18] HOP bucket=30896 L4 wlan0 -> ch4  (retuning, ~700ms loss)  | BL=[]
[RX  <- B] bucket=30896  peer_BL=[]  my_BL=[]
[TX  ->  *] bucket=30896 L4 active=wlan0 ch4  BL=[]
[01:39:20] HOP bucket=30897 L4 wlan0 -> ch9  (retuning, ~700ms loss)  | BL=[]
[TX  ->  *] bucket=30897 L4 active=wlan0 ch9  BL=[]
[RX  <- B] bucket=30897  peer_BL=[]  my_BL=[]
[01:39:22] HOP bucket=30898 L4 wlan0 -> ch5  (retuning, ~700ms loss)  | BL=[]
[TX  ->  *] bucket=30898 L4 active=wlan0 ch5  BL=[]
[RX  <- B] bucket=30898  peer_BL=[]  my_BL=[]
[01:39:24] HOP bucket=30899 L4 wlan0 -> ch11  (retuning, ~700ms loss)  | BL=[]
[RX  <- B] bucket=30899  peer_BL=[]  my_BL=[]
[TX  ->  *] bucket=30899 L4 active=wlan0 ch11  BL=[]
[01:39:26] HOP bucket=30900 L4 wlan0 -> ch9  (retuning, ~700ms loss)  | BL=[]
[TX  ->  *] bucket=30900 L4 active=wlan0 ch9  BL=[]
[RX  <- B] bucket=30900  peer_BL=[]  my_BL=[]
[01:39:28] HOP bucket=30901 L4 wlan0 -> ch7  (retuning, ~700ms loss)  | BL=[]
[TX  ->  *] bucket=30901 L4 active=wlan0 ch7  BL=[]
[RX  <- B] bucket=30901  peer_BL=[]  my_BL=[]
[01:39:30] HOP bucket=30902 L4 wlan0 -> ch7  (retuning, ~700ms loss)  | BL=[]
[TX  ->  *] bucket=30902 L4 active=wlan0 ch7  BL=[]
[RX  <- B] bucket=30902  peer_BL=[]  my_BL=[]
[01:39:32] HOP bucket=30903 L4 wlan0 -> ch9  (retuning, ~700ms loss)  | BL=[]
[RX  <- B] bucket=30903  peer_BL=[]  my_BL=[]
[TX  ->  *] bucket=30903 L4 active=wlan0 ch9  BL=[]
[01:39:34] HOP bucket=30904 L4 wlan0 -> ch3  (retuning, ~700ms loss)  | BL=[]
[TX  ->  *] bucket=30904 L4 active=wlan0 ch3  BL=[]
[RX  <- B] bucket=30904  peer_BL=[]  my_BL=[]
[01:39:36] HOP bucket=30905 L4 wlan0 -> ch6  (retuning, ~700ms loss)  | BL=[]
[TX  ->  *] bucket=30905 L4 active=wlan0 ch6  BL=[]
[RX  <- B] bucket=30905  peer_BL=[]  my_BL=[]
[01:39:38] HOP bucket=30906 L4 wlan0 -> ch9  (retuning, ~700ms loss)  | BL=[]
[RX  <- B] bucket=30906  peer_BL=[]  my_BL=[]
[TX  ->  *] bucket=30906 L4 active=wlan0 ch9  BL=[]
[01:39:40] HOP bucket=30907 L4 wlan0 -> ch3  (retuning, ~700ms loss)  | BL=[]
[TX  ->  *] bucket=30907 L4 active=wlan0 ch3  BL=[]
[RX  <- B] bucket=30907  peer_BL=[]  my_BL=[]
[01:39:42] HOP bucket=30908 L4 wlan0 -> ch11  (retuning, ~700ms loss)  | BL=[]
[TX  ->  *] bucket=30908 L4 active=wlan0 ch11  BL=[]
[RX  <- B] bucket=30908  peer_BL=[]  my_BL=[]
[01:39:44] HOP bucket=30909 L4 wlan0 -> ch8  (retuning, ~700ms loss)  | BL=[]
[TX  ->  *] bucket=30909 L4 active=wlan0 ch8  BL=[]
[RX  <- B] bucket=30909  peer_BL=[]  my_BL=[]
[01:39:46] HOP bucket=30910 L4 wlan0 -> ch7  (retuning, ~700ms loss)  | BL=[]
[RX  <- B] bucket=30910  peer_BL=[]  my_BL=[]
[TX  ->  *] bucket=30910 L4 active=wlan0 ch7  BL=[]
[01:39:48] HOP bucket=30911 L4 wlan0 -> ch7  (retuning, ~700ms loss)  | BL=[]
[RX  <- B] bucket=30911  peer_BL=[]  my_BL=[]
[TX  ->  *] bucket=30911 L4 active=wlan0 ch7  BL=[]
[01:39:50] HOP bucket=30912 L4 wlan0 -> ch9  (retuning, ~700ms loss)  | BL=[]
[RX  <- B] bucket=30912  peer_BL=[]  my_BL=[]
[TX  ->  *] bucket=30912 L4 active=wlan0 ch9  BL=[]
[01:39:52] HOP bucket=30913 L4 wlan0 -> ch6  (retuning, ~700ms loss)  | BL=[]
[TX  ->  *] bucket=30913 L4 active=wlan0 ch6  BL=[]
[RX  <- B] bucket=30913  peer_BL=[]  my_BL=[]
[01:39:54] HOP bucket=30914 L4 wlan0 -> ch6  (retuning, ~700ms loss)  | BL=[]
[TX  ->  *] bucket=30914 L4 active=wlan0 ch6  BL=[]
[RX  <- B] bucket=30914  peer_BL=[]  my_BL=[]
[01:39:56] HOP bucket=30915 L4 wlan0 -> ch10  (retuning, ~700ms loss)  | BL=[]
[RX  <- B] bucket=30915  peer_BL=[]  my_BL=[]
[TX  ->  *] bucket=30915 L4 active=wlan0 ch10  BL=[]
[01:39:58] HOP bucket=30916 L4 wlan0 -> ch9  (retuning, ~700ms loss)  | BL=[]
[TX  ->  *] bucket=30916 L4 active=wlan0 ch9  BL=[]
[RX  <- B] bucket=30916  peer_BL=[]  my_BL=[]
[01:40:00] HOP bucket=30917 L4 wlan0 -> ch10  (retuning, ~700ms loss)  | BL=[]
[TX  ->  *] bucket=30917 L4 active=wlan0 ch10  BL=[]
[RX  <- B] bucket=30917  peer_BL=[]  my_BL=[]
[01:40:02] HOP bucket=30918 L4 wlan0 -> ch10  (retuning, ~700ms loss)  | BL=[]
[TX  ->  *] bucket=30918 L4 active=wlan0 ch10  BL=[]
[RX  <- B] bucket=30918  peer_BL=[]  my_BL=[]
[01:40:04] HOP bucket=30919 L4 wlan0 -> ch10  (retuning, ~700ms loss)  | BL=[]
[TX  ->  *] bucket=30919 L4 active=wlan0 ch10  BL=[]
[RX  <- B] bucket=30919  peer_BL=[]  my_BL=[]
[01:40:06] HOP bucket=30920 L4 wlan0 -> ch4  (retuning, ~700ms loss)  | BL=[]
[RX  <- B] bucket=30920  peer_BL=[]  my_BL=[]
[TX  ->  *] bucket=30920 L4 active=wlan0 ch4  BL=[]
[01:40:08] HOP bucket=30921 L4 wlan0 -> ch3  (retuning, ~700ms loss)  | BL=[]
[RX  <- B] bucket=30921  peer_BL=[]  my_BL=[]
[TX  ->  *] bucket=30921 L4 active=wlan0 ch3  BL=[]
[01:40:10] HOP bucket=30922 L4 wlan0 -> ch6  (retuning, ~700ms loss)  | BL=[]
[RX  <- B] bucket=30922  peer_BL=[]  my_BL=[]
[TX  ->  *] bucket=30922 L4 active=wlan0 ch6  BL=[]
[01:40:12] HOP bucket=30923 L4 wlan0 -> ch7  (retuning, ~700ms loss)  | BL=[]
[RX  <- B] bucket=30923  peer_BL=[]  my_BL=[]
[TX  ->  *] bucket=30923 L4 active=wlan0 ch7  BL=[]
[01:40:14] HOP bucket=30924 L4 wlan0 -> ch4  (retuning, ~700ms loss)  | BL=[]
[RX  <- B] bucket=30924  peer_BL=[]  my_BL=[]
[TX  ->  *] bucket=30924 L4 active=wlan0 ch4  BL=[]
[01:40:16] HOP bucket=30925 L4 wlan0 -> ch11  (retuning, ~700ms loss)  | BL=[]
[TX  ->  *] bucket=30925 L4 active=wlan0 ch11  BL=[]
[RX  <- B] bucket=30925  peer_BL=[]  my_BL=[]
[01:40:18] HOP bucket=30926 L4 wlan0 -> ch5  (retuning, ~700ms loss)  | BL=[]
[TX  ->  *] bucket=30926 L4 active=wlan0 ch5  BL=[]
[RX  <- B] bucket=30926  peer_BL=[]  my_BL=[]
[01:40:20] HOP bucket=30927 L4 wlan0 -> ch5  (retuning, ~700ms loss)  | BL=[]
[TX  ->  *] bucket=30927 L4 active=wlan0 ch5  BL=[]
[RX  <- B] bucket=30927  peer_BL=[]  my_BL=[]
[01:40:22] HOP bucket=30928 L4 wlan0 -> ch7  (retuning, ~700ms loss)  | BL=[]
[TX  ->  *] bucket=30928 L4 active=wlan0 ch7  BL=[]
[RX  <- B] bucket=30928  peer_BL=[]  my_BL=[]
[01:40:24] HOP bucket=30929 L4 wlan0 -> ch9  (retuning, ~700ms loss)  | BL=[]
[TX  ->  *] bucket=30929 L4 active=wlan0 ch9  BL=[]
[RX  <- B] bucket=30929  peer_BL=[]  my_BL=[]
[01:40:26] HOP bucket=30930 L4 wlan0 -> ch9  (retuning, ~700ms loss)  | BL=[]
[TX  ->  *] bucket=30930 L4 active=wlan0 ch9  BL=[]
[RX  <- B] bucket=30930  peer_BL=[]  my_BL=[]
[01:40:28] HOP bucket=30931 L4 wlan0 -> ch5  (retuning, ~700ms loss)  | BL=[]
[TX  ->  *] bucket=30931 L4 active=wlan0 ch5  BL=[]
[RX  <- B] bucket=30931  peer_BL=[]  my_BL=[]
[01:40:30] HOP bucket=30932 L4 wlan0 -> ch5  (retuning, ~700ms loss)  | BL=[]
[TX  ->  *] bucket=30932 L4 active=wlan0 ch5  BL=[]
[RX  <- B] bucket=30932  peer_BL=[]  my_BL=[]
[01:40:32] HOP bucket=30933 L4 wlan0 -> ch5  (retuning, ~700ms loss)  | BL=[]
[RX  <- B] bucket=30933  peer_BL=[]  my_BL=[]
[TX  ->  *] bucket=30933 L4 active=wlan0 ch5  BL=[]
[01:40:34] HOP bucket=30934 L4 wlan0 -> ch11  (retuning, ~700ms loss)  | BL=[]
[TX  ->  *] bucket=30934 L4 active=wlan0 ch11  BL=[]
[RX  <- B] bucket=30934  peer_BL=[]  my_BL=[]
[01:40:36] HOP bucket=30935 L4 wlan0 -> ch7  (retuning, ~700ms loss)  | BL=[]
[TX  ->  *] bucket=30935 L4 active=wlan0 ch7  BL=[]
[RX  <- B] bucket=30935  peer_BL=[]  my_BL=[]
[01:40:38] HOP bucket=30936 L4 wlan0 -> ch3  (retuning, ~700ms loss)  | BL=[]
[TX  ->  *] bucket=30936 L4 active=wlan0 ch3  BL=[]
[RX  <- B] bucket=30936  peer_BL=[]  my_BL=[]
[01:40:40] HOP bucket=30937 L4 wlan0 -> ch8  (retuning, ~700ms loss)  | BL=[]
[RX  <- B] bucket=30937  peer_BL=[]  my_BL=[]
[TX  ->  *] bucket=30937 L4 active=wlan0 ch8  BL=[]
[01:40:42] HOP bucket=30938 L4 wlan0 -> ch9  (retuning, ~700ms loss)  | BL=[]
[RX  <- B] bucket=30938  peer_BL=[]  my_BL=[]
[TX  ->  *] bucket=30938 L4 active=wlan0 ch9  BL=[]
[01:40:44] HOP bucket=30939 L4 wlan0 -> ch10  (retuning, ~700ms loss)  | BL=[]
[RX  <- B] bucket=30939  peer_BL=[]  my_BL=[]
[TX  ->  *] bucket=30939 L4 active=wlan0 ch10  BL=[]
[01:40:46] HOP bucket=30940 L4 wlan0 -> ch5  (retuning, ~700ms loss)  | BL=[]
[RX  <- B] bucket=30940  peer_BL=[]  my_BL=[]
[TX  ->  *] bucket=30940 L4 active=wlan0 ch5  BL=[]
[01:40:48] HOP bucket=30941 L4 wlan0 -> ch11  (retuning, ~700ms loss)  | BL=[]
[RX  <- B] bucket=30941  peer_BL=[]  my_BL=[]
[TX  ->  *] bucket=30941 L4 active=wlan0 ch11  BL=[]
[01:40:50] HOP bucket=30942 L4 wlan0 -> ch3  (retuning, ~700ms loss)  | BL=[]
[RX  <- B] bucket=30942  peer_BL=[]  my_BL=[]
[TX  ->  *] bucket=30942 L4 active=wlan0 ch3  BL=[]
[01:40:52] HOP bucket=30943 L4 wlan0 -> ch9  (retuning, ~700ms loss)  | BL=[]
[TX  ->  *] bucket=30943 L4 active=wlan0 ch9  BL=[]
[RX  <- B] bucket=30943  peer_BL=[]  my_BL=[]
[01:40:54] HOP bucket=30944 L4 wlan0 -> ch3  (retuning, ~700ms loss)  | BL=[]
[TX  ->  *] bucket=30944 L4 active=wlan0 ch3  BL=[]
[RX  <- B] bucket=30944  peer_BL=[]  my_BL=[]
[01:40:56] HOP bucket=30945 L4 wlan0 -> ch8  (retuning, ~700ms loss)  | BL=[]
[TX  ->  *] bucket=30945 L4 active=wlan0 ch8  BL=[]
[RX  <- B] bucket=30945  peer_BL=[]  my_BL=[]
[01:40:58] HOP bucket=30946 L4 wlan0 -> ch9  (retuning, ~700ms loss)  | BL=[]
[TX  ->  *] bucket=30946 L4 active=wlan0 ch9  BL=[]
[RX  <- B] bucket=30946  peer_BL=[]  my_BL=[]
[01:41:00] HOP bucket=30947 L4 wlan0 -> ch5  (retuning, ~700ms loss)  | BL=[]
[TX  ->  *] bucket=30947 L4 active=wlan0 ch5  BL=[]
[RX  <- B] bucket=30947  peer_BL=[]  my_BL=[]
[01:41:02] HOP bucket=30948 L4 wlan0 -> ch5  (retuning, ~700ms loss)  | BL=[]
[RX  <- B] bucket=30948  peer_BL=[]  my_BL=[]
[TX  ->  *] bucket=30948 L4 active=wlan0 ch5  BL=[]
[01:41:04] HOP bucket=30949 L4 wlan0 -> ch3  (retuning, ~700ms loss)  | BL=[]
[RX  <- B] bucket=30949  peer_BL=[]  my_BL=[]
[TX  ->  *] bucket=30949 L4 active=wlan0 ch3  BL=[]
[01:41:06] HOP bucket=30950 L4 wlan0 -> ch4  (retuning, ~700ms loss)  | BL=[]
[RX  <- B] bucket=30950  peer_BL=[]  my_BL=[]
[TX  ->  *] bucket=30950 L4 active=wlan0 ch4  BL=[]
[01:41:08] HOP bucket=30951 L4 wlan0 -> ch6  (retuning, ~700ms loss)  | BL=[]
[TX  ->  *] bucket=30951 L4 active=wlan0 ch6  BL=[]
[RX  <- B] bucket=30951  peer_BL=[]  my_BL=[]
[01:41:10] HOP bucket=30952 L4 wlan0 -> ch7  (retuning, ~700ms loss)  | BL=[]
[TX  ->  *] bucket=30952 L4 active=wlan0 ch7  BL=[]
[RX  <- B] bucket=30952  peer_BL=[]  my_BL=[]
[01:41:12] HOP bucket=30953 L4 wlan0 -> ch9  (retuning, ~700ms loss)  | BL=[]
[TX  ->  *] bucket=30953 L4 active=wlan0 ch9  BL=[]
[RX  <- B] bucket=30953  peer_BL=[]  my_BL=[]
[01:41:14] HOP bucket=30954 L4 wlan0 -> ch11  (retuning, ~700ms loss)  | BL=[]
[TX  ->  *] bucket=30954 L4 active=wlan0 ch11  BL=[]
[RX  <- B] bucket=30954  peer_BL=[]  my_BL=[]
[01:41:16] HOP bucket=30955 L4 wlan0 -> ch7  (retuning, ~700ms loss)  | BL=[]
[TX  ->  *] bucket=30955 L4 active=wlan0 ch7  BL=[]
[RX  <- B] bucket=30955  peer_BL=[]  my_BL=[]
[01:41:18] HOP bucket=30956 L4 wlan0 -> ch6  (retuning, ~700ms loss)  | BL=[]
[TX  ->  *] bucket=30956 L4 active=wlan0 ch6  BL=[]
[RX  <- B] bucket=30956  peer_BL=[]  my_BL=[]
[01:41:20] HOP bucket=30957 L4 wlan0 -> ch10  (retuning, ~700ms loss)  | BL=[]
[TX  ->  *] bucket=30957 L4 active=wlan0 ch10  BL=[]
[RX  <- B] bucket=30957  peer_BL=[]  my_BL=[]
[01:41:22] HOP bucket=30958 L4 wlan0 -> ch10  (retuning, ~700ms loss)  | BL=[]
[TX  ->  *] bucket=30958 L4 active=wlan0 ch10  BL=[]
[RX  <- B] bucket=30958  peer_BL=[]  my_BL=[]
[01:41:24] HOP bucket=30959 L4 wlan0 -> ch4  (retuning, ~700ms loss)  | BL=[]
[TX  ->  *] bucket=30959 L4 active=wlan0 ch4  BL=[]
[RX  <- B] bucket=30959  peer_BL=[]  my_BL=[]
[01:41:26] HOP bucket=30960 L4 wlan0 -> ch4  (retuning, ~700ms loss)  | BL=[]
[TX  ->  *] bucket=30960 L4 active=wlan0 ch4  BL=[]
[RX  <- B] bucket=30960  peer_BL=[]  my_BL=[]
[01:41:28] HOP bucket=30961 L4 wlan0 -> ch11  (retuning, ~700ms loss)  | BL=[]
[TX  ->  *] bucket=30961 L4 active=wlan0 ch11  BL=[]
[RX  <- B] bucket=30961  peer_BL=[]  my_BL=[]
[01:41:30] HOP bucket=30962 L4 wlan0 -> ch11  (retuning, ~700ms loss)  | BL=[]
[RX  <- B] bucket=30962  peer_BL=[]  my_BL=[]
[TX  ->  *] bucket=30962 L4 active=wlan0 ch11  BL=[]
[01:41:32] HOP bucket=30963 L4 wlan0 -> ch8  (retuning, ~700ms loss)  | BL=[]
[RX  <- B] bucket=30963  peer_BL=[]  my_BL=[]
[TX  ->  *] bucket=30963 L4 active=wlan0 ch8  BL=[]
[01:41:34] HOP bucket=30964 L4 wlan0 -> ch7  (retuning, ~700ms loss)  | BL=[]
[RX  <- B] bucket=30964  peer_BL=[]  my_BL=[]
[TX  ->  *] bucket=30964 L4 active=wlan0 ch7  BL=[]
[01:41:36] HOP bucket=30965 L4 wlan0 -> ch10  (retuning, ~700ms loss)  | BL=[]
[RX  <- B] bucket=30965  peer_BL=[]  my_BL=[]
[TX  ->  *] bucket=30965 L4 active=wlan0 ch10  BL=[]
[01:41:38] HOP bucket=30966 L4 wlan0 -> ch10  (retuning, ~700ms loss)  | BL=[]
[RX  <- B] bucket=30966  peer_BL=[]  my_BL=[]
[TX  ->  *] bucket=30966 L4 active=wlan0 ch10  BL=[]
[01:41:40] HOP bucket=30967 L4 wlan0 -> ch3  (retuning, ~700ms loss)  | BL=[]
[RX  <- B] bucket=30967  peer_BL=[]  my_BL=[]
[TX  ->  *] bucket=30967 L4 active=wlan0 ch3  BL=[]
[01:41:42] HOP bucket=30968 L4 wlan0 -> ch3  (retuning, ~700ms loss)  | BL=[]
[RX  <- B] bucket=30968  peer_BL=[]  my_BL=[]
[TX  ->  *] bucket=30968 L4 active=wlan0 ch3  BL=[]
[01:41:44] HOP bucket=30969 L4 wlan0 -> ch11  (retuning, ~700ms loss)  | BL=[]
[RX  <- B] bucket=30969  peer_BL=[]  my_BL=[]
[TX  ->  *] bucket=30969 L4 active=wlan0 ch11  BL=[]
[01:41:46] HOP bucket=30970 L4 wlan0 -> ch10  (retuning, ~700ms loss)  | BL=[]
[TX  ->  *] bucket=30970 L4 active=wlan0 ch10  BL=[]
[RX  <- B] bucket=30970  peer_BL=[]  my_BL=[]
[01:41:48] HOP bucket=30971 L4 wlan0 -> ch3  (retuning, ~700ms loss)  | BL=[]
[TX  ->  *] bucket=30971 L4 active=wlan0 ch3  BL=[]
[RX  <- B] bucket=30971  peer_BL=[]  my_BL=[]
[01:41:50] HOP bucket=30972 L4 wlan0 -> ch5  (retuning, ~700ms loss)  | BL=[]
[TX  ->  *] bucket=30972 L4 active=wlan0 ch5  BL=[]
[RX  <- B] bucket=30972  peer_BL=[]  my_BL=[]
[01:41:52] HOP bucket=30973 L4 wlan0 -> ch7  (retuning, ~700ms loss)  | BL=[]
[RX  <- B] bucket=30973  peer_BL=[]  my_BL=[]
[TX  ->  *] bucket=30973 L4 active=wlan0 ch7  BL=[]
[01:41:54] HOP bucket=30974 L4 wlan0 -> ch4  (retuning, ~700ms loss)  | BL=[]
[RX  <- B] bucket=30974  peer_BL=[]  my_BL=[]
[TX  ->  *] bucket=30974 L4 active=wlan0 ch4  BL=[]
[01:41:56] HOP bucket=30975 L4 wlan0 -> ch4  (retuning, ~700ms loss)  | BL=[]
[RX  <- B] bucket=30975  peer_BL=[]  my_BL=[]
[TX  ->  *] bucket=30975 L4 active=wlan0 ch4  BL=[]
[01:41:58] HOP bucket=30976 L4 wlan0 -> ch10  (retuning, ~700ms loss)  | BL=[]
[TX  ->  *] bucket=30976 L4 active=wlan0 ch10  BL=[]
[RX  <- B] bucket=30976  peer_BL=[]  my_BL=[]
[01:42:00] HOP bucket=30977 L4 wlan0 -> ch3  (retuning, ~700ms loss)  | BL=[]
[RX  <- B] bucket=30977  peer_BL=[]  my_BL=[]
[TX  ->  *] bucket=30977 L4 active=wlan0 ch3  BL=[]
[01:42:02] HOP bucket=30978 L4 wlan0 -> ch7  (retuning, ~700ms loss)  | BL=[]
[RX  <- B] bucket=30978  peer_BL=[]  my_BL=[]
[TX  ->  *] bucket=30978 L4 active=wlan0 ch7  BL=[]
[01:42:04] HOP bucket=30979 L4 wlan0 -> ch3  (retuning, ~700ms loss)  | BL=[]
[RX  <- B] bucket=30979  peer_BL=[]  my_BL=[]
[TX  ->  *] bucket=30979 L4 active=wlan0 ch3  BL=[]
[01:42:06] HOP bucket=30980 L4 wlan0 -> ch3  (retuning, ~700ms loss)  | BL=[]
[RX  <- B] bucket=30980  peer_BL=[]  my_BL=[]
[TX  ->  *] bucket=30980 L4 active=wlan0 ch3  BL=[]
[01:42:08] HOP bucket=30981 L4 wlan0 -> ch6  (retuning, ~700ms loss)  | BL=[]
[RX  <- B] bucket=30981  peer_BL=[]  my_BL=[]
[TX  ->  *] bucket=30981 L4 active=wlan0 ch6  BL=[]
[01:42:10] HOP bucket=30982 L4 wlan0 -> ch6  (retuning, ~700ms loss)  | BL=[]
[RX  <- B] bucket=30982  peer_BL=[]  my_BL=[]
[TX  ->  *] bucket=30982 L4 active=wlan0 ch6  BL=[]
[01:42:12] HOP bucket=30983 L4 wlan0 -> ch3  (retuning, ~700ms loss)  | BL=[]
[RX  <- B] bucket=30983  peer_BL=[]  my_BL=[]
[TX  ->  *] bucket=30983 L4 active=wlan0 ch3  BL=[]
[01:42:14] HOP bucket=30984 L4 wlan0 -> ch10  (retuning, ~700ms loss)  | BL=[]
[RX  <- B] bucket=30984  peer_BL=[]  my_BL=[]
[TX  ->  *] bucket=30984 L4 active=wlan0 ch10  BL=[]
[01:42:16] HOP bucket=30985 L4 wlan0 -> ch3  (retuning, ~700ms loss)  | BL=[]
[RX  <- B] bucket=30985  peer_BL=[]  my_BL=[]
[TX  ->  *] bucket=30985 L4 active=wlan0 ch3  BL=[]
[01:42:18] HOP bucket=30986 L4 wlan0 -> ch4  (retuning, ~700ms loss)  | BL=[]
[RX  <- B] bucket=30986  peer_BL=[]  my_BL=[]
[TX  ->  *] bucket=30986 L4 active=wlan0 ch4  BL=[]
[01:42:20] HOP bucket=30987 L4 wlan0 -> ch5  (retuning, ~700ms loss)  | BL=[]
[RX  <- B] bucket=30987  peer_BL=[]  my_BL=[]
[TX  ->  *] bucket=30987 L4 active=wlan0 ch5  BL=[]
[01:42:22] HOP bucket=30988 L4 wlan0 -> ch9  (retuning, ~700ms loss)  | BL=[]
[RX  <- B] bucket=30988  peer_BL=[]  my_BL=[]
[TX  ->  *] bucket=30988 L4 active=wlan0 ch9  BL=[]
[01:42:24] HOP bucket=30989 L4 wlan0 -> ch3  (retuning, ~700ms loss)  | BL=[]
[TX  ->  *] bucket=30989 L4 active=wlan0 ch3  BL=[]
[RX  <- B] bucket=30989  peer_BL=[]  my_BL=[]
[01:42:26] HOP bucket=30990 L4 wlan0 -> ch3  (retuning, ~700ms loss)  | BL=[]
[TX  ->  *] bucket=30990 L4 active=wlan0 ch3  BL=[]
[RX  <- B] bucket=30990  peer_BL=[]  my_BL=[]
[01:42:28] HOP bucket=30991 L4 wlan0 -> ch10  (retuning, ~700ms loss)  | BL=[]
[TX  ->  *] bucket=30991 L4 active=wlan0 ch10  BL=[]
[RX  <- B] bucket=30991  peer_BL=[]  my_BL=[]
[01:42:30] HOP bucket=30992 L4 wlan0 -> ch7  (retuning, ~700ms loss)  | BL=[]
[TX  ->  *] bucket=30992 L4 active=wlan0 ch7  BL=[]
[RX  <- B] bucket=30992  peer_BL=[]  my_BL=[]
[01:42:32] HOP bucket=30993 L4 wlan0 -> ch3  (retuning, ~700ms loss)  | BL=[]
[TX  ->  *] bucket=30993 L4 active=wlan0 ch3  BL=[]
[RX  <- B] bucket=30993  peer_BL=[]  my_BL=[]
[01:42:34] HOP bucket=30994 L4 wlan0 -> ch10  (retuning, ~700ms loss)  | BL=[]
[TX  ->  *] bucket=30994 L4 active=wlan0 ch10  BL=[]
[RX  <- B] bucket=30994  peer_BL=[]  my_BL=[]
[01:42:36] HOP bucket=30995 L4 wlan0 -> ch5  (retuning, ~700ms loss)  | BL=[]
[RX  <- B] bucket=30995  peer_BL=[]  my_BL=[]
[TX  ->  *] bucket=30995 L4 active=wlan0 ch5  BL=[]
[01:42:38] HOP bucket=30996 L4 wlan0 -> ch9  (retuning, ~700ms loss)  | BL=[]
[RX  <- B] bucket=30996  peer_BL=[]  my_BL=[]
[TX  ->  *] bucket=30996 L4 active=wlan0 ch9  BL=[]
[01:42:40] HOP bucket=30997 L4 wlan0 -> ch11  (retuning, ~700ms loss)  | BL=[]
[RX  <- B] bucket=30997  peer_BL=[]  my_BL=[]
[TX  ->  *] bucket=30997 L4 active=wlan0 ch11  BL=[]
[01:42:42] HOP bucket=30998 L4 wlan0 -> ch10  (retuning, ~700ms loss)  | BL=[]
[TX  ->  *] bucket=30998 L4 active=wlan0 ch10  BL=[]
[RX  <- B] bucket=30998  peer_BL=[]  my_BL=[]
[01:42:44] HOP bucket=30999 L4 wlan0 -> ch10  (retuning, ~700ms loss)  | BL=[]
[RX  <- B] bucket=30999  peer_BL=[]  my_BL=[]
[TX  ->  *] bucket=30999 L4 active=wlan0 ch10  BL=[]
[01:42:46] HOP bucket=31000 L4 wlan0 -> ch11  (retuning, ~700ms loss)  | BL=[]
[RX  <- B] bucket=31000  peer_BL=[]  my_BL=[]
[TX  ->  *] bucket=31000 L4 active=wlan0 ch11  BL=[]
[01:42:48] HOP bucket=31001 L4 wlan0 -> ch4  (retuning, ~700ms loss)  | BL=[]
[RX  <- B] bucket=31001  peer_BL=[]  my_BL=[]
[TX  ->  *] bucket=31001 L4 active=wlan0 ch4  BL=[]
[01:42:50] HOP bucket=31002 L4 wlan0 -> ch11  (retuning, ~700ms loss)  | BL=[]
[RX  <- B] bucket=31002  peer_BL=[]  my_BL=[]
[TX  ->  *] bucket=31002 L4 active=wlan0 ch11  BL=[]
[01:42:52] HOP bucket=31003 L4 wlan0 -> ch9  (retuning, ~700ms loss)  | BL=[]
[RX  <- B] bucket=31003  peer_BL=[]  my_BL=[]
[TX  ->  *] bucket=31003 L4 active=wlan0 ch9  BL=[]
[01:42:54] HOP bucket=31004 L4 wlan0 -> ch5  (retuning, ~700ms loss)  | BL=[]
[RX  <- B] bucket=31004  peer_BL=[]  my_BL=[]
[TX  ->  *] bucket=31004 L4 active=wlan0 ch5  BL=[]
[01:42:56] HOP bucket=31005 L4 wlan0 -> ch5  (retuning, ~700ms loss)  | BL=[]
[RX  <- B] bucket=31005  peer_BL=[]  my_BL=[]
[TX  ->  *] bucket=31005 L4 active=wlan0 ch5  BL=[]
[01:42:58] HOP bucket=31006 L4 wlan0 -> ch10  (retuning, ~700ms loss)  | BL=[]
[TX  ->  *] bucket=31006 L4 active=wlan0 ch10  BL=[]
[RX  <- B] bucket=31006  peer_BL=[]  my_BL=[]
[01:43:00] HOP bucket=31007 L4 wlan0 -> ch7  (retuning, ~700ms loss)  | BL=[]
[TX  ->  *] bucket=31007 L4 active=wlan0 ch7  BL=[]
[RX  <- B] bucket=31007  peer_BL=[]  my_BL=[]
[01:43:02] HOP bucket=31008 L4 wlan0 -> ch9  (retuning, ~700ms loss)  | BL=[]
[TX  ->  *] bucket=31008 L4 active=wlan0 ch9  BL=[]
[RX  <- B] bucket=31008  peer_BL=[]  my_BL=[]
[01:43:04] HOP bucket=31009 L4 wlan0 -> ch10  (retuning, ~700ms loss)  | BL=[]
[TX  ->  *] bucket=31009 L4 active=wlan0 ch10  BL=[]
[RX  <- B] bucket=31009  peer_BL=[]  my_BL=[]
[01:43:06] HOP bucket=31010 L4 wlan0 -> ch5  (retuning, ~700ms loss)  | BL=[]
[TX  ->  *] bucket=31010 L4 active=wlan0 ch5  BL=[]
[RX  <- B] bucket=31010  peer_BL=[]  my_BL=[]
[01:43:08] HOP bucket=31011 L4 wlan0 -> ch10  (retuning, ~700ms loss)  | BL=[]
[TX  ->  *] bucket=31011 L4 active=wlan0 ch10  BL=[]
[RX  <- B] bucket=31011  peer_BL=[]  my_BL=[]
[01:43:10] HOP bucket=31012 L4 wlan0 -> ch5  (retuning, ~700ms loss)  | BL=[]
[RX  <- B] bucket=31012  peer_BL=[]  my_BL=[]
[TX  ->  *] bucket=31012 L4 active=wlan0 ch5  BL=[]
[01:43:12] HOP bucket=31013 L4 wlan0 -> ch7  (retuning, ~700ms loss)  | BL=[]
[TX  ->  *] bucket=31013 L4 active=wlan0 ch7  BL=[]
[RX  <- B] bucket=31013  peer_BL=[]  my_BL=[]
[01:43:14] HOP bucket=31014 L4 wlan0 -> ch3  (retuning, ~700ms loss)  | BL=[]
[RX  <- B] bucket=31014  peer_BL=[]  my_BL=[]
[TX  ->  *] bucket=31014 L4 active=wlan0 ch3  BL=[]
[01:43:16] HOP bucket=31015 L4 wlan0 -> ch10  (retuning, ~700ms loss)  | BL=[]
[RX  <- B] bucket=31015  peer_BL=[]  my_BL=[]
[TX  ->  *] bucket=31015 L4 active=wlan0 ch10  BL=[]
[01:43:18] HOP bucket=31016 L4 wlan0 -> ch11  (retuning, ~700ms loss)  | BL=[]
[RX  <- B] bucket=31016  peer_BL=[]  my_BL=[]
[TX  ->  *] bucket=31016 L4 active=wlan0 ch11  BL=[]
[01:43:20] HOP bucket=31017 L4 wlan0 -> ch6  (retuning, ~700ms loss)  | BL=[]
[TX  ->  *] bucket=31017 L4 active=wlan0 ch6  BL=[]
[RX  <- B] bucket=31017  peer_BL=[]  my_BL=[]
[01:43:22] HOP bucket=31018 L4 wlan0 -> ch8  (retuning, ~700ms loss)  | BL=[]
[RX  <- B] bucket=31018  peer_BL=[]  my_BL=[]
[TX  ->  *] bucket=31018 L4 active=wlan0 ch8  BL=[]
[01:43:24] HOP bucket=31019 L4 wlan0 -> ch8  (retuning, ~700ms loss)  | BL=[]
[RX  <- B] bucket=31019  peer_BL=[]  my_BL=[]
[TX  ->  *] bucket=31019 L4 active=wlan0 ch8  BL=[]
[01:43:26] HOP bucket=31020 L4 wlan0 -> ch8  (retuning, ~700ms loss)  | BL=[]
[TX  ->  *] bucket=31020 L4 active=wlan0 ch8  BL=[]
[RX  <- B] bucket=31020  peer_BL=[]  my_BL=[]
[01:43:28] HOP bucket=31021 L4 wlan0 -> ch4  (retuning, ~700ms loss)  | BL=[]
[RX  <- B] bucket=31021  peer_BL=[]  my_BL=[]
[TX  ->  *] bucket=31021 L4 active=wlan0 ch4  BL=[]
[01:43:30] HOP bucket=31022 L4 wlan0 -> ch3  (retuning, ~700ms loss)  | BL=[]
[RX  <- B] bucket=31022  peer_BL=[]  my_BL=[]
[TX  ->  *] bucket=31022 L4 active=wlan0 ch3  BL=[]
[01:43:32] HOP bucket=31023 L4 wlan0 -> ch5  (retuning, ~700ms loss)  | BL=[]
[TX  ->  *] bucket=31023 L4 active=wlan0 ch5  BL=[]
[RX  <- B] bucket=31023  peer_BL=[]  my_BL=[]
[01:43:34] HOP bucket=31024 L4 wlan0 -> ch8  (retuning, ~700ms loss)  | BL=[]
[RX  <- B] bucket=31024  peer_BL=[]  my_BL=[]
[TX  ->  *] bucket=31024 L4 active=wlan0 ch8  BL=[]
[01:43:36] HOP bucket=31025 L4 wlan0 -> ch11  (retuning, ~700ms loss)  | BL=[]
[RX  <- B] bucket=31025  peer_BL=[]  my_BL=[]
[TX  ->  *] bucket=31025 L4 active=wlan0 ch11  BL=[]
[01:43:38] HOP bucket=31026 L4 wlan0 -> ch3  (retuning, ~700ms loss)  | BL=[]
[RX  <- B] bucket=31026  peer_BL=[]  my_BL=[]
[TX  ->  *] bucket=31026 L4 active=wlan0 ch3  BL=[]
[01:43:40] HOP bucket=31027 L4 wlan0 -> ch6  (retuning, ~700ms loss)  | BL=[]
[RX  <- B] bucket=31027  peer_BL=[]  my_BL=[]
[TX  ->  *] bucket=31027 L4 active=wlan0 ch6  BL=[]
[01:43:42] HOP bucket=31028 L4 wlan0 -> ch3  (retuning, ~700ms loss)  | BL=[]
[TX  ->  *] bucket=31028 L4 active=wlan0 ch3  BL=[]
[RX  <- B] bucket=31028  peer_BL=[]  my_BL=[]
[01:43:44] HOP bucket=31029 L4 wlan0 -> ch5  (retuning, ~700ms loss)  | BL=[]
[RX  <- B] bucket=31029  peer_BL=[]  my_BL=[]
[TX  ->  *] bucket=31029 L4 active=wlan0 ch5  BL=[]
[01:43:46] HOP bucket=31030 L4 wlan0 -> ch6  (retuning, ~700ms loss)  | BL=[]
[RX  <- B] bucket=31030  peer_BL=[]  my_BL=[]
[TX  ->  *] bucket=31030 L4 active=wlan0 ch6  BL=[]
[01:43:48] HOP bucket=31031 L4 wlan0 -> ch8  (retuning, ~700ms loss)  | BL=[]
[TX  ->  *] bucket=31031 L4 active=wlan0 ch8  BL=[]
[RX  <- B] bucket=31031  peer_BL=[]  my_BL=[]
[01:43:50] HOP bucket=31032 L4 wlan0 -> ch4  (retuning, ~700ms loss)  | BL=[]
[RX  <- B] bucket=31032  peer_BL=[]  my_BL=[]
[TX  ->  *] bucket=31032 L4 active=wlan0 ch4  BL=[]
[01:43:52] HOP bucket=31033 L4 wlan0 -> ch9  (retuning, ~700ms loss)  | BL=[]
[TX  ->  *] bucket=31033 L4 active=wlan0 ch9  BL=[]
[RX  <- B] bucket=31033  peer_BL=[]  my_BL=[]
[01:43:54] HOP bucket=31034 L4 wlan0 -> ch10  (retuning, ~700ms loss)  | BL=[]
[TX  ->  *] bucket=31034 L4 active=wlan0 ch10  BL=[]
[RX  <- B] bucket=31034  peer_BL=[]  my_BL=[]
[01:43:56] HOP bucket=31035 L4 wlan0 -> ch3  (retuning, ~700ms loss)  | BL=[]
[TX  ->  *] bucket=31035 L4 active=wlan0 ch3  BL=[]
[RX  <- B] bucket=31035  peer_BL=[]  my_BL=[]
[01:43:58] HOP bucket=31036 L4 wlan0 -> ch3  (retuning, ~700ms loss)  | BL=[]
[TX  ->  *] bucket=31036 L4 active=wlan0 ch3  BL=[]
[RX  <- B] bucket=31036  peer_BL=[]  my_BL=[]
[01:44:00] HOP bucket=31037 L4 wlan0 -> ch5  (retuning, ~700ms loss)  | BL=[]
[TX  ->  *] bucket=31037 L4 active=wlan0 ch5  BL=[]
[RX  <- B] bucket=31037  peer_BL=[]  my_BL=[]
[01:44:02] HOP bucket=31038 L4 wlan0 -> ch4  (retuning, ~700ms loss)  | BL=[]
[TX  ->  *] bucket=31038 L4 active=wlan0 ch4  BL=[]
[RX  <- B] bucket=31038  peer_BL=[]  my_BL=[]
[01:44:04] HOP bucket=31039 L4 wlan0 -> ch4  (retuning, ~700ms loss)  | BL=[]
[TX  ->  *] bucket=31039 L4 active=wlan0 ch4  BL=[]
[RX  <- B] bucket=31039  peer_BL=[]  my_BL=[]
[01:44:06] HOP bucket=31040 L4 wlan0 -> ch6  (retuning, ~700ms loss)  | BL=[]
[TX  ->  *] bucket=31040 L4 active=wlan0 ch6  BL=[]
[RX  <- B] bucket=31040  peer_BL=[]  my_BL=[]
[01:44:08] HOP bucket=31041 L4 wlan0 -> ch9  (retuning, ~700ms loss)  | BL=[]
[RX  <- B] bucket=31041  peer_BL=[]  my_BL=[]
[TX  ->  *] bucket=31041 L4 active=wlan0 ch9  BL=[]
[01:44:10] HOP bucket=31042 L4 wlan0 -> ch6  (retuning, ~700ms loss)  | BL=[]
[TX  ->  *] bucket=31042 L4 active=wlan0 ch6  BL=[]
[RX  <- B] bucket=31042  peer_BL=[]  my_BL=[]
[01:44:12] HOP bucket=31043 L4 wlan0 -> ch10  (retuning, ~700ms loss)  | BL=[]
[TX  ->  *] bucket=31043 L4 active=wlan0 ch10  BL=[]
[RX  <- B] bucket=31043  peer_BL=[]  my_BL=[]
[01:44:14] HOP bucket=31044 L4 wlan0 -> ch5  (retuning, ~700ms loss)  | BL=[]
[TX  ->  *] bucket=31044 L4 active=wlan0 ch5  BL=[]
[RX  <- B] bucket=31044  peer_BL=[]  my_BL=[]
[01:44:16] HOP bucket=31045 L4 wlan0 -> ch7  (retuning, ~700ms loss)  | BL=[]
[TX  ->  *] bucket=31045 L4 active=wlan0 ch7  BL=[]
[RX  <- B] bucket=31045  peer_BL=[]  my_BL=[]
[01:44:18] HOP bucket=31046 L4 wlan0 -> ch10  (retuning, ~700ms loss)  | BL=[]
[RX  <- B] bucket=31046  peer_BL=[]  my_BL=[]
[TX  ->  *] bucket=31046 L4 active=wlan0 ch10  BL=[]
[01:44:20] HOP bucket=31047 L4 wlan0 -> ch6  (retuning, ~700ms loss)  | BL=[]
[RX  <- B] bucket=31047  peer_BL=[]  my_BL=[]
[TX  ->  *] bucket=31047 L4 active=wlan0 ch6  BL=[]
[01:44:22] HOP bucket=31048 L4 wlan0 -> ch4  (retuning, ~700ms loss)  | BL=[]
[TX  ->  *] bucket=31048 L4 active=wlan0 ch4  BL=[]
[RX  <- B] bucket=31048  peer_BL=[]  my_BL=[]
[01:44:24] HOP bucket=31049 L4 wlan0 -> ch3  (retuning, ~700ms loss)  | BL=[]
[TX  ->  *] bucket=31049 L4 active=wlan0 ch3  BL=[]
[RX  <- B] bucket=31049  peer_BL=[]  my_BL=[]
[01:44:26] HOP bucket=31050 L4 wlan0 -> ch7  (retuning, ~700ms loss)  | BL=[]
[TX  ->  *] bucket=31050 L4 active=wlan0 ch7  BL=[]
[RX  <- B] bucket=31050  peer_BL=[]  my_BL=[]
[01:44:28] HOP bucket=31051 L4 wlan0 -> ch7  (retuning, ~700ms loss)  | BL=[]
[TX  ->  *] bucket=31051 L4 active=wlan0 ch7  BL=[]
[RX  <- B] bucket=31051  peer_BL=[]  my_BL=[]
[01:44:30] HOP bucket=31052 L4 wlan0 -> ch6  (retuning, ~700ms loss)  | BL=[]
[TX  ->  *] bucket=31052 L4 active=wlan0 ch6  BL=[]
[RX  <- B] bucket=31052  peer_BL=[]  my_BL=[]
[01:44:32] HOP bucket=31053 L4 wlan0 -> ch11  (retuning, ~700ms loss)  | BL=[]
[RX  <- B] bucket=31053  peer_BL=[]  my_BL=[]
[TX  ->  *] bucket=31053 L4 active=wlan0 ch11  BL=[]
[01:44:34] HOP bucket=31054 L4 wlan0 -> ch11  (retuning, ~700ms loss)  | BL=[]
[RX  <- B] bucket=31054  peer_BL=[]  my_BL=[]
[TX  ->  *] bucket=31054 L4 active=wlan0 ch11  BL=[]
[01:44:36] HOP bucket=31055 L4 wlan0 -> ch7  (retuning, ~700ms loss)  | BL=[]
[RX  <- B] bucket=31055  peer_BL=[]  my_BL=[]
[TX  ->  *] bucket=31055 L4 active=wlan0 ch7  BL=[]
[01:44:38] HOP bucket=31056 L4 wlan0 -> ch3  (retuning, ~700ms loss)  | BL=[]
[RX  <- B] bucket=31056  peer_BL=[]  my_BL=[]
[TX  ->  *] bucket=31056 L4 active=wlan0 ch3  BL=[]
[01:44:40] HOP bucket=31057 L4 wlan0 -> ch8  (retuning, ~700ms loss)  | BL=[]
[RX  <- B] bucket=31057  peer_BL=[]  my_BL=[]
[TX  ->  *] bucket=31057 L4 active=wlan0 ch8  BL=[]
[01:44:42] HOP bucket=31058 L4 wlan0 -> ch6  (retuning, ~700ms loss)  | BL=[]
[RX  <- B] bucket=31058  peer_BL=[]  my_BL=[]
[TX  ->  *] bucket=31058 L4 active=wlan0 ch6  BL=[]
[01:44:44] HOP bucket=31059 L4 wlan0 -> ch4  (retuning, ~700ms loss)  | BL=[]
[RX  <- B] bucket=31059  peer_BL=[]  my_BL=[]
[TX  ->  *] bucket=31059 L4 active=wlan0 ch4  BL=[]
[01:44:46] HOP bucket=31060 L4 wlan0 -> ch10  (retuning, ~700ms loss)  | BL=[]
[RX  <- B] bucket=31060  peer_BL=[]  my_BL=[]
[TX  ->  *] bucket=31060 L4 active=wlan0 ch10  BL=[]
[01:44:48] HOP bucket=31061 L4 wlan0 -> ch5  (retuning, ~700ms loss)  | BL=[]
[RX  <- B] bucket=31061  peer_BL=[]  my_BL=[]
[TX  ->  *] bucket=31061 L4 active=wlan0 ch5  BL=[]
[01:44:50] HOP bucket=31062 L4 wlan0 -> ch9  (retuning, ~700ms loss)  | BL=[]
[TX  ->  *] bucket=31062 L4 active=wlan0 ch9  BL=[]
[RX  <- B] bucket=31062  peer_BL=[]  my_BL=[]
[01:44:52] HOP bucket=31063 L4 wlan0 -> ch9  (retuning, ~700ms loss)  | BL=[]
[TX  ->  *] bucket=31063 L4 active=wlan0 ch9  BL=[]
[RX  <- B] bucket=31063  peer_BL=[]  my_BL=[]
[01:44:54] HOP bucket=31064 L4 wlan0 -> ch4  (retuning, ~700ms loss)  | BL=[]
[TX  ->  *] bucket=31064 L4 active=wlan0 ch4  BL=[]
[RX  <- B] bucket=31064  peer_BL=[]  my_BL=[]
[01:44:56] HOP bucket=31065 L4 wlan0 -> ch9  (retuning, ~700ms loss)  | BL=[]
[TX  ->  *] bucket=31065 L4 active=wlan0 ch9  BL=[]
[RX  <- B] bucket=31065  peer_BL=[]  my_BL=[]
[01:44:58] HOP bucket=31066 L4 wlan0 -> ch3  (retuning, ~700ms loss)  | BL=[]
[TX  ->  *] bucket=31066 L4 active=wlan0 ch3  BL=[]
[RX  <- B] bucket=31066  peer_BL=[]  my_BL=[]
[01:45:00] HOP bucket=31067 L4 wlan0 -> ch6  (retuning, ~700ms loss)  | BL=[]
[TX  ->  *] bucket=31067 L4 active=wlan0 ch6  BL=[]
[RX  <- B] bucket=31067  peer_BL=[]  my_BL=[]
[01:45:02] HOP bucket=31068 L4 wlan0 -> ch6  (retuning, ~700ms loss)  | BL=[]
[TX  ->  *] bucket=31068 L4 active=wlan0 ch6  BL=[]
[RX  <- B] bucket=31068  peer_BL=[]  my_BL=[]
[01:45:04] HOP bucket=31069 L4 wlan0 -> ch4  (retuning, ~700ms loss)  | BL=[]
[RX  <- B] bucket=31069  peer_BL=[]  my_BL=[]
[TX  ->  *] bucket=31069 L4 active=wlan0 ch4  BL=[]
[01:45:06] HOP bucket=31070 L4 wlan0 -> ch3  (retuning, ~700ms loss)  | BL=[]
[TX  ->  *] bucket=31070 L4 active=wlan0 ch3  BL=[]
[RX  <- B] bucket=31070  peer_BL=[]  my_BL=[]
[01:45:08] HOP bucket=31071 L4 wlan0 -> ch4  (retuning, ~700ms loss)  | BL=[]
[RX  <- B] bucket=31071  peer_BL=[]  my_BL=[]
[TX  ->  *] bucket=31071 L4 active=wlan0 ch4  BL=[]
[01:45:10] HOP bucket=31072 L4 wlan0 -> ch8  (retuning, ~700ms loss)  | BL=[]
[TX  ->  *] bucket=31072 L4 active=wlan0 ch8  BL=[]
[RX  <- B] bucket=31072  peer_BL=[]  my_BL=[]
[01:45:12] HOP bucket=31073 L4 wlan0 -> ch4  (retuning, ~700ms loss)  | BL=[]
[TX  ->  *] bucket=31073 L4 active=wlan0 ch4  BL=[]
[RX  <- B] bucket=31073  peer_BL=[]  my_BL=[]
[01:45:14] HOP bucket=31074 L4 wlan0 -> ch7  (retuning, ~700ms loss)  | BL=[]
[TX  ->  *] bucket=31074 L4 active=wlan0 ch7  BL=[]
[RX  <- B] bucket=31074  peer_BL=[]  my_BL=[]
[01:45:16] HOP bucket=31075 L4 wlan0 -> ch3  (retuning, ~700ms loss)  | BL=[]
[TX  ->  *] bucket=31075 L4 active=wlan0 ch3  BL=[]
[RX  <- B] bucket=31075  peer_BL=[]  my_BL=[]
[01:45:18] HOP bucket=31076 L4 wlan0 -> ch8  (retuning, ~700ms loss)  | BL=[]
[TX  ->  *] bucket=31076 L4 active=wlan0 ch8  BL=[]
[RX  <- B] bucket=31076  peer_BL=[]  my_BL=[]
[01:45:20] HOP bucket=31077 L4 wlan0 -> ch8  (retuning, ~700ms loss)  | BL=[]
[TX  ->  *] bucket=31077 L4 active=wlan0 ch8  BL=[]
[RX  <- B] bucket=31077  peer_BL=[]  my_BL=[]
[01:45:22] HOP bucket=31078 L4 wlan0 -> ch10  (retuning, ~700ms loss)  | BL=[]
[TX  ->  *] bucket=31078 L4 active=wlan0 ch10  BL=[]
[RX  <- B] bucket=31078  peer_BL=[]  my_BL=[]
[01:45:24] HOP bucket=31079 L4 wlan0 -> ch8  (retuning, ~700ms loss)  | BL=[]
[TX  ->  *] bucket=31079 L4 active=wlan0 ch8  BL=[]
[RX  <- B] bucket=31079  peer_BL=[]  my_BL=[]
[01:45:26] HOP bucket=31080 L4 wlan0 -> ch11  (retuning, ~700ms loss)  | BL=[]
[RX  <- B] bucket=31080  peer_BL=[]  my_BL=[]
[TX  ->  *] bucket=31080 L4 active=wlan0 ch11  BL=[]
[01:45:28] HOP bucket=31081 L4 wlan0 -> ch11  (retuning, ~700ms loss)  | BL=[]
[RX  <- B] bucket=31081  peer_BL=[]  my_BL=[]
[TX  ->  *] bucket=31081 L4 active=wlan0 ch11  BL=[]
[01:45:30] HOP bucket=31082 L4 wlan0 -> ch4  (retuning, ~700ms loss)  | BL=[]
[TX  ->  *] bucket=31082 L4 active=wlan0 ch4  BL=[]
[RX  <- B] bucket=31082  peer_BL=[]  my_BL=[]
[01:45:32] HOP bucket=31083 L4 wlan0 -> ch6  (retuning, ~700ms loss)  | BL=[]
[RX  <- B] bucket=31083  peer_BL=[]  my_BL=[]
[TX  ->  *] bucket=31083 L4 active=wlan0 ch6  BL=[]
[01:45:34] HOP bucket=31084 L4 wlan0 -> ch10  (retuning, ~700ms loss)  | BL=[]
[TX  ->  *] bucket=31084 L4 active=wlan0 ch10  BL=[]
[RX  <- B] bucket=31084  peer_BL=[]  my_BL=[]
[01:45:36] HOP bucket=31085 L4 wlan0 -> ch7  (retuning, ~700ms loss)  | BL=[]
[TX  ->  *] bucket=31085 L4 active=wlan0 ch7  BL=[]
[RX  <- B] bucket=31085  peer_BL=[]  my_BL=[]
[01:45:38] HOP bucket=31086 L4 wlan0 -> ch11  (retuning, ~700ms loss)  | BL=[]
[RX  <- B] bucket=31086  peer_BL=[]  my_BL=[]
[TX  ->  *] bucket=31086 L4 active=wlan0 ch11  BL=[]
[01:45:40] HOP bucket=31087 L4 wlan0 -> ch3  (retuning, ~700ms loss)  | BL=[]
[TX  ->  *] bucket=31087 L4 active=wlan0 ch3  BL=[]
[RX  <- B] bucket=31087  peer_BL=[]  my_BL=[]
[01:45:42] HOP bucket=31088 L4 wlan0 -> ch5  (retuning, ~700ms loss)  | BL=[]
[TX  ->  *] bucket=31088 L4 active=wlan0 ch5  BL=[]
[RX  <- B] bucket=31088  peer_BL=[]  my_BL=[]
[01:45:44] HOP bucket=31089 L4 wlan0 -> ch10  (retuning, ~700ms loss)  | BL=[]
[TX  ->  *] bucket=31089 L4 active=wlan0 ch10  BL=[]
[RX  <- B] bucket=31089  peer_BL=[]  my_BL=[]
[01:45:46] HOP bucket=31090 L4 wlan0 -> ch4  (retuning, ~700ms loss)  | BL=[]
[TX  ->  *] bucket=31090 L4 active=wlan0 ch4  BL=[]
[RX  <- B] bucket=31090  peer_BL=[]  my_BL=[]
[01:45:48] HOP bucket=31091 L4 wlan0 -> ch3  (retuning, ~700ms loss)  | BL=[]
[TX  ->  *] bucket=31091 L4 active=wlan0 ch3  BL=[]
[RX  <- B] bucket=31091  peer_BL=[]  my_BL=[]
[01:45:50] HOP bucket=31092 L4 wlan0 -> ch11  (retuning, ~700ms loss)  | BL=[]
[RX  <- B] bucket=31092  peer_BL=[]  my_BL=[]
[TX  ->  *] bucket=31092 L4 active=wlan0 ch11  BL=[]
[01:45:52] HOP bucket=31093 L4 wlan0 -> ch10  (retuning, ~700ms loss)  | BL=[]
[RX  <- B] bucket=31093  peer_BL=[]  my_BL=[]
[TX  ->  *] bucket=31093 L4 active=wlan0 ch10  BL=[]
[01:45:54] HOP bucket=31094 L4 wlan0 -> ch4  (retuning, ~700ms loss)  | BL=[]
[TX  ->  *] bucket=31094 L4 active=wlan0 ch4  BL=[]
[RX  <- B] bucket=31094  peer_BL=[]  my_BL=[]
[01:45:56] HOP bucket=31095 L4 wlan0 -> ch9  (retuning, ~700ms loss)  | BL=[]
[RX  <- B] bucket=31095  peer_BL=[]  my_BL=[]
[TX  ->  *] bucket=31095 L4 active=wlan0 ch9  BL=[]
[01:45:58] HOP bucket=31096 L4 wlan0 -> ch7  (retuning, ~700ms loss)  | BL=[]
[TX  ->  *] bucket=31096 L4 active=wlan0 ch7  BL=[]
[RX  <- B] bucket=31096  peer_BL=[]  my_BL=[]
[01:46:00] HOP bucket=31097 L4 wlan0 -> ch5  (retuning, ~700ms loss)  | BL=[]
[TX  ->  *] bucket=31097 L4 active=wlan0 ch5  BL=[]
[RX  <- B] bucket=31097  peer_BL=[]  my_BL=[]
[01:46:02] HOP bucket=31098 L4 wlan0 -> ch3  (retuning, ~700ms loss)  | BL=[]
[RX  <- B] bucket=31098  peer_BL=[]  my_BL=[]
[TX  ->  *] bucket=31098 L4 active=wlan0 ch3  BL=[]
[01:46:04] HOP bucket=31099 L4 wlan0 -> ch5  (retuning, ~700ms loss)  | BL=[]
[RX  <- B] bucket=31099  peer_BL=[]  my_BL=[]
[TX  ->  *] bucket=31099 L4 active=wlan0 ch5  BL=[]
[01:46:06] HOP bucket=31100 L4 wlan0 -> ch7  (retuning, ~700ms loss)  | BL=[]
[RX  <- B] bucket=31100  peer_BL=[]  my_BL=[]
[TX  ->  *] bucket=31100 L4 active=wlan0 ch7  BL=[]
[01:46:08] HOP bucket=31101 L4 wlan0 -> ch9  (retuning, ~700ms loss)  | BL=[]
[RX  <- B] bucket=31101  peer_BL=[]  my_BL=[]
[TX  ->  *] bucket=31101 L4 active=wlan0 ch9  BL=[]
[01:46:10] HOP bucket=31102 L4 wlan0 -> ch10  (retuning, ~700ms loss)  | BL=[]
[RX  <- B] bucket=31102  peer_BL=[]  my_BL=[]
[TX  ->  *] bucket=31102 L4 active=wlan0 ch10  BL=[]
[01:46:12] HOP bucket=31103 L4 wlan0 -> ch7  (retuning, ~700ms loss)  | BL=[]
[RX  <- B] bucket=31103  peer_BL=[]  my_BL=[]
[TX  ->  *] bucket=31103 L4 active=wlan0 ch7  BL=[]
[01:46:14] HOP bucket=31104 L4 wlan0 -> ch9  (retuning, ~700ms loss)  | BL=[]
[TX  ->  *] bucket=31104 L4 active=wlan0 ch9  BL=[]
[RX  <- B] bucket=31104  peer_BL=[]  my_BL=[]
[01:46:16] HOP bucket=31105 L4 wlan0 -> ch5  (retuning, ~700ms loss)  | BL=[]
[RX  <- B] bucket=31105  peer_BL=[]  my_BL=[]
[TX  ->  *] bucket=31105 L4 active=wlan0 ch5  BL=[]
[01:46:18] HOP bucket=31106 L4 wlan0 -> ch3  (retuning, ~700ms loss)  | BL=[]
[RX  <- B] bucket=31106  peer_BL=[]  my_BL=[]
[TX  ->  *] bucket=31106 L4 active=wlan0 ch3  BL=[]
[01:46:20] HOP bucket=31107 L4 wlan0 -> ch5  (retuning, ~700ms loss)  | BL=[]
[RX  <- B] bucket=31107  peer_BL=[]  my_BL=[]
[TX  ->  *] bucket=31107 L4 active=wlan0 ch5  BL=[]
[01:46:22] HOP bucket=31108 L4 wlan0 -> ch3  (retuning, ~700ms loss)  | BL=[]
[RX  <- B] bucket=31108  peer_BL=[]  my_BL=[]
[TX  ->  *] bucket=31108 L4 active=wlan0 ch3  BL=[]
[01:46:24] HOP bucket=31109 L4 wlan0 -> ch9  (retuning, ~700ms loss)  | BL=[]
[RX  <- B] bucket=31109  peer_BL=[]  my_BL=[]
[TX  ->  *] bucket=31109 L4 active=wlan0 ch9  BL=[]
[01:46:26] HOP bucket=31110 L4 wlan0 -> ch6  (retuning, ~700ms loss)  | BL=[]
[TX  ->  *] bucket=31110 L4 active=wlan0 ch6  BL=[]
[RX  <- B] bucket=31110  peer_BL=[]  my_BL=[]
[01:46:28] HOP bucket=31111 L4 wlan0 -> ch11  (retuning, ~700ms loss)  | BL=[]
[TX  ->  *] bucket=31111 L4 active=wlan0 ch11  BL=[]
[RX  <- B] bucket=31111  peer_BL=[]  my_BL=[]
[01:46:30] HOP bucket=31112 L4 wlan0 -> ch8  (retuning, ~700ms loss)  | BL=[]
[RX  <- B] bucket=31112  peer_BL=[]  my_BL=[]
[TX  ->  *] bucket=31112 L4 active=wlan0 ch8  BL=[]
[01:46:32] HOP bucket=31113 L4 wlan0 -> ch10  (retuning, ~700ms loss)  | BL=[]
[RX  <- B] bucket=31113  peer_BL=[]  my_BL=[]
[TX  ->  *] bucket=31113 L4 active=wlan0 ch10  BL=[]
[01:46:34] HOP bucket=31114 L4 wlan0 -> ch6  (retuning, ~700ms loss)  | BL=[]
[TX  ->  *] bucket=31114 L4 active=wlan0 ch6  BL=[]
[RX  <- B] bucket=31114  peer_BL=[]  my_BL=[]
[01:46:36] HOP bucket=31115 L4 wlan0 -> ch4  (retuning, ~700ms loss)  | BL=[]
[TX  ->  *] bucket=31115 L4 active=wlan0 ch4  BL=[]
[RX  <- B] bucket=31115  peer_BL=[]  my_BL=[]
[01:46:38] HOP bucket=31116 L4 wlan0 -> ch9  (retuning, ~700ms loss)  | BL=[]
[RX  <- B] bucket=31116  peer_BL=[]  my_BL=[]
[TX  ->  *] bucket=31116 L4 active=wlan0 ch9  BL=[]
[01:46:40] HOP bucket=31117 L4 wlan0 -> ch10  (retuning, ~700ms loss)  | BL=[]
[TX  ->  *] bucket=31117 L4 active=wlan0 ch10  BL=[]
[RX  <- B] bucket=31117  peer_BL=[]  my_BL=[]
[01:46:42] HOP bucket=31118 L4 wlan0 -> ch8  (retuning, ~700ms loss)  | BL=[]
[RX  <- B] bucket=31118  peer_BL=[]  my_BL=[]
[TX  ->  *] bucket=31118 L4 active=wlan0 ch8  BL=[]
[01:46:44] HOP bucket=31119 L4 wlan0 -> ch7  (retuning, ~700ms loss)  | BL=[]
[TX  ->  *] bucket=31119 L4 active=wlan0 ch7  BL=[]
[RX  <- B] bucket=31119  peer_BL=[]  my_BL=[]
[01:46:46] HOP bucket=31120 L4 wlan0 -> ch7  (retuning, ~700ms loss)  | BL=[]
[TX  ->  *] bucket=31120 L4 active=wlan0 ch7  BL=[]
[RX  <- B] bucket=31120  peer_BL=[]  my_BL=[]
[01:46:48] HOP bucket=31121 L4 wlan0 -> ch11  (retuning, ~700ms loss)  | BL=[]
[TX  ->  *] bucket=31121 L4 active=wlan0 ch11  BL=[]
[RX  <- B] bucket=31121  peer_BL=[]  my_BL=[]
[01:46:50] HOP bucket=31122 L4 wlan0 -> ch6  (retuning, ~700ms loss)  | BL=[]
[RX  <- B] bucket=31122  peer_BL=[]  my_BL=[]
[TX  ->  *] bucket=31122 L4 active=wlan0 ch6  BL=[]
[01:46:52] HOP bucket=31123 L4 wlan0 -> ch6  (retuning, ~700ms loss)  | BL=[]
[TX  ->  *] bucket=31123 L4 active=wlan0 ch6  BL=[]
[RX  <- B] bucket=31123  peer_BL=[]  my_BL=[]
[01:46:54] HOP bucket=31124 L4 wlan0 -> ch7  (retuning, ~700ms loss)  | BL=[]
[TX  ->  *] bucket=31124 L4 active=wlan0 ch7  BL=[]
[RX  <- B] bucket=31124  peer_BL=[]  my_BL=[]
[01:46:56] HOP bucket=31125 L4 wlan0 -> ch10  (retuning, ~700ms loss)  | BL=[]
[TX  ->  *] bucket=31125 L4 active=wlan0 ch10  BL=[]
[RX  <- B] bucket=31125  peer_BL=[]  my_BL=[]
[01:46:58] HOP bucket=31126 L4 wlan0 -> ch7  (retuning, ~700ms loss)  | BL=[]
[TX  ->  *] bucket=31126 L4 active=wlan0 ch7  BL=[]
[RX  <- B] bucket=31126  peer_BL=[]  my_BL=[]
[01:47:00] HOP bucket=31127 L4 wlan0 -> ch4  (retuning, ~700ms loss)  | BL=[]
[TX  ->  *] bucket=31127 L4 active=wlan0 ch4  BL=[]
[RX  <- B] bucket=31127  peer_BL=[]  my_BL=[]
[01:47:02] HOP bucket=31128 L4 wlan0 -> ch3  (retuning, ~700ms loss)  | BL=[]
[RX  <- B] bucket=31128  peer_BL=[]  my_BL=[]
[TX  ->  *] bucket=31128 L4 active=wlan0 ch3  BL=[]
[01:47:04] HOP bucket=31129 L4 wlan0 -> ch7  (retuning, ~700ms loss)  | BL=[]
[RX  <- B] bucket=31129  peer_BL=[]  my_BL=[]
[TX  ->  *] bucket=31129 L4 active=wlan0 ch7  BL=[]
[01:47:06] HOP bucket=31130 L4 wlan0 -> ch4  (retuning, ~700ms loss)  | BL=[]
[RX  <- B] bucket=31130  peer_BL=[]  my_BL=[]
[TX  ->  *] bucket=31130 L4 active=wlan0 ch4  BL=[]
[01:47:08] HOP bucket=31131 L4 wlan0 -> ch10  (retuning, ~700ms loss)  | BL=[]
[RX  <- B] bucket=31131  peer_BL=[]  my_BL=[]
[TX  ->  *] bucket=31131 L4 active=wlan0 ch10  BL=[]
[01:47:10] HOP bucket=31132 L4 wlan0 -> ch7  (retuning, ~700ms loss)  | BL=[]
[RX  <- B] bucket=31132  peer_BL=[]  my_BL=[]
[TX  ->  *] bucket=31132 L4 active=wlan0 ch7  BL=[]
[01:47:12] HOP bucket=31133 L4 wlan0 -> ch3  (retuning, ~700ms loss)  | BL=[]
[RX  <- B] bucket=31133  peer_BL=[]  my_BL=[]
[TX  ->  *] bucket=31133 L4 active=wlan0 ch3  BL=[]
[01:47:14] HOP bucket=31134 L4 wlan0 -> ch7  (retuning, ~700ms loss)  | BL=[]
[TX  ->  *] bucket=31134 L4 active=wlan0 ch7  BL=[]
[RX  <- B] bucket=31134  peer_BL=[]  my_BL=[]
[01:47:16] HOP bucket=31135 L4 wlan0 -> ch7  (retuning, ~700ms loss)  | BL=[]
[RX  <- B] bucket=31135  peer_BL=[]  my_BL=[]
[TX  ->  *] bucket=31135 L4 active=wlan0 ch7  BL=[]
[01:47:18] HOP bucket=31136 L4 wlan0 -> ch7  (retuning, ~700ms loss)  | BL=[]
[RX  <- B] bucket=31136  peer_BL=[]  my_BL=[]
[TX  ->  *] bucket=31136 L4 active=wlan0 ch7  BL=[]
[01:47:20] HOP bucket=31137 L4 wlan0 -> ch10  (retuning, ~700ms loss)  | BL=[]
[TX  ->  *] bucket=31137 L4 active=wlan0 ch10  BL=[]
[RX  <- B] bucket=31137  peer_BL=[]  my_BL=[]
[01:47:22] HOP bucket=31138 L4 wlan0 -> ch10  (retuning, ~700ms loss)  | BL=[]
[TX  ->  *] bucket=31138 L4 active=wlan0 ch10  BL=[]
[RX  <- B] bucket=31138  peer_BL=[]  my_BL=[]
[01:47:24] HOP bucket=31139 L4 wlan0 -> ch6  (retuning, ~700ms loss)  | BL=[]
[TX  ->  *] bucket=31139 L4 active=wlan0 ch6  BL=[]
[RX  <- B] bucket=31139  peer_BL=[]  my_BL=[]
[01:47:26] HOP bucket=31140 L4 wlan0 -> ch3  (retuning, ~700ms loss)  | BL=[]
[TX  ->  *] bucket=31140 L4 active=wlan0 ch3  BL=[]
[RX  <- B] bucket=31140  peer_BL=[]  my_BL=[]
[01:47:28] HOP bucket=31141 L4 wlan0 -> ch5  (retuning, ~700ms loss)  | BL=[]
[TX  ->  *] bucket=31141 L4 active=wlan0 ch5  BL=[]
[RX  <- B] bucket=31141  peer_BL=[]  my_BL=[]
[01:47:30] HOP bucket=31142 L4 wlan0 -> ch4  (retuning, ~700ms loss)  | BL=[]
[TX  ->  *] bucket=31142 L4 active=wlan0 ch4  BL=[]
[RX  <- B] bucket=31142  peer_BL=[]  my_BL=[]
[01:47:32] HOP bucket=31143 L4 wlan0 -> ch5  (retuning, ~700ms loss)  | BL=[]
[RX  <- B] bucket=31143  peer_BL=[]  my_BL=[]
[TX  ->  *] bucket=31143 L4 active=wlan0 ch5  BL=[]
[01:47:34] HOP bucket=31144 L4 wlan0 -> ch5  (retuning, ~700ms loss)  | BL=[]
[TX  ->  *] bucket=31144 L4 active=wlan0 ch5  BL=[]
[RX  <- B] bucket=31144  peer_BL=[]  my_BL=[]
[01:47:36] HOP bucket=31145 L4 wlan0 -> ch10  (retuning, ~700ms loss)  | BL=[]
[RX  <- B] bucket=31145  peer_BL=[]  my_BL=[]
[TX  ->  *] bucket=31145 L4 active=wlan0 ch10  BL=[]
[01:47:38] HOP bucket=31146 L4 wlan0 -> ch6  (retuning, ~700ms loss)  | BL=[]
[RX  <- B] bucket=31146  peer_BL=[]  my_BL=[]
[TX  ->  *] bucket=31146 L4 active=wlan0 ch6  BL=[]
[01:47:40] HOP bucket=31147 L4 wlan0 -> ch8  (retuning, ~700ms loss)  | BL=[]
[RX  <- B] bucket=31147  peer_BL=[]  my_BL=[]
[TX  ->  *] bucket=31147 L4 active=wlan0 ch8  BL=[]
[01:47:42] HOP bucket=31148 L4 wlan0 -> ch10  (retuning, ~700ms loss)  | BL=[]
[RX  <- B] bucket=31148  peer_BL=[]  my_BL=[]
[TX  ->  *] bucket=31148 L4 active=wlan0 ch10  BL=[]
[01:47:44] HOP bucket=31149 L4 wlan0 -> ch4  (retuning, ~700ms loss)  | BL=[]
[RX  <- B] bucket=31149  peer_BL=[]  my_BL=[]
[TX  ->  *] bucket=31149 L4 active=wlan0 ch4  BL=[]
[01:47:46] HOP bucket=31150 L4 wlan0 -> ch8  (retuning, ~700ms loss)  | BL=[]
[RX  <- B] bucket=31150  peer_BL=[]  my_BL=[]
[TX  ->  *] bucket=31150 L4 active=wlan0 ch8  BL=[]
[01:47:48] HOP bucket=31151 L4 wlan0 -> ch5  (retuning, ~700ms loss)  | BL=[]
[RX  <- B] bucket=31151  peer_BL=[]  my_BL=[]
[TX  ->  *] bucket=31151 L4 active=wlan0 ch5  BL=[]
[01:47:50] HOP bucket=31152 L4 wlan0 -> ch10  (retuning, ~700ms loss)  | BL=[]
[TX  ->  *] bucket=31152 L4 active=wlan0 ch10  BL=[]
[RX  <- B] bucket=31152  peer_BL=[]  my_BL=[]
[01:47:52] HOP bucket=31153 L4 wlan0 -> ch6  (retuning, ~700ms loss)  | BL=[]
[TX  ->  *] bucket=31153 L4 active=wlan0 ch6  BL=[]
[RX  <- B] bucket=31153  peer_BL=[]  my_BL=[]
[01:47:54] HOP bucket=31154 L4 wlan0 -> ch11  (retuning, ~700ms loss)  | BL=[]
[TX  ->  *] bucket=31154 L4 active=wlan0 ch11  BL=[]
[RX  <- B] bucket=31154  peer_BL=[]  my_BL=[]
[01:47:56] HOP bucket=31155 L4 wlan0 -> ch5  (retuning, ~700ms loss)  | BL=[]
[RX  <- B] bucket=31155  peer_BL=[]  my_BL=[]
[TX  ->  *] bucket=31155 L4 active=wlan0 ch5  BL=[]
[01:47:58] HOP bucket=31156 L4 wlan0 -> ch5  (retuning, ~700ms loss)  | BL=[]
[TX  ->  *] bucket=31156 L4 active=wlan0 ch5  BL=[]
[RX  <- B] bucket=31156  peer_BL=[]  my_BL=[]
[01:48:00] HOP bucket=31157 L4 wlan0 -> ch5  (retuning, ~700ms loss)  | BL=[]
[TX  ->  *] bucket=31157 L4 active=wlan0 ch5  BL=[]
[RX  <- B] bucket=31157  peer_BL=[]  my_BL=[]
[01:48:02] HOP bucket=31158 L4 wlan0 -> ch9  (retuning, ~700ms loss)  | BL=[]
[TX  ->  *] bucket=31158 L4 active=wlan0 ch9  BL=[]
[RX  <- B] bucket=31158  peer_BL=[]  my_BL=[]
[01:48:04] HOP bucket=31159 L4 wlan0 -> ch3  (retuning, ~700ms loss)  | BL=[]
[TX  ->  *] bucket=31159 L4 active=wlan0 ch3  BL=[]
[RX  <- B] bucket=31159  peer_BL=[]  my_BL=[]
[01:48:06] HOP bucket=31160 L4 wlan0 -> ch4  (retuning, ~700ms loss)  | BL=[]
[RX  <- B] bucket=31160  peer_BL=[]  my_BL=[]
[TX  ->  *] bucket=31160 L4 active=wlan0 ch4  BL=[]
[01:48:08] HOP bucket=31161 L4 wlan0 -> ch3  (retuning, ~700ms loss)  | BL=[]
[TX  ->  *] bucket=31161 L4 active=wlan0 ch3  BL=[]
[RX  <- B] bucket=31161  peer_BL=[]  my_BL=[]
[01:48:10] HOP bucket=31162 L4 wlan0 -> ch9  (retuning, ~700ms loss)  | BL=[]
[TX  ->  *] bucket=31162 L4 active=wlan0 ch9  BL=[]
[RX  <- B] bucket=31162  peer_BL=[]  my_BL=[]
[01:48:12] HOP bucket=31163 L4 wlan0 -> ch11  (retuning, ~700ms loss)  | BL=[]
[TX  ->  *] bucket=31163 L4 active=wlan0 ch11  BL=[]
[RX  <- B] bucket=31163  peer_BL=[]  my_BL=[]
[01:48:14] HOP bucket=31164 L4 wlan0 -> ch6  (retuning, ~700ms loss)  | BL=[]
[TX  ->  *] bucket=31164 L4 active=wlan0 ch6  BL=[]
[RX  <- B] bucket=31164  peer_BL=[]  my_BL=[]
[01:48:16] HOP bucket=31165 L4 wlan0 -> ch8  (retuning, ~700ms loss)  | BL=[]
[TX  ->  *] bucket=31165 L4 active=wlan0 ch8  BL=[]
[RX  <- B] bucket=31165  peer_BL=[]  my_BL=[]
[01:48:18] HOP bucket=31166 L4 wlan0 -> ch3  (retuning, ~700ms loss)  | BL=[]
[RX  <- B] bucket=31166  peer_BL=[]  my_BL=[]
[TX  ->  *] bucket=31166 L4 active=wlan0 ch3  BL=[]
[01:48:20] HOP bucket=31167 L4 wlan0 -> ch3  (retuning, ~700ms loss)  | BL=[]
[TX  ->  *] bucket=31167 L4 active=wlan0 ch3  BL=[]
[RX  <- B] bucket=31167  peer_BL=[]  my_BL=[]
[01:48:22] HOP bucket=31168 L4 wlan0 -> ch3  (retuning, ~700ms loss)  | BL=[]
[RX  <- B] bucket=31168  peer_BL=[]  my_BL=[]
[TX  ->  *] bucket=31168 L4 active=wlan0 ch3  BL=[]
[01:48:24] HOP bucket=31169 L4 wlan0 -> ch10  (retuning, ~700ms loss)  | BL=[]
[RX  <- B] bucket=31169  peer_BL=[]  my_BL=[]
[TX  ->  *] bucket=31169 L4 active=wlan0 ch10  BL=[]
[01:48:26] HOP bucket=31170 L4 wlan0 -> ch9  (retuning, ~700ms loss)  | BL=[]
[RX  <- B] bucket=31170  peer_BL=[]  my_BL=[]
[TX  ->  *] bucket=31170 L4 active=wlan0 ch9  BL=[]
[01:48:28] HOP bucket=31171 L4 wlan0 -> ch8  (retuning, ~700ms loss)  | BL=[]
[RX  <- B] bucket=31171  peer_BL=[]  my_BL=[]
[TX  ->  *] bucket=31171 L4 active=wlan0 ch8  BL=[]
[01:48:30] HOP bucket=31172 L4 wlan0 -> ch6  (retuning, ~700ms loss)  | BL=[]
[RX  <- B] bucket=31172  peer_BL=[]  my_BL=[]
[TX  ->  *] bucket=31172 L4 active=wlan0 ch6  BL=[]
[01:48:32] HOP bucket=31173 L4 wlan0 -> ch4  (retuning, ~700ms loss)  | BL=[]
[RX  <- B] bucket=31173  peer_BL=[]  my_BL=[]
[TX  ->  *] bucket=31173 L4 active=wlan0 ch4  BL=[]
[01:48:34] HOP bucket=31174 L4 wlan0 -> ch6  (retuning, ~700ms loss)  | BL=[]
[RX  <- B] bucket=31174  peer_BL=[]  my_BL=[]
[TX  ->  *] bucket=31174 L4 active=wlan0 ch6  BL=[]
[01:48:36] HOP bucket=31175 L4 wlan0 -> ch7  (retuning, ~700ms loss)  | BL=[]
[TX  ->  *] bucket=31175 L4 active=wlan0 ch7  BL=[]
[RX  <- B] bucket=31175  peer_BL=[]  my_BL=[]
[01:48:38] HOP bucket=31176 L4 wlan0 -> ch8  (retuning, ~700ms loss)  | BL=[]
[TX  ->  *] bucket=31176 L4 active=wlan0 ch8  BL=[]
[RX  <- B] bucket=31176  peer_BL=[]  my_BL=[]
[01:48:40] HOP bucket=31177 L4 wlan0 -> ch4  (retuning, ~700ms loss)  | BL=[]
[TX  ->  *] bucket=31177 L4 active=wlan0 ch4  BL=[]
[RX  <- B] bucket=31177  peer_BL=[]  my_BL=[]
[01:48:42] HOP bucket=31178 L4 wlan0 -> ch6  (retuning, ~700ms loss)  | BL=[]
[TX  ->  *] bucket=31178 L4 active=wlan0 ch6  BL=[]
[RX  <- B] bucket=31178  peer_BL=[]  my_BL=[]
[01:48:44] HOP bucket=31179 L4 wlan0 -> ch7  (retuning, ~700ms loss)  | BL=[]
[TX  ->  *] bucket=31179 L4 active=wlan0 ch7  BL=[]
[RX  <- B] bucket=31179  peer_BL=[]  my_BL=[]
[01:48:46] HOP bucket=31180 L4 wlan0 -> ch10  (retuning, ~700ms loss)  | BL=[]
[TX  ->  *] bucket=31180 L4 active=wlan0 ch10  BL=[]
[RX  <- B] bucket=31180  peer_BL=[]  my_BL=[]
[01:48:48] HOP bucket=31181 L4 wlan0 -> ch5  (retuning, ~700ms loss)  | BL=[]
[TX  ->  *] bucket=31181 L4 active=wlan0 ch5  BL=[]
[RX  <- B] bucket=31181  peer_BL=[]  my_BL=[]
[01:48:50] HOP bucket=31182 L4 wlan0 -> ch4  (retuning, ~700ms loss)  | BL=[]
[TX  ->  *] bucket=31182 L4 active=wlan0 ch4  BL=[]
[RX  <- B] bucket=31182  peer_BL=[]  my_BL=[]
[01:48:52] HOP bucket=31183 L4 wlan0 -> ch10  (retuning, ~700ms loss)  | BL=[]
[TX  ->  *] bucket=31183 L4 active=wlan0 ch10  BL=[]
[RX  <- B] bucket=31183  peer_BL=[]  my_BL=[]
[01:48:54] HOP bucket=31184 L4 wlan0 -> ch10  (retuning, ~700ms loss)  | BL=[]
[TX  ->  *] bucket=31184 L4 active=wlan0 ch10  BL=[]
[RX  <- B] bucket=31184  peer_BL=[]  my_BL=[]
[01:48:56] HOP bucket=31185 L4 wlan0 -> ch11  (retuning, ~700ms loss)  | BL=[]
[TX  ->  *] bucket=31185 L4 active=wlan0 ch11  BL=[]
[RX  <- B] bucket=31185  peer_BL=[]  my_BL=[]
[01:48:58] HOP bucket=31186 L4 wlan0 -> ch6  (retuning, ~700ms loss)  | BL=[]
[TX  ->  *] bucket=31186 L4 active=wlan0 ch6  BL=[]
[RX  <- B] bucket=31186  peer_BL=[]  my_BL=[]
[01:49:00] HOP bucket=31187 L4 wlan0 -> ch7  (retuning, ~700ms loss)  | BL=[]
[RX  <- B] bucket=31187  peer_BL=[]  my_BL=[]
[TX  ->  *] bucket=31187 L4 active=wlan0 ch7  BL=[]
[01:49:02] HOP bucket=31188 L4 wlan0 -> ch11  (retuning, ~700ms loss)  | BL=[]
[RX  <- B] bucket=31188  peer_BL=[]  my_BL=[]
[TX  ->  *] bucket=31188 L4 active=wlan0 ch11  BL=[]
[01:49:04] HOP bucket=31189 L4 wlan0 -> ch4  (retuning, ~700ms loss)  | BL=[]
[RX  <- B] bucket=31189  peer_BL=[]  my_BL=[]
[TX  ->  *] bucket=31189 L4 active=wlan0 ch4  BL=[]
[01:49:06] HOP bucket=31190 L4 wlan0 -> ch11  (retuning, ~700ms loss)  | BL=[]
[TX  ->  *] bucket=31190 L4 active=wlan0 ch11  BL=[]
[RX  <- B] bucket=31190  peer_BL=[]  my_BL=[]
[01:49:08] HOP bucket=31191 L4 wlan0 -> ch10  (retuning, ~700ms loss)  | BL=[]
[RX  <- B] bucket=31191  peer_BL=[]  my_BL=[]
[TX  ->  *] bucket=31191 L4 active=wlan0 ch10  BL=[]
[01:49:10] HOP bucket=31192 L4 wlan0 -> ch5  (retuning, ~700ms loss)  | BL=[]
[TX  ->  *] bucket=31192 L4 active=wlan0 ch5  BL=[]
[RX  <- B] bucket=31192  peer_BL=[]  my_BL=[]
[01:49:12] HOP bucket=31193 L4 wlan0 -> ch5  (retuning, ~700ms loss)  | BL=[]
[TX  ->  *] bucket=31193 L4 active=wlan0 ch5  BL=[]
[RX  <- B] bucket=31193  peer_BL=[]  my_BL=[]
[01:49:14] HOP bucket=31194 L4 wlan0 -> ch3  (retuning, ~700ms loss)  | BL=[]
[TX  ->  *] bucket=31194 L4 active=wlan0 ch3  BL=[]
[RX  <- B] bucket=31194  peer_BL=[]  my_BL=[]
[01:49:16] HOP bucket=31195 L4 wlan0 -> ch5  (retuning, ~700ms loss)  | BL=[]
[TX  ->  *] bucket=31195 L4 active=wlan0 ch5  BL=[]
[RX  <- B] bucket=31195  peer_BL=[]  my_BL=[]
[01:49:18] HOP bucket=31196 L4 wlan0 -> ch4  (retuning, ~700ms loss)  | BL=[]
[RX  <- B] bucket=31196  peer_BL=[]  my_BL=[]
[TX  ->  *] bucket=31196 L4 active=wlan0 ch4  BL=[]
[01:49:20] HOP bucket=31197 L4 wlan0 -> ch5  (retuning, ~700ms loss)  | BL=[]
[RX  <- B] bucket=31197  peer_BL=[]  my_BL=[]
[TX  ->  *] bucket=31197 L4 active=wlan0 ch5  BL=[]
[01:49:22] HOP bucket=31198 L4 wlan0 -> ch10  (retuning, ~700ms loss)  | BL=[]
[TX  ->  *] bucket=31198 L4 active=wlan0 ch10  BL=[]
[RX  <- B] bucket=31198  peer_BL=[]  my_BL=[]
[01:49:24] HOP bucket=31199 L4 wlan0 -> ch10  (retuning, ~700ms loss)  | BL=[]
[TX  ->  *] bucket=31199 L4 active=wlan0 ch10  BL=[]
[RX  <- B] bucket=31199  peer_BL=[]  my_BL=[]
[01:49:26] HOP bucket=31200 L4 wlan0 -> ch6  (retuning, ~700ms loss)  | BL=[]
[TX  ->  *] bucket=31200 L4 active=wlan0 ch6  BL=[]
[RX  <- B] bucket=31200  peer_BL=[]  my_BL=[]
[01:49:28] HOP bucket=31201 L4 wlan0 -> ch10  (retuning, ~700ms loss)  | BL=[]
[RX  <- B] bucket=31201  peer_BL=[]  my_BL=[]
[TX  ->  *] bucket=31201 L4 active=wlan0 ch10  BL=[]
[01:49:30] HOP bucket=31202 L4 wlan0 -> ch4  (retuning, ~700ms loss)  | BL=[]